solid OpenSCAD_Model
  facet normal 1 -0 0
    outer loop
      vertex 9 -10 2.5
      vertex 9 3 -2.5
      vertex 9 3 2.5
    endloop
  endfacet
  facet normal 1 0 0
    outer loop
      vertex 9 3 -2.5
      vertex 9 -10 2.5
      vertex 9 -10 -2.5
    endloop
  endfacet
  facet normal 0 0 1
    outer loop
      vertex 9 3 2.5
      vertex 7 0 2.5
      vertex 9 -10 2.5
    endloop
  endfacet
  facet normal 0 0 1
    outer loop
      vertex 9 3 2.5
      vertex 2 0 2.5
      vertex 7 0 2.5
    endloop
  endfacet
  facet normal 0 0 1
    outer loop
      vertex -2 -2 2.5
      vertex 2 -2 2.5
      vertex 2 0 2.5
    endloop
  endfacet
  facet normal 0 0 1
    outer loop
      vertex -2 -2 2.5
      vertex 2 0 2.5
      vertex -2 0 2.5
    endloop
  endfacet
  facet normal 0 0 1
    outer loop
      vertex 9 3 2.5
      vertex -2 0 2.5
      vertex 2 0 2.5
    endloop
  endfacet
  facet normal -0 0 1
    outer loop
      vertex -9 3 2.5
      vertex -2 0 2.5
      vertex 9 3 2.5
    endloop
  endfacet
  facet normal 0 0 1
    outer loop
      vertex -2 0 2.5
      vertex -9 3 2.5
      vertex -7 0 2.5
    endloop
  endfacet
  facet normal 0 0 1
    outer loop
      vertex -9 -10 2.5
      vertex -7 0 2.5
      vertex -9 3 2.5
    endloop
  endfacet
  facet normal 0 0 1
    outer loop
      vertex -7 0 2.5
      vertex -9 -10 2.5
      vertex -7 -10 2.5
    endloop
  endfacet
  facet normal 0 0 1
    outer loop
      vertex 9 -10 2.5
      vertex 7 0 2.5
      vertex 7 -10 2.5
    endloop
  endfacet
  facet normal 0 0 1
    outer loop
      vertex 2 -2 2.5
      vertex -2 -2 2.5
      vertex 2 -10 2.5
    endloop
  endfacet
  facet normal 0 0 1
    outer loop
      vertex 2 -10 2.5
      vertex -2 -2 2.5
      vertex -2 -10 2.5
    endloop
  endfacet
  facet normal 0 0 -1
    outer loop
      vertex -9 -10 -2.5
      vertex 9 3 -2.5
      vertex 9 -10 -2.5
    endloop
  endfacet
  facet normal -0 0 -1
    outer loop
      vertex 9 3 -2.5
      vertex -9 -10 -2.5
      vertex -9 3 -2.5
    endloop
  endfacet
  facet normal -1 0 0
    outer loop
      vertex -9 -10 -2.5
      vertex -9 3 2.5
      vertex -9 3 -2.5
    endloop
  endfacet
  facet normal -1 -0 0
    outer loop
      vertex -9 3 2.5
      vertex -9 -10 -2.5
      vertex -9 -10 2.5
    endloop
  endfacet
  facet normal 0 1 -0
    outer loop
      vertex 9 3 -2.5
      vertex -9 3 2.5
      vertex 9 3 2.5
    endloop
  endfacet
  facet normal 0 1 0
    outer loop
      vertex -9 3 2.5
      vertex 9 3 -2.5
      vertex -9 3 -2.5
    endloop
  endfacet
  facet normal 1 -0 0
    outer loop
      vertex 8.5 12 2.5
      vertex 8.5 18 -2.5
      vertex 8.5 18 2.5
    endloop
  endfacet
  facet normal 1 0 0
    outer loop
      vertex 8.5 18 -2.5
      vertex 8.5 12 2.5
      vertex 8.5 12 -2.5
    endloop
  endfacet
  facet normal -0 0 1
    outer loop
      vertex -8.5 18 2.5
      vertex 8.5 12 2.5
      vertex 8.5 18 2.5
    endloop
  endfacet
  facet normal 0 0 1
    outer loop
      vertex 8.5 12 2.5
      vertex -8.5 18 2.5
      vertex -8.5 12 2.5
    endloop
  endfacet
  facet normal 0 0 -1
    outer loop
      vertex -8.5 12 -2.5
      vertex 8.5 18 -2.5
      vertex 8.5 12 -2.5
    endloop
  endfacet
  facet normal -0 0 -1
    outer loop
      vertex 8.5 18 -2.5
      vertex -8.5 12 -2.5
      vertex -8.5 18 -2.5
    endloop
  endfacet
  facet normal -1 0 0
    outer loop
      vertex -8.5 12 -2.5
      vertex -8.5 18 2.5
      vertex -8.5 18 -2.5
    endloop
  endfacet
  facet normal -1 -0 0
    outer loop
      vertex -8.5 18 2.5
      vertex -8.5 12 -2.5
      vertex -8.5 12 2.5
    endloop
  endfacet
  facet normal 0 1 -0
    outer loop
      vertex 8.5 18 -2.5
      vertex -8.5 18 2.5
      vertex 8.5 18 2.5
    endloop
  endfacet
  facet normal 0 1 0
    outer loop
      vertex -8.5 18 2.5
      vertex 8.5 18 -2.5
      vertex -8.5 18 -2.5
    endloop
  endfacet
  facet normal 0 -1 0
    outer loop
      vertex -8.5 12 -2.5
      vertex 8.5 12 2.5
      vertex -8.5 12 2.5
    endloop
  endfacet
  facet normal 0 -1 -0
    outer loop
      vertex 8.5 12 2.5
      vertex -8.5 12 -2.5
      vertex 8.5 12 -2.5
    endloop
  endfacet
  facet normal 1 -0 0
    outer loop
      vertex 8 27 2.5
      vertex 8 33 -2.5
      vertex 8 33 2.5
    endloop
  endfacet
  facet normal 1 0 0
    outer loop
      vertex 8 33 -2.5
      vertex 8 27 2.5
      vertex 8 27 -2.5
    endloop
  endfacet
  facet normal -0 0 1
    outer loop
      vertex -8 33 2.5
      vertex 8 27 2.5
      vertex 8 33 2.5
    endloop
  endfacet
  facet normal 0 0 1
    outer loop
      vertex 8 27 2.5
      vertex -8 33 2.5
      vertex -8 27 2.5
    endloop
  endfacet
  facet normal 0 0 -1
    outer loop
      vertex -8 27 -2.5
      vertex 8 33 -2.5
      vertex 8 27 -2.5
    endloop
  endfacet
  facet normal -0 0 -1
    outer loop
      vertex 8 33 -2.5
      vertex -8 27 -2.5
      vertex -8 33 -2.5
    endloop
  endfacet
  facet normal -1 0 0
    outer loop
      vertex -8 27 -2.5
      vertex -8 33 2.5
      vertex -8 33 -2.5
    endloop
  endfacet
  facet normal -1 -0 0
    outer loop
      vertex -8 33 2.5
      vertex -8 27 -2.5
      vertex -8 27 2.5
    endloop
  endfacet
  facet normal 0 1 -0
    outer loop
      vertex 8 33 -2.5
      vertex -8 33 2.5
      vertex 8 33 2.5
    endloop
  endfacet
  facet normal 0 1 0
    outer loop
      vertex -8 33 2.5
      vertex 8 33 -2.5
      vertex -8 33 -2.5
    endloop
  endfacet
  facet normal 0 -1 0
    outer loop
      vertex -8 27 -2.5
      vertex 8 27 2.5
      vertex -8 27 2.5
    endloop
  endfacet
  facet normal 0 -1 -0
    outer loop
      vertex 8 27 2.5
      vertex -8 27 -2.5
      vertex 8 27 -2.5
    endloop
  endfacet
  facet normal 1 -0 0
    outer loop
      vertex 7.5 42.5 2.5
      vertex 7.5 48 -2.5
      vertex 7.5 48 2.5
    endloop
  endfacet
  facet normal 1 0 0
    outer loop
      vertex 7.5 42 -2.5
      vertex 7.5 42.5 2.5
      vertex 7.5 42 2.5
    endloop
  endfacet
  facet normal 1 0 0
    outer loop
      vertex 7.5 42.5 2.5
      vertex 7.5 42 -2.5
      vertex 7.5 48 -2.5
    endloop
  endfacet
  facet normal -0 0 1
    outer loop
      vertex -7.5 48 2.5
      vertex 7.5 42.5 2.5
      vertex 7.5 48 2.5
    endloop
  endfacet
  facet normal 0 0 1
    outer loop
      vertex -7.5 42 2.5
      vertex 7.5 42.5 2.5
      vertex -7.5 48 2.5
    endloop
  endfacet
  facet normal 0 0 1
    outer loop
      vertex 7.5 42.5 2.5
      vertex -7.5 42 2.5
      vertex 7.5 42 2.5
    endloop
  endfacet
  facet normal 0 0 -1
    outer loop
      vertex -7.5 42 -2.5
      vertex 7.5 48 -2.5
      vertex 7.5 42 -2.5
    endloop
  endfacet
  facet normal -0 0 -1
    outer loop
      vertex 7.5 48 -2.5
      vertex -7.5 42 -2.5
      vertex -7.5 48 -2.5
    endloop
  endfacet
  facet normal -1 0 0
    outer loop
      vertex -7.5 42 -2.5
      vertex -7.5 48 2.5
      vertex -7.5 48 -2.5
    endloop
  endfacet
  facet normal -1 -0 0
    outer loop
      vertex -7.5 48 2.5
      vertex -7.5 42 -2.5
      vertex -7.5 42 2.5
    endloop
  endfacet
  facet normal 0 1 -0
    outer loop
      vertex 7.5 48 -2.5
      vertex -7.5 48 2.5
      vertex 7.5 48 2.5
    endloop
  endfacet
  facet normal 0 1 0
    outer loop
      vertex -7.5 48 2.5
      vertex 7.5 48 -2.5
      vertex -7.5 48 -2.5
    endloop
  endfacet
  facet normal 0 -1 0
    outer loop
      vertex -7.5 42 -2.5
      vertex 7.5 42 2.5
      vertex -7.5 42 2.5
    endloop
  endfacet
  facet normal 0 -1 -0
    outer loop
      vertex 7.5 42 2.5
      vertex -7.5 42 -2.5
      vertex 7.5 42 -2.5
    endloop
  endfacet
  facet normal 1 -0 0
    outer loop
      vertex 7 57 2.5
      vertex 7 63 -2.5
      vertex 7 63 2.5
    endloop
  endfacet
  facet normal 1 0 0
    outer loop
      vertex 7 63 -2.5
      vertex 7 57 2.5
      vertex 7 57 -2.5
    endloop
  endfacet
  facet normal -0 0 1
    outer loop
      vertex -7 63 2.5
      vertex 7 57 2.5
      vertex 7 63 2.5
    endloop
  endfacet
  facet normal 0 0 1
    outer loop
      vertex 7 57 2.5
      vertex -7 63 2.5
      vertex -7 57 2.5
    endloop
  endfacet
  facet normal 0 0 -1
    outer loop
      vertex -7 57 -2.5
      vertex 7 63 -2.5
      vertex 7 57 -2.5
    endloop
  endfacet
  facet normal -0 0 -1
    outer loop
      vertex 7 63 -2.5
      vertex -7 57 -2.5
      vertex -7 63 -2.5
    endloop
  endfacet
  facet normal -1 0 0
    outer loop
      vertex -7 57 -2.5
      vertex -7 63 2.5
      vertex -7 63 -2.5
    endloop
  endfacet
  facet normal -1 -0 0
    outer loop
      vertex -7 63 2.5
      vertex -7 57 -2.5
      vertex -7 57 2.5
    endloop
  endfacet
  facet normal 0 1 -0
    outer loop
      vertex 7 63 -2.5
      vertex -7 63 2.5
      vertex 7 63 2.5
    endloop
  endfacet
  facet normal 0 1 0
    outer loop
      vertex -7 63 2.5
      vertex 7 63 -2.5
      vertex -7 63 -2.5
    endloop
  endfacet
  facet normal 0 -1 0
    outer loop
      vertex -7 57 -2.5
      vertex 7 57 2.5
      vertex -7 57 2.5
    endloop
  endfacet
  facet normal 0 -1 -0
    outer loop
      vertex 7 57 2.5
      vertex -7 57 -2.5
      vertex 7 57 -2.5
    endloop
  endfacet
  facet normal 1 -0 0
    outer loop
      vertex 7 72 2.5
      vertex 7 76 -2.5
      vertex 7 76 2.5
    endloop
  endfacet
  facet normal 1 0 0
    outer loop
      vertex 7 76 -2.5
      vertex 7 72 2.5
      vertex 7 72 -2.5
    endloop
  endfacet
  facet normal 0 0 1
    outer loop
      vertex 9 94 2.5
      vertex 7 82.5 2.5
      vertex 9 76 2.5
    endloop
  endfacet
  facet normal 0 0 1
    outer loop
      vertex 9 94 2.5
      vertex -7 82.5 2.5
      vertex 7 82.5 2.5
    endloop
  endfacet
  facet normal 0 0 1
    outer loop
      vertex -9 76 2.5
      vertex -7 77.5 2.5
      vertex -7 82.5 2.5
    endloop
  endfacet
  facet normal -0 0 1
    outer loop
      vertex -9 94 2.5
      vertex -7 82.5 2.5
      vertex 9 94 2.5
    endloop
  endfacet
  facet normal 0 0 1
    outer loop
      vertex -9 76 2.5
      vertex -7 82.5 2.5
      vertex -9 94 2.5
    endloop
  endfacet
  facet normal 0 0 1
    outer loop
      vertex -7 77.5 2.5
      vertex -9 76 2.5
      vertex -7 76 2.5
    endloop
  endfacet
  facet normal -0 0 1
    outer loop
      vertex 7 77.5 2.5
      vertex 9 76 2.5
      vertex 7 82.5 2.5
    endloop
  endfacet
  facet normal 0 0 1
    outer loop
      vertex 7 77.5 2.5
      vertex 7 76 2.5
      vertex 9 76 2.5
    endloop
  endfacet
  facet normal 0 0 1
    outer loop
      vertex -7 76 2.5
      vertex 7 76 2.5
      vertex 7 77.5 2.5
    endloop
  endfacet
  facet normal 0 0 1
    outer loop
      vertex -7 76 2.5
      vertex 7 77.5 2.5
      vertex -7 77.5 2.5
    endloop
  endfacet
  facet normal 0 0 1
    outer loop
      vertex 7 76 2.5
      vertex -7 76 2.5
      vertex 7 72 2.5
    endloop
  endfacet
  facet normal 0 0 1
    outer loop
      vertex 7 72 2.5
      vertex -7 76 2.5
      vertex -7 72 2.5
    endloop
  endfacet
  facet normal 0 0 -1
    outer loop
      vertex 4.8976 79.5892 -2.5
      vertex -4.8976 79.5892 -2.5
      vertex 4.96066 79.6945 -2.5
    endloop
  endfacet
  facet normal 0 0 -1
    outer loop
      vertex 5.11612 90.1161 -2.5
      vertex -4.75602 90.8775 -2.5
      vertex -4.75 91 -2.5
    endloop
  endfacet
  facet normal 0 0 -1
    outer loop
      vertex -4.96066 79.6945 -2.5
      vertex 4.96066 79.6945 -2.5
      vertex -4.8976 79.5892 -2.5
    endloop
  endfacet
  facet normal 0 0 -1
    outer loop
      vertex 5.11612 90.1161 -2.5
      vertex -4.77402 90.7561 -2.5
      vertex -4.75602 90.8775 -2.5
    endloop
  endfacet
  facet normal 0 0 -1
    outer loop
      vertex 4.96066 79.6945 -2.5
      vertex -4.96066 79.6945 -2.5
      vertex 5.03374 79.793 -2.5
    endloop
  endfacet
  facet normal 0 0 -1
    outer loop
      vertex 5.11612 90.1161 -2.5
      vertex -4.80382 90.6371 -2.5
      vertex -4.77402 90.7561 -2.5
    endloop
  endfacet
  facet normal 0 0 -1
    outer loop
      vertex -5.03374 79.793 -2.5
      vertex 5.03374 79.793 -2.5
      vertex -4.96066 79.6945 -2.5
    endloop
  endfacet
  facet normal 0 0 -1
    outer loop
      vertex 5.11612 90.1161 -2.5
      vertex -4.84515 90.5216 -2.5
      vertex -4.80382 90.6371 -2.5
    endloop
  endfacet
  facet normal 0 0 -1
    outer loop
      vertex 5.03374 79.793 -2.5
      vertex -5.03374 79.793 -2.5
      vertex 5.11612 79.8839 -2.5
    endloop
  endfacet
  facet normal 0 0 -1
    outer loop
      vertex 5.11612 90.1161 -2.5
      vertex -4.8976 90.4108 -2.5
      vertex -4.84515 90.5216 -2.5
    endloop
  endfacet
  facet normal 0 0 -1
    outer loop
      vertex -5.11612 79.8839 -2.5
      vertex 5.11612 79.8839 -2.5
      vertex -5.03374 79.793 -2.5
    endloop
  endfacet
  facet normal 0 0 -1
    outer loop
      vertex 5.11612 90.1161 -2.5
      vertex -4.96066 90.3055 -2.5
      vertex -4.8976 90.4108 -2.5
    endloop
  endfacet
  facet normal 0 0 -1
    outer loop
      vertex 5.11612 79.8839 -2.5
      vertex -5.11612 79.8839 -2.5
      vertex 5.11612 90.1161 -2.5
    endloop
  endfacet
  facet normal 0 0 -1
    outer loop
      vertex 5.11612 90.1161 -2.5
      vertex -5.03374 90.207 -2.5
      vertex -4.96066 90.3055 -2.5
    endloop
  endfacet
  facet normal 0 0 -1
    outer loop
      vertex -5.11612 90.1161 -2.5
      vertex 5.11612 90.1161 -2.5
      vertex -5.11612 79.8839 -2.5
    endloop
  endfacet
  facet normal 0 0 -1
    outer loop
      vertex 5.11612 90.1161 -2.5
      vertex -5.11612 90.1161 -2.5
      vertex -5.03374 90.207 -2.5
    endloop
  endfacet
  facet normal 0 0 -1
    outer loop
      vertex -5.20701 79.9663 -2.5
      vertex -5.11612 90.1161 -2.5
      vertex -5.11612 79.8839 -2.5
    endloop
  endfacet
  facet normal 0 0 -1
    outer loop
      vertex -5.20701 79.9663 -2.5
      vertex -5.20701 90.0337 -2.5
      vertex -5.11612 90.1161 -2.5
    endloop
  endfacet
  facet normal 0 0 -1
    outer loop
      vertex -5.30554 80.0393 -2.5
      vertex -5.20701 90.0337 -2.5
      vertex -5.20701 79.9663 -2.5
    endloop
  endfacet
  facet normal 0 0 -1
    outer loop
      vertex -5.30554 80.0393 -2.5
      vertex -5.30554 89.9607 -2.5
      vertex -5.20701 90.0337 -2.5
    endloop
  endfacet
  facet normal 0 0 -1
    outer loop
      vertex -5.41075 80.1024 -2.5
      vertex -5.30554 89.9607 -2.5
      vertex -5.30554 80.0393 -2.5
    endloop
  endfacet
  facet normal 0 0 -1
    outer loop
      vertex -5.41075 80.1024 -2.5
      vertex -5.41075 89.8976 -2.5
      vertex -5.30554 89.9607 -2.5
    endloop
  endfacet
  facet normal 0 0 -1
    outer loop
      vertex -5.52165 80.1548 -2.5
      vertex -5.41075 89.8976 -2.5
      vertex -5.41075 80.1024 -2.5
    endloop
  endfacet
  facet normal 0 0 -1
    outer loop
      vertex -5.52165 80.1548 -2.5
      vertex -5.52165 89.8452 -2.5
      vertex -5.41075 89.8976 -2.5
    endloop
  endfacet
  facet normal 0 0 -1
    outer loop
      vertex -5.63714 80.1962 -2.5
      vertex -5.52165 89.8452 -2.5
      vertex -5.52165 80.1548 -2.5
    endloop
  endfacet
  facet normal 0 0 -1
    outer loop
      vertex -5.63714 80.1962 -2.5
      vertex -5.63714 89.8038 -2.5
      vertex -5.52165 89.8452 -2.5
    endloop
  endfacet
  facet normal 0 0 -1
    outer loop
      vertex -5.75614 80.226 -2.5
      vertex -5.63714 89.8038 -2.5
      vertex -5.63714 80.1962 -2.5
    endloop
  endfacet
  facet normal 0 0 -1
    outer loop
      vertex -5.75614 80.226 -2.5
      vertex -5.75614 89.774 -2.5
      vertex -5.63714 89.8038 -2.5
    endloop
  endfacet
  facet normal 0 0 -1
    outer loop
      vertex -5.87748 80.244 -2.5
      vertex -5.75614 89.774 -2.5
      vertex -5.75614 80.226 -2.5
    endloop
  endfacet
  facet normal 0 0 -1
    outer loop
      vertex -5.87748 80.244 -2.5
      vertex -5.87748 89.756 -2.5
      vertex -5.75614 89.774 -2.5
    endloop
  endfacet
  facet normal 0 0 -1
    outer loop
      vertex -6 80.25 -2.5
      vertex -5.87748 89.756 -2.5
      vertex -5.87748 80.244 -2.5
    endloop
  endfacet
  facet normal 0 0 -1
    outer loop
      vertex -6 80.25 -2.5
      vertex -6 89.75 -2.5
      vertex -5.87748 89.756 -2.5
    endloop
  endfacet
  facet normal 0 0 -1
    outer loop
      vertex -6.12252 80.244 -2.5
      vertex -6 89.75 -2.5
      vertex -6 80.25 -2.5
    endloop
  endfacet
  facet normal 0 0 -1
    outer loop
      vertex -6.12252 80.244 -2.5
      vertex -6.12252 89.756 -2.5
      vertex -6 89.75 -2.5
    endloop
  endfacet
  facet normal 0 0 -1
    outer loop
      vertex -6.24386 80.226 -2.5
      vertex -6.12252 89.756 -2.5
      vertex -6.12252 80.244 -2.5
    endloop
  endfacet
  facet normal 0 0 -1
    outer loop
      vertex -6.24386 80.226 -2.5
      vertex -6.24386 89.774 -2.5
      vertex -6.12252 89.756 -2.5
    endloop
  endfacet
  facet normal 0 0 -1
    outer loop
      vertex -6.36285 80.1962 -2.5
      vertex -6.24386 89.774 -2.5
      vertex -6.24386 80.226 -2.5
    endloop
  endfacet
  facet normal 0 0 -1
    outer loop
      vertex -6.36285 80.1962 -2.5
      vertex -6.36285 89.8038 -2.5
      vertex -6.24386 89.774 -2.5
    endloop
  endfacet
  facet normal 0 0 -1
    outer loop
      vertex -6.47835 80.1548 -2.5
      vertex -6.36285 89.8038 -2.5
      vertex -6.36285 80.1962 -2.5
    endloop
  endfacet
  facet normal 0 0 -1
    outer loop
      vertex -6.47835 80.1548 -2.5
      vertex -6.47835 89.8452 -2.5
      vertex -6.36285 89.8038 -2.5
    endloop
  endfacet
  facet normal 0 0 -1
    outer loop
      vertex -6.58925 80.1024 -2.5
      vertex -6.47835 89.8452 -2.5
      vertex -6.47835 80.1548 -2.5
    endloop
  endfacet
  facet normal 0 0 -1
    outer loop
      vertex -6.58925 80.1024 -2.5
      vertex -6.58925 89.8976 -2.5
      vertex -6.47835 89.8452 -2.5
    endloop
  endfacet
  facet normal 0 0 -1
    outer loop
      vertex -6.69446 80.0393 -2.5
      vertex -6.58925 89.8976 -2.5
      vertex -6.58925 80.1024 -2.5
    endloop
  endfacet
  facet normal 0 0 -1
    outer loop
      vertex -6.69446 80.0393 -2.5
      vertex -6.69446 89.9607 -2.5
      vertex -6.58925 89.8976 -2.5
    endloop
  endfacet
  facet normal 0 0 -1
    outer loop
      vertex -6.79299 79.9663 -2.5
      vertex -6.69446 89.9607 -2.5
      vertex -6.69446 80.0393 -2.5
    endloop
  endfacet
  facet normal 0 0 -1
    outer loop
      vertex -6.79299 79.9663 -2.5
      vertex -6.79299 90.0337 -2.5
      vertex -6.69446 89.9607 -2.5
    endloop
  endfacet
  facet normal 0 0 -1
    outer loop
      vertex -6.88388 79.8839 -2.5
      vertex -6.79299 90.0337 -2.5
      vertex -6.79299 79.9663 -2.5
    endloop
  endfacet
  facet normal 0 0 -1
    outer loop
      vertex -6.88388 79.8839 -2.5
      vertex -6.88388 90.1161 -2.5
      vertex -6.79299 90.0337 -2.5
    endloop
  endfacet
  facet normal 0 0 -1
    outer loop
      vertex -6.96626 79.793 -2.5
      vertex -6.88388 90.1161 -2.5
      vertex -6.88388 79.8839 -2.5
    endloop
  endfacet
  facet normal 0 0 -1
    outer loop
      vertex -6.96626 79.793 -2.5
      vertex -6.96626 90.207 -2.5
      vertex -6.88388 90.1161 -2.5
    endloop
  endfacet
  facet normal 0 0 -1
    outer loop
      vertex -7.03934 79.6945 -2.5
      vertex -6.96626 90.207 -2.5
      vertex -6.96626 79.793 -2.5
    endloop
  endfacet
  facet normal 0 0 -1
    outer loop
      vertex -7.03934 79.6945 -2.5
      vertex -7.03934 90.3055 -2.5
      vertex -6.96626 90.207 -2.5
    endloop
  endfacet
  facet normal 0 0 -1
    outer loop
      vertex -7.1024 79.5892 -2.5
      vertex -7.03934 90.3055 -2.5
      vertex -7.03934 79.6945 -2.5
    endloop
  endfacet
  facet normal 0 0 -1
    outer loop
      vertex -7.1024 79.5892 -2.5
      vertex -7.1024 90.4108 -2.5
      vertex -7.03934 90.3055 -2.5
    endloop
  endfacet
  facet normal 0 0 -1
    outer loop
      vertex -7.15485 79.4784 -2.5
      vertex -7.1024 90.4108 -2.5
      vertex -7.1024 79.5892 -2.5
    endloop
  endfacet
  facet normal 0 0 -1
    outer loop
      vertex -7.15485 79.4784 -2.5
      vertex -7.15485 90.5216 -2.5
      vertex -7.1024 90.4108 -2.5
    endloop
  endfacet
  facet normal 0 0 -1
    outer loop
      vertex -9 76 -2.5
      vertex -7.15485 79.4784 -2.5
      vertex -7.19617 79.3629 -2.5
    endloop
  endfacet
  facet normal -0 0 -1
    outer loop
      vertex -7.15485 79.4784 -2.5
      vertex -9 76 -2.5
      vertex -7.15485 90.5216 -2.5
    endloop
  endfacet
  facet normal 0 0 -1
    outer loop
      vertex -9 76 -2.5
      vertex -7.19617 79.3629 -2.5
      vertex -7.22598 79.2439 -2.5
    endloop
  endfacet
  facet normal 0 0 -1
    outer loop
      vertex -9 94 -2.5
      vertex -7.15485 90.5216 -2.5
      vertex -9 76 -2.5
    endloop
  endfacet
  facet normal 0 0 -1
    outer loop
      vertex -9 76 -2.5
      vertex -7.22598 79.2439 -2.5
      vertex -7.24398 79.1225 -2.5
    endloop
  endfacet
  facet normal 0 0 -1
    outer loop
      vertex -7.15485 90.5216 -2.5
      vertex -9 94 -2.5
      vertex -7.19617 90.6371 -2.5
    endloop
  endfacet
  facet normal 0 0 -1
    outer loop
      vertex -9 76 -2.5
      vertex -7.24398 79.1225 -2.5
      vertex -7.25 79 -2.5
    endloop
  endfacet
  facet normal 0 0 -1
    outer loop
      vertex -7.19617 90.6371 -2.5
      vertex -9 94 -2.5
      vertex -7.22598 90.7561 -2.5
    endloop
  endfacet
  facet normal 0 0 -1
    outer loop
      vertex 5.30554 77.9607 -2.5
      vertex 7 76 -2.5
      vertex 7 72 -2.5
    endloop
  endfacet
  facet normal 0 0 -1
    outer loop
      vertex 7 76 -2.5
      vertex 6.88388 78.1161 -2.5
      vertex 6.96626 78.207 -2.5
    endloop
  endfacet
  facet normal 0 0 -1
    outer loop
      vertex 7 76 -2.5
      vertex 6.79299 78.0337 -2.5
      vertex 6.88388 78.1161 -2.5
    endloop
  endfacet
  facet normal 0 0 -1
    outer loop
      vertex 7 76 -2.5
      vertex 6.69446 77.9607 -2.5
      vertex 6.79299 78.0337 -2.5
    endloop
  endfacet
  facet normal 0 0 -1
    outer loop
      vertex 7 76 -2.5
      vertex 6.58925 77.8976 -2.5
      vertex 6.69446 77.9607 -2.5
    endloop
  endfacet
  facet normal 0 0 -1
    outer loop
      vertex 7 76 -2.5
      vertex 6.47835 77.8452 -2.5
      vertex 6.58925 77.8976 -2.5
    endloop
  endfacet
  facet normal 0 0 -1
    outer loop
      vertex 7 76 -2.5
      vertex 6.36285 77.8038 -2.5
      vertex 6.47835 77.8452 -2.5
    endloop
  endfacet
  facet normal 0 0 -1
    outer loop
      vertex 7 76 -2.5
      vertex 6.24386 77.774 -2.5
      vertex 6.36285 77.8038 -2.5
    endloop
  endfacet
  facet normal 0 0 -1
    outer loop
      vertex 7 76 -2.5
      vertex 6.12252 77.756 -2.5
      vertex 6.24386 77.774 -2.5
    endloop
  endfacet
  facet normal 0 0 -1
    outer loop
      vertex 7 76 -2.5
      vertex 6 77.75 -2.5
      vertex 6.12252 77.756 -2.5
    endloop
  endfacet
  facet normal 0 0 -1
    outer loop
      vertex 7 76 -2.5
      vertex 5.87748 77.756 -2.5
      vertex 6 77.75 -2.5
    endloop
  endfacet
  facet normal 0 0 -1
    outer loop
      vertex 7 76 -2.5
      vertex 5.75614 77.774 -2.5
      vertex 5.87748 77.756 -2.5
    endloop
  endfacet
  facet normal 0 0 -1
    outer loop
      vertex 7 76 -2.5
      vertex 5.63714 77.8038 -2.5
      vertex 5.75614 77.774 -2.5
    endloop
  endfacet
  facet normal 0 0 -1
    outer loop
      vertex 7 76 -2.5
      vertex 5.52165 77.8452 -2.5
      vertex 5.63714 77.8038 -2.5
    endloop
  endfacet
  facet normal 0 0 -1
    outer loop
      vertex 7 76 -2.5
      vertex 5.41075 77.8976 -2.5
      vertex 5.52165 77.8452 -2.5
    endloop
  endfacet
  facet normal 0 0 -1
    outer loop
      vertex 7 76 -2.5
      vertex 5.30554 77.9607 -2.5
      vertex 5.41075 77.8976 -2.5
    endloop
  endfacet
  facet normal 0 0 -1
    outer loop
      vertex 7 72 -2.5
      vertex 5.20701 78.0337 -2.5
      vertex 5.30554 77.9607 -2.5
    endloop
  endfacet
  facet normal 0 0 -1
    outer loop
      vertex 7 72 -2.5
      vertex 5.11612 78.1161 -2.5
      vertex 5.20701 78.0337 -2.5
    endloop
  endfacet
  facet normal 0 0 -1
    outer loop
      vertex -5.11612 78.1161 -2.5
      vertex 5.11612 78.1161 -2.5
      vertex 7 72 -2.5
    endloop
  endfacet
  facet normal 0 0 -1
    outer loop
      vertex 5.11612 78.1161 -2.5
      vertex -5.11612 78.1161 -2.5
      vertex 5.03374 78.207 -2.5
    endloop
  endfacet
  facet normal 0 -0 -1
    outer loop
      vertex -5.03374 78.207 -2.5
      vertex 5.03374 78.207 -2.5
      vertex -5.11612 78.1161 -2.5
    endloop
  endfacet
  facet normal 0 0 -1
    outer loop
      vertex 5.03374 78.207 -2.5
      vertex -5.03374 78.207 -2.5
      vertex 4.96066 78.3055 -2.5
    endloop
  endfacet
  facet normal 0 -0 -1
    outer loop
      vertex -4.96066 78.3055 -2.5
      vertex 4.96066 78.3055 -2.5
      vertex -5.03374 78.207 -2.5
    endloop
  endfacet
  facet normal 0 0 -1
    outer loop
      vertex 4.77402 90.7561 -2.5
      vertex -4.75 91 -2.5
      vertex 4.75602 90.8775 -2.5
    endloop
  endfacet
  facet normal 0 0 -1
    outer loop
      vertex 4.75602 78.8775 -2.5
      vertex -4.75 79 -2.5
      vertex 4.75 79 -2.5
    endloop
  endfacet
  facet normal 0 0 -1
    outer loop
      vertex -4.75602 78.8775 -2.5
      vertex 4.75602 78.8775 -2.5
      vertex 4.77402 78.7561 -2.5
    endloop
  endfacet
  facet normal 0 0 -1
    outer loop
      vertex -4.77402 78.7561 -2.5
      vertex 4.77402 78.7561 -2.5
      vertex 4.80382 78.6371 -2.5
    endloop
  endfacet
  facet normal 0 -0 -1
    outer loop
      vertex -4.8976 78.4108 -2.5
      vertex 4.8976 78.4108 -2.5
      vertex -4.96066 78.3055 -2.5
    endloop
  endfacet
  facet normal 0 0 -1
    outer loop
      vertex 4.75602 78.8775 -2.5
      vertex -4.75602 78.8775 -2.5
      vertex -4.75 79 -2.5
    endloop
  endfacet
  facet normal 0 0 -1
    outer loop
      vertex 4.77402 78.7561 -2.5
      vertex -4.77402 78.7561 -2.5
      vertex -4.75602 78.8775 -2.5
    endloop
  endfacet
  facet normal 0 0 -1
    outer loop
      vertex 4.80382 78.6371 -2.5
      vertex -4.80382 78.6371 -2.5
      vertex -4.77402 78.7561 -2.5
    endloop
  endfacet
  facet normal -0 0 -1
    outer loop
      vertex 4.80382 78.6371 -2.5
      vertex -4.84515 78.5216 -2.5
      vertex -4.80382 78.6371 -2.5
    endloop
  endfacet
  facet normal 0 0 -1
    outer loop
      vertex 4.84515 78.5216 -2.5
      vertex -4.84515 78.5216 -2.5
      vertex 4.80382 78.6371 -2.5
    endloop
  endfacet
  facet normal 0 -0 -1
    outer loop
      vertex -4.84515 78.5216 -2.5
      vertex 4.84515 78.5216 -2.5
      vertex -4.8976 78.4108 -2.5
    endloop
  endfacet
  facet normal 0 0 -1
    outer loop
      vertex 4.8976 78.4108 -2.5
      vertex -4.8976 78.4108 -2.5
      vertex 4.84515 78.5216 -2.5
    endloop
  endfacet
  facet normal 0 0 -1
    outer loop
      vertex 4.96066 78.3055 -2.5
      vertex -4.96066 78.3055 -2.5
      vertex 4.8976 78.4108 -2.5
    endloop
  endfacet
  facet normal 0 0 -1
    outer loop
      vertex -7 72 -2.5
      vertex -5.11612 78.1161 -2.5
      vertex 7 72 -2.5
    endloop
  endfacet
  facet normal 0 0 -1
    outer loop
      vertex -5.11612 78.1161 -2.5
      vertex -7 72 -2.5
      vertex -5.20701 78.0337 -2.5
    endloop
  endfacet
  facet normal 0 0 -1
    outer loop
      vertex -5.20701 78.0337 -2.5
      vertex -7 72 -2.5
      vertex -5.30554 77.9607 -2.5
    endloop
  endfacet
  facet normal 0 0 -1
    outer loop
      vertex -7 76 -2.5
      vertex -5.30554 77.9607 -2.5
      vertex -7 72 -2.5
    endloop
  endfacet
  facet normal 0 0 -1
    outer loop
      vertex -5.30554 77.9607 -2.5
      vertex -7 76 -2.5
      vertex -5.41075 77.8976 -2.5
    endloop
  endfacet
  facet normal 0 0 -1
    outer loop
      vertex -5.41075 77.8976 -2.5
      vertex -7 76 -2.5
      vertex -5.52165 77.8452 -2.5
    endloop
  endfacet
  facet normal 0 0 -1
    outer loop
      vertex -5.52165 77.8452 -2.5
      vertex -7 76 -2.5
      vertex -5.63714 77.8038 -2.5
    endloop
  endfacet
  facet normal 0 0 -1
    outer loop
      vertex -5.63714 77.8038 -2.5
      vertex -7 76 -2.5
      vertex -5.75614 77.774 -2.5
    endloop
  endfacet
  facet normal 0 0 -1
    outer loop
      vertex -5.75614 77.774 -2.5
      vertex -7 76 -2.5
      vertex -5.87748 77.756 -2.5
    endloop
  endfacet
  facet normal 0 0 -1
    outer loop
      vertex -5.87748 77.756 -2.5
      vertex -7 76 -2.5
      vertex -6 77.75 -2.5
    endloop
  endfacet
  facet normal -0 0 -1
    outer loop
      vertex -6.12252 77.756 -2.5
      vertex -7 76 -2.5
      vertex -6.24386 77.774 -2.5
    endloop
  endfacet
  facet normal -0 0 -1
    outer loop
      vertex -6.24386 77.774 -2.5
      vertex -7 76 -2.5
      vertex -6.36285 77.8038 -2.5
    endloop
  endfacet
  facet normal -0 0 -1
    outer loop
      vertex -6 77.75 -2.5
      vertex -7 76 -2.5
      vertex -6.12252 77.756 -2.5
    endloop
  endfacet
  facet normal -0 0 -1
    outer loop
      vertex -6.36285 77.8038 -2.5
      vertex -7 76 -2.5
      vertex -6.47835 77.8452 -2.5
    endloop
  endfacet
  facet normal -0 0 -1
    outer loop
      vertex -6.47835 77.8452 -2.5
      vertex -7 76 -2.5
      vertex -6.58925 77.8976 -2.5
    endloop
  endfacet
  facet normal -0 0 -1
    outer loop
      vertex -6.58925 77.8976 -2.5
      vertex -7 76 -2.5
      vertex -6.69446 77.9607 -2.5
    endloop
  endfacet
  facet normal -0 0 -1
    outer loop
      vertex -6.69446 77.9607 -2.5
      vertex -7 76 -2.5
      vertex -6.79299 78.0337 -2.5
    endloop
  endfacet
  facet normal -0 0 -1
    outer loop
      vertex -6.79299 78.0337 -2.5
      vertex -7 76 -2.5
      vertex -6.88388 78.1161 -2.5
    endloop
  endfacet
  facet normal 0 0 -1
    outer loop
      vertex -9 76 -2.5
      vertex -6.88388 78.1161 -2.5
      vertex -7 76 -2.5
    endloop
  endfacet
  facet normal -0 0 -1
    outer loop
      vertex -6.88388 78.1161 -2.5
      vertex -9 76 -2.5
      vertex -6.96626 78.207 -2.5
    endloop
  endfacet
  facet normal -0 0 -1
    outer loop
      vertex -6.96626 78.207 -2.5
      vertex -9 76 -2.5
      vertex -7.03934 78.3055 -2.5
    endloop
  endfacet
  facet normal -0 0 -1
    outer loop
      vertex -7.03934 78.3055 -2.5
      vertex -9 76 -2.5
      vertex -7.1024 78.4108 -2.5
    endloop
  endfacet
  facet normal -0 0 -1
    outer loop
      vertex -7.1024 78.4108 -2.5
      vertex -9 76 -2.5
      vertex -7.15485 78.5216 -2.5
    endloop
  endfacet
  facet normal -0 0 -1
    outer loop
      vertex -7.15485 78.5216 -2.5
      vertex -9 76 -2.5
      vertex -7.19617 78.6371 -2.5
    endloop
  endfacet
  facet normal -0 0 -1
    outer loop
      vertex -7.19617 78.6371 -2.5
      vertex -9 76 -2.5
      vertex -7.22598 78.7561 -2.5
    endloop
  endfacet
  facet normal 0 0 -1
    outer loop
      vertex -7.22598 90.7561 -2.5
      vertex -9 94 -2.5
      vertex -7.24398 90.8775 -2.5
    endloop
  endfacet
  facet normal -0 0 -1
    outer loop
      vertex -7.24398 78.8775 -2.5
      vertex -9 76 -2.5
      vertex -7.25 79 -2.5
    endloop
  endfacet
  facet normal -0 0 -1
    outer loop
      vertex -7.22598 78.7561 -2.5
      vertex -9 76 -2.5
      vertex -7.24398 78.8775 -2.5
    endloop
  endfacet
  facet normal 0 0 -1
    outer loop
      vertex 7.19617 79.3629 -2.5
      vertex 9 76 -2.5
      vertex 7.22598 79.2439 -2.5
    endloop
  endfacet
  facet normal 0 0 -1
    outer loop
      vertex 9 94 -2.5
      vertex 7.24398 90.8775 -2.5
      vertex 7.25 91 -2.5
    endloop
  endfacet
  facet normal 0 0 -1
    outer loop
      vertex 7.15485 79.4784 -2.5
      vertex 9 76 -2.5
      vertex 7.19617 79.3629 -2.5
    endloop
  endfacet
  facet normal 0 0 -1
    outer loop
      vertex 9 94 -2.5
      vertex 7.22598 90.7561 -2.5
      vertex 7.24398 90.8775 -2.5
    endloop
  endfacet
  facet normal 0 0 -1
    outer loop
      vertex 9 76 -2.5
      vertex 7.15485 79.4784 -2.5
      vertex 9 94 -2.5
    endloop
  endfacet
  facet normal 0 0 -1
    outer loop
      vertex 9 94 -2.5
      vertex 7.19617 90.6371 -2.5
      vertex 7.22598 90.7561 -2.5
    endloop
  endfacet
  facet normal 0 0 -1
    outer loop
      vertex 7.15485 90.5216 -2.5
      vertex 9 94 -2.5
      vertex 7.15485 79.4784 -2.5
    endloop
  endfacet
  facet normal 0 0 -1
    outer loop
      vertex 9 94 -2.5
      vertex 7.15485 90.5216 -2.5
      vertex 7.19617 90.6371 -2.5
    endloop
  endfacet
  facet normal 0 0 -1
    outer loop
      vertex 7.1024 79.5892 -2.5
      vertex 7.15485 90.5216 -2.5
      vertex 7.15485 79.4784 -2.5
    endloop
  endfacet
  facet normal 0 0 -1
    outer loop
      vertex 7.1024 79.5892 -2.5
      vertex 7.1024 90.4108 -2.5
      vertex 7.15485 90.5216 -2.5
    endloop
  endfacet
  facet normal 0 0 -1
    outer loop
      vertex 7.03934 79.6945 -2.5
      vertex 7.1024 90.4108 -2.5
      vertex 7.1024 79.5892 -2.5
    endloop
  endfacet
  facet normal 0 0 -1
    outer loop
      vertex 7.03934 79.6945 -2.5
      vertex 7.03934 90.3055 -2.5
      vertex 7.1024 90.4108 -2.5
    endloop
  endfacet
  facet normal 0 0 -1
    outer loop
      vertex 6.96626 79.793 -2.5
      vertex 7.03934 90.3055 -2.5
      vertex 7.03934 79.6945 -2.5
    endloop
  endfacet
  facet normal 0 0 -1
    outer loop
      vertex 6.96626 79.793 -2.5
      vertex 6.96626 90.207 -2.5
      vertex 7.03934 90.3055 -2.5
    endloop
  endfacet
  facet normal 0 0 -1
    outer loop
      vertex 6.88388 79.8839 -2.5
      vertex 6.96626 90.207 -2.5
      vertex 6.96626 79.793 -2.5
    endloop
  endfacet
  facet normal 0 0 -1
    outer loop
      vertex 6.88388 79.8839 -2.5
      vertex 6.88388 90.1161 -2.5
      vertex 6.96626 90.207 -2.5
    endloop
  endfacet
  facet normal 0 0 -1
    outer loop
      vertex 6.79299 79.9663 -2.5
      vertex 6.88388 90.1161 -2.5
      vertex 6.88388 79.8839 -2.5
    endloop
  endfacet
  facet normal 0 0 -1
    outer loop
      vertex 6.79299 79.9663 -2.5
      vertex 6.79299 90.0337 -2.5
      vertex 6.88388 90.1161 -2.5
    endloop
  endfacet
  facet normal 0 0 -1
    outer loop
      vertex 6.69446 80.0393 -2.5
      vertex 6.79299 90.0337 -2.5
      vertex 6.79299 79.9663 -2.5
    endloop
  endfacet
  facet normal 0 0 -1
    outer loop
      vertex 6.69446 80.0393 -2.5
      vertex 6.69446 89.9607 -2.5
      vertex 6.79299 90.0337 -2.5
    endloop
  endfacet
  facet normal 0 0 -1
    outer loop
      vertex 6.58925 80.1024 -2.5
      vertex 6.69446 89.9607 -2.5
      vertex 6.69446 80.0393 -2.5
    endloop
  endfacet
  facet normal 0 0 -1
    outer loop
      vertex 6.58925 80.1024 -2.5
      vertex 6.58925 89.8976 -2.5
      vertex 6.69446 89.9607 -2.5
    endloop
  endfacet
  facet normal 0 0 -1
    outer loop
      vertex 6.47835 80.1548 -2.5
      vertex 6.58925 89.8976 -2.5
      vertex 6.58925 80.1024 -2.5
    endloop
  endfacet
  facet normal 0 0 -1
    outer loop
      vertex 6.47835 80.1548 -2.5
      vertex 6.47835 89.8452 -2.5
      vertex 6.58925 89.8976 -2.5
    endloop
  endfacet
  facet normal 0 0 -1
    outer loop
      vertex 6.36285 80.1962 -2.5
      vertex 6.47835 89.8452 -2.5
      vertex 6.47835 80.1548 -2.5
    endloop
  endfacet
  facet normal 0 0 -1
    outer loop
      vertex 6.36285 80.1962 -2.5
      vertex 6.36285 89.8038 -2.5
      vertex 6.47835 89.8452 -2.5
    endloop
  endfacet
  facet normal 0 0 -1
    outer loop
      vertex 6.24386 80.226 -2.5
      vertex 6.36285 89.8038 -2.5
      vertex 6.36285 80.1962 -2.5
    endloop
  endfacet
  facet normal 0 0 -1
    outer loop
      vertex 6.24386 80.226 -2.5
      vertex 6.24386 89.774 -2.5
      vertex 6.36285 89.8038 -2.5
    endloop
  endfacet
  facet normal 0 0 -1
    outer loop
      vertex 6.12252 80.244 -2.5
      vertex 6.24386 89.774 -2.5
      vertex 6.24386 80.226 -2.5
    endloop
  endfacet
  facet normal 0 0 -1
    outer loop
      vertex 6.12252 80.244 -2.5
      vertex 6.12252 89.756 -2.5
      vertex 6.24386 89.774 -2.5
    endloop
  endfacet
  facet normal 0 0 -1
    outer loop
      vertex 6 80.25 -2.5
      vertex 6.12252 89.756 -2.5
      vertex 6.12252 80.244 -2.5
    endloop
  endfacet
  facet normal 0 0 -1
    outer loop
      vertex 6 80.25 -2.5
      vertex 6 89.75 -2.5
      vertex 6.12252 89.756 -2.5
    endloop
  endfacet
  facet normal 0 0 -1
    outer loop
      vertex 5.87748 80.244 -2.5
      vertex 6 89.75 -2.5
      vertex 6 80.25 -2.5
    endloop
  endfacet
  facet normal 0 0 -1
    outer loop
      vertex 5.87748 80.244 -2.5
      vertex 5.87748 89.756 -2.5
      vertex 6 89.75 -2.5
    endloop
  endfacet
  facet normal 0 0 -1
    outer loop
      vertex 5.75614 80.226 -2.5
      vertex 5.87748 89.756 -2.5
      vertex 5.87748 80.244 -2.5
    endloop
  endfacet
  facet normal 0 0 -1
    outer loop
      vertex 5.75614 80.226 -2.5
      vertex 5.75614 89.774 -2.5
      vertex 5.87748 89.756 -2.5
    endloop
  endfacet
  facet normal 0 0 -1
    outer loop
      vertex 5.63714 80.1962 -2.5
      vertex 5.75614 89.774 -2.5
      vertex 5.75614 80.226 -2.5
    endloop
  endfacet
  facet normal 0 0 -1
    outer loop
      vertex 5.63714 80.1962 -2.5
      vertex 5.63714 89.8038 -2.5
      vertex 5.75614 89.774 -2.5
    endloop
  endfacet
  facet normal 0 0 -1
    outer loop
      vertex 5.52165 80.1548 -2.5
      vertex 5.63714 89.8038 -2.5
      vertex 5.63714 80.1962 -2.5
    endloop
  endfacet
  facet normal 0 0 -1
    outer loop
      vertex 5.52165 80.1548 -2.5
      vertex 5.52165 89.8452 -2.5
      vertex 5.63714 89.8038 -2.5
    endloop
  endfacet
  facet normal 0 0 -1
    outer loop
      vertex 5.41075 80.1024 -2.5
      vertex 5.52165 89.8452 -2.5
      vertex 5.52165 80.1548 -2.5
    endloop
  endfacet
  facet normal 0 0 -1
    outer loop
      vertex 5.41075 80.1024 -2.5
      vertex 5.41075 89.8976 -2.5
      vertex 5.52165 89.8452 -2.5
    endloop
  endfacet
  facet normal 0 0 -1
    outer loop
      vertex 5.30554 80.0393 -2.5
      vertex 5.41075 89.8976 -2.5
      vertex 5.41075 80.1024 -2.5
    endloop
  endfacet
  facet normal 0 0 -1
    outer loop
      vertex 5.30554 80.0393 -2.5
      vertex 5.30554 89.9607 -2.5
      vertex 5.41075 89.8976 -2.5
    endloop
  endfacet
  facet normal 0 0 -1
    outer loop
      vertex 5.20701 79.9663 -2.5
      vertex 5.30554 89.9607 -2.5
      vertex 5.30554 80.0393 -2.5
    endloop
  endfacet
  facet normal 0 0 -1
    outer loop
      vertex 5.20701 79.9663 -2.5
      vertex 5.20701 90.0337 -2.5
      vertex 5.30554 89.9607 -2.5
    endloop
  endfacet
  facet normal 0 0 -1
    outer loop
      vertex 5.11612 79.8839 -2.5
      vertex 5.20701 90.0337 -2.5
      vertex 5.20701 79.9663 -2.5
    endloop
  endfacet
  facet normal 0 0 -1
    outer loop
      vertex 5.11612 79.8839 -2.5
      vertex 5.11612 90.1161 -2.5
      vertex 5.20701 90.0337 -2.5
    endloop
  endfacet
  facet normal 0 0 -1
    outer loop
      vertex -4.84515 79.4784 -2.5
      vertex 4.84515 79.4784 -2.5
      vertex -4.80382 79.3629 -2.5
    endloop
  endfacet
  facet normal 0 0 -1
    outer loop
      vertex 4.84515 79.4784 -2.5
      vertex -4.84515 79.4784 -2.5
      vertex 4.8976 79.5892 -2.5
    endloop
  endfacet
  facet normal 0 0 -1
    outer loop
      vertex 4.80382 79.3629 -2.5
      vertex -4.80382 79.3629 -2.5
      vertex 4.84515 79.4784 -2.5
    endloop
  endfacet
  facet normal 0 0 -1
    outer loop
      vertex -4.8976 79.5892 -2.5
      vertex 4.8976 79.5892 -2.5
      vertex -4.84515 79.4784 -2.5
    endloop
  endfacet
  facet normal 0 0 -1
    outer loop
      vertex -4.80382 79.3629 -2.5
      vertex 4.80382 79.3629 -2.5
      vertex -4.77402 79.2439 -2.5
    endloop
  endfacet
  facet normal 0 0 -1
    outer loop
      vertex 5.11612 90.1161 -2.5
      vertex -4.75 91 -2.5
      vertex 5.03374 90.207 -2.5
    endloop
  endfacet
  facet normal 0 0 -1
    outer loop
      vertex 4.77402 79.2439 -2.5
      vertex -4.77402 79.2439 -2.5
      vertex 4.80382 79.3629 -2.5
    endloop
  endfacet
  facet normal 0 0 -1
    outer loop
      vertex 5.03374 90.207 -2.5
      vertex -4.75 91 -2.5
      vertex 4.96066 90.3055 -2.5
    endloop
  endfacet
  facet normal 0 0 -1
    outer loop
      vertex -4.77402 79.2439 -2.5
      vertex 4.77402 79.2439 -2.5
      vertex -4.75602 79.1225 -2.5
    endloop
  endfacet
  facet normal 0 0 -1
    outer loop
      vertex 4.96066 90.3055 -2.5
      vertex -4.75 91 -2.5
      vertex 4.8976 90.4108 -2.5
    endloop
  endfacet
  facet normal 0 0 -1
    outer loop
      vertex 4.75602 79.1225 -2.5
      vertex -4.75602 79.1225 -2.5
      vertex 4.77402 79.2439 -2.5
    endloop
  endfacet
  facet normal 0 0 -1
    outer loop
      vertex 4.8976 90.4108 -2.5
      vertex -4.75 91 -2.5
      vertex 4.84515 90.5216 -2.5
    endloop
  endfacet
  facet normal 0 0 -1
    outer loop
      vertex -4.75602 79.1225 -2.5
      vertex 4.75602 79.1225 -2.5
      vertex -4.75 79 -2.5
    endloop
  endfacet
  facet normal 0 0 -1
    outer loop
      vertex 4.84515 90.5216 -2.5
      vertex -4.75 91 -2.5
      vertex 4.80382 90.6371 -2.5
    endloop
  endfacet
  facet normal 0 0 -1
    outer loop
      vertex -4.75 79 -2.5
      vertex 4.75602 79.1225 -2.5
      vertex 4.75 79 -2.5
    endloop
  endfacet
  facet normal 0 0 -1
    outer loop
      vertex 4.80382 90.6371 -2.5
      vertex -4.75 91 -2.5
      vertex 4.77402 90.7561 -2.5
    endloop
  endfacet
  facet normal 0 0 -1
    outer loop
      vertex 7.24398 79.1225 -2.5
      vertex 9 76 -2.5
      vertex 7.25 79 -2.5
    endloop
  endfacet
  facet normal 0 0 -1
    outer loop
      vertex 9 76 -2.5
      vertex 7.24398 78.8775 -2.5
      vertex 7.25 79 -2.5
    endloop
  endfacet
  facet normal 0 0 -1
    outer loop
      vertex 9 76 -2.5
      vertex 7.22598 78.7561 -2.5
      vertex 7.24398 78.8775 -2.5
    endloop
  endfacet
  facet normal 0 0 -1
    outer loop
      vertex 9 76 -2.5
      vertex 7.19617 78.6371 -2.5
      vertex 7.22598 78.7561 -2.5
    endloop
  endfacet
  facet normal 0 0 -1
    outer loop
      vertex 9 76 -2.5
      vertex 7.15485 78.5216 -2.5
      vertex 7.19617 78.6371 -2.5
    endloop
  endfacet
  facet normal 0 0 -1
    outer loop
      vertex 9 76 -2.5
      vertex 7.1024 78.4108 -2.5
      vertex 7.15485 78.5216 -2.5
    endloop
  endfacet
  facet normal 0 0 -1
    outer loop
      vertex 9 76 -2.5
      vertex 7.03934 78.3055 -2.5
      vertex 7.1024 78.4108 -2.5
    endloop
  endfacet
  facet normal 0 0 -1
    outer loop
      vertex 6.96626 78.207 -2.5
      vertex 9 76 -2.5
      vertex 7 76 -2.5
    endloop
  endfacet
  facet normal 0 0 -1
    outer loop
      vertex 9 76 -2.5
      vertex 6.96626 78.207 -2.5
      vertex 7.03934 78.3055 -2.5
    endloop
  endfacet
  facet normal 0 0 -1
    outer loop
      vertex 7.22598 79.2439 -2.5
      vertex 9 76 -2.5
      vertex 7.24398 79.1225 -2.5
    endloop
  endfacet
  facet normal 0 0 -1
    outer loop
      vertex 7.24398 91.1225 -2.5
      vertex 9 94 -2.5
      vertex 7.25 91 -2.5
    endloop
  endfacet
  facet normal 0 0 -1
    outer loop
      vertex 7.22598 91.2439 -2.5
      vertex 9 94 -2.5
      vertex 7.24398 91.1225 -2.5
    endloop
  endfacet
  facet normal 0 0 -1
    outer loop
      vertex 7.19617 91.3629 -2.5
      vertex 9 94 -2.5
      vertex 7.22598 91.2439 -2.5
    endloop
  endfacet
  facet normal 0 0 -1
    outer loop
      vertex 7.15485 91.4784 -2.5
      vertex 9 94 -2.5
      vertex 7.19617 91.3629 -2.5
    endloop
  endfacet
  facet normal 0 0 -1
    outer loop
      vertex 7.1024 91.5892 -2.5
      vertex 9 94 -2.5
      vertex 7.15485 91.4784 -2.5
    endloop
  endfacet
  facet normal 0 0 -1
    outer loop
      vertex 7.03934 91.6945 -2.5
      vertex 9 94 -2.5
      vertex 7.1024 91.5892 -2.5
    endloop
  endfacet
  facet normal 0 0 -1
    outer loop
      vertex 6.96626 91.793 -2.5
      vertex 9 94 -2.5
      vertex 7.03934 91.6945 -2.5
    endloop
  endfacet
  facet normal 0 0 -1
    outer loop
      vertex 6.88388 91.8839 -2.5
      vertex 9 94 -2.5
      vertex 6.96626 91.793 -2.5
    endloop
  endfacet
  facet normal 0 0 -1
    outer loop
      vertex 6.79299 91.9663 -2.5
      vertex 9 94 -2.5
      vertex 6.88388 91.8839 -2.5
    endloop
  endfacet
  facet normal 0 0 -1
    outer loop
      vertex 6.69446 92.0393 -2.5
      vertex 9 94 -2.5
      vertex 6.79299 91.9663 -2.5
    endloop
  endfacet
  facet normal 0 0 -1
    outer loop
      vertex 6.58925 92.1024 -2.5
      vertex 9 94 -2.5
      vertex 6.69446 92.0393 -2.5
    endloop
  endfacet
  facet normal 0 0 -1
    outer loop
      vertex 6.47835 92.1548 -2.5
      vertex 9 94 -2.5
      vertex 6.58925 92.1024 -2.5
    endloop
  endfacet
  facet normal 0 0 -1
    outer loop
      vertex 6.36285 92.1962 -2.5
      vertex 9 94 -2.5
      vertex 6.47835 92.1548 -2.5
    endloop
  endfacet
  facet normal 0 0 -1
    outer loop
      vertex 6.24386 92.226 -2.5
      vertex 9 94 -2.5
      vertex 6.36285 92.1962 -2.5
    endloop
  endfacet
  facet normal 0 0 -1
    outer loop
      vertex 6.12252 92.244 -2.5
      vertex 9 94 -2.5
      vertex 6.24386 92.226 -2.5
    endloop
  endfacet
  facet normal 0 0 -1
    outer loop
      vertex 6 92.25 -2.5
      vertex 9 94 -2.5
      vertex 6.12252 92.244 -2.5
    endloop
  endfacet
  facet normal 0 0 -1
    outer loop
      vertex 5.87748 92.244 -2.5
      vertex 9 94 -2.5
      vertex 6 92.25 -2.5
    endloop
  endfacet
  facet normal 0 0 -1
    outer loop
      vertex 5.75614 92.226 -2.5
      vertex 9 94 -2.5
      vertex 5.87748 92.244 -2.5
    endloop
  endfacet
  facet normal 0 0 -1
    outer loop
      vertex 5.63714 92.1962 -2.5
      vertex 9 94 -2.5
      vertex 5.75614 92.226 -2.5
    endloop
  endfacet
  facet normal 0 0 -1
    outer loop
      vertex 5.52165 92.1548 -2.5
      vertex 9 94 -2.5
      vertex 5.63714 92.1962 -2.5
    endloop
  endfacet
  facet normal 0 0 -1
    outer loop
      vertex -5.52165 92.1548 -2.5
      vertex 5.52165 92.1548 -2.5
      vertex 5.41075 92.1024 -2.5
    endloop
  endfacet
  facet normal 0 0 -1
    outer loop
      vertex 4.75602 90.8775 -2.5
      vertex -4.75 91 -2.5
      vertex 4.75 91 -2.5
    endloop
  endfacet
  facet normal 0 0 -1
    outer loop
      vertex 4.75 91 -2.5
      vertex -4.75 91 -2.5
      vertex 4.75602 91.1225 -2.5
    endloop
  endfacet
  facet normal 0 0 -1
    outer loop
      vertex -4.75602 91.1225 -2.5
      vertex 4.75602 91.1225 -2.5
      vertex -4.75 91 -2.5
    endloop
  endfacet
  facet normal 0 0 -1
    outer loop
      vertex 4.75602 91.1225 -2.5
      vertex -4.75602 91.1225 -2.5
      vertex 4.77402 91.2439 -2.5
    endloop
  endfacet
  facet normal 0 0 -1
    outer loop
      vertex -4.77402 91.2439 -2.5
      vertex 4.77402 91.2439 -2.5
      vertex -4.75602 91.1225 -2.5
    endloop
  endfacet
  facet normal 0 0 -1
    outer loop
      vertex 4.77402 91.2439 -2.5
      vertex -4.77402 91.2439 -2.5
      vertex 4.80382 91.3629 -2.5
    endloop
  endfacet
  facet normal 0 0 -1
    outer loop
      vertex -4.80382 91.3629 -2.5
      vertex 4.80382 91.3629 -2.5
      vertex -4.77402 91.2439 -2.5
    endloop
  endfacet
  facet normal 0 0 -1
    outer loop
      vertex 4.80382 91.3629 -2.5
      vertex -4.80382 91.3629 -2.5
      vertex 4.84515 91.4784 -2.5
    endloop
  endfacet
  facet normal 0 0 -1
    outer loop
      vertex -4.84515 91.4784 -2.5
      vertex 4.84515 91.4784 -2.5
      vertex -4.80382 91.3629 -2.5
    endloop
  endfacet
  facet normal 0 0 -1
    outer loop
      vertex 4.84515 91.4784 -2.5
      vertex -4.84515 91.4784 -2.5
      vertex 4.8976 91.5892 -2.5
    endloop
  endfacet
  facet normal 0 0 -1
    outer loop
      vertex -4.8976 91.5892 -2.5
      vertex 4.8976 91.5892 -2.5
      vertex -4.84515 91.4784 -2.5
    endloop
  endfacet
  facet normal 0 0 -1
    outer loop
      vertex 4.8976 91.5892 -2.5
      vertex -4.8976 91.5892 -2.5
      vertex 4.96066 91.6945 -2.5
    endloop
  endfacet
  facet normal 0 0 -1
    outer loop
      vertex -4.96066 91.6945 -2.5
      vertex 4.96066 91.6945 -2.5
      vertex -4.8976 91.5892 -2.5
    endloop
  endfacet
  facet normal 0 0 -1
    outer loop
      vertex 4.96066 91.6945 -2.5
      vertex -4.96066 91.6945 -2.5
      vertex 5.03374 91.793 -2.5
    endloop
  endfacet
  facet normal 0 0 -1
    outer loop
      vertex -5.03374 91.793 -2.5
      vertex 5.03374 91.793 -2.5
      vertex -4.96066 91.6945 -2.5
    endloop
  endfacet
  facet normal 0 0 -1
    outer loop
      vertex 5.03374 91.793 -2.5
      vertex -5.03374 91.793 -2.5
      vertex 5.11612 91.8839 -2.5
    endloop
  endfacet
  facet normal 0 0 -1
    outer loop
      vertex -5.11612 91.8839 -2.5
      vertex 5.11612 91.8839 -2.5
      vertex -5.03374 91.793 -2.5
    endloop
  endfacet
  facet normal 0 0 -1
    outer loop
      vertex 5.11612 91.8839 -2.5
      vertex -5.11612 91.8839 -2.5
      vertex 5.20701 91.9663 -2.5
    endloop
  endfacet
  facet normal 0 0 -1
    outer loop
      vertex -5.20701 91.9663 -2.5
      vertex 5.20701 91.9663 -2.5
      vertex -5.11612 91.8839 -2.5
    endloop
  endfacet
  facet normal 0 0 -1
    outer loop
      vertex 5.20701 91.9663 -2.5
      vertex -5.20701 91.9663 -2.5
      vertex 5.30554 92.0393 -2.5
    endloop
  endfacet
  facet normal 0 0 -1
    outer loop
      vertex -5.30554 92.0393 -2.5
      vertex 5.30554 92.0393 -2.5
      vertex -5.20701 91.9663 -2.5
    endloop
  endfacet
  facet normal 0 0 -1
    outer loop
      vertex 5.30554 92.0393 -2.5
      vertex -5.30554 92.0393 -2.5
      vertex 5.41075 92.1024 -2.5
    endloop
  endfacet
  facet normal 0 0 -1
    outer loop
      vertex -5.41075 92.1024 -2.5
      vertex 5.41075 92.1024 -2.5
      vertex -5.30554 92.0393 -2.5
    endloop
  endfacet
  facet normal 0 0 -1
    outer loop
      vertex -5.52165 92.1548 -2.5
      vertex 5.41075 92.1024 -2.5
      vertex -5.41075 92.1024 -2.5
    endloop
  endfacet
  facet normal 0 0 -1
    outer loop
      vertex 5.52165 92.1548 -2.5
      vertex -5.52165 92.1548 -2.5
      vertex 9 94 -2.5
    endloop
  endfacet
  facet normal 0 0 -1
    outer loop
      vertex -9 94 -2.5
      vertex -5.52165 92.1548 -2.5
      vertex -5.63714 92.1962 -2.5
    endloop
  endfacet
  facet normal 0 0 -1
    outer loop
      vertex -9 94 -2.5
      vertex -5.63714 92.1962 -2.5
      vertex -5.75614 92.226 -2.5
    endloop
  endfacet
  facet normal 0 0 -1
    outer loop
      vertex -9 94 -2.5
      vertex -5.75614 92.226 -2.5
      vertex -5.87748 92.244 -2.5
    endloop
  endfacet
  facet normal 0 0 -1
    outer loop
      vertex -9 94 -2.5
      vertex -5.87748 92.244 -2.5
      vertex -6 92.25 -2.5
    endloop
  endfacet
  facet normal 0 0 -1
    outer loop
      vertex -9 94 -2.5
      vertex -6 92.25 -2.5
      vertex -6.12252 92.244 -2.5
    endloop
  endfacet
  facet normal 0 0 -1
    outer loop
      vertex -7.24398 90.8775 -2.5
      vertex -9 94 -2.5
      vertex -7.25 91 -2.5
    endloop
  endfacet
  facet normal 0 0 -1
    outer loop
      vertex -5.52165 92.1548 -2.5
      vertex -9 94 -2.5
      vertex 9 94 -2.5
    endloop
  endfacet
  facet normal 0 0 -1
    outer loop
      vertex -6.24386 92.226 -2.5
      vertex -9 94 -2.5
      vertex -6.12252 92.244 -2.5
    endloop
  endfacet
  facet normal 0 0 -1
    outer loop
      vertex -6.36285 92.1962 -2.5
      vertex -9 94 -2.5
      vertex -6.24386 92.226 -2.5
    endloop
  endfacet
  facet normal 0 0 -1
    outer loop
      vertex -6.47835 92.1548 -2.5
      vertex -9 94 -2.5
      vertex -6.36285 92.1962 -2.5
    endloop
  endfacet
  facet normal 0 0 -1
    outer loop
      vertex -6.58925 92.1024 -2.5
      vertex -9 94 -2.5
      vertex -6.47835 92.1548 -2.5
    endloop
  endfacet
  facet normal 0 0 -1
    outer loop
      vertex -6.69446 92.0393 -2.5
      vertex -9 94 -2.5
      vertex -6.58925 92.1024 -2.5
    endloop
  endfacet
  facet normal 0 0 -1
    outer loop
      vertex -6.79299 91.9663 -2.5
      vertex -9 94 -2.5
      vertex -6.69446 92.0393 -2.5
    endloop
  endfacet
  facet normal 0 0 -1
    outer loop
      vertex -6.88388 91.8839 -2.5
      vertex -9 94 -2.5
      vertex -6.79299 91.9663 -2.5
    endloop
  endfacet
  facet normal 0 0 -1
    outer loop
      vertex -6.96626 91.793 -2.5
      vertex -9 94 -2.5
      vertex -6.88388 91.8839 -2.5
    endloop
  endfacet
  facet normal 0 0 -1
    outer loop
      vertex -7.03934 91.6945 -2.5
      vertex -9 94 -2.5
      vertex -6.96626 91.793 -2.5
    endloop
  endfacet
  facet normal 0 0 -1
    outer loop
      vertex -7.1024 91.5892 -2.5
      vertex -9 94 -2.5
      vertex -7.03934 91.6945 -2.5
    endloop
  endfacet
  facet normal 0 0 -1
    outer loop
      vertex -7.15485 91.4784 -2.5
      vertex -9 94 -2.5
      vertex -7.1024 91.5892 -2.5
    endloop
  endfacet
  facet normal 0 0 -1
    outer loop
      vertex -7.19617 91.3629 -2.5
      vertex -9 94 -2.5
      vertex -7.15485 91.4784 -2.5
    endloop
  endfacet
  facet normal 0 0 -1
    outer loop
      vertex -7.22598 91.2439 -2.5
      vertex -9 94 -2.5
      vertex -7.19617 91.3629 -2.5
    endloop
  endfacet
  facet normal 0 0 -1
    outer loop
      vertex -7.24398 91.1225 -2.5
      vertex -9 94 -2.5
      vertex -7.22598 91.2439 -2.5
    endloop
  endfacet
  facet normal 0 0 -1
    outer loop
      vertex -7.25 91 -2.5
      vertex -9 94 -2.5
      vertex -7.24398 91.1225 -2.5
    endloop
  endfacet
  facet normal -1 0 0
    outer loop
      vertex -7 72 -2.5
      vertex -7 76 2.5
      vertex -7 76 -2.5
    endloop
  endfacet
  facet normal -1 -0 0
    outer loop
      vertex -7 76 2.5
      vertex -7 72 -2.5
      vertex -7 72 2.5
    endloop
  endfacet
  facet normal 0 -1 0
    outer loop
      vertex -7 72 -2.5
      vertex 7 72 2.5
      vertex -7 72 2.5
    endloop
  endfacet
  facet normal 0 -1 -0
    outer loop
      vertex 7 72 2.5
      vertex -7 72 -2.5
      vertex 7 72 -2.5
    endloop
  endfacet
  facet normal 1 -0 0
    outer loop
      vertex 9 76 2.5
      vertex 9 94 -2.5
      vertex 9 94 2.5
    endloop
  endfacet
  facet normal 1 0 0
    outer loop
      vertex 9 94 -2.5
      vertex 9 76 2.5
      vertex 9 76 -2.5
    endloop
  endfacet
  facet normal -1 0 0
    outer loop
      vertex -9 76 -2.5
      vertex -9 94 2.5
      vertex -9 94 -2.5
    endloop
  endfacet
  facet normal -1 -0 0
    outer loop
      vertex -9 94 2.5
      vertex -9 76 -2.5
      vertex -9 76 2.5
    endloop
  endfacet
  facet normal 0 1 -0
    outer loop
      vertex 9 94 -2.5
      vertex -9 94 2.5
      vertex 9 94 2.5
    endloop
  endfacet
  facet normal 0 1 0
    outer loop
      vertex -9 94 2.5
      vertex 9 94 -2.5
      vertex -9 94 -2.5
    endloop
  endfacet
  facet normal 0 -1 0
    outer loop
      vertex -9 76 -2.5
      vertex -7 76 2.5
      vertex -9 76 2.5
    endloop
  endfacet
  facet normal 0 -1 -0
    outer loop
      vertex -7 76 2.5
      vertex -9 76 -2.5
      vertex -7 76 -2.5
    endloop
  endfacet
  facet normal 0 -1 0
    outer loop
      vertex 7 76 -2.5
      vertex 9 76 2.5
      vertex 7 76 2.5
    endloop
  endfacet
  facet normal 0 -1 -0
    outer loop
      vertex 9 76 2.5
      vertex 7 76 -2.5
      vertex 9 76 -2.5
    endloop
  endfacet
  facet normal 1 -0 0
    outer loop
      vertex 7 -10 5
      vertex 7 0 2.5
      vertex 7 0 5
    endloop
  endfacet
  facet normal 1 0 0
    outer loop
      vertex 7 0 2.5
      vertex 7 -10 5
      vertex 7 -10 2.5
    endloop
  endfacet
  facet normal 0 0 1
    outer loop
      vertex 1.99037 -2.19603 5
      vertex 7 0 5
      vertex 2 -2 5
    endloop
  endfacet
  facet normal 0 0 1
    outer loop
      vertex 7 0 5
      vertex 1.99037 -1.80397 5
      vertex 2 -2 5
    endloop
  endfacet
  facet normal 0 0 1
    outer loop
      vertex 7 0 5
      vertex 1.96157 -1.60982 5
      vertex 1.99037 -1.80397 5
    endloop
  endfacet
  facet normal 0 0 1
    outer loop
      vertex 7 0 5
      vertex 1.91388 -1.41943 5
      vertex 1.96157 -1.60982 5
    endloop
  endfacet
  facet normal 0 0 1
    outer loop
      vertex 7 0 5
      vertex 1.84776 -1.23463 5
      vertex 1.91388 -1.41943 5
    endloop
  endfacet
  facet normal 0 0 1
    outer loop
      vertex 7 0 5
      vertex 1.76384 -1.05721 5
      vertex 1.84776 -1.23463 5
    endloop
  endfacet
  facet normal 0 0 1
    outer loop
      vertex 7 0 5
      vertex 1.66294 -0.88886 5
      vertex 1.76384 -1.05721 5
    endloop
  endfacet
  facet normal 0 0 1
    outer loop
      vertex 7 0 5
      vertex 1.54602 -0.731214 5
      vertex 1.66294 -0.88886 5
    endloop
  endfacet
  facet normal 0 0 1
    outer loop
      vertex 7 0 5
      vertex 1.41421 -0.585787 5
      vertex 1.54602 -0.731214 5
    endloop
  endfacet
  facet normal 0 0 1
    outer loop
      vertex 7 0 5
      vertex 1.26879 -0.453979 5
      vertex 1.41421 -0.585787 5
    endloop
  endfacet
  facet normal 0 0 1
    outer loop
      vertex 7 0 5
      vertex 1.11114 -0.337061 5
      vertex 1.26879 -0.453979 5
    endloop
  endfacet
  facet normal 0 0 1
    outer loop
      vertex 7 0 5
      vertex 0.942793 -0.236158 5
      vertex 1.11114 -0.337061 5
    endloop
  endfacet
  facet normal 0 0 1
    outer loop
      vertex 7 0 5
      vertex 0.765367 -0.152242 5
      vertex 0.942793 -0.236158 5
    endloop
  endfacet
  facet normal 0 0 1
    outer loop
      vertex 7 0 5
      vertex 0.580569 -0.0861197 5
      vertex 0.765367 -0.152242 5
    endloop
  endfacet
  facet normal 0 0 1
    outer loop
      vertex 7 0 5
      vertex 0.390181 -0.0384302 5
      vertex 0.580569 -0.0861197 5
    endloop
  endfacet
  facet normal 0 0 1
    outer loop
      vertex 7 0 5
      vertex 0.196033 -0.00963116 5
      vertex 0.390181 -0.0384302 5
    endloop
  endfacet
  facet normal 0 -0 1
    outer loop
      vertex 0.196033 -0.00963116 5
      vertex 7 0 5
      vertex 0 0 5
    endloop
  endfacet
  facet normal 0 0 1
    outer loop
      vertex 1.96157 -2.39018 5
      vertex 7 0 5
      vertex 1.99037 -2.19603 5
    endloop
  endfacet
  facet normal 0 0 1
    outer loop
      vertex 1.91388 -2.58057 5
      vertex 7 0 5
      vertex 1.96157 -2.39018 5
    endloop
  endfacet
  facet normal 0 0 1
    outer loop
      vertex 1.84776 -2.76537 5
      vertex 7 0 5
      vertex 1.91388 -2.58057 5
    endloop
  endfacet
  facet normal 0 0 1
    outer loop
      vertex 7 0 5
      vertex 1.84776 -2.76537 5
      vertex 7 -10 5
    endloop
  endfacet
  facet normal -0 0 1
    outer loop
      vertex 1.76384 -2.94279 5
      vertex 7 -10 5
      vertex 1.84776 -2.76537 5
    endloop
  endfacet
  facet normal -0 0 1
    outer loop
      vertex 1.66294 -3.11114 5
      vertex 7 -10 5
      vertex 1.76384 -2.94279 5
    endloop
  endfacet
  facet normal -0 0 1
    outer loop
      vertex 1.54602 -3.26879 5
      vertex 7 -10 5
      vertex 1.66294 -3.11114 5
    endloop
  endfacet
  facet normal -0 0 1
    outer loop
      vertex 1.41421 -3.41421 5
      vertex 7 -10 5
      vertex 1.54602 -3.26879 5
    endloop
  endfacet
  facet normal -0 0 1
    outer loop
      vertex 1.26879 -3.54602 5
      vertex 7 -10 5
      vertex 1.41421 -3.41421 5
    endloop
  endfacet
  facet normal -0 0 1
    outer loop
      vertex 1.11114 -3.66294 5
      vertex 7 -10 5
      vertex 1.26879 -3.54602 5
    endloop
  endfacet
  facet normal -0 0 1
    outer loop
      vertex 0.942793 -3.76384 5
      vertex 7 -10 5
      vertex 1.11114 -3.66294 5
    endloop
  endfacet
  facet normal -0 0 1
    outer loop
      vertex 0.765367 -3.84776 5
      vertex 7 -10 5
      vertex 0.942793 -3.76384 5
    endloop
  endfacet
  facet normal -0 0 1
    outer loop
      vertex 0.580569 -3.91388 5
      vertex 7 -10 5
      vertex 0.765367 -3.84776 5
    endloop
  endfacet
  facet normal -0 0 1
    outer loop
      vertex 0.390181 -3.96157 5
      vertex 7 -10 5
      vertex 0.580569 -3.91388 5
    endloop
  endfacet
  facet normal -0 0 1
    outer loop
      vertex 0.196033 -3.99037 5
      vertex 7 -10 5
      vertex 0.390181 -3.96157 5
    endloop
  endfacet
  facet normal -0 0 1
    outer loop
      vertex 0 -4 5
      vertex 7 -10 5
      vertex 0.196033 -3.99037 5
    endloop
  endfacet
  facet normal 0 0 1
    outer loop
      vertex -7 -10 5
      vertex 0 -4 5
      vertex -0.196033 -3.99037 5
    endloop
  endfacet
  facet normal 0 0 1
    outer loop
      vertex -7 -10 5
      vertex -0.196033 -3.99037 5
      vertex -0.390181 -3.96157 5
    endloop
  endfacet
  facet normal 0 0 1
    outer loop
      vertex -7 -10 5
      vertex -0.390181 -3.96157 5
      vertex -0.580569 -3.91388 5
    endloop
  endfacet
  facet normal 0 0 1
    outer loop
      vertex -7 -10 5
      vertex -0.580569 -3.91388 5
      vertex -0.765367 -3.84776 5
    endloop
  endfacet
  facet normal 0 0 1
    outer loop
      vertex -7 -10 5
      vertex -0.765367 -3.84776 5
      vertex -0.942793 -3.76384 5
    endloop
  endfacet
  facet normal 0 0 1
    outer loop
      vertex -7 -10 5
      vertex -0.942793 -3.76384 5
      vertex -1.11114 -3.66294 5
    endloop
  endfacet
  facet normal 0 0 1
    outer loop
      vertex -7 -10 5
      vertex -1.11114 -3.66294 5
      vertex -1.26879 -3.54602 5
    endloop
  endfacet
  facet normal 0 0 1
    outer loop
      vertex -7 0 5
      vertex -1.99037 -2.19603 5
      vertex -2 -2 5
    endloop
  endfacet
  facet normal 0 0 1
    outer loop
      vertex -7 0 5
      vertex -1.96157 -2.39018 5
      vertex -1.99037 -2.19603 5
    endloop
  endfacet
  facet normal 0 0 1
    outer loop
      vertex -7 0 5
      vertex -1.91388 -2.58057 5
      vertex -1.96157 -2.39018 5
    endloop
  endfacet
  facet normal 0 0 1
    outer loop
      vertex -7 0 5
      vertex -1.84776 -2.76537 5
      vertex -1.91388 -2.58057 5
    endloop
  endfacet
  facet normal 0 0 1
    outer loop
      vertex -7 0 5
      vertex -1.76384 -2.94279 5
      vertex -1.84776 -2.76537 5
    endloop
  endfacet
  facet normal 0 0 1
    outer loop
      vertex -7 -10 5
      vertex -1.76384 -2.94279 5
      vertex -7 0 5
    endloop
  endfacet
  facet normal 0 0 1
    outer loop
      vertex -1.76384 -2.94279 5
      vertex -7 -10 5
      vertex -1.66294 -3.11114 5
    endloop
  endfacet
  facet normal 0 0 1
    outer loop
      vertex -1.66294 -3.11114 5
      vertex -7 -10 5
      vertex -1.54602 -3.26879 5
    endloop
  endfacet
  facet normal 0 0 1
    outer loop
      vertex -1.54602 -3.26879 5
      vertex -7 -10 5
      vertex -1.41421 -3.41421 5
    endloop
  endfacet
  facet normal 0 0 1
    outer loop
      vertex -1.41421 -3.41421 5
      vertex -7 -10 5
      vertex -1.26879 -3.54602 5
    endloop
  endfacet
  facet normal 0 0 1
    outer loop
      vertex 0 -4 5
      vertex -7 -10 5
      vertex 7 -10 5
    endloop
  endfacet
  facet normal 0 0 1
    outer loop
      vertex -1.99037 -1.80397 5
      vertex -7 0 5
      vertex -2 -2 5
    endloop
  endfacet
  facet normal 0 0 1
    outer loop
      vertex -1.96157 -1.60982 5
      vertex -7 0 5
      vertex -1.99037 -1.80397 5
    endloop
  endfacet
  facet normal 0 0 1
    outer loop
      vertex -1.91388 -1.41943 5
      vertex -7 0 5
      vertex -1.96157 -1.60982 5
    endloop
  endfacet
  facet normal 0 0 1
    outer loop
      vertex -1.84776 -1.23463 5
      vertex -7 0 5
      vertex -1.91388 -1.41943 5
    endloop
  endfacet
  facet normal 0 0 1
    outer loop
      vertex -1.76384 -1.05721 5
      vertex -7 0 5
      vertex -1.84776 -1.23463 5
    endloop
  endfacet
  facet normal 0 0 1
    outer loop
      vertex -1.66294 -0.88886 5
      vertex -7 0 5
      vertex -1.76384 -1.05721 5
    endloop
  endfacet
  facet normal 0 0 1
    outer loop
      vertex -1.54602 -0.731214 5
      vertex -7 0 5
      vertex -1.66294 -0.88886 5
    endloop
  endfacet
  facet normal 0 0 1
    outer loop
      vertex -1.41421 -0.585787 5
      vertex -7 0 5
      vertex -1.54602 -0.731214 5
    endloop
  endfacet
  facet normal 0 0 1
    outer loop
      vertex -1.26879 -0.453979 5
      vertex -7 0 5
      vertex -1.41421 -0.585787 5
    endloop
  endfacet
  facet normal 0 0 1
    outer loop
      vertex -1.11114 -0.337061 5
      vertex -7 0 5
      vertex -1.26879 -0.453979 5
    endloop
  endfacet
  facet normal 0 0 1
    outer loop
      vertex -0.942793 -0.236158 5
      vertex -7 0 5
      vertex -1.11114 -0.337061 5
    endloop
  endfacet
  facet normal 0 0 1
    outer loop
      vertex -0.765367 -0.152242 5
      vertex -7 0 5
      vertex -0.942793 -0.236158 5
    endloop
  endfacet
  facet normal 0 0 1
    outer loop
      vertex -0.580569 -0.0861197 5
      vertex -7 0 5
      vertex -0.765367 -0.152242 5
    endloop
  endfacet
  facet normal 0 0 1
    outer loop
      vertex -0.390181 -0.0384302 5
      vertex -7 0 5
      vertex -0.580569 -0.0861197 5
    endloop
  endfacet
  facet normal 0 0 1
    outer loop
      vertex -0.196033 -0.00963116 5
      vertex -7 0 5
      vertex -0.390181 -0.0384302 5
    endloop
  endfacet
  facet normal -0 0 1
    outer loop
      vertex -7 0 5
      vertex -0.196033 -0.00963116 5
      vertex 0 0 5
    endloop
  endfacet
  facet normal -1 0 0
    outer loop
      vertex -7 -10 2.5
      vertex -7 0 5
      vertex -7 0 2.5
    endloop
  endfacet
  facet normal -1 -0 0
    outer loop
      vertex -7 0 5
      vertex -7 -10 2.5
      vertex -7 -10 5
    endloop
  endfacet
  facet normal 0 1 0
    outer loop
      vertex -0.196033 0 4.49037
      vertex 0 0 5
      vertex 0 0 4.5
    endloop
  endfacet
  facet normal 0 1 0
    outer loop
      vertex -0.390181 0 4.46157
      vertex 0 0 5
      vertex -0.196033 0 4.49037
    endloop
  endfacet
  facet normal 0 1 0
    outer loop
      vertex -0.580569 0 4.41388
      vertex 0 0 5
      vertex -0.390181 0 4.46157
    endloop
  endfacet
  facet normal 0 1 0
    outer loop
      vertex -0.765367 0 4.34776
      vertex 0 0 5
      vertex -0.580569 0 4.41388
    endloop
  endfacet
  facet normal 0 1 0
    outer loop
      vertex -0.942793 0 4.26384
      vertex 0 0 5
      vertex -0.765367 0 4.34776
    endloop
  endfacet
  facet normal 0 1 0
    outer loop
      vertex 0 0 5
      vertex -0.942793 0 4.26384
      vertex -7 0 5
    endloop
  endfacet
  facet normal 0 1 -0
    outer loop
      vertex -1.11114 0 4.16294
      vertex -7 0 5
      vertex -0.942793 0 4.26384
    endloop
  endfacet
  facet normal 0 1 -0
    outer loop
      vertex -1.26879 0 4.04602
      vertex -7 0 5
      vertex -1.11114 0 4.16294
    endloop
  endfacet
  facet normal 0 1 -0
    outer loop
      vertex -1.41421 0 3.91421
      vertex -7 0 5
      vertex -1.26879 0 4.04602
    endloop
  endfacet
  facet normal 0 1 -0
    outer loop
      vertex -1.54602 0 3.76879
      vertex -7 0 5
      vertex -1.41421 0 3.91421
    endloop
  endfacet
  facet normal 0 1 -0
    outer loop
      vertex -1.66294 0 3.61114
      vertex -7 0 5
      vertex -1.54602 0 3.76879
    endloop
  endfacet
  facet normal 0 1 -0
    outer loop
      vertex -1.76384 0 3.44279
      vertex -7 0 5
      vertex -1.66294 0 3.61114
    endloop
  endfacet
  facet normal 0 1 -0
    outer loop
      vertex -1.84776 0 3.26537
      vertex -7 0 5
      vertex -1.76384 0 3.44279
    endloop
  endfacet
  facet normal 0 1 -0
    outer loop
      vertex -1.91388 0 3.08057
      vertex -7 0 5
      vertex -1.84776 0 3.26537
    endloop
  endfacet
  facet normal 0 1 0
    outer loop
      vertex -7 0 2.5
      vertex -1.91388 0 3.08057
      vertex -1.96157 0 2.89018
    endloop
  endfacet
  facet normal 0 1 0
    outer loop
      vertex -7 0 2.5
      vertex -1.96157 0 2.89018
      vertex -1.99037 0 2.69603
    endloop
  endfacet
  facet normal 0 1 0
    outer loop
      vertex -7 0 2.5
      vertex -1.99037 0 2.69603
      vertex -2 0 2.5
    endloop
  endfacet
  facet normal 0 1 0
    outer loop
      vertex -1.91388 0 3.08057
      vertex -7 0 2.5
      vertex -7 0 5
    endloop
  endfacet
  facet normal 0 1 -0
    outer loop
      vertex 0.942793 0 4.26384
      vertex 0 0 5
      vertex 7 0 5
    endloop
  endfacet
  facet normal 0 1 0
    outer loop
      vertex 0 0 5
      vertex 0.196033 0 4.49037
      vertex 0 0 4.5
    endloop
  endfacet
  facet normal 0 1 0
    outer loop
      vertex 0 0 5
      vertex 0.390181 0 4.46157
      vertex 0.196033 0 4.49037
    endloop
  endfacet
  facet normal 0 1 0
    outer loop
      vertex 0 0 5
      vertex 0.580569 0 4.41388
      vertex 0.390181 0 4.46157
    endloop
  endfacet
  facet normal 0 1 0
    outer loop
      vertex 0 0 5
      vertex 0.765367 0 4.34776
      vertex 0.580569 0 4.41388
    endloop
  endfacet
  facet normal 0 1 0
    outer loop
      vertex 0 0 5
      vertex 0.942793 0 4.26384
      vertex 0.765367 0 4.34776
    endloop
  endfacet
  facet normal 0 1 0
    outer loop
      vertex 7 0 5
      vertex 1.11114 0 4.16294
      vertex 0.942793 0 4.26384
    endloop
  endfacet
  facet normal 0 1 0
    outer loop
      vertex 7 0 5
      vertex 1.26879 0 4.04602
      vertex 1.11114 0 4.16294
    endloop
  endfacet
  facet normal 0 1 0
    outer loop
      vertex 7 0 5
      vertex 1.41421 0 3.91421
      vertex 1.26879 0 4.04602
    endloop
  endfacet
  facet normal 0 1 0
    outer loop
      vertex 7 0 5
      vertex 1.54602 0 3.76879
      vertex 1.41421 0 3.91421
    endloop
  endfacet
  facet normal 0 1 0
    outer loop
      vertex 7 0 5
      vertex 1.66294 0 3.61114
      vertex 1.54602 0 3.76879
    endloop
  endfacet
  facet normal 0 1 0
    outer loop
      vertex 7 0 5
      vertex 1.76384 0 3.44279
      vertex 1.66294 0 3.61114
    endloop
  endfacet
  facet normal 0 1 0
    outer loop
      vertex 7 0 5
      vertex 1.84776 0 3.26537
      vertex 1.76384 0 3.44279
    endloop
  endfacet
  facet normal 0 1 0
    outer loop
      vertex 7 0 5
      vertex 1.91388 0 3.08057
      vertex 1.84776 0 3.26537
    endloop
  endfacet
  facet normal 0 1 -0
    outer loop
      vertex 7 0 2.5
      vertex 1.91388 0 3.08057
      vertex 7 0 5
    endloop
  endfacet
  facet normal 0 1 0
    outer loop
      vertex 1.91388 0 3.08057
      vertex 7 0 2.5
      vertex 1.96157 0 2.89018
    endloop
  endfacet
  facet normal 0 1 0
    outer loop
      vertex 1.96157 0 2.89018
      vertex 7 0 2.5
      vertex 1.99037 0 2.69603
    endloop
  endfacet
  facet normal 0 1 0
    outer loop
      vertex 1.99037 0 2.69603
      vertex 7 0 2.5
      vertex 2 0 2.5
    endloop
  endfacet
  facet normal 0 -1 0
    outer loop
      vertex -9 -10 -2.5
      vertex -7 -10 2.5
      vertex -9 -10 2.5
    endloop
  endfacet
  facet normal 0 -1 -0
    outer loop
      vertex -7 -10 2.5
      vertex -9 -10 -2.5
      vertex -2 -10 2.5
    endloop
  endfacet
  facet normal 0 -1 -0
    outer loop
      vertex -2 -10 2.5
      vertex -9 -10 -2.5
      vertex 2 -10 2.5
    endloop
  endfacet
  facet normal 0 -1 0
    outer loop
      vertex 9 -10 -2.5
      vertex 2 -10 2.5
      vertex -9 -10 -2.5
    endloop
  endfacet
  facet normal 0 -1 0
    outer loop
      vertex 2 -10 2.5
      vertex 9 -10 -2.5
      vertex 7 -10 2.5
    endloop
  endfacet
  facet normal 0 -1 0
    outer loop
      vertex 7 -10 2.5
      vertex 9 -10 -2.5
      vertex 9 -10 2.5
    endloop
  endfacet
  facet normal 0 -1 0
    outer loop
      vertex -7 -10 5
      vertex 0 -10 4.5
      vertex 7 -10 5
    endloop
  endfacet
  facet normal 0 -1 0
    outer loop
      vertex -7 -10 5
      vertex -0.196033 -10 4.49037
      vertex 0 -10 4.5
    endloop
  endfacet
  facet normal 0 -1 0
    outer loop
      vertex -7 -10 5
      vertex -0.390181 -10 4.46157
      vertex -0.196033 -10 4.49037
    endloop
  endfacet
  facet normal 0 -1 0
    outer loop
      vertex -7 -10 5
      vertex -0.580569 -10 4.41388
      vertex -0.390181 -10 4.46157
    endloop
  endfacet
  facet normal 0 -1 0
    outer loop
      vertex -7 -10 5
      vertex -0.765367 -10 4.34776
      vertex -0.580569 -10 4.41388
    endloop
  endfacet
  facet normal 0 -1 0
    outer loop
      vertex -7 -10 5
      vertex -0.942793 -10 4.26384
      vertex -0.765367 -10 4.34776
    endloop
  endfacet
  facet normal 0 -1 0
    outer loop
      vertex -7 -10 5
      vertex -1.11114 -10 4.16294
      vertex -0.942793 -10 4.26384
    endloop
  endfacet
  facet normal 0 -1 0
    outer loop
      vertex -7 -10 5
      vertex -1.26879 -10 4.04602
      vertex -1.11114 -10 4.16294
    endloop
  endfacet
  facet normal 0 -1 0
    outer loop
      vertex -7 -10 5
      vertex -1.41421 -10 3.91421
      vertex -1.26879 -10 4.04602
    endloop
  endfacet
  facet normal 0 -1 0
    outer loop
      vertex -7 -10 5
      vertex -1.54602 -10 3.76879
      vertex -1.41421 -10 3.91421
    endloop
  endfacet
  facet normal 0 -1 0
    outer loop
      vertex -7 -10 5
      vertex -1.66294 -10 3.61114
      vertex -1.54602 -10 3.76879
    endloop
  endfacet
  facet normal 0 -1 0
    outer loop
      vertex -7 -10 5
      vertex -1.76384 -10 3.44279
      vertex -1.66294 -10 3.61114
    endloop
  endfacet
  facet normal 0 -1 0
    outer loop
      vertex -7 -10 5
      vertex -1.84776 -10 3.26537
      vertex -1.76384 -10 3.44279
    endloop
  endfacet
  facet normal 0 -1 0
    outer loop
      vertex -7 -10 5
      vertex -1.91388 -10 3.08057
      vertex -1.84776 -10 3.26537
    endloop
  endfacet
  facet normal 0 -1 0
    outer loop
      vertex -7 -10 2.5
      vertex -1.91388 -10 3.08057
      vertex -7 -10 5
    endloop
  endfacet
  facet normal 0 -1 0
    outer loop
      vertex -1.91388 -10 3.08057
      vertex -7 -10 2.5
      vertex -1.96157 -10 2.89018
    endloop
  endfacet
  facet normal 0 -1 0
    outer loop
      vertex -1.96157 -10 2.89018
      vertex -7 -10 2.5
      vertex -1.99037 -10 2.69603
    endloop
  endfacet
  facet normal 0 -1 0
    outer loop
      vertex -1.99037 -10 2.69603
      vertex -7 -10 2.5
      vertex -2 -10 2.5
    endloop
  endfacet
  facet normal 0 -1 0
    outer loop
      vertex 0.196033 -10 4.49037
      vertex 7 -10 5
      vertex 0 -10 4.5
    endloop
  endfacet
  facet normal 0 -1 0
    outer loop
      vertex 0.390181 -10 4.46157
      vertex 7 -10 5
      vertex 0.196033 -10 4.49037
    endloop
  endfacet
  facet normal 0 -1 0
    outer loop
      vertex 0.580569 -10 4.41388
      vertex 7 -10 5
      vertex 0.390181 -10 4.46157
    endloop
  endfacet
  facet normal 0 -1 0
    outer loop
      vertex 0.765367 -10 4.34776
      vertex 7 -10 5
      vertex 0.580569 -10 4.41388
    endloop
  endfacet
  facet normal 0 -1 0
    outer loop
      vertex 0.942793 -10 4.26384
      vertex 7 -10 5
      vertex 0.765367 -10 4.34776
    endloop
  endfacet
  facet normal 0 -1 0
    outer loop
      vertex 1.11114 -10 4.16294
      vertex 7 -10 5
      vertex 0.942793 -10 4.26384
    endloop
  endfacet
  facet normal 0 -1 0
    outer loop
      vertex 1.26879 -10 4.04602
      vertex 7 -10 5
      vertex 1.11114 -10 4.16294
    endloop
  endfacet
  facet normal 0 -1 0
    outer loop
      vertex 1.41421 -10 3.91421
      vertex 7 -10 5
      vertex 1.26879 -10 4.04602
    endloop
  endfacet
  facet normal 0 -1 0
    outer loop
      vertex 1.54602 -10 3.76879
      vertex 7 -10 5
      vertex 1.41421 -10 3.91421
    endloop
  endfacet
  facet normal 0 -1 0
    outer loop
      vertex 1.66294 -10 3.61114
      vertex 7 -10 5
      vertex 1.54602 -10 3.76879
    endloop
  endfacet
  facet normal 0 -1 0
    outer loop
      vertex 1.76384 -10 3.44279
      vertex 7 -10 5
      vertex 1.66294 -10 3.61114
    endloop
  endfacet
  facet normal 0 -1 0
    outer loop
      vertex 1.84776 -10 3.26537
      vertex 7 -10 5
      vertex 1.76384 -10 3.44279
    endloop
  endfacet
  facet normal 0 -1 0
    outer loop
      vertex 1.91388 -10 3.08057
      vertex 7 -10 5
      vertex 1.84776 -10 3.26537
    endloop
  endfacet
  facet normal 0 -1 0
    outer loop
      vertex 7 -10 2.5
      vertex 1.91388 -10 3.08057
      vertex 1.96157 -10 2.89018
    endloop
  endfacet
  facet normal 0 -1 0
    outer loop
      vertex 7 -10 2.5
      vertex 1.96157 -10 2.89018
      vertex 1.99037 -10 2.69603
    endloop
  endfacet
  facet normal 0 -1 0
    outer loop
      vertex 7 -10 2.5
      vertex 1.99037 -10 2.69603
      vertex 2 -10 2.5
    endloop
  endfacet
  facet normal 0 -1 0
    outer loop
      vertex 1.91388 -10 3.08057
      vertex 7 -10 2.5
      vertex 7 -10 5
    endloop
  endfacet
  facet normal -0.989176 0 -0.146733
    outer loop
      vertex 1.99037 0 2.69603
      vertex 1.96157 -1.60982 2.89018
      vertex 1.96157 0 2.89018
    endloop
  endfacet
  facet normal -0.989176 0 -0.146733
    outer loop
      vertex 1.96157 -1.60982 2.89018
      vertex 1.99037 0 2.69603
      vertex 1.99037 -1.80397 2.69603
    endloop
  endfacet
  facet normal -0.989176 0 -0.146733
    outer loop
      vertex 1.99037 -10 2.69603
      vertex 1.96157 -2.39018 2.89018
      vertex 1.99037 -2.19603 2.69603
    endloop
  endfacet
  facet normal -0.989176 -0 -0.146733
    outer loop
      vertex 1.96157 -2.39018 2.89018
      vertex 1.99037 -10 2.69603
      vertex 1.96157 -10 2.89018
    endloop
  endfacet
  facet normal -0.998796 0 -0.049066
    outer loop
      vertex 2 0 2.5
      vertex 1.99037 -1.80397 2.69603
      vertex 1.99037 0 2.69603
    endloop
  endfacet
  facet normal -0.998796 0 -0.049066
    outer loop
      vertex 1.99037 -1.80397 2.69603
      vertex 2 0 2.5
      vertex 2 -2 2.5
    endloop
  endfacet
  facet normal -0.998796 0 -0.049066
    outer loop
      vertex 2 -10 2.5
      vertex 1.99037 -2.19603 2.69603
      vertex 2 -2 2.5
    endloop
  endfacet
  facet normal -0.998796 -0 -0.049066
    outer loop
      vertex 1.99037 -2.19603 2.69603
      vertex 2 -10 2.5
      vertex 1.99037 -10 2.69603
    endloop
  endfacet
  facet normal -0.970032 0 -0.242979
    outer loop
      vertex 1.96157 0 2.89018
      vertex 1.91388 -1.41943 3.08057
      vertex 1.91388 0 3.08057
    endloop
  endfacet
  facet normal -0.970032 0 -0.242979
    outer loop
      vertex 1.91388 -1.41943 3.08057
      vertex 1.96157 0 2.89018
      vertex 1.96157 -1.60982 2.89018
    endloop
  endfacet
  facet normal -0.970032 0 -0.242979
    outer loop
      vertex 1.96157 -10 2.89018
      vertex 1.91388 -2.58057 3.08057
      vertex 1.96157 -2.39018 2.89018
    endloop
  endfacet
  facet normal -0.970032 -0 -0.242979
    outer loop
      vertex 1.91388 -2.58057 3.08057
      vertex 1.96157 -10 2.89018
      vertex 1.91388 -10 3.08057
    endloop
  endfacet
  facet normal 0.941548 0 -0.336879
    outer loop
      vertex -1.84776 -1.23463 3.26537
      vertex -1.91388 0 3.08057
      vertex -1.84776 0 3.26537
    endloop
  endfacet
  facet normal 0.941548 0 -0.336879
    outer loop
      vertex -1.91388 0 3.08057
      vertex -1.84776 -1.23463 3.26537
      vertex -1.91388 -1.41943 3.08057
    endloop
  endfacet
  facet normal 0.941548 0 -0.336879
    outer loop
      vertex -1.91388 -10 3.08057
      vertex -1.84776 -2.76537 3.26537
      vertex -1.84776 -10 3.26537
    endloop
  endfacet
  facet normal 0.941548 0 -0.336879
    outer loop
      vertex -1.84776 -2.76537 3.26537
      vertex -1.91388 -10 3.08057
      vertex -1.91388 -2.58057 3.08057
    endloop
  endfacet
  facet normal -0.941548 0 -0.336879
    outer loop
      vertex 1.91388 0 3.08057
      vertex 1.84776 -1.23463 3.26537
      vertex 1.84776 0 3.26537
    endloop
  endfacet
  facet normal -0.941548 0 -0.336879
    outer loop
      vertex 1.84776 -1.23463 3.26537
      vertex 1.91388 0 3.08057
      vertex 1.91388 -1.41943 3.08057
    endloop
  endfacet
  facet normal -0.941548 0 -0.336879
    outer loop
      vertex 1.91388 -10 3.08057
      vertex 1.84776 -2.76537 3.26537
      vertex 1.91388 -2.58057 3.08057
    endloop
  endfacet
  facet normal -0.941548 -0 -0.336879
    outer loop
      vertex 1.84776 -2.76537 3.26537
      vertex 1.91388 -10 3.08057
      vertex 1.84776 -10 3.26537
    endloop
  endfacet
  facet normal -0.336882 0 -0.941547
    outer loop
      vertex 0.580569 -0.0861197 4.41388
      vertex 0.765367 0 4.34776
      vertex 0.765367 -0.152242 4.34776
    endloop
  endfacet
  facet normal -0.336882 0 -0.941547
    outer loop
      vertex 0.765367 0 4.34776
      vertex 0.580569 -0.0861197 4.41388
      vertex 0.580569 0 4.41388
    endloop
  endfacet
  facet normal -0.336882 -0 -0.941547
    outer loop
      vertex 0.580569 -3.91388 4.41388
      vertex 0.765367 -10 4.34776
      vertex 0.580569 -10 4.41388
    endloop
  endfacet
  facet normal -0.336882 0 -0.941547
    outer loop
      vertex 0.765367 -10 4.34776
      vertex 0.580569 -3.91388 4.41388
      vertex 0.765367 -3.84776 4.34776
    endloop
  endfacet
  facet normal 0.146735 0 -0.989176
    outer loop
      vertex -0.390181 0 4.46157
      vertex -0.196033 -0.00963116 4.49037
      vertex -0.390181 -0.0384302 4.46157
    endloop
  endfacet
  facet normal 0.146735 0 -0.989176
    outer loop
      vertex -0.196033 -0.00963116 4.49037
      vertex -0.390181 0 4.46157
      vertex -0.196033 0 4.49037
    endloop
  endfacet
  facet normal 0.146735 0 -0.989176
    outer loop
      vertex -0.390181 -10 4.46157
      vertex -0.196033 -3.99037 4.49037
      vertex -0.196033 -10 4.49037
    endloop
  endfacet
  facet normal 0.146735 0 -0.989176
    outer loop
      vertex -0.196033 -3.99037 4.49037
      vertex -0.390181 -10 4.46157
      vertex -0.390181 -3.96157 4.46157
    endloop
  endfacet
  facet normal 0.595695 0 -0.80321
    outer loop
      vertex -1.26879 0 4.04602
      vertex -1.11114 -0.337061 4.16294
      vertex -1.26879 -0.453979 4.04602
    endloop
  endfacet
  facet normal 0.595695 0 -0.80321
    outer loop
      vertex -1.11114 -0.337061 4.16294
      vertex -1.26879 0 4.04602
      vertex -1.11114 0 4.16294
    endloop
  endfacet
  facet normal 0.595695 0 -0.80321
    outer loop
      vertex -1.26879 -10 4.04602
      vertex -1.11114 -3.66294 4.16294
      vertex -1.11114 -10 4.16294
    endloop
  endfacet
  facet normal 0.595695 0 -0.80321
    outer loop
      vertex -1.11114 -3.66294 4.16294
      vertex -1.26879 -10 4.04602
      vertex -1.26879 -3.54602 4.04602
    endloop
  endfacet
  facet normal 0.989176 0 -0.146733
    outer loop
      vertex -1.96157 -1.60982 2.89018
      vertex -1.99037 0 2.69603
      vertex -1.96157 0 2.89018
    endloop
  endfacet
  facet normal 0.989176 0 -0.146733
    outer loop
      vertex -1.99037 0 2.69603
      vertex -1.96157 -1.60982 2.89018
      vertex -1.99037 -1.80397 2.69603
    endloop
  endfacet
  facet normal 0.989176 0 -0.146733
    outer loop
      vertex -1.99037 -10 2.69603
      vertex -1.96157 -2.39018 2.89018
      vertex -1.96157 -10 2.89018
    endloop
  endfacet
  facet normal 0.989176 0 -0.146733
    outer loop
      vertex -1.96157 -2.39018 2.89018
      vertex -1.99037 -10 2.69603
      vertex -1.99037 -2.19603 2.69603
    endloop
  endfacet
  facet normal -0.427571 0 -0.903982
    outer loop
      vertex 0.765367 -0.152242 4.34776
      vertex 0.942793 0 4.26384
      vertex 0.942793 -0.236158 4.26384
    endloop
  endfacet
  facet normal -0.427571 0 -0.903982
    outer loop
      vertex 0.942793 0 4.26384
      vertex 0.765367 -0.152242 4.34776
      vertex 0.765367 0 4.34776
    endloop
  endfacet
  facet normal -0.427571 -0 -0.903982
    outer loop
      vertex 0.765367 -3.84776 4.34776
      vertex 0.942793 -10 4.26384
      vertex 0.765367 -10 4.34776
    endloop
  endfacet
  facet normal -0.427571 0 -0.903982
    outer loop
      vertex 0.942793 -10 4.26384
      vertex 0.765367 -3.84776 4.34776
      vertex 0.942793 -3.76384 4.26384
    endloop
  endfacet
  facet normal 0.427571 0 -0.903982
    outer loop
      vertex -0.942793 0 4.26384
      vertex -0.765367 -0.152242 4.34776
      vertex -0.942793 -0.236158 4.26384
    endloop
  endfacet
  facet normal 0.427571 0 -0.903982
    outer loop
      vertex -0.765367 -0.152242 4.34776
      vertex -0.942793 0 4.26384
      vertex -0.765367 0 4.34776
    endloop
  endfacet
  facet normal 0.427571 0 -0.903982
    outer loop
      vertex -0.942793 -10 4.26384
      vertex -0.765367 -3.84776 4.34776
      vertex -0.765367 -10 4.34776
    endloop
  endfacet
  facet normal 0.427571 0 -0.903982
    outer loop
      vertex -0.765367 -3.84776 4.34776
      vertex -0.942793 -10 4.26384
      vertex -0.942793 -3.76384 4.26384
    endloop
  endfacet
  facet normal -0.671584 0 -0.740928
    outer loop
      vertex 1.26879 -0.453979 4.04602
      vertex 1.41421 0 3.91421
      vertex 1.41421 -0.585787 3.91421
    endloop
  endfacet
  facet normal -0.671584 0 -0.740928
    outer loop
      vertex 1.41421 0 3.91421
      vertex 1.26879 -0.453979 4.04602
      vertex 1.26879 0 4.04602
    endloop
  endfacet
  facet normal -0.671584 -0 -0.740928
    outer loop
      vertex 1.26879 -3.54602 4.04602
      vertex 1.41421 -10 3.91421
      vertex 1.26879 -10 4.04602
    endloop
  endfacet
  facet normal -0.671584 0 -0.740928
    outer loop
      vertex 1.41421 -10 3.91421
      vertex 1.26879 -3.54602 4.04602
      vertex 1.41421 -3.41421 3.91421
    endloop
  endfacet
  facet normal 0.336882 0 -0.941547
    outer loop
      vertex -0.765367 0 4.34776
      vertex -0.580569 -0.0861197 4.41388
      vertex -0.765367 -0.152242 4.34776
    endloop
  endfacet
  facet normal 0.336882 0 -0.941547
    outer loop
      vertex -0.580569 -0.0861197 4.41388
      vertex -0.765367 0 4.34776
      vertex -0.580569 0 4.41388
    endloop
  endfacet
  facet normal 0.336882 0 -0.941547
    outer loop
      vertex -0.765367 -10 4.34776
      vertex -0.580569 -3.91388 4.41388
      vertex -0.580569 -10 4.41388
    endloop
  endfacet
  facet normal 0.336882 0 -0.941547
    outer loop
      vertex -0.580569 -3.91388 4.41388
      vertex -0.765367 -10 4.34776
      vertex -0.765367 -3.84776 4.34776
    endloop
  endfacet
  facet normal 0.740928 0 -0.671584
    outer loop
      vertex -1.41421 -0.585787 3.91421
      vertex -1.54602 0 3.76879
      vertex -1.41421 0 3.91421
    endloop
  endfacet
  facet normal 0.740928 0 -0.671584
    outer loop
      vertex -1.54602 0 3.76879
      vertex -1.41421 -0.585787 3.91421
      vertex -1.54602 -0.731214 3.76879
    endloop
  endfacet
  facet normal 0.740928 0 -0.671584
    outer loop
      vertex -1.54602 -10 3.76879
      vertex -1.41421 -3.41421 3.91421
      vertex -1.41421 -10 3.91421
    endloop
  endfacet
  facet normal 0.740928 0 -0.671584
    outer loop
      vertex -1.41421 -3.41421 3.91421
      vertex -1.54602 -10 3.76879
      vertex -1.54602 -3.26879 3.76879
    endloop
  endfacet
  facet normal -0.80321 0 -0.595695
    outer loop
      vertex 1.66294 0 3.61114
      vertex 1.54602 -0.731214 3.76879
      vertex 1.54602 0 3.76879
    endloop
  endfacet
  facet normal -0.80321 0 -0.595695
    outer loop
      vertex 1.54602 -0.731214 3.76879
      vertex 1.66294 0 3.61114
      vertex 1.66294 -0.88886 3.61114
    endloop
  endfacet
  facet normal -0.80321 0 -0.595695
    outer loop
      vertex 1.66294 -10 3.61114
      vertex 1.54602 -3.26879 3.76879
      vertex 1.66294 -3.11114 3.61114
    endloop
  endfacet
  facet normal -0.80321 -0 -0.595695
    outer loop
      vertex 1.54602 -3.26879 3.76879
      vertex 1.66294 -10 3.61114
      vertex 1.54602 -10 3.76879
    endloop
  endfacet
  facet normal 0.85774 0 -0.514084
    outer loop
      vertex -1.66294 -0.88886 3.61114
      vertex -1.76384 0 3.44279
      vertex -1.66294 0 3.61114
    endloop
  endfacet
  facet normal 0.85774 0 -0.514084
    outer loop
      vertex -1.76384 0 3.44279
      vertex -1.66294 -0.88886 3.61114
      vertex -1.76384 -1.05721 3.44279
    endloop
  endfacet
  facet normal 0.85774 0 -0.514084
    outer loop
      vertex -1.76384 -10 3.44279
      vertex -1.66294 -3.11114 3.61114
      vertex -1.66294 -10 3.61114
    endloop
  endfacet
  facet normal 0.85774 0 -0.514084
    outer loop
      vertex -1.66294 -3.11114 3.61114
      vertex -1.76384 -10 3.44279
      vertex -1.76384 -2.94279 3.44279
    endloop
  endfacet
  facet normal -0.146735 0 -0.989176
    outer loop
      vertex 0.196033 -0.00963116 4.49037
      vertex 0.390181 0 4.46157
      vertex 0.390181 -0.0384302 4.46157
    endloop
  endfacet
  facet normal -0.146735 0 -0.989176
    outer loop
      vertex 0.390181 0 4.46157
      vertex 0.196033 -0.00963116 4.49037
      vertex 0.196033 0 4.49037
    endloop
  endfacet
  facet normal -0.146735 -0 -0.989176
    outer loop
      vertex 0.196033 -3.99037 4.49037
      vertex 0.390181 -10 4.46157
      vertex 0.196033 -10 4.49037
    endloop
  endfacet
  facet normal -0.146735 0 -0.989176
    outer loop
      vertex 0.390181 -10 4.46157
      vertex 0.196033 -3.99037 4.49037
      vertex 0.390181 -3.96157 4.46157
    endloop
  endfacet
  facet normal -0.85774 0 -0.514084
    outer loop
      vertex 1.76384 0 3.44279
      vertex 1.66294 -0.88886 3.61114
      vertex 1.66294 0 3.61114
    endloop
  endfacet
  facet normal -0.85774 0 -0.514084
    outer loop
      vertex 1.66294 -0.88886 3.61114
      vertex 1.76384 0 3.44279
      vertex 1.76384 -1.05721 3.44279
    endloop
  endfacet
  facet normal -0.85774 0 -0.514084
    outer loop
      vertex 1.76384 -10 3.44279
      vertex 1.66294 -3.11114 3.61114
      vertex 1.76384 -2.94279 3.44279
    endloop
  endfacet
  facet normal -0.85774 -0 -0.514084
    outer loop
      vertex 1.66294 -3.11114 3.61114
      vertex 1.76384 -10 3.44279
      vertex 1.66294 -10 3.61114
    endloop
  endfacet
  facet normal -0.242982 0 -0.970031
    outer loop
      vertex 0.390181 -0.0384302 4.46157
      vertex 0.580569 0 4.41388
      vertex 0.580569 -0.0861197 4.41388
    endloop
  endfacet
  facet normal -0.242982 0 -0.970031
    outer loop
      vertex 0.580569 0 4.41388
      vertex 0.390181 -0.0384302 4.46157
      vertex 0.390181 0 4.46157
    endloop
  endfacet
  facet normal -0.242982 -0 -0.970031
    outer loop
      vertex 0.390181 -3.96157 4.46157
      vertex 0.580569 -10 4.41388
      vertex 0.390181 -10 4.46157
    endloop
  endfacet
  facet normal -0.242982 0 -0.970031
    outer loop
      vertex 0.580569 -10 4.41388
      vertex 0.390181 -3.96157 4.46157
      vertex 0.580569 -3.91388 4.41388
    endloop
  endfacet
  facet normal -0.51409 0 -0.857736
    outer loop
      vertex 0.942793 -0.236158 4.26384
      vertex 1.11114 0 4.16294
      vertex 1.11114 -0.337061 4.16294
    endloop
  endfacet
  facet normal -0.51409 0 -0.857736
    outer loop
      vertex 1.11114 0 4.16294
      vertex 0.942793 -0.236158 4.26384
      vertex 0.942793 0 4.26384
    endloop
  endfacet
  facet normal -0.51409 -0 -0.857736
    outer loop
      vertex 0.942793 -3.76384 4.26384
      vertex 1.11114 -10 4.16294
      vertex 0.942793 -10 4.26384
    endloop
  endfacet
  facet normal -0.51409 0 -0.857736
    outer loop
      vertex 1.11114 -10 4.16294
      vertex 0.942793 -3.76384 4.26384
      vertex 1.11114 -3.66294 4.16294
    endloop
  endfacet
  facet normal -0.595695 0 -0.80321
    outer loop
      vertex 1.11114 -0.337061 4.16294
      vertex 1.26879 0 4.04602
      vertex 1.26879 -0.453979 4.04602
    endloop
  endfacet
  facet normal -0.595695 0 -0.80321
    outer loop
      vertex 1.26879 0 4.04602
      vertex 1.11114 -0.337061 4.16294
      vertex 1.11114 0 4.16294
    endloop
  endfacet
  facet normal -0.595695 -0 -0.80321
    outer loop
      vertex 1.11114 -3.66294 4.16294
      vertex 1.26879 -10 4.04602
      vertex 1.11114 -10 4.16294
    endloop
  endfacet
  facet normal -0.595695 0 -0.80321
    outer loop
      vertex 1.26879 -10 4.04602
      vertex 1.11114 -3.66294 4.16294
      vertex 1.26879 -3.54602 4.04602
    endloop
  endfacet
  facet normal 0.998796 0 -0.049066
    outer loop
      vertex -1.99037 -1.80397 2.69603
      vertex -2 0 2.5
      vertex -1.99037 0 2.69603
    endloop
  endfacet
  facet normal 0.998796 0 -0.049066
    outer loop
      vertex -2 0 2.5
      vertex -1.99037 -1.80397 2.69603
      vertex -2 -2 2.5
    endloop
  endfacet
  facet normal 0.998796 0 -0.049066
    outer loop
      vertex -2 -10 2.5
      vertex -1.99037 -2.19603 2.69603
      vertex -1.99037 -10 2.69603
    endloop
  endfacet
  facet normal 0.998796 0 -0.049066
    outer loop
      vertex -1.99037 -2.19603 2.69603
      vertex -2 -10 2.5
      vertex -2 -2 2.5
    endloop
  endfacet
  facet normal -0.0490652 -0 -0.998796
    outer loop
      vertex 0.196033 0 4.49037
      vertex 0.196033 -0.00963116 4.49037
      vertex 0 0 4.5
    endloop
  endfacet
  facet normal -0.0490652 -0 -0.998796
    outer loop
      vertex 0 -4 4.5
      vertex 0.196033 -10 4.49037
      vertex 0 -10 4.5
    endloop
  endfacet
  facet normal -0.0490652 0 -0.998796
    outer loop
      vertex 0.196033 -10 4.49037
      vertex 0 -4 4.5
      vertex 0.196033 -3.99037 4.49037
    endloop
  endfacet
  facet normal -0.740928 0 -0.671584
    outer loop
      vertex 1.54602 0 3.76879
      vertex 1.41421 -0.585787 3.91421
      vertex 1.41421 0 3.91421
    endloop
  endfacet
  facet normal -0.740928 0 -0.671584
    outer loop
      vertex 1.41421 -0.585787 3.91421
      vertex 1.54602 0 3.76879
      vertex 1.54602 -0.731214 3.76879
    endloop
  endfacet
  facet normal -0.740928 0 -0.671584
    outer loop
      vertex 1.54602 -10 3.76879
      vertex 1.41421 -3.41421 3.91421
      vertex 1.54602 -3.26879 3.76879
    endloop
  endfacet
  facet normal -0.740928 -0 -0.671584
    outer loop
      vertex 1.41421 -3.41421 3.91421
      vertex 1.54602 -10 3.76879
      vertex 1.41421 -10 3.91421
    endloop
  endfacet
  facet normal -0.903976 0 -0.427583
    outer loop
      vertex 1.84776 0 3.26537
      vertex 1.76384 -1.05721 3.44279
      vertex 1.76384 0 3.44279
    endloop
  endfacet
  facet normal -0.903976 0 -0.427583
    outer loop
      vertex 1.76384 -1.05721 3.44279
      vertex 1.84776 0 3.26537
      vertex 1.84776 -1.23463 3.26537
    endloop
  endfacet
  facet normal -0.903976 0 -0.427583
    outer loop
      vertex 1.84776 -10 3.26537
      vertex 1.76384 -2.94279 3.44279
      vertex 1.84776 -2.76537 3.26537
    endloop
  endfacet
  facet normal -0.903976 -0 -0.427583
    outer loop
      vertex 1.76384 -2.94279 3.44279
      vertex 1.84776 -10 3.26537
      vertex 1.76384 -10 3.44279
    endloop
  endfacet
  facet normal 0.671584 0 -0.740928
    outer loop
      vertex -1.41421 0 3.91421
      vertex -1.26879 -0.453979 4.04602
      vertex -1.41421 -0.585787 3.91421
    endloop
  endfacet
  facet normal 0.671584 0 -0.740928
    outer loop
      vertex -1.26879 -0.453979 4.04602
      vertex -1.41421 0 3.91421
      vertex -1.26879 0 4.04602
    endloop
  endfacet
  facet normal 0.671584 0 -0.740928
    outer loop
      vertex -1.41421 -10 3.91421
      vertex -1.26879 -3.54602 4.04602
      vertex -1.26879 -10 4.04602
    endloop
  endfacet
  facet normal 0.671584 0 -0.740928
    outer loop
      vertex -1.26879 -3.54602 4.04602
      vertex -1.41421 -10 3.91421
      vertex -1.41421 -3.41421 3.91421
    endloop
  endfacet
  facet normal 0.0490652 0 -0.998796
    outer loop
      vertex -0.196033 0 4.49037
      vertex 0 0 4.5
      vertex -0.196033 -0.00963116 4.49037
    endloop
  endfacet
  facet normal 0.0490652 0 -0.998796
    outer loop
      vertex -0.196033 -10 4.49037
      vertex 0 -4 4.5
      vertex 0 -10 4.5
    endloop
  endfacet
  facet normal 0.0490652 0 -0.998796
    outer loop
      vertex 0 -4 4.5
      vertex -0.196033 -10 4.49037
      vertex -0.196033 -3.99037 4.49037
    endloop
  endfacet
  facet normal 0.242982 0 -0.970031
    outer loop
      vertex -0.580569 0 4.41388
      vertex -0.390181 -0.0384302 4.46157
      vertex -0.580569 -0.0861197 4.41388
    endloop
  endfacet
  facet normal 0.242982 0 -0.970031
    outer loop
      vertex -0.390181 -0.0384302 4.46157
      vertex -0.580569 0 4.41388
      vertex -0.390181 0 4.46157
    endloop
  endfacet
  facet normal 0.242982 0 -0.970031
    outer loop
      vertex -0.580569 -10 4.41388
      vertex -0.390181 -3.96157 4.46157
      vertex -0.390181 -10 4.46157
    endloop
  endfacet
  facet normal 0.242982 0 -0.970031
    outer loop
      vertex -0.390181 -3.96157 4.46157
      vertex -0.580569 -10 4.41388
      vertex -0.580569 -3.91388 4.41388
    endloop
  endfacet
  facet normal 0.51409 0 -0.857736
    outer loop
      vertex -1.11114 0 4.16294
      vertex -0.942793 -0.236158 4.26384
      vertex -1.11114 -0.337061 4.16294
    endloop
  endfacet
  facet normal 0.51409 0 -0.857736
    outer loop
      vertex -0.942793 -0.236158 4.26384
      vertex -1.11114 0 4.16294
      vertex -0.942793 0 4.26384
    endloop
  endfacet
  facet normal 0.51409 0 -0.857736
    outer loop
      vertex -1.11114 -10 4.16294
      vertex -0.942793 -3.76384 4.26384
      vertex -0.942793 -10 4.26384
    endloop
  endfacet
  facet normal 0.51409 0 -0.857736
    outer loop
      vertex -0.942793 -3.76384 4.26384
      vertex -1.11114 -10 4.16294
      vertex -1.11114 -3.66294 4.16294
    endloop
  endfacet
  facet normal 0.903976 0 -0.427583
    outer loop
      vertex -1.76384 -1.05721 3.44279
      vertex -1.84776 0 3.26537
      vertex -1.76384 0 3.44279
    endloop
  endfacet
  facet normal 0.903976 0 -0.427583
    outer loop
      vertex -1.84776 0 3.26537
      vertex -1.76384 -1.05721 3.44279
      vertex -1.84776 -1.23463 3.26537
    endloop
  endfacet
  facet normal 0.903976 0 -0.427583
    outer loop
      vertex -1.84776 -10 3.26537
      vertex -1.76384 -2.94279 3.44279
      vertex -1.76384 -10 3.44279
    endloop
  endfacet
  facet normal 0.903976 0 -0.427583
    outer loop
      vertex -1.76384 -2.94279 3.44279
      vertex -1.84776 -10 3.26537
      vertex -1.84776 -2.76537 3.26537
    endloop
  endfacet
  facet normal 0.970032 0 -0.242979
    outer loop
      vertex -1.91388 -1.41943 3.08057
      vertex -1.96157 0 2.89018
      vertex -1.91388 0 3.08057
    endloop
  endfacet
  facet normal 0.970032 0 -0.242979
    outer loop
      vertex -1.96157 0 2.89018
      vertex -1.91388 -1.41943 3.08057
      vertex -1.96157 -1.60982 2.89018
    endloop
  endfacet
  facet normal 0.970032 0 -0.242979
    outer loop
      vertex -1.96157 -10 2.89018
      vertex -1.91388 -2.58057 3.08057
      vertex -1.91388 -10 3.08057
    endloop
  endfacet
  facet normal 0.970032 0 -0.242979
    outer loop
      vertex -1.91388 -2.58057 3.08057
      vertex -1.96157 -10 2.89018
      vertex -1.96157 -2.39018 2.89018
    endloop
  endfacet
  facet normal 0.80321 0 -0.595695
    outer loop
      vertex -1.54602 -0.731214 3.76879
      vertex -1.66294 0 3.61114
      vertex -1.54602 0 3.76879
    endloop
  endfacet
  facet normal 0.80321 0 -0.595695
    outer loop
      vertex -1.66294 0 3.61114
      vertex -1.54602 -0.731214 3.76879
      vertex -1.66294 -0.88886 3.61114
    endloop
  endfacet
  facet normal 0.80321 0 -0.595695
    outer loop
      vertex -1.66294 -10 3.61114
      vertex -1.54602 -3.26879 3.76879
      vertex -1.54602 -10 3.76879
    endloop
  endfacet
  facet normal 0.80321 0 -0.595695
    outer loop
      vertex -1.54602 -3.26879 3.76879
      vertex -1.66294 -10 3.61114
      vertex -1.66294 -3.11114 3.61114
    endloop
  endfacet
  facet normal 0.336882 0.941547 -0
    outer loop
      vertex -0.580569 -3.91388 4.41388
      vertex -0.765367 -3.84776 5
      vertex -0.580569 -3.91388 5
    endloop
  endfacet
  facet normal 0.336882 0.941547 0
    outer loop
      vertex -0.765367 -3.84776 5
      vertex -0.580569 -3.91388 4.41388
      vertex -0.765367 -3.84776 4.34776
    endloop
  endfacet
  facet normal -0.989176 -0.146733 -0
    outer loop
      vertex 1.99037 -1.80397 5
      vertex 1.96157 -1.60982 2.89018
      vertex 1.99037 -1.80397 2.69603
    endloop
  endfacet
  facet normal -0.989176 -0.146733 0
    outer loop
      vertex 1.96157 -1.60982 2.89018
      vertex 1.99037 -1.80397 5
      vertex 1.96157 -1.60982 5
    endloop
  endfacet
  facet normal -0.998796 -0.049066 -0
    outer loop
      vertex 2 -2 5
      vertex 1.99037 -1.80397 2.69603
      vertex 2 -2 2.5
    endloop
  endfacet
  facet normal -0.998796 -0.049066 0
    outer loop
      vertex 1.99037 -1.80397 2.69603
      vertex 2 -2 5
      vertex 1.99037 -1.80397 5
    endloop
  endfacet
  facet normal -0.970032 -0.242979 -0
    outer loop
      vertex 1.96157 -1.60982 5
      vertex 1.91388 -1.41943 3.08057
      vertex 1.96157 -1.60982 2.89018
    endloop
  endfacet
  facet normal -0.970032 -0.242979 0
    outer loop
      vertex 1.91388 -1.41943 3.08057
      vertex 1.96157 -1.60982 5
      vertex 1.91388 -1.41943 5
    endloop
  endfacet
  facet normal 0.989176 -0.146733 0
    outer loop
      vertex -1.99037 -1.80397 5
      vertex -1.96157 -1.60982 2.89018
      vertex -1.96157 -1.60982 5
    endloop
  endfacet
  facet normal 0.989176 -0.146733 0
    outer loop
      vertex -1.96157 -1.60982 2.89018
      vertex -1.99037 -1.80397 5
      vertex -1.99037 -1.80397 2.69603
    endloop
  endfacet
  facet normal 0.242982 0.970031 -0
    outer loop
      vertex -0.390181 -3.96157 4.46157
      vertex -0.580569 -3.91388 5
      vertex -0.390181 -3.96157 5
    endloop
  endfacet
  facet normal 0.242982 0.970031 0
    outer loop
      vertex -0.580569 -3.91388 5
      vertex -0.390181 -3.96157 4.46157
      vertex -0.580569 -3.91388 4.41388
    endloop
  endfacet
  facet normal -0.336892 -0.941543 0
    outer loop
      vertex 0.580569 -0.0861197 4.41388
      vertex 0.765367 -0.152242 5
      vertex 0.580569 -0.0861197 5
    endloop
  endfacet
  facet normal -0.336892 -0.941543 -0
    outer loop
      vertex 0.765367 -0.152242 5
      vertex 0.580569 -0.0861197 4.41388
      vertex 0.765367 -0.152242 4.34776
    endloop
  endfacet
  facet normal 0.514102 -0.857729 0
    outer loop
      vertex -1.11114 -0.337061 5
      vertex -0.942793 -0.236158 4.26384
      vertex -0.942793 -0.236158 5
    endloop
  endfacet
  facet normal 0.514102 -0.857729 0
    outer loop
      vertex -0.942793 -0.236158 4.26384
      vertex -1.11114 -0.337061 5
      vertex -1.11114 -0.337061 4.16294
    endloop
  endfacet
  facet normal 0.903976 0.427583 -0
    outer loop
      vertex -1.76384 -2.94279 3.44279
      vertex -1.84776 -2.76537 5
      vertex -1.76384 -2.94279 5
    endloop
  endfacet
  facet normal 0.903976 0.427583 0
    outer loop
      vertex -1.84776 -2.76537 5
      vertex -1.76384 -2.94279 3.44279
      vertex -1.84776 -2.76537 3.26537
    endloop
  endfacet
  facet normal 0.242979 -0.970032 0
    outer loop
      vertex -0.580569 -0.0861197 5
      vertex -0.390181 -0.0384302 4.46157
      vertex -0.390181 -0.0384302 5
    endloop
  endfacet
  facet normal 0.242979 -0.970032 0
    outer loop
      vertex -0.390181 -0.0384302 4.46157
      vertex -0.580569 -0.0861197 5
      vertex -0.580569 -0.0861197 4.41388
    endloop
  endfacet
  facet normal 0.85774 0.514084 -0
    outer loop
      vertex -1.66294 -3.11114 3.61114
      vertex -1.76384 -2.94279 5
      vertex -1.66294 -3.11114 5
    endloop
  endfacet
  facet normal 0.85774 0.514084 0
    outer loop
      vertex -1.76384 -2.94279 5
      vertex -1.66294 -3.11114 3.61114
      vertex -1.76384 -2.94279 3.44279
    endloop
  endfacet
  facet normal -0.242982 0.970031 0
    outer loop
      vertex 0.580569 -3.91388 5
      vertex 0.390181 -3.96157 4.46157
      vertex 0.390181 -3.96157 5
    endloop
  endfacet
  facet normal -0.242982 0.970031 0
    outer loop
      vertex 0.390181 -3.96157 4.46157
      vertex 0.580569 -3.91388 5
      vertex 0.580569 -3.91388 4.41388
    endloop
  endfacet
  facet normal 0.595695 0.80321 -0
    outer loop
      vertex -1.11114 -3.66294 4.16294
      vertex -1.26879 -3.54602 5
      vertex -1.11114 -3.66294 5
    endloop
  endfacet
  facet normal 0.595695 0.80321 0
    outer loop
      vertex -1.26879 -3.54602 5
      vertex -1.11114 -3.66294 4.16294
      vertex -1.26879 -3.54602 4.04602
    endloop
  endfacet
  facet normal -0.51409 0.857736 0
    outer loop
      vertex 1.11114 -3.66294 5
      vertex 0.942793 -3.76384 4.26384
      vertex 0.942793 -3.76384 5
    endloop
  endfacet
  facet normal -0.51409 0.857736 0
    outer loop
      vertex 0.942793 -3.76384 4.26384
      vertex 1.11114 -3.66294 5
      vertex 1.11114 -3.66294 4.16294
    endloop
  endfacet
  facet normal -0.80321 0.595695 0
    outer loop
      vertex 1.54602 -3.26879 3.76879
      vertex 1.66294 -3.11114 5
      vertex 1.66294 -3.11114 3.61114
    endloop
  endfacet
  facet normal -0.80321 0.595695 0
    outer loop
      vertex 1.66294 -3.11114 5
      vertex 1.54602 -3.26879 3.76879
      vertex 1.54602 -3.26879 5
    endloop
  endfacet
  facet normal -0.14673 -0.989177 0
    outer loop
      vertex 0.196033 -0.00963116 4.49037
      vertex 0.390181 -0.0384302 5
      vertex 0.196033 -0.00963116 5
    endloop
  endfacet
  facet normal -0.14673 -0.989177 -0
    outer loop
      vertex 0.390181 -0.0384302 5
      vertex 0.196033 -0.00963116 4.49037
      vertex 0.390181 -0.0384302 4.46157
    endloop
  endfacet
  facet normal 0.595689 -0.803215 0
    outer loop
      vertex -1.26879 -0.453979 5
      vertex -1.11114 -0.337061 4.16294
      vertex -1.11114 -0.337061 5
    endloop
  endfacet
  facet normal 0.595689 -0.803215 0
    outer loop
      vertex -1.11114 -0.337061 4.16294
      vertex -1.26879 -0.453979 5
      vertex -1.26879 -0.453979 4.04602
    endloop
  endfacet
  facet normal -0.427571 0.903982 0
    outer loop
      vertex 0.942793 -3.76384 5
      vertex 0.765367 -3.84776 4.34776
      vertex 0.765367 -3.84776 5
    endloop
  endfacet
  facet normal -0.427571 0.903982 0
    outer loop
      vertex 0.765367 -3.84776 4.34776
      vertex 0.942793 -3.76384 5
      vertex 0.942793 -3.76384 4.26384
    endloop
  endfacet
  facet normal 0.803203 -0.595705 0
    outer loop
      vertex -1.66294 -0.88886 5
      vertex -1.54602 -0.731214 3.76879
      vertex -1.54602 -0.731214 5
    endloop
  endfacet
  facet normal 0.803203 -0.595705 0
    outer loop
      vertex -1.54602 -0.731214 3.76879
      vertex -1.66294 -0.88886 5
      vertex -1.66294 -0.88886 3.61114
    endloop
  endfacet
  facet normal -0.989176 0.146733 0
    outer loop
      vertex 1.96157 -2.39018 2.89018
      vertex 1.99037 -2.19603 5
      vertex 1.99037 -2.19603 2.69603
    endloop
  endfacet
  facet normal -0.989176 0.146733 0
    outer loop
      vertex 1.99037 -2.19603 5
      vertex 1.96157 -2.39018 2.89018
      vertex 1.96157 -2.39018 5
    endloop
  endfacet
  facet normal 0.941548 -0.336879 0
    outer loop
      vertex -1.91388 -1.41943 5
      vertex -1.84776 -1.23463 3.26537
      vertex -1.84776 -1.23463 5
    endloop
  endfacet
  facet normal 0.941548 -0.336879 0
    outer loop
      vertex -1.84776 -1.23463 3.26537
      vertex -1.91388 -1.41943 5
      vertex -1.91388 -1.41943 3.08057
    endloop
  endfacet
  facet normal -0.427554 -0.90399 0
    outer loop
      vertex 0.765367 -0.152242 4.34776
      vertex 0.942793 -0.236158 5
      vertex 0.765367 -0.152242 5
    endloop
  endfacet
  facet normal -0.427554 -0.90399 -0
    outer loop
      vertex 0.942793 -0.236158 5
      vertex 0.765367 -0.152242 4.34776
      vertex 0.942793 -0.236158 4.26384
    endloop
  endfacet
  facet normal 0.941548 0.336879 -0
    outer loop
      vertex -1.84776 -2.76537 3.26537
      vertex -1.91388 -2.58057 5
      vertex -1.84776 -2.76537 5
    endloop
  endfacet
  facet normal 0.941548 0.336879 0
    outer loop
      vertex -1.91388 -2.58057 5
      vertex -1.84776 -2.76537 3.26537
      vertex -1.91388 -2.58057 3.08057
    endloop
  endfacet
  facet normal -0.970032 0.242979 0
    outer loop
      vertex 1.91388 -2.58057 3.08057
      vertex 1.96157 -2.39018 5
      vertex 1.96157 -2.39018 2.89018
    endloop
  endfacet
  facet normal -0.970032 0.242979 0
    outer loop
      vertex 1.96157 -2.39018 5
      vertex 1.91388 -2.58057 3.08057
      vertex 1.91388 -2.58057 5
    endloop
  endfacet
  facet normal 0.0490711 -0.998795 0
    outer loop
      vertex -0.196033 -0.00963116 5
      vertex 0 0 4.5
      vertex 0 0 5
    endloop
  endfacet
  facet normal 0.0490711 -0.998795 0
    outer loop
      vertex 0 0 4.5
      vertex -0.196033 -0.00963116 5
      vertex -0.196033 -0.00963116 4.49037
    endloop
  endfacet
  facet normal -0.671579 -0.740933 0
    outer loop
      vertex 1.26879 -0.453979 4.04602
      vertex 1.41421 -0.585787 5
      vertex 1.26879 -0.453979 5
    endloop
  endfacet
  facet normal -0.671579 -0.740933 -0
    outer loop
      vertex 1.41421 -0.585787 5
      vertex 1.26879 -0.453979 4.04602
      vertex 1.41421 -0.585787 3.91421
    endloop
  endfacet
  facet normal 0.427554 -0.90399 0
    outer loop
      vertex -0.942793 -0.236158 5
      vertex -0.765367 -0.152242 4.34776
      vertex -0.765367 -0.152242 5
    endloop
  endfacet
  facet normal 0.427554 -0.90399 0
    outer loop
      vertex -0.765367 -0.152242 4.34776
      vertex -0.942793 -0.236158 5
      vertex -0.942793 -0.236158 4.26384
    endloop
  endfacet
  facet normal 0.671579 -0.740933 0
    outer loop
      vertex -1.41421 -0.585787 5
      vertex -1.26879 -0.453979 4.04602
      vertex -1.26879 -0.453979 5
    endloop
  endfacet
  facet normal 0.671579 -0.740933 0
    outer loop
      vertex -1.26879 -0.453979 4.04602
      vertex -1.41421 -0.585787 5
      vertex -1.41421 -0.585787 3.91421
    endloop
  endfacet
  facet normal -0.336882 0.941547 0
    outer loop
      vertex 0.765367 -3.84776 5
      vertex 0.580569 -3.91388 4.41388
      vertex 0.580569 -3.91388 5
    endloop
  endfacet
  facet normal -0.336882 0.941547 0
    outer loop
      vertex 0.580569 -3.91388 4.41388
      vertex 0.765367 -3.84776 5
      vertex 0.765367 -3.84776 4.34776
    endloop
  endfacet
  facet normal 0.336892 -0.941543 0
    outer loop
      vertex -0.765367 -0.152242 5
      vertex -0.580569 -0.0861197 4.41388
      vertex -0.580569 -0.0861197 5
    endloop
  endfacet
  facet normal 0.336892 -0.941543 0
    outer loop
      vertex -0.580569 -0.0861197 4.41388
      vertex -0.765367 -0.152242 5
      vertex -0.765367 -0.152242 4.34776
    endloop
  endfacet
  facet normal -0.803203 -0.595705 -0
    outer loop
      vertex 1.66294 -0.88886 5
      vertex 1.54602 -0.731214 3.76879
      vertex 1.66294 -0.88886 3.61114
    endloop
  endfacet
  facet normal -0.803203 -0.595705 0
    outer loop
      vertex 1.54602 -0.731214 3.76879
      vertex 1.66294 -0.88886 5
      vertex 1.54602 -0.731214 5
    endloop
  endfacet
  facet normal 0.85774 -0.514084 0
    outer loop
      vertex -1.76384 -1.05721 5
      vertex -1.66294 -0.88886 3.61114
      vertex -1.66294 -0.88886 5
    endloop
  endfacet
  facet normal 0.85774 -0.514084 0
    outer loop
      vertex -1.66294 -0.88886 3.61114
      vertex -1.76384 -1.05721 5
      vertex -1.76384 -1.05721 3.44279
    endloop
  endfacet
  facet normal -0.998796 0.049066 0
    outer loop
      vertex 1.99037 -2.19603 2.69603
      vertex 2 -2 5
      vertex 2 -2 2.5
    endloop
  endfacet
  facet normal -0.998796 0.049066 0
    outer loop
      vertex 2 -2 5
      vertex 1.99037 -2.19603 2.69603
      vertex 1.99037 -2.19603 5
    endloop
  endfacet
  facet normal -0.903976 0.427583 0
    outer loop
      vertex 1.76384 -2.94279 3.44279
      vertex 1.84776 -2.76537 5
      vertex 1.84776 -2.76537 3.26537
    endloop
  endfacet
  facet normal -0.903976 0.427583 0
    outer loop
      vertex 1.84776 -2.76537 5
      vertex 1.76384 -2.94279 3.44279
      vertex 1.76384 -2.94279 5
    endloop
  endfacet
  facet normal -0.85774 -0.514084 -0
    outer loop
      vertex 1.76384 -1.05721 5
      vertex 1.66294 -0.88886 3.61114
      vertex 1.76384 -1.05721 3.44279
    endloop
  endfacet
  facet normal -0.85774 -0.514084 0
    outer loop
      vertex 1.66294 -0.88886 3.61114
      vertex 1.76384 -1.05721 5
      vertex 1.66294 -0.88886 5
    endloop
  endfacet
  facet normal 0.671584 0.740928 -0
    outer loop
      vertex -1.26879 -3.54602 4.04602
      vertex -1.41421 -3.41421 5
      vertex -1.26879 -3.54602 5
    endloop
  endfacet
  facet normal 0.671584 0.740928 0
    outer loop
      vertex -1.41421 -3.41421 5
      vertex -1.26879 -3.54602 4.04602
      vertex -1.41421 -3.41421 3.91421
    endloop
  endfacet
  facet normal -0.595689 -0.803215 0
    outer loop
      vertex 1.11114 -0.337061 4.16294
      vertex 1.26879 -0.453979 5
      vertex 1.11114 -0.337061 5
    endloop
  endfacet
  facet normal -0.595689 -0.803215 -0
    outer loop
      vertex 1.26879 -0.453979 5
      vertex 1.11114 -0.337061 4.16294
      vertex 1.26879 -0.453979 4.04602
    endloop
  endfacet
  facet normal 0.51409 0.857736 -0
    outer loop
      vertex -0.942793 -3.76384 4.26384
      vertex -1.11114 -3.66294 5
      vertex -0.942793 -3.76384 5
    endloop
  endfacet
  facet normal 0.51409 0.857736 0
    outer loop
      vertex -1.11114 -3.66294 5
      vertex -0.942793 -3.76384 4.26384
      vertex -1.11114 -3.66294 4.16294
    endloop
  endfacet
  facet normal -0.514102 -0.857729 0
    outer loop
      vertex 0.942793 -0.236158 4.26384
      vertex 1.11114 -0.337061 5
      vertex 0.942793 -0.236158 5
    endloop
  endfacet
  facet normal -0.514102 -0.857729 -0
    outer loop
      vertex 1.11114 -0.337061 5
      vertex 0.942793 -0.236158 4.26384
      vertex 1.11114 -0.337061 4.16294
    endloop
  endfacet
  facet normal -0.146735 0.989176 0
    outer loop
      vertex 0.390181 -3.96157 5
      vertex 0.196033 -3.99037 4.49037
      vertex 0.196033 -3.99037 5
    endloop
  endfacet
  facet normal -0.146735 0.989176 0
    outer loop
      vertex 0.196033 -3.99037 4.49037
      vertex 0.390181 -3.96157 5
      vertex 0.390181 -3.96157 4.46157
    endloop
  endfacet
  facet normal -0.941548 -0.336879 -0
    outer loop
      vertex 1.91388 -1.41943 5
      vertex 1.84776 -1.23463 3.26537
      vertex 1.91388 -1.41943 3.08057
    endloop
  endfacet
  facet normal -0.941548 -0.336879 0
    outer loop
      vertex 1.84776 -1.23463 3.26537
      vertex 1.91388 -1.41943 5
      vertex 1.84776 -1.23463 5
    endloop
  endfacet
  facet normal -0.85774 0.514084 0
    outer loop
      vertex 1.66294 -3.11114 3.61114
      vertex 1.76384 -2.94279 5
      vertex 1.76384 -2.94279 3.44279
    endloop
  endfacet
  facet normal -0.85774 0.514084 0
    outer loop
      vertex 1.76384 -2.94279 5
      vertex 1.66294 -3.11114 3.61114
      vertex 1.66294 -3.11114 5
    endloop
  endfacet
  facet normal 0.998796 0.049066 -0
    outer loop
      vertex -1.99037 -2.19603 2.69603
      vertex -2 -2 5
      vertex -1.99037 -2.19603 5
    endloop
  endfacet
  facet normal 0.998796 0.049066 0
    outer loop
      vertex -2 -2 5
      vertex -1.99037 -2.19603 2.69603
      vertex -2 -2 2.5
    endloop
  endfacet
  facet normal -0.941548 0.336879 0
    outer loop
      vertex 1.84776 -2.76537 3.26537
      vertex 1.91388 -2.58057 5
      vertex 1.91388 -2.58057 3.08057
    endloop
  endfacet
  facet normal -0.941548 0.336879 0
    outer loop
      vertex 1.91388 -2.58057 5
      vertex 1.84776 -2.76537 3.26537
      vertex 1.84776 -2.76537 5
    endloop
  endfacet
  facet normal -0.740944 -0.671566 -0
    outer loop
      vertex 1.54602 -0.731214 5
      vertex 1.41421 -0.585787 3.91421
      vertex 1.54602 -0.731214 3.76879
    endloop
  endfacet
  facet normal -0.740944 -0.671566 0
    outer loop
      vertex 1.41421 -0.585787 3.91421
      vertex 1.54602 -0.731214 5
      vertex 1.41421 -0.585787 5
    endloop
  endfacet
  facet normal -0.0490711 -0.998795 0
    outer loop
      vertex 0 0 4.5
      vertex 0.196033 -0.00963116 5
      vertex 0 0 5
    endloop
  endfacet
  facet normal -0.0490711 -0.998795 -0
    outer loop
      vertex 0.196033 -0.00963116 5
      vertex 0 0 4.5
      vertex 0.196033 -0.00963116 4.49037
    endloop
  endfacet
  facet normal -0.903976 -0.427583 -0
    outer loop
      vertex 1.84776 -1.23463 5
      vertex 1.76384 -1.05721 3.44279
      vertex 1.84776 -1.23463 3.26537
    endloop
  endfacet
  facet normal -0.903976 -0.427583 0
    outer loop
      vertex 1.76384 -1.05721 3.44279
      vertex 1.84776 -1.23463 5
      vertex 1.76384 -1.05721 5
    endloop
  endfacet
  facet normal 0.146735 0.989176 -0
    outer loop
      vertex -0.196033 -3.99037 4.49037
      vertex -0.390181 -3.96157 5
      vertex -0.196033 -3.99037 5
    endloop
  endfacet
  facet normal 0.146735 0.989176 0
    outer loop
      vertex -0.390181 -3.96157 5
      vertex -0.196033 -3.99037 4.49037
      vertex -0.390181 -3.96157 4.46157
    endloop
  endfacet
  facet normal -0.671584 0.740928 0
    outer loop
      vertex 1.41421 -3.41421 5
      vertex 1.26879 -3.54602 4.04602
      vertex 1.26879 -3.54602 5
    endloop
  endfacet
  facet normal -0.671584 0.740928 0
    outer loop
      vertex 1.26879 -3.54602 4.04602
      vertex 1.41421 -3.41421 5
      vertex 1.41421 -3.41421 3.91421
    endloop
  endfacet
  facet normal 0.0490652 0.998796 -0
    outer loop
      vertex 0 -4 4.5
      vertex -0.196033 -3.99037 5
      vertex 0 -4 5
    endloop
  endfacet
  facet normal 0.0490652 0.998796 0
    outer loop
      vertex -0.196033 -3.99037 5
      vertex 0 -4 4.5
      vertex -0.196033 -3.99037 4.49037
    endloop
  endfacet
  facet normal 0.740944 -0.671566 0
    outer loop
      vertex -1.54602 -0.731214 5
      vertex -1.41421 -0.585787 3.91421
      vertex -1.41421 -0.585787 5
    endloop
  endfacet
  facet normal 0.740944 -0.671566 0
    outer loop
      vertex -1.41421 -0.585787 3.91421
      vertex -1.54602 -0.731214 5
      vertex -1.54602 -0.731214 3.76879
    endloop
  endfacet
  facet normal 0.14673 -0.989177 0
    outer loop
      vertex -0.390181 -0.0384302 5
      vertex -0.196033 -0.00963116 4.49037
      vertex -0.196033 -0.00963116 5
    endloop
  endfacet
  facet normal 0.14673 -0.989177 0
    outer loop
      vertex -0.196033 -0.00963116 4.49037
      vertex -0.390181 -0.0384302 5
      vertex -0.390181 -0.0384302 4.46157
    endloop
  endfacet
  facet normal 0.903976 -0.427583 0
    outer loop
      vertex -1.84776 -1.23463 5
      vertex -1.76384 -1.05721 3.44279
      vertex -1.76384 -1.05721 5
    endloop
  endfacet
  facet normal 0.903976 -0.427583 0
    outer loop
      vertex -1.76384 -1.05721 3.44279
      vertex -1.84776 -1.23463 5
      vertex -1.84776 -1.23463 3.26537
    endloop
  endfacet
  facet normal 0.970032 -0.242979 0
    outer loop
      vertex -1.96157 -1.60982 5
      vertex -1.91388 -1.41943 3.08057
      vertex -1.91388 -1.41943 5
    endloop
  endfacet
  facet normal 0.970032 -0.242979 0
    outer loop
      vertex -1.91388 -1.41943 3.08057
      vertex -1.96157 -1.60982 5
      vertex -1.96157 -1.60982 2.89018
    endloop
  endfacet
  facet normal -0.242979 -0.970032 0
    outer loop
      vertex 0.390181 -0.0384302 4.46157
      vertex 0.580569 -0.0861197 5
      vertex 0.390181 -0.0384302 5
    endloop
  endfacet
  facet normal -0.242979 -0.970032 -0
    outer loop
      vertex 0.580569 -0.0861197 5
      vertex 0.390181 -0.0384302 4.46157
      vertex 0.580569 -0.0861197 4.41388
    endloop
  endfacet
  facet normal 0.970032 0.242979 -0
    outer loop
      vertex -1.91388 -2.58057 3.08057
      vertex -1.96157 -2.39018 5
      vertex -1.91388 -2.58057 5
    endloop
  endfacet
  facet normal 0.970032 0.242979 0
    outer loop
      vertex -1.96157 -2.39018 5
      vertex -1.91388 -2.58057 3.08057
      vertex -1.96157 -2.39018 2.89018
    endloop
  endfacet
  facet normal 0.427571 0.903982 -0
    outer loop
      vertex -0.765367 -3.84776 4.34776
      vertex -0.942793 -3.76384 5
      vertex -0.765367 -3.84776 5
    endloop
  endfacet
  facet normal 0.427571 0.903982 0
    outer loop
      vertex -0.942793 -3.76384 5
      vertex -0.765367 -3.84776 4.34776
      vertex -0.942793 -3.76384 4.26384
    endloop
  endfacet
  facet normal 0.740928 0.671584 -0
    outer loop
      vertex -1.41421 -3.41421 3.91421
      vertex -1.54602 -3.26879 5
      vertex -1.41421 -3.41421 5
    endloop
  endfacet
  facet normal 0.740928 0.671584 0
    outer loop
      vertex -1.54602 -3.26879 5
      vertex -1.41421 -3.41421 3.91421
      vertex -1.54602 -3.26879 3.76879
    endloop
  endfacet
  facet normal -0.0490652 0.998796 0
    outer loop
      vertex 0.196033 -3.99037 5
      vertex 0 -4 4.5
      vertex 0 -4 5
    endloop
  endfacet
  facet normal -0.0490652 0.998796 0
    outer loop
      vertex 0 -4 4.5
      vertex 0.196033 -3.99037 5
      vertex 0.196033 -3.99037 4.49037
    endloop
  endfacet
  facet normal 0.989176 0.146733 -0
    outer loop
      vertex -1.96157 -2.39018 2.89018
      vertex -1.99037 -2.19603 5
      vertex -1.96157 -2.39018 5
    endloop
  endfacet
  facet normal 0.989176 0.146733 0
    outer loop
      vertex -1.99037 -2.19603 5
      vertex -1.96157 -2.39018 2.89018
      vertex -1.99037 -2.19603 2.69603
    endloop
  endfacet
  facet normal -0.595695 0.80321 0
    outer loop
      vertex 1.26879 -3.54602 5
      vertex 1.11114 -3.66294 4.16294
      vertex 1.11114 -3.66294 5
    endloop
  endfacet
  facet normal -0.595695 0.80321 0
    outer loop
      vertex 1.11114 -3.66294 4.16294
      vertex 1.26879 -3.54602 5
      vertex 1.26879 -3.54602 4.04602
    endloop
  endfacet
  facet normal 0.80321 0.595695 -0
    outer loop
      vertex -1.54602 -3.26879 3.76879
      vertex -1.66294 -3.11114 5
      vertex -1.54602 -3.26879 5
    endloop
  endfacet
  facet normal 0.80321 0.595695 0
    outer loop
      vertex -1.66294 -3.11114 5
      vertex -1.54602 -3.26879 3.76879
      vertex -1.66294 -3.11114 3.61114
    endloop
  endfacet
  facet normal 0.998796 -0.049066 0
    outer loop
      vertex -2 -2 5
      vertex -1.99037 -1.80397 2.69603
      vertex -1.99037 -1.80397 5
    endloop
  endfacet
  facet normal 0.998796 -0.049066 0
    outer loop
      vertex -1.99037 -1.80397 2.69603
      vertex -2 -2 5
      vertex -2 -2 2.5
    endloop
  endfacet
  facet normal -0.740928 0.671584 0
    outer loop
      vertex 1.41421 -3.41421 3.91421
      vertex 1.54602 -3.26879 5
      vertex 1.54602 -3.26879 3.76879
    endloop
  endfacet
  facet normal -0.740928 0.671584 0
    outer loop
      vertex 1.54602 -3.26879 5
      vertex 1.41421 -3.41421 3.91421
      vertex 1.41421 -3.41421 5
    endloop
  endfacet
  facet normal 1 -0 0
    outer loop
      vertex 10 19 0.5
      vertex 10 21 -0.5
      vertex 10 21 0.5
    endloop
  endfacet
  facet normal 1 0 0
    outer loop
      vertex 10 21 -0.5
      vertex 10 19 0.5
      vertex 10 19 -0.5
    endloop
  endfacet
  facet normal -0 0 1
    outer loop
      vertex -10 21 0.5
      vertex 10 19 0.5
      vertex 10 21 0.5
    endloop
  endfacet
  facet normal 0 0 1
    outer loop
      vertex 10 19 0.5
      vertex -10 21 0.5
      vertex -10 19 0.5
    endloop
  endfacet
  facet normal 0 0 -1
    outer loop
      vertex -10 19 -0.5
      vertex 10 21 -0.5
      vertex 10 19 -0.5
    endloop
  endfacet
  facet normal -0 0 -1
    outer loop
      vertex 10 21 -0.5
      vertex -10 19 -0.5
      vertex -10 21 -0.5
    endloop
  endfacet
  facet normal -1 0 0
    outer loop
      vertex -10 19 -0.5
      vertex -10 21 0.5
      vertex -10 21 -0.5
    endloop
  endfacet
  facet normal -1 -0 0
    outer loop
      vertex -10 21 0.5
      vertex -10 19 -0.5
      vertex -10 19 0.5
    endloop
  endfacet
  facet normal 0 1 -0
    outer loop
      vertex 10 21 -0.5
      vertex -10 21 0.5
      vertex 10 21 0.5
    endloop
  endfacet
  facet normal 0 1 0
    outer loop
      vertex -10 21 0.5
      vertex 10 21 -0.5
      vertex -10 21 -0.5
    endloop
  endfacet
  facet normal 0 -1 0
    outer loop
      vertex -10 19 -0.5
      vertex 10 19 0.5
      vertex -10 19 0.5
    endloop
  endfacet
  facet normal 0 -1 -0
    outer loop
      vertex 10 19 0.5
      vertex -10 19 -0.5
      vertex 10 19 -0.5
    endloop
  endfacet
  facet normal 1 -0 0
    outer loop
      vertex 10 19 5.5
      vertex 10 21 4.5
      vertex 10 21 5.5
    endloop
  endfacet
  facet normal 1 0 0
    outer loop
      vertex 10 21 4.5
      vertex 10 19 5.5
      vertex 10 19 4.5
    endloop
  endfacet
  facet normal -0 0 1
    outer loop
      vertex -10 21 5.5
      vertex 10 19 5.5
      vertex 10 21 5.5
    endloop
  endfacet
  facet normal 0 0 1
    outer loop
      vertex 10 19 5.5
      vertex -10 21 5.5
      vertex -10 19 5.5
    endloop
  endfacet
  facet normal 0 0 -1
    outer loop
      vertex -10 19 4.5
      vertex 10 21 4.5
      vertex 10 19 4.5
    endloop
  endfacet
  facet normal -0 0 -1
    outer loop
      vertex 10 21 4.5
      vertex -10 19 4.5
      vertex -10 21 4.5
    endloop
  endfacet
  facet normal -1 0 0
    outer loop
      vertex -10 19 4.5
      vertex -10 21 5.5
      vertex -10 21 4.5
    endloop
  endfacet
  facet normal -1 -0 0
    outer loop
      vertex -10 21 5.5
      vertex -10 19 4.5
      vertex -10 19 5.5
    endloop
  endfacet
  facet normal 0 1 -0
    outer loop
      vertex 10 21 4.5
      vertex -10 21 5.5
      vertex 10 21 5.5
    endloop
  endfacet
  facet normal 0 1 0
    outer loop
      vertex -10 21 5.5
      vertex 10 21 4.5
      vertex -10 21 4.5
    endloop
  endfacet
  facet normal 0 -1 0
    outer loop
      vertex -10 19 4.5
      vertex 10 19 5.5
      vertex -10 19 5.5
    endloop
  endfacet
  facet normal 0 -1 -0
    outer loop
      vertex 10 19 5.5
      vertex -10 19 4.5
      vertex 10 19 4.5
    endloop
  endfacet
  facet normal 1 -0 0
    outer loop
      vertex 8 64 0.5
      vertex 8 66 -0.5
      vertex 8 66 0.5
    endloop
  endfacet
  facet normal 1 0 0
    outer loop
      vertex 8 66 -0.5
      vertex 8 64 0.5
      vertex 8 64 -0.5
    endloop
  endfacet
  facet normal -0 0 1
    outer loop
      vertex -8 66 0.5
      vertex 8 64 0.5
      vertex 8 66 0.5
    endloop
  endfacet
  facet normal 0 0 1
    outer loop
      vertex 8 64 0.5
      vertex -8 66 0.5
      vertex -8 64 0.5
    endloop
  endfacet
  facet normal 0 0 -1
    outer loop
      vertex -8 64 -0.5
      vertex 8 66 -0.5
      vertex 8 64 -0.5
    endloop
  endfacet
  facet normal -0 0 -1
    outer loop
      vertex 8 66 -0.5
      vertex -8 64 -0.5
      vertex -8 66 -0.5
    endloop
  endfacet
  facet normal -1 0 0
    outer loop
      vertex -8 64 -0.5
      vertex -8 66 0.5
      vertex -8 66 -0.5
    endloop
  endfacet
  facet normal -1 -0 0
    outer loop
      vertex -8 66 0.5
      vertex -8 64 -0.5
      vertex -8 64 0.5
    endloop
  endfacet
  facet normal 0 1 -0
    outer loop
      vertex 8 66 -0.5
      vertex -8 66 0.5
      vertex 8 66 0.5
    endloop
  endfacet
  facet normal 0 1 0
    outer loop
      vertex -8 66 0.5
      vertex 8 66 -0.5
      vertex -8 66 -0.5
    endloop
  endfacet
  facet normal 0 -1 0
    outer loop
      vertex -8 64 -0.5
      vertex 8 64 0.5
      vertex -8 64 0.5
    endloop
  endfacet
  facet normal 0 -1 -0
    outer loop
      vertex 8 64 0.5
      vertex -8 64 -0.5
      vertex 8 64 -0.5
    endloop
  endfacet
  facet normal 1 -0 0
    outer loop
      vertex 8 64 5.5
      vertex 8 66 4.5
      vertex 8 66 5.5
    endloop
  endfacet
  facet normal 1 0 0
    outer loop
      vertex 8 66 4.5
      vertex 8 64 5.5
      vertex 8 64 4.5
    endloop
  endfacet
  facet normal -0 0 1
    outer loop
      vertex -8 66 5.5
      vertex 8 64 5.5
      vertex 8 66 5.5
    endloop
  endfacet
  facet normal 0 0 1
    outer loop
      vertex 8 64 5.5
      vertex -8 66 5.5
      vertex -8 64 5.5
    endloop
  endfacet
  facet normal 0 0 -1
    outer loop
      vertex -8 64 4.5
      vertex 8 66 4.5
      vertex 8 64 4.5
    endloop
  endfacet
  facet normal -0 0 -1
    outer loop
      vertex 8 66 4.5
      vertex -8 64 4.5
      vertex -8 66 4.5
    endloop
  endfacet
  facet normal -1 0 0
    outer loop
      vertex -8 64 4.5
      vertex -8 66 5.5
      vertex -8 66 4.5
    endloop
  endfacet
  facet normal -1 -0 0
    outer loop
      vertex -8 66 5.5
      vertex -8 64 4.5
      vertex -8 64 5.5
    endloop
  endfacet
  facet normal 0 1 -0
    outer loop
      vertex 8 66 4.5
      vertex -8 66 5.5
      vertex 8 66 5.5
    endloop
  endfacet
  facet normal 0 1 0
    outer loop
      vertex -8 66 5.5
      vertex 8 66 4.5
      vertex -8 66 4.5
    endloop
  endfacet
  facet normal 0 -1 0
    outer loop
      vertex -8 64 4.5
      vertex 8 64 5.5
      vertex -8 64 5.5
    endloop
  endfacet
  facet normal 0 -1 -0
    outer loop
      vertex 8 64 5.5
      vertex -8 64 4.5
      vertex 8 64 4.5
    endloop
  endfacet
  facet normal 0.595306 0.803499 -0
    outer loop
      vertex -5.20701 79.9663 -4.5
      vertex -5.30554 80.0393 -2.5
      vertex -5.20701 79.9663 -2.5
    endloop
  endfacet
  facet normal 0.595306 0.803499 0
    outer loop
      vertex -5.30554 80.0393 -2.5
      vertex -5.20701 79.9663 -4.5
      vertex -5.30554 80.0393 -4.5
    endloop
  endfacet
  facet normal 0.903846 0.427858 0
    outer loop
      vertex -4.84515 79.4784 -2.5
      vertex -4.8976 79.5892 -4.5
      vertex -4.8976 79.5892 -2.5
    endloop
  endfacet
  facet normal 0.903846 0.427858 0
    outer loop
      vertex -4.8976 79.5892 -4.5
      vertex -4.84515 79.4784 -2.5
      vertex -4.84515 79.4784 -4.5
    endloop
  endfacet
  facet normal -0.671658 -0.740861 0
    outer loop
      vertex -6.88388 78.1161 -4.5
      vertex -6.79299 78.0337 -2.5
      vertex -6.88388 78.1161 -2.5
    endloop
  endfacet
  facet normal -0.671658 -0.740861 -0
    outer loop
      vertex -6.79299 78.0337 -2.5
      vertex -6.88388 78.1161 -4.5
      vertex -6.79299 78.0337 -4.5
    endloop
  endfacet
  facet normal 0 0 -1
    outer loop
      vertex -4.75602 78.8775 -4.5
      vertex -4.75602 79.1225 -4.5
      vertex -4.75 79 -4.5
    endloop
  endfacet
  facet normal 0 0 -1
    outer loop
      vertex -4.77402 78.7561 -4.5
      vertex -4.75602 79.1225 -4.5
      vertex -4.75602 78.8775 -4.5
    endloop
  endfacet
  facet normal 0 0 -1
    outer loop
      vertex -4.77402 78.7561 -4.5
      vertex -4.77402 79.2439 -4.5
      vertex -4.75602 79.1225 -4.5
    endloop
  endfacet
  facet normal 0 0 -1
    outer loop
      vertex -4.80382 78.6371 -4.5
      vertex -4.77402 79.2439 -4.5
      vertex -4.77402 78.7561 -4.5
    endloop
  endfacet
  facet normal 0 0 -1
    outer loop
      vertex -4.80382 78.6371 -4.5
      vertex -4.80382 79.3629 -4.5
      vertex -4.77402 79.2439 -4.5
    endloop
  endfacet
  facet normal 0 0 -1
    outer loop
      vertex -4.84515 78.5216 -4.5
      vertex -4.80382 79.3629 -4.5
      vertex -4.80382 78.6371 -4.5
    endloop
  endfacet
  facet normal 0 0 -1
    outer loop
      vertex -4.84515 78.5216 -4.5
      vertex -4.84515 79.4784 -4.5
      vertex -4.80382 79.3629 -4.5
    endloop
  endfacet
  facet normal 0 0 -1
    outer loop
      vertex -4.8976 78.4108 -4.5
      vertex -4.84515 79.4784 -4.5
      vertex -4.84515 78.5216 -4.5
    endloop
  endfacet
  facet normal 0 0 -1
    outer loop
      vertex -4.8976 78.4108 -4.5
      vertex -4.8976 79.5892 -4.5
      vertex -4.84515 79.4784 -4.5
    endloop
  endfacet
  facet normal 0 0 -1
    outer loop
      vertex -4.96066 78.3055 -4.5
      vertex -4.8976 79.5892 -4.5
      vertex -4.8976 78.4108 -4.5
    endloop
  endfacet
  facet normal 0 0 -1
    outer loop
      vertex -4.96066 78.3055 -4.5
      vertex -4.96066 79.6945 -4.5
      vertex -4.8976 79.5892 -4.5
    endloop
  endfacet
  facet normal 0 0 -1
    outer loop
      vertex -5.03374 78.207 -4.5
      vertex -4.96066 79.6945 -4.5
      vertex -4.96066 78.3055 -4.5
    endloop
  endfacet
  facet normal 0 0 -1
    outer loop
      vertex -5.03374 78.207 -4.5
      vertex -5.03374 79.793 -4.5
      vertex -4.96066 79.6945 -4.5
    endloop
  endfacet
  facet normal 0 0 -1
    outer loop
      vertex -5.11612 78.1161 -4.5
      vertex -5.03374 79.793 -4.5
      vertex -5.03374 78.207 -4.5
    endloop
  endfacet
  facet normal 0 0 -1
    outer loop
      vertex -5.11612 78.1161 -4.5
      vertex -5.11612 79.8839 -4.5
      vertex -5.03374 79.793 -4.5
    endloop
  endfacet
  facet normal 0 0 -1
    outer loop
      vertex -5.20701 78.0337 -4.5
      vertex -5.11612 79.8839 -4.5
      vertex -5.11612 78.1161 -4.5
    endloop
  endfacet
  facet normal 0 0 -1
    outer loop
      vertex -5.20701 78.0337 -4.5
      vertex -5.20701 79.9663 -4.5
      vertex -5.11612 79.8839 -4.5
    endloop
  endfacet
  facet normal 0 0 -1
    outer loop
      vertex -5.30554 77.9607 -4.5
      vertex -5.20701 79.9663 -4.5
      vertex -5.20701 78.0337 -4.5
    endloop
  endfacet
  facet normal 0 0 -1
    outer loop
      vertex -5.30554 77.9607 -4.5
      vertex -5.30554 80.0393 -4.5
      vertex -5.20701 79.9663 -4.5
    endloop
  endfacet
  facet normal 0 0 -1
    outer loop
      vertex -5.41075 77.8976 -4.5
      vertex -5.30554 80.0393 -4.5
      vertex -5.30554 77.9607 -4.5
    endloop
  endfacet
  facet normal 0 0 -1
    outer loop
      vertex -5.41075 77.8976 -4.5
      vertex -5.41075 80.1024 -4.5
      vertex -5.30554 80.0393 -4.5
    endloop
  endfacet
  facet normal 0 0 -1
    outer loop
      vertex -5.52165 77.8452 -4.5
      vertex -5.41075 80.1024 -4.5
      vertex -5.41075 77.8976 -4.5
    endloop
  endfacet
  facet normal 0 0 -1
    outer loop
      vertex -5.52165 77.8452 -4.5
      vertex -5.52165 80.1548 -4.5
      vertex -5.41075 80.1024 -4.5
    endloop
  endfacet
  facet normal 0 0 -1
    outer loop
      vertex -5.63714 77.8038 -4.5
      vertex -5.52165 80.1548 -4.5
      vertex -5.52165 77.8452 -4.5
    endloop
  endfacet
  facet normal 0 0 -1
    outer loop
      vertex -5.63714 77.8038 -4.5
      vertex -5.63714 80.1962 -4.5
      vertex -5.52165 80.1548 -4.5
    endloop
  endfacet
  facet normal 0 0 -1
    outer loop
      vertex -5.75614 77.774 -4.5
      vertex -5.63714 80.1962 -4.5
      vertex -5.63714 77.8038 -4.5
    endloop
  endfacet
  facet normal 0 0 -1
    outer loop
      vertex -5.75614 77.774 -4.5
      vertex -5.75614 80.226 -4.5
      vertex -5.63714 80.1962 -4.5
    endloop
  endfacet
  facet normal 0 0 -1
    outer loop
      vertex -5.87748 77.756 -4.5
      vertex -5.75614 80.226 -4.5
      vertex -5.75614 77.774 -4.5
    endloop
  endfacet
  facet normal 0 0 -1
    outer loop
      vertex -5.87748 77.756 -4.5
      vertex -5.87748 80.244 -4.5
      vertex -5.75614 80.226 -4.5
    endloop
  endfacet
  facet normal 0 0 -1
    outer loop
      vertex -6 77.75 -4.5
      vertex -5.87748 80.244 -4.5
      vertex -5.87748 77.756 -4.5
    endloop
  endfacet
  facet normal 0 0 -1
    outer loop
      vertex -6 77.75 -4.5
      vertex -6 80.25 -4.5
      vertex -5.87748 80.244 -4.5
    endloop
  endfacet
  facet normal 0 0 -1
    outer loop
      vertex -6.12252 77.756 -4.5
      vertex -6 80.25 -4.5
      vertex -6 77.75 -4.5
    endloop
  endfacet
  facet normal 0 0 -1
    outer loop
      vertex -6.12252 77.756 -4.5
      vertex -6.12252 80.244 -4.5
      vertex -6 80.25 -4.5
    endloop
  endfacet
  facet normal 0 0 -1
    outer loop
      vertex -6.24386 77.774 -4.5
      vertex -6.12252 80.244 -4.5
      vertex -6.12252 77.756 -4.5
    endloop
  endfacet
  facet normal 0 0 -1
    outer loop
      vertex -6.24386 77.774 -4.5
      vertex -6.24386 80.226 -4.5
      vertex -6.12252 80.244 -4.5
    endloop
  endfacet
  facet normal 0 0 -1
    outer loop
      vertex -6.36285 77.8038 -4.5
      vertex -6.24386 80.226 -4.5
      vertex -6.24386 77.774 -4.5
    endloop
  endfacet
  facet normal 0 0 -1
    outer loop
      vertex -6.36285 77.8038 -4.5
      vertex -6.36285 80.1962 -4.5
      vertex -6.24386 80.226 -4.5
    endloop
  endfacet
  facet normal 0 0 -1
    outer loop
      vertex -6.47835 77.8452 -4.5
      vertex -6.36285 80.1962 -4.5
      vertex -6.36285 77.8038 -4.5
    endloop
  endfacet
  facet normal 0 0 -1
    outer loop
      vertex -6.47835 77.8452 -4.5
      vertex -6.47835 80.1548 -4.5
      vertex -6.36285 80.1962 -4.5
    endloop
  endfacet
  facet normal 0 0 -1
    outer loop
      vertex -6.58925 77.8976 -4.5
      vertex -6.47835 80.1548 -4.5
      vertex -6.47835 77.8452 -4.5
    endloop
  endfacet
  facet normal 0 0 -1
    outer loop
      vertex -6.58925 77.8976 -4.5
      vertex -6.58925 80.1024 -4.5
      vertex -6.47835 80.1548 -4.5
    endloop
  endfacet
  facet normal 0 0 -1
    outer loop
      vertex -6.69446 77.9607 -4.5
      vertex -6.58925 80.1024 -4.5
      vertex -6.58925 77.8976 -4.5
    endloop
  endfacet
  facet normal 0 0 -1
    outer loop
      vertex -6.69446 77.9607 -4.5
      vertex -6.69446 80.0393 -4.5
      vertex -6.58925 80.1024 -4.5
    endloop
  endfacet
  facet normal 0 0 -1
    outer loop
      vertex -6.79299 78.0337 -4.5
      vertex -6.69446 80.0393 -4.5
      vertex -6.69446 77.9607 -4.5
    endloop
  endfacet
  facet normal 0 0 -1
    outer loop
      vertex -6.79299 78.0337 -4.5
      vertex -6.79299 79.9663 -4.5
      vertex -6.69446 80.0393 -4.5
    endloop
  endfacet
  facet normal 0 0 -1
    outer loop
      vertex -6.88388 78.1161 -4.5
      vertex -6.79299 79.9663 -4.5
      vertex -6.79299 78.0337 -4.5
    endloop
  endfacet
  facet normal 0 0 -1
    outer loop
      vertex -6.88388 78.1161 -4.5
      vertex -6.88388 79.8839 -4.5
      vertex -6.79299 79.9663 -4.5
    endloop
  endfacet
  facet normal 0 0 -1
    outer loop
      vertex -6.96626 78.207 -4.5
      vertex -6.88388 79.8839 -4.5
      vertex -6.88388 78.1161 -4.5
    endloop
  endfacet
  facet normal 0 0 -1
    outer loop
      vertex -6.96626 78.207 -4.5
      vertex -6.96626 79.793 -4.5
      vertex -6.88388 79.8839 -4.5
    endloop
  endfacet
  facet normal 0 0 -1
    outer loop
      vertex -7.03934 78.3055 -4.5
      vertex -6.96626 79.793 -4.5
      vertex -6.96626 78.207 -4.5
    endloop
  endfacet
  facet normal 0 0 -1
    outer loop
      vertex -7.03934 78.3055 -4.5
      vertex -7.03934 79.6945 -4.5
      vertex -6.96626 79.793 -4.5
    endloop
  endfacet
  facet normal 0 0 -1
    outer loop
      vertex -7.1024 78.4108 -4.5
      vertex -7.03934 79.6945 -4.5
      vertex -7.03934 78.3055 -4.5
    endloop
  endfacet
  facet normal 0 0 -1
    outer loop
      vertex -7.1024 78.4108 -4.5
      vertex -7.1024 79.5892 -4.5
      vertex -7.03934 79.6945 -4.5
    endloop
  endfacet
  facet normal 0 0 -1
    outer loop
      vertex -7.15485 78.5216 -4.5
      vertex -7.1024 79.5892 -4.5
      vertex -7.1024 78.4108 -4.5
    endloop
  endfacet
  facet normal 0 0 -1
    outer loop
      vertex -7.15485 78.5216 -4.5
      vertex -7.15485 79.4784 -4.5
      vertex -7.1024 79.5892 -4.5
    endloop
  endfacet
  facet normal 0 0 -1
    outer loop
      vertex -7.19617 78.6371 -4.5
      vertex -7.15485 79.4784 -4.5
      vertex -7.15485 78.5216 -4.5
    endloop
  endfacet
  facet normal 0 0 -1
    outer loop
      vertex -7.19617 78.6371 -4.5
      vertex -7.19617 79.3629 -4.5
      vertex -7.15485 79.4784 -4.5
    endloop
  endfacet
  facet normal 0 0 -1
    outer loop
      vertex -7.22598 78.7561 -4.5
      vertex -7.19617 79.3629 -4.5
      vertex -7.19617 78.6371 -4.5
    endloop
  endfacet
  facet normal 0 0 -1
    outer loop
      vertex -7.22598 78.7561 -4.5
      vertex -7.22598 79.2439 -4.5
      vertex -7.19617 79.3629 -4.5
    endloop
  endfacet
  facet normal 0 0 -1
    outer loop
      vertex -7.24398 78.8775 -4.5
      vertex -7.22598 79.2439 -4.5
      vertex -7.22598 78.7561 -4.5
    endloop
  endfacet
  facet normal 0 0 -1
    outer loop
      vertex -7.24398 78.8775 -4.5
      vertex -7.24398 79.1225 -4.5
      vertex -7.22598 79.2439 -4.5
    endloop
  endfacet
  facet normal 0 -0 -1
    outer loop
      vertex -7.24398 79.1225 -4.5
      vertex -7.24398 78.8775 -4.5
      vertex -7.25 79 -4.5
    endloop
  endfacet
  facet normal -0.42721 -0.904152 0
    outer loop
      vertex -6.58925 77.8976 -4.5
      vertex -6.47835 77.8452 -2.5
      vertex -6.58925 77.8976 -2.5
    endloop
  endfacet
  facet normal -0.42721 -0.904152 -0
    outer loop
      vertex -6.47835 77.8452 -2.5
      vertex -6.58925 77.8976 -4.5
      vertex -6.47835 77.8452 -4.5
    endloop
  endfacet
  facet normal 0.941535 0.336915 0
    outer loop
      vertex -4.80382 79.3629 -2.5
      vertex -4.84515 79.4784 -4.5
      vertex -4.84515 79.4784 -2.5
    endloop
  endfacet
  facet normal 0.941535 0.336915 0
    outer loop
      vertex -4.84515 79.4784 -4.5
      vertex -4.80382 79.3629 -2.5
      vertex -4.80382 79.3629 -4.5
    endloop
  endfacet
  facet normal -0.242938 -0.970042 0
    outer loop
      vertex -6.36285 77.8038 -4.5
      vertex -6.24386 77.774 -2.5
      vertex -6.36285 77.8038 -2.5
    endloop
  endfacet
  facet normal -0.242938 -0.970042 -0
    outer loop
      vertex -6.24386 77.774 -2.5
      vertex -6.36285 77.8038 -4.5
      vertex -6.24386 77.774 -4.5
    endloop
  endfacet
  facet normal 0.857924 -0.513777 0
    outer loop
      vertex -4.96066 78.3055 -2.5
      vertex -4.8976 78.4108 -4.5
      vertex -4.8976 78.4108 -2.5
    endloop
  endfacet
  facet normal 0.857924 -0.513777 0
    outer loop
      vertex -4.8976 78.4108 -4.5
      vertex -4.96066 78.3055 -2.5
      vertex -4.96066 78.3055 -4.5
    endloop
  endfacet
  facet normal -0.146738 -0.989175 0
    outer loop
      vertex -6.24386 77.774 -4.5
      vertex -6.12252 77.756 -2.5
      vertex -6.24386 77.774 -2.5
    endloop
  endfacet
  facet normal -0.146738 -0.989175 -0
    outer loop
      vertex -6.12252 77.756 -2.5
      vertex -6.24386 77.774 -4.5
      vertex -6.12252 77.756 -4.5
    endloop
  endfacet
  facet normal -0.146738 0.989175 0
    outer loop
      vertex -6.12252 80.244 -4.5
      vertex -6.24386 80.226 -2.5
      vertex -6.12252 80.244 -2.5
    endloop
  endfacet
  facet normal -0.146738 0.989175 0
    outer loop
      vertex -6.24386 80.226 -2.5
      vertex -6.12252 80.244 -4.5
      vertex -6.24386 80.226 -4.5
    endloop
  endfacet
  facet normal 0.989186 0.146667 0
    outer loop
      vertex -4.75602 79.1225 -2.5
      vertex -4.77402 79.2439 -4.5
      vertex -4.77402 79.2439 -2.5
    endloop
  endfacet
  facet normal 0.989186 0.146667 0
    outer loop
      vertex -4.77402 79.2439 -4.5
      vertex -4.75602 79.1225 -2.5
      vertex -4.75602 79.1225 -4.5
    endloop
  endfacet
  facet normal 0.903846 -0.427858 0
    outer loop
      vertex -4.8976 78.4108 -2.5
      vertex -4.84515 78.5216 -4.5
      vertex -4.84515 78.5216 -2.5
    endloop
  endfacet
  facet normal 0.903846 -0.427858 0
    outer loop
      vertex -4.84515 78.5216 -4.5
      vertex -4.8976 78.4108 -2.5
      vertex -4.8976 78.4108 -4.5
    endloop
  endfacet
  facet normal 0.857924 0.513777 0
    outer loop
      vertex -4.8976 79.5892 -2.5
      vertex -4.96066 79.6945 -4.5
      vertex -4.96066 79.6945 -2.5
    endloop
  endfacet
  facet normal 0.857924 0.513777 0
    outer loop
      vertex -4.96066 79.6945 -4.5
      vertex -4.8976 79.5892 -2.5
      vertex -4.8976 79.5892 -4.5
    endloop
  endfacet
  facet normal 0.989186 -0.146667 0
    outer loop
      vertex -4.77402 78.7561 -2.5
      vertex -4.75602 78.8775 -4.5
      vertex -4.75602 78.8775 -2.5
    endloop
  endfacet
  facet normal 0.989186 -0.146667 0
    outer loop
      vertex -4.75602 78.8775 -4.5
      vertex -4.77402 78.7561 -2.5
      vertex -4.77402 78.7561 -4.5
    endloop
  endfacet
  facet normal 0.740979 -0.671528 0
    outer loop
      vertex -5.11612 78.1161 -2.5
      vertex -5.03374 78.207 -4.5
      vertex -5.03374 78.207 -2.5
    endloop
  endfacet
  facet normal 0.740979 -0.671528 0
    outer loop
      vertex -5.03374 78.207 -4.5
      vertex -5.11612 78.1161 -2.5
      vertex -5.11612 78.1161 -4.5
    endloop
  endfacet
  facet normal 0.242919 -0.970047 0
    outer loop
      vertex -5.75614 77.774 -4.5
      vertex -5.63714 77.8038 -2.5
      vertex -5.75614 77.774 -2.5
    endloop
  endfacet
  facet normal 0.242919 -0.970047 0
    outer loop
      vertex -5.63714 77.8038 -2.5
      vertex -5.75614 77.774 -4.5
      vertex -5.63714 77.8038 -4.5
    endloop
  endfacet
  facet normal 0.337446 -0.941345 0
    outer loop
      vertex -5.63714 77.8038 -4.5
      vertex -5.52165 77.8452 -2.5
      vertex -5.63714 77.8038 -2.5
    endloop
  endfacet
  facet normal 0.337446 -0.941345 0
    outer loop
      vertex -5.52165 77.8452 -2.5
      vertex -5.63714 77.8038 -4.5
      vertex -5.52165 77.8452 -4.5
    endloop
  endfacet
  facet normal 0.671658 0.740861 -0
    outer loop
      vertex -5.11612 79.8839 -4.5
      vertex -5.20701 79.9663 -2.5
      vertex -5.11612 79.8839 -2.5
    endloop
  endfacet
  facet normal 0.671658 0.740861 0
    outer loop
      vertex -5.20701 79.9663 -2.5
      vertex -5.11612 79.8839 -4.5
      vertex -5.20701 79.9663 -4.5
    endloop
  endfacet
  facet normal 0.803101 -0.595844 0
    outer loop
      vertex -5.03374 78.207 -2.5
      vertex -4.96066 78.3055 -4.5
      vertex -4.96066 78.3055 -2.5
    endloop
  endfacet
  facet normal 0.803101 -0.595844 0
    outer loop
      vertex -4.96066 78.3055 -4.5
      vertex -5.03374 78.207 -2.5
      vertex -5.03374 78.207 -4.5
    endloop
  endfacet
  facet normal -0.595306 0.803499 0
    outer loop
      vertex -6.69446 80.0393 -4.5
      vertex -6.79299 79.9663 -2.5
      vertex -6.69446 80.0393 -2.5
    endloop
  endfacet
  facet normal -0.595306 0.803499 0
    outer loop
      vertex -6.79299 79.9663 -2.5
      vertex -6.69446 80.0393 -4.5
      vertex -6.79299 79.9663 -4.5
    endloop
  endfacet
  facet normal 0.740979 0.671528 0
    outer loop
      vertex -5.03374 79.793 -2.5
      vertex -5.11612 79.8839 -4.5
      vertex -5.11612 79.8839 -2.5
    endloop
  endfacet
  facet normal 0.740979 0.671528 0
    outer loop
      vertex -5.11612 79.8839 -4.5
      vertex -5.03374 79.793 -2.5
      vertex -5.03374 79.793 -4.5
    endloop
  endfacet
  facet normal 0.998795 0.0490836 0
    outer loop
      vertex -4.75 79 -2.5
      vertex -4.75602 79.1225 -4.5
      vertex -4.75602 79.1225 -2.5
    endloop
  endfacet
  facet normal 0.998795 0.0490836 0
    outer loop
      vertex -4.75602 79.1225 -4.5
      vertex -4.75 79 -2.5
      vertex -4.75 79 -4.5
    endloop
  endfacet
  facet normal -0.33742 0.941354 0
    outer loop
      vertex -6.36285 80.1962 -4.5
      vertex -6.47835 80.1548 -2.5
      vertex -6.36285 80.1962 -2.5
    endloop
  endfacet
  facet normal -0.33742 0.941354 0
    outer loop
      vertex -6.47835 80.1548 -2.5
      vertex -6.36285 80.1962 -4.5
      vertex -6.47835 80.1548 -4.5
    endloop
  endfacet
  facet normal -0.33742 -0.941354 0
    outer loop
      vertex -6.47835 77.8452 -4.5
      vertex -6.36285 77.8038 -2.5
      vertex -6.47835 77.8452 -2.5
    endloop
  endfacet
  facet normal -0.33742 -0.941354 -0
    outer loop
      vertex -6.36285 77.8038 -2.5
      vertex -6.47835 77.8452 -4.5
      vertex -6.36285 77.8038 -4.5
    endloop
  endfacet
  facet normal 0.970047 -0.242919 0
    outer loop
      vertex -4.80382 78.6371 -2.5
      vertex -4.77402 78.7561 -4.5
      vertex -4.77402 78.7561 -2.5
    endloop
  endfacet
  facet normal 0.970047 -0.242919 0
    outer loop
      vertex -4.77402 78.7561 -4.5
      vertex -4.80382 78.6371 -2.5
      vertex -4.80382 78.6371 -4.5
    endloop
  endfacet
  facet normal 0.42721 0.904152 -0
    outer loop
      vertex -5.41075 80.1024 -4.5
      vertex -5.52165 80.1548 -2.5
      vertex -5.41075 80.1024 -2.5
    endloop
  endfacet
  facet normal 0.42721 0.904152 0
    outer loop
      vertex -5.52165 80.1548 -2.5
      vertex -5.41075 80.1024 -4.5
      vertex -5.52165 80.1548 -4.5
    endloop
  endfacet
  facet normal 0.970047 0.242919 0
    outer loop
      vertex -4.77402 79.2439 -2.5
      vertex -4.80382 79.3629 -4.5
      vertex -4.80382 79.3629 -2.5
    endloop
  endfacet
  facet normal 0.970047 0.242919 0
    outer loop
      vertex -4.80382 79.3629 -4.5
      vertex -4.77402 79.2439 -2.5
      vertex -4.77402 79.2439 -4.5
    endloop
  endfacet
  facet normal -0.048913 0.998803 0
    outer loop
      vertex -6 80.25 -4.5
      vertex -6.12252 80.244 -2.5
      vertex -6 80.25 -2.5
    endloop
  endfacet
  facet normal -0.048913 0.998803 0
    outer loop
      vertex -6.12252 80.244 -2.5
      vertex -6 80.25 -4.5
      vertex -6.12252 80.244 -4.5
    endloop
  endfacet
  facet normal 0.595306 -0.803499 0
    outer loop
      vertex -5.30554 77.9607 -4.5
      vertex -5.20701 78.0337 -2.5
      vertex -5.30554 77.9607 -2.5
    endloop
  endfacet
  facet normal 0.595306 -0.803499 0
    outer loop
      vertex -5.20701 78.0337 -2.5
      vertex -5.30554 77.9607 -4.5
      vertex -5.20701 78.0337 -4.5
    endloop
  endfacet
  facet normal -0.048913 -0.998803 0
    outer loop
      vertex -6.12252 77.756 -4.5
      vertex -6 77.75 -2.5
      vertex -6.12252 77.756 -2.5
    endloop
  endfacet
  facet normal -0.048913 -0.998803 -0
    outer loop
      vertex -6 77.75 -2.5
      vertex -6.12252 77.756 -4.5
      vertex -6 77.75 -4.5
    endloop
  endfacet
  facet normal -0.803101 -0.595844 0
    outer loop
      vertex -6.96626 78.207 -4.5
      vertex -7.03934 78.3055 -2.5
      vertex -7.03934 78.3055 -4.5
    endloop
  endfacet
  facet normal -0.803101 -0.595844 0
    outer loop
      vertex -7.03934 78.3055 -2.5
      vertex -6.96626 78.207 -4.5
      vertex -6.96626 78.207 -2.5
    endloop
  endfacet
  facet normal 0.998795 -0.0490836 0
    outer loop
      vertex -4.75602 78.8775 -2.5
      vertex -4.75 79 -4.5
      vertex -4.75 79 -2.5
    endloop
  endfacet
  facet normal 0.998795 -0.0490836 0
    outer loop
      vertex -4.75 79 -4.5
      vertex -4.75602 78.8775 -2.5
      vertex -4.75602 78.8775 -4.5
    endloop
  endfacet
  facet normal 0.146738 -0.989175 0
    outer loop
      vertex -5.87748 77.756 -4.5
      vertex -5.75614 77.774 -2.5
      vertex -5.87748 77.756 -2.5
    endloop
  endfacet
  facet normal 0.146738 -0.989175 0
    outer loop
      vertex -5.75614 77.774 -2.5
      vertex -5.87748 77.756 -4.5
      vertex -5.75614 77.774 -4.5
    endloop
  endfacet
  facet normal -0.970027 -0.242996 0
    outer loop
      vertex -7.19617 78.6371 -4.5
      vertex -7.22598 78.7561 -2.5
      vertex -7.22598 78.7561 -4.5
    endloop
  endfacet
  facet normal -0.970027 -0.242996 0
    outer loop
      vertex -7.22598 78.7561 -2.5
      vertex -7.19617 78.6371 -4.5
      vertex -7.19617 78.6371 -2.5
    endloop
  endfacet
  facet normal -0.51434 0.857586 0
    outer loop
      vertex -6.58925 80.1024 -4.5
      vertex -6.69446 80.0393 -2.5
      vertex -6.58925 80.1024 -2.5
    endloop
  endfacet
  facet normal -0.51434 0.857586 0
    outer loop
      vertex -6.69446 80.0393 -2.5
      vertex -6.58925 80.1024 -4.5
      vertex -6.69446 80.0393 -4.5
    endloop
  endfacet
  facet normal 0.048913 0.998803 -0
    outer loop
      vertex -5.87748 80.244 -4.5
      vertex -6 80.25 -2.5
      vertex -5.87748 80.244 -2.5
    endloop
  endfacet
  facet normal 0.048913 0.998803 0
    outer loop
      vertex -6 80.25 -2.5
      vertex -5.87748 80.244 -4.5
      vertex -6 80.25 -4.5
    endloop
  endfacet
  facet normal 0.42721 -0.904152 0
    outer loop
      vertex -5.52165 77.8452 -4.5
      vertex -5.41075 77.8976 -2.5
      vertex -5.52165 77.8452 -2.5
    endloop
  endfacet
  facet normal 0.42721 -0.904152 0
    outer loop
      vertex -5.41075 77.8976 -2.5
      vertex -5.52165 77.8452 -4.5
      vertex -5.41075 77.8976 -4.5
    endloop
  endfacet
  facet normal -0.989186 0.146667 0
    outer loop
      vertex -7.24398 79.1225 -4.5
      vertex -7.22598 79.2439 -2.5
      vertex -7.22598 79.2439 -4.5
    endloop
  endfacet
  facet normal -0.989186 0.146667 0
    outer loop
      vertex -7.22598 79.2439 -2.5
      vertex -7.24398 79.1225 -4.5
      vertex -7.24398 79.1225 -2.5
    endloop
  endfacet
  facet normal 0.803101 0.595844 0
    outer loop
      vertex -4.96066 79.6945 -2.5
      vertex -5.03374 79.793 -4.5
      vertex -5.03374 79.793 -2.5
    endloop
  endfacet
  facet normal 0.803101 0.595844 0
    outer loop
      vertex -5.03374 79.793 -4.5
      vertex -4.96066 79.6945 -2.5
      vertex -4.96066 79.6945 -4.5
    endloop
  endfacet
  facet normal -0.941561 0.336842 0
    outer loop
      vertex -7.19617 79.3629 -4.5
      vertex -7.15485 79.4784 -2.5
      vertex -7.15485 79.4784 -4.5
    endloop
  endfacet
  facet normal -0.941561 0.336842 0
    outer loop
      vertex -7.15485 79.4784 -2.5
      vertex -7.19617 79.3629 -4.5
      vertex -7.19617 79.3629 -2.5
    endloop
  endfacet
  facet normal -0.803101 0.595844 0
    outer loop
      vertex -7.03934 79.6945 -4.5
      vertex -6.96626 79.793 -2.5
      vertex -6.96626 79.793 -4.5
    endloop
  endfacet
  facet normal -0.803101 0.595844 0
    outer loop
      vertex -6.96626 79.793 -2.5
      vertex -7.03934 79.6945 -4.5
      vertex -7.03934 79.6945 -2.5
    endloop
  endfacet
  facet normal -0.740979 0.671528 0
    outer loop
      vertex -6.96626 79.793 -4.5
      vertex -6.88388 79.8839 -2.5
      vertex -6.88388 79.8839 -4.5
    endloop
  endfacet
  facet normal -0.740979 0.671528 0
    outer loop
      vertex -6.88388 79.8839 -2.5
      vertex -6.96626 79.793 -4.5
      vertex -6.96626 79.793 -2.5
    endloop
  endfacet
  facet normal -0.989186 -0.146667 0
    outer loop
      vertex -7.22598 78.7561 -4.5
      vertex -7.24398 78.8775 -2.5
      vertex -7.24398 78.8775 -4.5
    endloop
  endfacet
  facet normal -0.989186 -0.146667 0
    outer loop
      vertex -7.24398 78.8775 -2.5
      vertex -7.22598 78.7561 -4.5
      vertex -7.22598 78.7561 -2.5
    endloop
  endfacet
  facet normal -0.970027 0.242996 0
    outer loop
      vertex -7.22598 79.2439 -4.5
      vertex -7.19617 79.3629 -2.5
      vertex -7.19617 79.3629 -4.5
    endloop
  endfacet
  facet normal -0.970027 0.242996 0
    outer loop
      vertex -7.19617 79.3629 -2.5
      vertex -7.22598 79.2439 -4.5
      vertex -7.22598 79.2439 -2.5
    endloop
  endfacet
  facet normal 0.51434 0.857586 -0
    outer loop
      vertex -5.30554 80.0393 -4.5
      vertex -5.41075 80.1024 -2.5
      vertex -5.30554 80.0393 -2.5
    endloop
  endfacet
  facet normal 0.51434 0.857586 0
    outer loop
      vertex -5.41075 80.1024 -2.5
      vertex -5.30554 80.0393 -4.5
      vertex -5.41075 80.1024 -4.5
    endloop
  endfacet
  facet normal -0.671658 0.740861 0
    outer loop
      vertex -6.79299 79.9663 -4.5
      vertex -6.88388 79.8839 -2.5
      vertex -6.79299 79.9663 -2.5
    endloop
  endfacet
  facet normal -0.671658 0.740861 0
    outer loop
      vertex -6.88388 79.8839 -2.5
      vertex -6.79299 79.9663 -4.5
      vertex -6.88388 79.8839 -4.5
    endloop
  endfacet
  facet normal -0.998795 -0.0490836 0
    outer loop
      vertex -7.24398 78.8775 -4.5
      vertex -7.25 79 -2.5
      vertex -7.25 79 -4.5
    endloop
  endfacet
  facet normal -0.998795 -0.0490836 0
    outer loop
      vertex -7.25 79 -2.5
      vertex -7.24398 78.8775 -4.5
      vertex -7.24398 78.8775 -2.5
    endloop
  endfacet
  facet normal -0.740979 -0.671528 0
    outer loop
      vertex -6.88388 78.1161 -4.5
      vertex -6.96626 78.207 -2.5
      vertex -6.96626 78.207 -4.5
    endloop
  endfacet
  facet normal -0.740979 -0.671528 0
    outer loop
      vertex -6.96626 78.207 -2.5
      vertex -6.88388 78.1161 -4.5
      vertex -6.88388 78.1161 -2.5
    endloop
  endfacet
  facet normal -0.998795 0.0490836 0
    outer loop
      vertex -7.25 79 -4.5
      vertex -7.24398 79.1225 -2.5
      vertex -7.24398 79.1225 -4.5
    endloop
  endfacet
  facet normal -0.998795 0.0490836 0
    outer loop
      vertex -7.24398 79.1225 -2.5
      vertex -7.25 79 -4.5
      vertex -7.25 79 -2.5
    endloop
  endfacet
  facet normal -0.242938 0.970042 0
    outer loop
      vertex -6.24386 80.226 -4.5
      vertex -6.36285 80.1962 -2.5
      vertex -6.24386 80.226 -2.5
    endloop
  endfacet
  facet normal -0.242938 0.970042 0
    outer loop
      vertex -6.36285 80.1962 -2.5
      vertex -6.24386 80.226 -4.5
      vertex -6.36285 80.1962 -4.5
    endloop
  endfacet
  facet normal 0.51434 -0.857586 0
    outer loop
      vertex -5.41075 77.8976 -4.5
      vertex -5.30554 77.9607 -2.5
      vertex -5.41075 77.8976 -2.5
    endloop
  endfacet
  facet normal 0.51434 -0.857586 0
    outer loop
      vertex -5.30554 77.9607 -2.5
      vertex -5.41075 77.8976 -4.5
      vertex -5.30554 77.9607 -4.5
    endloop
  endfacet
  facet normal -0.857924 0.513777 0
    outer loop
      vertex -7.1024 79.5892 -4.5
      vertex -7.03934 79.6945 -2.5
      vertex -7.03934 79.6945 -4.5
    endloop
  endfacet
  facet normal -0.857924 0.513777 0
    outer loop
      vertex -7.03934 79.6945 -2.5
      vertex -7.1024 79.5892 -4.5
      vertex -7.1024 79.5892 -2.5
    endloop
  endfacet
  facet normal 0.671658 -0.740861 0
    outer loop
      vertex -5.20701 78.0337 -4.5
      vertex -5.11612 78.1161 -2.5
      vertex -5.20701 78.0337 -2.5
    endloop
  endfacet
  facet normal 0.671658 -0.740861 0
    outer loop
      vertex -5.11612 78.1161 -2.5
      vertex -5.20701 78.0337 -4.5
      vertex -5.11612 78.1161 -4.5
    endloop
  endfacet
  facet normal 0.337446 0.941345 -0
    outer loop
      vertex -5.52165 80.1548 -4.5
      vertex -5.63714 80.1962 -2.5
      vertex -5.52165 80.1548 -2.5
    endloop
  endfacet
  facet normal 0.337446 0.941345 0
    outer loop
      vertex -5.63714 80.1962 -2.5
      vertex -5.52165 80.1548 -4.5
      vertex -5.63714 80.1962 -4.5
    endloop
  endfacet
  facet normal 0.941535 -0.336915 0
    outer loop
      vertex -4.84515 78.5216 -2.5
      vertex -4.80382 78.6371 -4.5
      vertex -4.80382 78.6371 -2.5
    endloop
  endfacet
  facet normal 0.941535 -0.336915 0
    outer loop
      vertex -4.80382 78.6371 -4.5
      vertex -4.84515 78.5216 -2.5
      vertex -4.84515 78.5216 -4.5
    endloop
  endfacet
  facet normal 0.048913 -0.998803 0
    outer loop
      vertex -6 77.75 -4.5
      vertex -5.87748 77.756 -2.5
      vertex -6 77.75 -2.5
    endloop
  endfacet
  facet normal 0.048913 -0.998803 0
    outer loop
      vertex -5.87748 77.756 -2.5
      vertex -6 77.75 -4.5
      vertex -5.87748 77.756 -4.5
    endloop
  endfacet
  facet normal -0.903846 0.427858 0
    outer loop
      vertex -7.15485 79.4784 -4.5
      vertex -7.1024 79.5892 -2.5
      vertex -7.1024 79.5892 -4.5
    endloop
  endfacet
  facet normal -0.903846 0.427858 0
    outer loop
      vertex -7.1024 79.5892 -2.5
      vertex -7.15485 79.4784 -4.5
      vertex -7.15485 79.4784 -2.5
    endloop
  endfacet
  facet normal 0.146738 0.989175 -0
    outer loop
      vertex -5.75614 80.226 -4.5
      vertex -5.87748 80.244 -2.5
      vertex -5.75614 80.226 -2.5
    endloop
  endfacet
  facet normal 0.146738 0.989175 0
    outer loop
      vertex -5.87748 80.244 -2.5
      vertex -5.75614 80.226 -4.5
      vertex -5.87748 80.244 -4.5
    endloop
  endfacet
  facet normal -0.941561 -0.336842 0
    outer loop
      vertex -7.15485 78.5216 -4.5
      vertex -7.19617 78.6371 -2.5
      vertex -7.19617 78.6371 -4.5
    endloop
  endfacet
  facet normal -0.941561 -0.336842 0
    outer loop
      vertex -7.19617 78.6371 -2.5
      vertex -7.15485 78.5216 -4.5
      vertex -7.15485 78.5216 -2.5
    endloop
  endfacet
  facet normal 0.242919 0.970047 -0
    outer loop
      vertex -5.63714 80.1962 -4.5
      vertex -5.75614 80.226 -2.5
      vertex -5.63714 80.1962 -2.5
    endloop
  endfacet
  facet normal 0.242919 0.970047 0
    outer loop
      vertex -5.75614 80.226 -2.5
      vertex -5.63714 80.1962 -4.5
      vertex -5.75614 80.226 -4.5
    endloop
  endfacet
  facet normal -0.903846 -0.427858 0
    outer loop
      vertex -7.1024 78.4108 -4.5
      vertex -7.15485 78.5216 -2.5
      vertex -7.15485 78.5216 -4.5
    endloop
  endfacet
  facet normal -0.903846 -0.427858 0
    outer loop
      vertex -7.15485 78.5216 -2.5
      vertex -7.1024 78.4108 -4.5
      vertex -7.1024 78.4108 -2.5
    endloop
  endfacet
  facet normal -0.51434 -0.857586 0
    outer loop
      vertex -6.69446 77.9607 -4.5
      vertex -6.58925 77.8976 -2.5
      vertex -6.69446 77.9607 -2.5
    endloop
  endfacet
  facet normal -0.51434 -0.857586 -0
    outer loop
      vertex -6.58925 77.8976 -2.5
      vertex -6.69446 77.9607 -4.5
      vertex -6.58925 77.8976 -4.5
    endloop
  endfacet
  facet normal -0.857924 -0.513777 0
    outer loop
      vertex -7.03934 78.3055 -4.5
      vertex -7.1024 78.4108 -2.5
      vertex -7.1024 78.4108 -4.5
    endloop
  endfacet
  facet normal -0.857924 -0.513777 0
    outer loop
      vertex -7.1024 78.4108 -2.5
      vertex -7.03934 78.3055 -4.5
      vertex -7.03934 78.3055 -2.5
    endloop
  endfacet
  facet normal -0.42721 0.904152 0
    outer loop
      vertex -6.47835 80.1548 -4.5
      vertex -6.58925 80.1024 -2.5
      vertex -6.47835 80.1548 -2.5
    endloop
  endfacet
  facet normal -0.42721 0.904152 0
    outer loop
      vertex -6.58925 80.1024 -2.5
      vertex -6.47835 80.1548 -4.5
      vertex -6.58925 80.1024 -4.5
    endloop
  endfacet
  facet normal -0.595306 -0.803499 0
    outer loop
      vertex -6.79299 78.0337 -4.5
      vertex -6.69446 77.9607 -2.5
      vertex -6.79299 78.0337 -2.5
    endloop
  endfacet
  facet normal -0.595306 -0.803499 -0
    outer loop
      vertex -6.69446 77.9607 -2.5
      vertex -6.79299 78.0337 -4.5
      vertex -6.69446 77.9607 -4.5
    endloop
  endfacet
  facet normal 0.595306 0.803499 -0
    outer loop
      vertex -5.20701 91.9663 -4.5
      vertex -5.30554 92.0393 -2.5
      vertex -5.20701 91.9663 -2.5
    endloop
  endfacet
  facet normal 0.595306 0.803499 0
    outer loop
      vertex -5.30554 92.0393 -2.5
      vertex -5.20701 91.9663 -4.5
      vertex -5.30554 92.0393 -4.5
    endloop
  endfacet
  facet normal 0.903846 0.427858 0
    outer loop
      vertex -4.84515 91.4784 -2.5
      vertex -4.8976 91.5892 -4.5
      vertex -4.8976 91.5892 -2.5
    endloop
  endfacet
  facet normal 0.903846 0.427858 0
    outer loop
      vertex -4.8976 91.5892 -4.5
      vertex -4.84515 91.4784 -2.5
      vertex -4.84515 91.4784 -4.5
    endloop
  endfacet
  facet normal -0.671658 -0.740861 0
    outer loop
      vertex -6.88388 90.1161 -4.5
      vertex -6.79299 90.0337 -2.5
      vertex -6.88388 90.1161 -2.5
    endloop
  endfacet
  facet normal -0.671658 -0.740861 -0
    outer loop
      vertex -6.79299 90.0337 -2.5
      vertex -6.88388 90.1161 -4.5
      vertex -6.79299 90.0337 -4.5
    endloop
  endfacet
  facet normal -0.42721 -0.904152 0
    outer loop
      vertex -6.58925 89.8976 -4.5
      vertex -6.47835 89.8452 -2.5
      vertex -6.58925 89.8976 -2.5
    endloop
  endfacet
  facet normal -0.42721 -0.904152 -0
    outer loop
      vertex -6.47835 89.8452 -2.5
      vertex -6.58925 89.8976 -4.5
      vertex -6.47835 89.8452 -4.5
    endloop
  endfacet
  facet normal 0.941535 0.336915 0
    outer loop
      vertex -4.80382 91.3629 -2.5
      vertex -4.84515 91.4784 -4.5
      vertex -4.84515 91.4784 -2.5
    endloop
  endfacet
  facet normal 0.941535 0.336915 0
    outer loop
      vertex -4.84515 91.4784 -4.5
      vertex -4.80382 91.3629 -2.5
      vertex -4.80382 91.3629 -4.5
    endloop
  endfacet
  facet normal -0.242938 -0.970042 0
    outer loop
      vertex -6.36285 89.8038 -4.5
      vertex -6.24386 89.774 -2.5
      vertex -6.36285 89.8038 -2.5
    endloop
  endfacet
  facet normal -0.242938 -0.970042 -0
    outer loop
      vertex -6.24386 89.774 -2.5
      vertex -6.36285 89.8038 -4.5
      vertex -6.24386 89.774 -4.5
    endloop
  endfacet
  facet normal 0.857924 -0.513777 0
    outer loop
      vertex -4.96066 90.3055 -2.5
      vertex -4.8976 90.4108 -4.5
      vertex -4.8976 90.4108 -2.5
    endloop
  endfacet
  facet normal 0.857924 -0.513777 0
    outer loop
      vertex -4.8976 90.4108 -4.5
      vertex -4.96066 90.3055 -2.5
      vertex -4.96066 90.3055 -4.5
    endloop
  endfacet
  facet normal -0.146738 -0.989175 0
    outer loop
      vertex -6.24386 89.774 -4.5
      vertex -6.12252 89.756 -2.5
      vertex -6.24386 89.774 -2.5
    endloop
  endfacet
  facet normal -0.146738 -0.989175 -0
    outer loop
      vertex -6.12252 89.756 -2.5
      vertex -6.24386 89.774 -4.5
      vertex -6.12252 89.756 -4.5
    endloop
  endfacet
  facet normal -0.146738 0.989175 0
    outer loop
      vertex -6.12252 92.244 -4.5
      vertex -6.24386 92.226 -2.5
      vertex -6.12252 92.244 -2.5
    endloop
  endfacet
  facet normal -0.146738 0.989175 0
    outer loop
      vertex -6.24386 92.226 -2.5
      vertex -6.12252 92.244 -4.5
      vertex -6.24386 92.226 -4.5
    endloop
  endfacet
  facet normal 0.989186 0.146667 0
    outer loop
      vertex -4.75602 91.1225 -2.5
      vertex -4.77402 91.2439 -4.5
      vertex -4.77402 91.2439 -2.5
    endloop
  endfacet
  facet normal 0.989186 0.146667 0
    outer loop
      vertex -4.77402 91.2439 -4.5
      vertex -4.75602 91.1225 -2.5
      vertex -4.75602 91.1225 -4.5
    endloop
  endfacet
  facet normal 0.903846 -0.427858 0
    outer loop
      vertex -4.8976 90.4108 -2.5
      vertex -4.84515 90.5216 -4.5
      vertex -4.84515 90.5216 -2.5
    endloop
  endfacet
  facet normal 0.903846 -0.427858 0
    outer loop
      vertex -4.84515 90.5216 -4.5
      vertex -4.8976 90.4108 -2.5
      vertex -4.8976 90.4108 -4.5
    endloop
  endfacet
  facet normal 0.857924 0.513777 0
    outer loop
      vertex -4.8976 91.5892 -2.5
      vertex -4.96066 91.6945 -4.5
      vertex -4.96066 91.6945 -2.5
    endloop
  endfacet
  facet normal 0.857924 0.513777 0
    outer loop
      vertex -4.96066 91.6945 -4.5
      vertex -4.8976 91.5892 -2.5
      vertex -4.8976 91.5892 -4.5
    endloop
  endfacet
  facet normal 0.989186 -0.146667 0
    outer loop
      vertex -4.77402 90.7561 -2.5
      vertex -4.75602 90.8775 -4.5
      vertex -4.75602 90.8775 -2.5
    endloop
  endfacet
  facet normal 0.989186 -0.146667 0
    outer loop
      vertex -4.75602 90.8775 -4.5
      vertex -4.77402 90.7561 -2.5
      vertex -4.77402 90.7561 -4.5
    endloop
  endfacet
  facet normal 0.740979 -0.671528 0
    outer loop
      vertex -5.11612 90.1161 -2.5
      vertex -5.03374 90.207 -4.5
      vertex -5.03374 90.207 -2.5
    endloop
  endfacet
  facet normal 0.740979 -0.671528 0
    outer loop
      vertex -5.03374 90.207 -4.5
      vertex -5.11612 90.1161 -2.5
      vertex -5.11612 90.1161 -4.5
    endloop
  endfacet
  facet normal 0.242919 -0.970047 0
    outer loop
      vertex -5.75614 89.774 -4.5
      vertex -5.63714 89.8038 -2.5
      vertex -5.75614 89.774 -2.5
    endloop
  endfacet
  facet normal 0.242919 -0.970047 0
    outer loop
      vertex -5.63714 89.8038 -2.5
      vertex -5.75614 89.774 -4.5
      vertex -5.63714 89.8038 -4.5
    endloop
  endfacet
  facet normal 0.337446 -0.941345 0
    outer loop
      vertex -5.63714 89.8038 -4.5
      vertex -5.52165 89.8452 -2.5
      vertex -5.63714 89.8038 -2.5
    endloop
  endfacet
  facet normal 0.337446 -0.941345 0
    outer loop
      vertex -5.52165 89.8452 -2.5
      vertex -5.63714 89.8038 -4.5
      vertex -5.52165 89.8452 -4.5
    endloop
  endfacet
  facet normal 0.671658 0.740861 -0
    outer loop
      vertex -5.11612 91.8839 -4.5
      vertex -5.20701 91.9663 -2.5
      vertex -5.11612 91.8839 -2.5
    endloop
  endfacet
  facet normal 0.671658 0.740861 0
    outer loop
      vertex -5.20701 91.9663 -2.5
      vertex -5.11612 91.8839 -4.5
      vertex -5.20701 91.9663 -4.5
    endloop
  endfacet
  facet normal 0.803101 -0.595844 0
    outer loop
      vertex -5.03374 90.207 -2.5
      vertex -4.96066 90.3055 -4.5
      vertex -4.96066 90.3055 -2.5
    endloop
  endfacet
  facet normal 0.803101 -0.595844 0
    outer loop
      vertex -4.96066 90.3055 -4.5
      vertex -5.03374 90.207 -2.5
      vertex -5.03374 90.207 -4.5
    endloop
  endfacet
  facet normal -0.595306 0.803499 0
    outer loop
      vertex -6.69446 92.0393 -4.5
      vertex -6.79299 91.9663 -2.5
      vertex -6.69446 92.0393 -2.5
    endloop
  endfacet
  facet normal -0.595306 0.803499 0
    outer loop
      vertex -6.79299 91.9663 -2.5
      vertex -6.69446 92.0393 -4.5
      vertex -6.79299 91.9663 -4.5
    endloop
  endfacet
  facet normal 0.740979 0.671528 0
    outer loop
      vertex -5.03374 91.793 -2.5
      vertex -5.11612 91.8839 -4.5
      vertex -5.11612 91.8839 -2.5
    endloop
  endfacet
  facet normal 0.740979 0.671528 0
    outer loop
      vertex -5.11612 91.8839 -4.5
      vertex -5.03374 91.793 -2.5
      vertex -5.03374 91.793 -4.5
    endloop
  endfacet
  facet normal 0.998795 0.0490836 0
    outer loop
      vertex -4.75 91 -2.5
      vertex -4.75602 91.1225 -4.5
      vertex -4.75602 91.1225 -2.5
    endloop
  endfacet
  facet normal 0.998795 0.0490836 0
    outer loop
      vertex -4.75602 91.1225 -4.5
      vertex -4.75 91 -2.5
      vertex -4.75 91 -4.5
    endloop
  endfacet
  facet normal -0.33742 0.941354 0
    outer loop
      vertex -6.36285 92.1962 -4.5
      vertex -6.47835 92.1548 -2.5
      vertex -6.36285 92.1962 -2.5
    endloop
  endfacet
  facet normal -0.33742 0.941354 0
    outer loop
      vertex -6.47835 92.1548 -2.5
      vertex -6.36285 92.1962 -4.5
      vertex -6.47835 92.1548 -4.5
    endloop
  endfacet
  facet normal -0.33742 -0.941354 0
    outer loop
      vertex -6.47835 89.8452 -4.5
      vertex -6.36285 89.8038 -2.5
      vertex -6.47835 89.8452 -2.5
    endloop
  endfacet
  facet normal -0.33742 -0.941354 -0
    outer loop
      vertex -6.36285 89.8038 -2.5
      vertex -6.47835 89.8452 -4.5
      vertex -6.36285 89.8038 -4.5
    endloop
  endfacet
  facet normal 0.048913 -0.998803 0
    outer loop
      vertex -6 89.75 -4.5
      vertex -5.87748 89.756 -2.5
      vertex -6 89.75 -2.5
    endloop
  endfacet
  facet normal 0.048913 -0.998803 0
    outer loop
      vertex -5.87748 89.756 -2.5
      vertex -6 89.75 -4.5
      vertex -5.87748 89.756 -4.5
    endloop
  endfacet
  facet normal 0.970047 -0.242919 0
    outer loop
      vertex -4.80382 90.6371 -2.5
      vertex -4.77402 90.7561 -4.5
      vertex -4.77402 90.7561 -2.5
    endloop
  endfacet
  facet normal 0.970047 -0.242919 0
    outer loop
      vertex -4.77402 90.7561 -4.5
      vertex -4.80382 90.6371 -2.5
      vertex -4.80382 90.6371 -4.5
    endloop
  endfacet
  facet normal 0.42721 0.904152 -0
    outer loop
      vertex -5.41075 92.1024 -4.5
      vertex -5.52165 92.1548 -2.5
      vertex -5.41075 92.1024 -2.5
    endloop
  endfacet
  facet normal 0.42721 0.904152 0
    outer loop
      vertex -5.52165 92.1548 -2.5
      vertex -5.41075 92.1024 -4.5
      vertex -5.52165 92.1548 -4.5
    endloop
  endfacet
  facet normal 0.970047 0.242919 0
    outer loop
      vertex -4.77402 91.2439 -2.5
      vertex -4.80382 91.3629 -4.5
      vertex -4.80382 91.3629 -2.5
    endloop
  endfacet
  facet normal 0.970047 0.242919 0
    outer loop
      vertex -4.80382 91.3629 -4.5
      vertex -4.77402 91.2439 -2.5
      vertex -4.77402 91.2439 -4.5
    endloop
  endfacet
  facet normal -0.048913 0.998803 0
    outer loop
      vertex -6 92.25 -4.5
      vertex -6.12252 92.244 -2.5
      vertex -6 92.25 -2.5
    endloop
  endfacet
  facet normal -0.048913 0.998803 0
    outer loop
      vertex -6.12252 92.244 -2.5
      vertex -6 92.25 -4.5
      vertex -6.12252 92.244 -4.5
    endloop
  endfacet
  facet normal 0.595306 -0.803499 0
    outer loop
      vertex -5.30554 89.9607 -4.5
      vertex -5.20701 90.0337 -2.5
      vertex -5.30554 89.9607 -2.5
    endloop
  endfacet
  facet normal 0.595306 -0.803499 0
    outer loop
      vertex -5.20701 90.0337 -2.5
      vertex -5.30554 89.9607 -4.5
      vertex -5.20701 90.0337 -4.5
    endloop
  endfacet
  facet normal -0.048913 -0.998803 0
    outer loop
      vertex -6.12252 89.756 -4.5
      vertex -6 89.75 -2.5
      vertex -6.12252 89.756 -2.5
    endloop
  endfacet
  facet normal -0.048913 -0.998803 -0
    outer loop
      vertex -6 89.75 -2.5
      vertex -6.12252 89.756 -4.5
      vertex -6 89.75 -4.5
    endloop
  endfacet
  facet normal -0.803101 -0.595844 0
    outer loop
      vertex -6.96626 90.207 -4.5
      vertex -7.03934 90.3055 -2.5
      vertex -7.03934 90.3055 -4.5
    endloop
  endfacet
  facet normal -0.803101 -0.595844 0
    outer loop
      vertex -7.03934 90.3055 -2.5
      vertex -6.96626 90.207 -4.5
      vertex -6.96626 90.207 -2.5
    endloop
  endfacet
  facet normal 0.998795 -0.0490836 0
    outer loop
      vertex -4.75602 90.8775 -2.5
      vertex -4.75 91 -4.5
      vertex -4.75 91 -2.5
    endloop
  endfacet
  facet normal 0.998795 -0.0490836 0
    outer loop
      vertex -4.75 91 -4.5
      vertex -4.75602 90.8775 -2.5
      vertex -4.75602 90.8775 -4.5
    endloop
  endfacet
  facet normal 0.146738 -0.989175 0
    outer loop
      vertex -5.87748 89.756 -4.5
      vertex -5.75614 89.774 -2.5
      vertex -5.87748 89.756 -2.5
    endloop
  endfacet
  facet normal 0.146738 -0.989175 0
    outer loop
      vertex -5.75614 89.774 -2.5
      vertex -5.87748 89.756 -4.5
      vertex -5.75614 89.774 -4.5
    endloop
  endfacet
  facet normal -0.970027 -0.242996 0
    outer loop
      vertex -7.19617 90.6371 -4.5
      vertex -7.22598 90.7561 -2.5
      vertex -7.22598 90.7561 -4.5
    endloop
  endfacet
  facet normal -0.970027 -0.242996 0
    outer loop
      vertex -7.22598 90.7561 -2.5
      vertex -7.19617 90.6371 -4.5
      vertex -7.19617 90.6371 -2.5
    endloop
  endfacet
  facet normal -0.51434 0.857586 0
    outer loop
      vertex -6.58925 92.1024 -4.5
      vertex -6.69446 92.0393 -2.5
      vertex -6.58925 92.1024 -2.5
    endloop
  endfacet
  facet normal -0.51434 0.857586 0
    outer loop
      vertex -6.69446 92.0393 -2.5
      vertex -6.58925 92.1024 -4.5
      vertex -6.69446 92.0393 -4.5
    endloop
  endfacet
  facet normal 0.048913 0.998803 -0
    outer loop
      vertex -5.87748 92.244 -4.5
      vertex -6 92.25 -2.5
      vertex -5.87748 92.244 -2.5
    endloop
  endfacet
  facet normal 0.048913 0.998803 0
    outer loop
      vertex -6 92.25 -2.5
      vertex -5.87748 92.244 -4.5
      vertex -6 92.25 -4.5
    endloop
  endfacet
  facet normal 0.42721 -0.904152 0
    outer loop
      vertex -5.52165 89.8452 -4.5
      vertex -5.41075 89.8976 -2.5
      vertex -5.52165 89.8452 -2.5
    endloop
  endfacet
  facet normal 0.42721 -0.904152 0
    outer loop
      vertex -5.41075 89.8976 -2.5
      vertex -5.52165 89.8452 -4.5
      vertex -5.41075 89.8976 -4.5
    endloop
  endfacet
  facet normal -0.989186 0.146667 0
    outer loop
      vertex -7.24398 91.1225 -4.5
      vertex -7.22598 91.2439 -2.5
      vertex -7.22598 91.2439 -4.5
    endloop
  endfacet
  facet normal -0.989186 0.146667 0
    outer loop
      vertex -7.22598 91.2439 -2.5
      vertex -7.24398 91.1225 -4.5
      vertex -7.24398 91.1225 -2.5
    endloop
  endfacet
  facet normal 0.803101 0.595844 0
    outer loop
      vertex -4.96066 91.6945 -2.5
      vertex -5.03374 91.793 -4.5
      vertex -5.03374 91.793 -2.5
    endloop
  endfacet
  facet normal 0.803101 0.595844 0
    outer loop
      vertex -5.03374 91.793 -4.5
      vertex -4.96066 91.6945 -2.5
      vertex -4.96066 91.6945 -4.5
    endloop
  endfacet
  facet normal -0.941561 0.336842 0
    outer loop
      vertex -7.19617 91.3629 -4.5
      vertex -7.15485 91.4784 -2.5
      vertex -7.15485 91.4784 -4.5
    endloop
  endfacet
  facet normal -0.941561 0.336842 0
    outer loop
      vertex -7.15485 91.4784 -2.5
      vertex -7.19617 91.3629 -4.5
      vertex -7.19617 91.3629 -2.5
    endloop
  endfacet
  facet normal -0.803101 0.595844 0
    outer loop
      vertex -7.03934 91.6945 -4.5
      vertex -6.96626 91.793 -2.5
      vertex -6.96626 91.793 -4.5
    endloop
  endfacet
  facet normal -0.803101 0.595844 0
    outer loop
      vertex -6.96626 91.793 -2.5
      vertex -7.03934 91.6945 -4.5
      vertex -7.03934 91.6945 -2.5
    endloop
  endfacet
  facet normal -0.740979 0.671528 0
    outer loop
      vertex -6.96626 91.793 -4.5
      vertex -6.88388 91.8839 -2.5
      vertex -6.88388 91.8839 -4.5
    endloop
  endfacet
  facet normal -0.740979 0.671528 0
    outer loop
      vertex -6.88388 91.8839 -2.5
      vertex -6.96626 91.793 -4.5
      vertex -6.96626 91.793 -2.5
    endloop
  endfacet
  facet normal -0.989186 -0.146667 0
    outer loop
      vertex -7.22598 90.7561 -4.5
      vertex -7.24398 90.8775 -2.5
      vertex -7.24398 90.8775 -4.5
    endloop
  endfacet
  facet normal -0.989186 -0.146667 0
    outer loop
      vertex -7.24398 90.8775 -2.5
      vertex -7.22598 90.7561 -4.5
      vertex -7.22598 90.7561 -2.5
    endloop
  endfacet
  facet normal -0.970027 0.242996 0
    outer loop
      vertex -7.22598 91.2439 -4.5
      vertex -7.19617 91.3629 -2.5
      vertex -7.19617 91.3629 -4.5
    endloop
  endfacet
  facet normal -0.970027 0.242996 0
    outer loop
      vertex -7.19617 91.3629 -2.5
      vertex -7.22598 91.2439 -4.5
      vertex -7.22598 91.2439 -2.5
    endloop
  endfacet
  facet normal 0.51434 0.857586 -0
    outer loop
      vertex -5.30554 92.0393 -4.5
      vertex -5.41075 92.1024 -2.5
      vertex -5.30554 92.0393 -2.5
    endloop
  endfacet
  facet normal 0.51434 0.857586 0
    outer loop
      vertex -5.41075 92.1024 -2.5
      vertex -5.30554 92.0393 -4.5
      vertex -5.41075 92.1024 -4.5
    endloop
  endfacet
  facet normal -0.671658 0.740861 0
    outer loop
      vertex -6.79299 91.9663 -4.5
      vertex -6.88388 91.8839 -2.5
      vertex -6.79299 91.9663 -2.5
    endloop
  endfacet
  facet normal -0.671658 0.740861 0
    outer loop
      vertex -6.88388 91.8839 -2.5
      vertex -6.79299 91.9663 -4.5
      vertex -6.88388 91.8839 -4.5
    endloop
  endfacet
  facet normal -0.998795 -0.0490836 0
    outer loop
      vertex -7.24398 90.8775 -4.5
      vertex -7.25 91 -2.5
      vertex -7.25 91 -4.5
    endloop
  endfacet
  facet normal -0.998795 -0.0490836 0
    outer loop
      vertex -7.25 91 -2.5
      vertex -7.24398 90.8775 -4.5
      vertex -7.24398 90.8775 -2.5
    endloop
  endfacet
  facet normal -0.740979 -0.671528 0
    outer loop
      vertex -6.88388 90.1161 -4.5
      vertex -6.96626 90.207 -2.5
      vertex -6.96626 90.207 -4.5
    endloop
  endfacet
  facet normal -0.740979 -0.671528 0
    outer loop
      vertex -6.96626 90.207 -2.5
      vertex -6.88388 90.1161 -4.5
      vertex -6.88388 90.1161 -2.5
    endloop
  endfacet
  facet normal -0.998795 0.0490836 0
    outer loop
      vertex -7.25 91 -4.5
      vertex -7.24398 91.1225 -2.5
      vertex -7.24398 91.1225 -4.5
    endloop
  endfacet
  facet normal -0.998795 0.0490836 0
    outer loop
      vertex -7.24398 91.1225 -2.5
      vertex -7.25 91 -4.5
      vertex -7.25 91 -2.5
    endloop
  endfacet
  facet normal -0.242938 0.970042 0
    outer loop
      vertex -6.24386 92.226 -4.5
      vertex -6.36285 92.1962 -2.5
      vertex -6.24386 92.226 -2.5
    endloop
  endfacet
  facet normal -0.242938 0.970042 0
    outer loop
      vertex -6.36285 92.1962 -2.5
      vertex -6.24386 92.226 -4.5
      vertex -6.36285 92.1962 -4.5
    endloop
  endfacet
  facet normal 0.51434 -0.857586 0
    outer loop
      vertex -5.41075 89.8976 -4.5
      vertex -5.30554 89.9607 -2.5
      vertex -5.41075 89.8976 -2.5
    endloop
  endfacet
  facet normal 0.51434 -0.857586 0
    outer loop
      vertex -5.30554 89.9607 -2.5
      vertex -5.41075 89.8976 -4.5
      vertex -5.30554 89.9607 -4.5
    endloop
  endfacet
  facet normal -0.857924 0.513777 0
    outer loop
      vertex -7.1024 91.5892 -4.5
      vertex -7.03934 91.6945 -2.5
      vertex -7.03934 91.6945 -4.5
    endloop
  endfacet
  facet normal -0.857924 0.513777 0
    outer loop
      vertex -7.03934 91.6945 -2.5
      vertex -7.1024 91.5892 -4.5
      vertex -7.1024 91.5892 -2.5
    endloop
  endfacet
  facet normal 0.671658 -0.740861 0
    outer loop
      vertex -5.20701 90.0337 -4.5
      vertex -5.11612 90.1161 -2.5
      vertex -5.20701 90.0337 -2.5
    endloop
  endfacet
  facet normal 0.671658 -0.740861 0
    outer loop
      vertex -5.11612 90.1161 -2.5
      vertex -5.20701 90.0337 -4.5
      vertex -5.11612 90.1161 -4.5
    endloop
  endfacet
  facet normal 0.337446 0.941345 -0
    outer loop
      vertex -5.52165 92.1548 -4.5
      vertex -5.63714 92.1962 -2.5
      vertex -5.52165 92.1548 -2.5
    endloop
  endfacet
  facet normal 0.337446 0.941345 0
    outer loop
      vertex -5.63714 92.1962 -2.5
      vertex -5.52165 92.1548 -4.5
      vertex -5.63714 92.1962 -4.5
    endloop
  endfacet
  facet normal 0.941535 -0.336915 0
    outer loop
      vertex -4.84515 90.5216 -2.5
      vertex -4.80382 90.6371 -4.5
      vertex -4.80382 90.6371 -2.5
    endloop
  endfacet
  facet normal 0.941535 -0.336915 0
    outer loop
      vertex -4.80382 90.6371 -4.5
      vertex -4.84515 90.5216 -2.5
      vertex -4.84515 90.5216 -4.5
    endloop
  endfacet
  facet normal -0.903846 0.427858 0
    outer loop
      vertex -7.15485 91.4784 -4.5
      vertex -7.1024 91.5892 -2.5
      vertex -7.1024 91.5892 -4.5
    endloop
  endfacet
  facet normal -0.903846 0.427858 0
    outer loop
      vertex -7.1024 91.5892 -2.5
      vertex -7.15485 91.4784 -4.5
      vertex -7.15485 91.4784 -2.5
    endloop
  endfacet
  facet normal 0.146738 0.989175 -0
    outer loop
      vertex -5.75614 92.226 -4.5
      vertex -5.87748 92.244 -2.5
      vertex -5.75614 92.226 -2.5
    endloop
  endfacet
  facet normal 0.146738 0.989175 0
    outer loop
      vertex -5.87748 92.244 -2.5
      vertex -5.75614 92.226 -4.5
      vertex -5.87748 92.244 -4.5
    endloop
  endfacet
  facet normal -0.941561 -0.336842 0
    outer loop
      vertex -7.15485 90.5216 -4.5
      vertex -7.19617 90.6371 -2.5
      vertex -7.19617 90.6371 -4.5
    endloop
  endfacet
  facet normal -0.941561 -0.336842 0
    outer loop
      vertex -7.19617 90.6371 -2.5
      vertex -7.15485 90.5216 -4.5
      vertex -7.15485 90.5216 -2.5
    endloop
  endfacet
  facet normal 0.242919 0.970047 -0
    outer loop
      vertex -5.63714 92.1962 -4.5
      vertex -5.75614 92.226 -2.5
      vertex -5.63714 92.1962 -2.5
    endloop
  endfacet
  facet normal 0.242919 0.970047 0
    outer loop
      vertex -5.75614 92.226 -2.5
      vertex -5.63714 92.1962 -4.5
      vertex -5.75614 92.226 -4.5
    endloop
  endfacet
  facet normal -0.903846 -0.427858 0
    outer loop
      vertex -7.1024 90.4108 -4.5
      vertex -7.15485 90.5216 -2.5
      vertex -7.15485 90.5216 -4.5
    endloop
  endfacet
  facet normal -0.903846 -0.427858 0
    outer loop
      vertex -7.15485 90.5216 -2.5
      vertex -7.1024 90.4108 -4.5
      vertex -7.1024 90.4108 -2.5
    endloop
  endfacet
  facet normal -0.51434 -0.857586 0
    outer loop
      vertex -6.69446 89.9607 -4.5
      vertex -6.58925 89.8976 -2.5
      vertex -6.69446 89.9607 -2.5
    endloop
  endfacet
  facet normal -0.51434 -0.857586 -0
    outer loop
      vertex -6.58925 89.8976 -2.5
      vertex -6.69446 89.9607 -4.5
      vertex -6.58925 89.8976 -4.5
    endloop
  endfacet
  facet normal -0.857924 -0.513777 0
    outer loop
      vertex -7.03934 90.3055 -4.5
      vertex -7.1024 90.4108 -2.5
      vertex -7.1024 90.4108 -4.5
    endloop
  endfacet
  facet normal -0.857924 -0.513777 0
    outer loop
      vertex -7.1024 90.4108 -2.5
      vertex -7.03934 90.3055 -4.5
      vertex -7.03934 90.3055 -2.5
    endloop
  endfacet
  facet normal -0.42721 0.904152 0
    outer loop
      vertex -6.47835 92.1548 -4.5
      vertex -6.58925 92.1024 -2.5
      vertex -6.47835 92.1548 -2.5
    endloop
  endfacet
  facet normal -0.42721 0.904152 0
    outer loop
      vertex -6.58925 92.1024 -2.5
      vertex -6.47835 92.1548 -4.5
      vertex -6.58925 92.1024 -4.5
    endloop
  endfacet
  facet normal 0 0 -1
    outer loop
      vertex -4.75602 90.8775 -4.5
      vertex -4.75602 91.1225 -4.5
      vertex -4.75 91 -4.5
    endloop
  endfacet
  facet normal 0 0 -1
    outer loop
      vertex -4.77402 90.7561 -4.5
      vertex -4.75602 91.1225 -4.5
      vertex -4.75602 90.8775 -4.5
    endloop
  endfacet
  facet normal 0 0 -1
    outer loop
      vertex -4.77402 90.7561 -4.5
      vertex -4.77402 91.2439 -4.5
      vertex -4.75602 91.1225 -4.5
    endloop
  endfacet
  facet normal 0 0 -1
    outer loop
      vertex -4.80382 90.6371 -4.5
      vertex -4.77402 91.2439 -4.5
      vertex -4.77402 90.7561 -4.5
    endloop
  endfacet
  facet normal 0 0 -1
    outer loop
      vertex -4.80382 90.6371 -4.5
      vertex -4.80382 91.3629 -4.5
      vertex -4.77402 91.2439 -4.5
    endloop
  endfacet
  facet normal 0 0 -1
    outer loop
      vertex -4.84515 90.5216 -4.5
      vertex -4.80382 91.3629 -4.5
      vertex -4.80382 90.6371 -4.5
    endloop
  endfacet
  facet normal 0 0 -1
    outer loop
      vertex -4.84515 90.5216 -4.5
      vertex -4.84515 91.4784 -4.5
      vertex -4.80382 91.3629 -4.5
    endloop
  endfacet
  facet normal 0 0 -1
    outer loop
      vertex -4.8976 90.4108 -4.5
      vertex -4.84515 91.4784 -4.5
      vertex -4.84515 90.5216 -4.5
    endloop
  endfacet
  facet normal 0 0 -1
    outer loop
      vertex -4.8976 90.4108 -4.5
      vertex -4.8976 91.5892 -4.5
      vertex -4.84515 91.4784 -4.5
    endloop
  endfacet
  facet normal 0 0 -1
    outer loop
      vertex -4.96066 90.3055 -4.5
      vertex -4.8976 91.5892 -4.5
      vertex -4.8976 90.4108 -4.5
    endloop
  endfacet
  facet normal 0 0 -1
    outer loop
      vertex -4.96066 90.3055 -4.5
      vertex -4.96066 91.6945 -4.5
      vertex -4.8976 91.5892 -4.5
    endloop
  endfacet
  facet normal 0 0 -1
    outer loop
      vertex -5.03374 90.207 -4.5
      vertex -4.96066 91.6945 -4.5
      vertex -4.96066 90.3055 -4.5
    endloop
  endfacet
  facet normal 0 0 -1
    outer loop
      vertex -5.03374 90.207 -4.5
      vertex -5.03374 91.793 -4.5
      vertex -4.96066 91.6945 -4.5
    endloop
  endfacet
  facet normal 0 0 -1
    outer loop
      vertex -5.11612 90.1161 -4.5
      vertex -5.03374 91.793 -4.5
      vertex -5.03374 90.207 -4.5
    endloop
  endfacet
  facet normal 0 0 -1
    outer loop
      vertex -5.11612 90.1161 -4.5
      vertex -5.11612 91.8839 -4.5
      vertex -5.03374 91.793 -4.5
    endloop
  endfacet
  facet normal 0 0 -1
    outer loop
      vertex -5.20701 90.0337 -4.5
      vertex -5.11612 91.8839 -4.5
      vertex -5.11612 90.1161 -4.5
    endloop
  endfacet
  facet normal 0 0 -1
    outer loop
      vertex -5.20701 90.0337 -4.5
      vertex -5.20701 91.9663 -4.5
      vertex -5.11612 91.8839 -4.5
    endloop
  endfacet
  facet normal 0 0 -1
    outer loop
      vertex -5.30554 89.9607 -4.5
      vertex -5.20701 91.9663 -4.5
      vertex -5.20701 90.0337 -4.5
    endloop
  endfacet
  facet normal 0 0 -1
    outer loop
      vertex -5.30554 89.9607 -4.5
      vertex -5.30554 92.0393 -4.5
      vertex -5.20701 91.9663 -4.5
    endloop
  endfacet
  facet normal 0 0 -1
    outer loop
      vertex -5.41075 89.8976 -4.5
      vertex -5.30554 92.0393 -4.5
      vertex -5.30554 89.9607 -4.5
    endloop
  endfacet
  facet normal 0 0 -1
    outer loop
      vertex -5.41075 89.8976 -4.5
      vertex -5.41075 92.1024 -4.5
      vertex -5.30554 92.0393 -4.5
    endloop
  endfacet
  facet normal 0 0 -1
    outer loop
      vertex -5.52165 89.8452 -4.5
      vertex -5.41075 92.1024 -4.5
      vertex -5.41075 89.8976 -4.5
    endloop
  endfacet
  facet normal 0 0 -1
    outer loop
      vertex -5.52165 89.8452 -4.5
      vertex -5.52165 92.1548 -4.5
      vertex -5.41075 92.1024 -4.5
    endloop
  endfacet
  facet normal 0 0 -1
    outer loop
      vertex -5.63714 89.8038 -4.5
      vertex -5.52165 92.1548 -4.5
      vertex -5.52165 89.8452 -4.5
    endloop
  endfacet
  facet normal 0 0 -1
    outer loop
      vertex -5.63714 89.8038 -4.5
      vertex -5.63714 92.1962 -4.5
      vertex -5.52165 92.1548 -4.5
    endloop
  endfacet
  facet normal 0 0 -1
    outer loop
      vertex -5.75614 89.774 -4.5
      vertex -5.63714 92.1962 -4.5
      vertex -5.63714 89.8038 -4.5
    endloop
  endfacet
  facet normal 0 0 -1
    outer loop
      vertex -5.75614 89.774 -4.5
      vertex -5.75614 92.226 -4.5
      vertex -5.63714 92.1962 -4.5
    endloop
  endfacet
  facet normal 0 0 -1
    outer loop
      vertex -5.87748 89.756 -4.5
      vertex -5.75614 92.226 -4.5
      vertex -5.75614 89.774 -4.5
    endloop
  endfacet
  facet normal 0 0 -1
    outer loop
      vertex -5.87748 89.756 -4.5
      vertex -5.87748 92.244 -4.5
      vertex -5.75614 92.226 -4.5
    endloop
  endfacet
  facet normal 0 0 -1
    outer loop
      vertex -6 89.75 -4.5
      vertex -5.87748 92.244 -4.5
      vertex -5.87748 89.756 -4.5
    endloop
  endfacet
  facet normal 0 0 -1
    outer loop
      vertex -6 89.75 -4.5
      vertex -6 92.25 -4.5
      vertex -5.87748 92.244 -4.5
    endloop
  endfacet
  facet normal 0 0 -1
    outer loop
      vertex -6.12252 89.756 -4.5
      vertex -6 92.25 -4.5
      vertex -6 89.75 -4.5
    endloop
  endfacet
  facet normal 0 0 -1
    outer loop
      vertex -6.12252 89.756 -4.5
      vertex -6.12252 92.244 -4.5
      vertex -6 92.25 -4.5
    endloop
  endfacet
  facet normal 0 0 -1
    outer loop
      vertex -6.24386 89.774 -4.5
      vertex -6.12252 92.244 -4.5
      vertex -6.12252 89.756 -4.5
    endloop
  endfacet
  facet normal 0 0 -1
    outer loop
      vertex -6.24386 89.774 -4.5
      vertex -6.24386 92.226 -4.5
      vertex -6.12252 92.244 -4.5
    endloop
  endfacet
  facet normal 0 0 -1
    outer loop
      vertex -6.36285 89.8038 -4.5
      vertex -6.24386 92.226 -4.5
      vertex -6.24386 89.774 -4.5
    endloop
  endfacet
  facet normal 0 0 -1
    outer loop
      vertex -6.36285 89.8038 -4.5
      vertex -6.36285 92.1962 -4.5
      vertex -6.24386 92.226 -4.5
    endloop
  endfacet
  facet normal 0 0 -1
    outer loop
      vertex -6.47835 89.8452 -4.5
      vertex -6.36285 92.1962 -4.5
      vertex -6.36285 89.8038 -4.5
    endloop
  endfacet
  facet normal 0 0 -1
    outer loop
      vertex -6.47835 89.8452 -4.5
      vertex -6.47835 92.1548 -4.5
      vertex -6.36285 92.1962 -4.5
    endloop
  endfacet
  facet normal 0 0 -1
    outer loop
      vertex -6.58925 89.8976 -4.5
      vertex -6.47835 92.1548 -4.5
      vertex -6.47835 89.8452 -4.5
    endloop
  endfacet
  facet normal 0 0 -1
    outer loop
      vertex -6.58925 89.8976 -4.5
      vertex -6.58925 92.1024 -4.5
      vertex -6.47835 92.1548 -4.5
    endloop
  endfacet
  facet normal 0 0 -1
    outer loop
      vertex -6.69446 89.9607 -4.5
      vertex -6.58925 92.1024 -4.5
      vertex -6.58925 89.8976 -4.5
    endloop
  endfacet
  facet normal 0 0 -1
    outer loop
      vertex -6.69446 89.9607 -4.5
      vertex -6.69446 92.0393 -4.5
      vertex -6.58925 92.1024 -4.5
    endloop
  endfacet
  facet normal 0 0 -1
    outer loop
      vertex -6.79299 90.0337 -4.5
      vertex -6.69446 92.0393 -4.5
      vertex -6.69446 89.9607 -4.5
    endloop
  endfacet
  facet normal 0 0 -1
    outer loop
      vertex -6.79299 90.0337 -4.5
      vertex -6.79299 91.9663 -4.5
      vertex -6.69446 92.0393 -4.5
    endloop
  endfacet
  facet normal 0 0 -1
    outer loop
      vertex -6.88388 90.1161 -4.5
      vertex -6.79299 91.9663 -4.5
      vertex -6.79299 90.0337 -4.5
    endloop
  endfacet
  facet normal 0 0 -1
    outer loop
      vertex -6.88388 90.1161 -4.5
      vertex -6.88388 91.8839 -4.5
      vertex -6.79299 91.9663 -4.5
    endloop
  endfacet
  facet normal 0 0 -1
    outer loop
      vertex -6.96626 90.207 -4.5
      vertex -6.88388 91.8839 -4.5
      vertex -6.88388 90.1161 -4.5
    endloop
  endfacet
  facet normal 0 0 -1
    outer loop
      vertex -6.96626 90.207 -4.5
      vertex -6.96626 91.793 -4.5
      vertex -6.88388 91.8839 -4.5
    endloop
  endfacet
  facet normal 0 0 -1
    outer loop
      vertex -7.03934 90.3055 -4.5
      vertex -6.96626 91.793 -4.5
      vertex -6.96626 90.207 -4.5
    endloop
  endfacet
  facet normal 0 0 -1
    outer loop
      vertex -7.03934 90.3055 -4.5
      vertex -7.03934 91.6945 -4.5
      vertex -6.96626 91.793 -4.5
    endloop
  endfacet
  facet normal 0 0 -1
    outer loop
      vertex -7.1024 90.4108 -4.5
      vertex -7.03934 91.6945 -4.5
      vertex -7.03934 90.3055 -4.5
    endloop
  endfacet
  facet normal 0 0 -1
    outer loop
      vertex -7.1024 90.4108 -4.5
      vertex -7.1024 91.5892 -4.5
      vertex -7.03934 91.6945 -4.5
    endloop
  endfacet
  facet normal 0 0 -1
    outer loop
      vertex -7.15485 90.5216 -4.5
      vertex -7.1024 91.5892 -4.5
      vertex -7.1024 90.4108 -4.5
    endloop
  endfacet
  facet normal 0 0 -1
    outer loop
      vertex -7.15485 90.5216 -4.5
      vertex -7.15485 91.4784 -4.5
      vertex -7.1024 91.5892 -4.5
    endloop
  endfacet
  facet normal 0 0 -1
    outer loop
      vertex -7.19617 90.6371 -4.5
      vertex -7.15485 91.4784 -4.5
      vertex -7.15485 90.5216 -4.5
    endloop
  endfacet
  facet normal 0 0 -1
    outer loop
      vertex -7.19617 90.6371 -4.5
      vertex -7.19617 91.3629 -4.5
      vertex -7.15485 91.4784 -4.5
    endloop
  endfacet
  facet normal 0 0 -1
    outer loop
      vertex -7.22598 90.7561 -4.5
      vertex -7.19617 91.3629 -4.5
      vertex -7.19617 90.6371 -4.5
    endloop
  endfacet
  facet normal 0 0 -1
    outer loop
      vertex -7.22598 90.7561 -4.5
      vertex -7.22598 91.2439 -4.5
      vertex -7.19617 91.3629 -4.5
    endloop
  endfacet
  facet normal 0 0 -1
    outer loop
      vertex -7.24398 90.8775 -4.5
      vertex -7.22598 91.2439 -4.5
      vertex -7.22598 90.7561 -4.5
    endloop
  endfacet
  facet normal 0 0 -1
    outer loop
      vertex -7.24398 90.8775 -4.5
      vertex -7.24398 91.1225 -4.5
      vertex -7.22598 91.2439 -4.5
    endloop
  endfacet
  facet normal 0 -0 -1
    outer loop
      vertex -7.24398 91.1225 -4.5
      vertex -7.24398 90.8775 -4.5
      vertex -7.25 91 -4.5
    endloop
  endfacet
  facet normal -0.595306 -0.803499 0
    outer loop
      vertex -6.79299 90.0337 -4.5
      vertex -6.69446 89.9607 -2.5
      vertex -6.79299 90.0337 -2.5
    endloop
  endfacet
  facet normal -0.595306 -0.803499 -0
    outer loop
      vertex -6.69446 89.9607 -2.5
      vertex -6.79299 90.0337 -4.5
      vertex -6.69446 89.9607 -4.5
    endloop
  endfacet
  facet normal -0.337446 -0.941345 0
    outer loop
      vertex 5.52165 77.8452 -4.5
      vertex 5.63714 77.8038 -2.5
      vertex 5.52165 77.8452 -2.5
    endloop
  endfacet
  facet normal -0.337446 -0.941345 -0
    outer loop
      vertex 5.63714 77.8038 -2.5
      vertex 5.52165 77.8452 -4.5
      vertex 5.63714 77.8038 -4.5
    endloop
  endfacet
  facet normal 0.989186 0.146667 0
    outer loop
      vertex 7.24398 79.1225 -2.5
      vertex 7.22598 79.2439 -4.5
      vertex 7.22598 79.2439 -2.5
    endloop
  endfacet
  facet normal 0.989186 0.146667 0
    outer loop
      vertex 7.22598 79.2439 -4.5
      vertex 7.24398 79.1225 -2.5
      vertex 7.24398 79.1225 -4.5
    endloop
  endfacet
  facet normal 0.998795 0.0490836 0
    outer loop
      vertex 7.25 79 -2.5
      vertex 7.24398 79.1225 -4.5
      vertex 7.24398 79.1225 -2.5
    endloop
  endfacet
  facet normal 0.998795 0.0490836 0
    outer loop
      vertex 7.24398 79.1225 -4.5
      vertex 7.25 79 -2.5
      vertex 7.25 79 -4.5
    endloop
  endfacet
  facet normal 0.970027 0.242996 0
    outer loop
      vertex 7.22598 79.2439 -2.5
      vertex 7.19617 79.3629 -4.5
      vertex 7.19617 79.3629 -2.5
    endloop
  endfacet
  facet normal 0.970027 0.242996 0
    outer loop
      vertex 7.19617 79.3629 -4.5
      vertex 7.22598 79.2439 -2.5
      vertex 7.22598 79.2439 -4.5
    endloop
  endfacet
  facet normal -0.989186 0.146667 0
    outer loop
      vertex 4.75602 79.1225 -4.5
      vertex 4.77402 79.2439 -2.5
      vertex 4.77402 79.2439 -4.5
    endloop
  endfacet
  facet normal -0.989186 0.146667 0
    outer loop
      vertex 4.77402 79.2439 -2.5
      vertex 4.75602 79.1225 -4.5
      vertex 4.75602 79.1225 -2.5
    endloop
  endfacet
  facet normal -0.242919 -0.970047 0
    outer loop
      vertex 5.63714 77.8038 -4.5
      vertex 5.75614 77.774 -2.5
      vertex 5.63714 77.8038 -2.5
    endloop
  endfacet
  facet normal -0.242919 -0.970047 -0
    outer loop
      vertex 5.75614 77.774 -2.5
      vertex 5.63714 77.8038 -4.5
      vertex 5.75614 77.774 -4.5
    endloop
  endfacet
  facet normal 0.33742 0.941354 -0
    outer loop
      vertex 6.47835 80.1548 -4.5
      vertex 6.36285 80.1962 -2.5
      vertex 6.47835 80.1548 -2.5
    endloop
  endfacet
  facet normal 0.33742 0.941354 0
    outer loop
      vertex 6.36285 80.1962 -2.5
      vertex 6.47835 80.1548 -4.5
      vertex 6.36285 80.1962 -4.5
    endloop
  endfacet
  facet normal -0.51434 0.857586 0
    outer loop
      vertex 5.41075 80.1024 -4.5
      vertex 5.30554 80.0393 -2.5
      vertex 5.41075 80.1024 -2.5
    endloop
  endfacet
  facet normal -0.51434 0.857586 0
    outer loop
      vertex 5.30554 80.0393 -2.5
      vertex 5.41075 80.1024 -4.5
      vertex 5.30554 80.0393 -4.5
    endloop
  endfacet
  facet normal -0.903846 -0.427858 0
    outer loop
      vertex 4.8976 78.4108 -4.5
      vertex 4.84515 78.5216 -2.5
      vertex 4.84515 78.5216 -4.5
    endloop
  endfacet
  facet normal -0.903846 -0.427858 0
    outer loop
      vertex 4.84515 78.5216 -2.5
      vertex 4.8976 78.4108 -4.5
      vertex 4.8976 78.4108 -2.5
    endloop
  endfacet
  facet normal -0.242919 0.970047 0
    outer loop
      vertex 5.75614 80.226 -4.5
      vertex 5.63714 80.1962 -2.5
      vertex 5.75614 80.226 -2.5
    endloop
  endfacet
  facet normal -0.242919 0.970047 0
    outer loop
      vertex 5.63714 80.1962 -2.5
      vertex 5.75614 80.226 -4.5
      vertex 5.63714 80.1962 -4.5
    endloop
  endfacet
  facet normal -0.857924 -0.513777 0
    outer loop
      vertex 4.96066 78.3055 -4.5
      vertex 4.8976 78.4108 -2.5
      vertex 4.8976 78.4108 -4.5
    endloop
  endfacet
  facet normal -0.857924 -0.513777 0
    outer loop
      vertex 4.8976 78.4108 -2.5
      vertex 4.96066 78.3055 -4.5
      vertex 4.96066 78.3055 -2.5
    endloop
  endfacet
  facet normal 0.242938 -0.970042 0
    outer loop
      vertex 6.24386 77.774 -4.5
      vertex 6.36285 77.8038 -2.5
      vertex 6.24386 77.774 -2.5
    endloop
  endfacet
  facet normal 0.242938 -0.970042 0
    outer loop
      vertex 6.36285 77.8038 -2.5
      vertex 6.24386 77.774 -4.5
      vertex 6.36285 77.8038 -4.5
    endloop
  endfacet
  facet normal -0.595306 -0.803499 0
    outer loop
      vertex 5.20701 78.0337 -4.5
      vertex 5.30554 77.9607 -2.5
      vertex 5.20701 78.0337 -2.5
    endloop
  endfacet
  facet normal -0.595306 -0.803499 -0
    outer loop
      vertex 5.30554 77.9607 -2.5
      vertex 5.20701 78.0337 -4.5
      vertex 5.30554 77.9607 -4.5
    endloop
  endfacet
  facet normal 0.51434 -0.857586 0
    outer loop
      vertex 6.58925 77.8976 -4.5
      vertex 6.69446 77.9607 -2.5
      vertex 6.58925 77.8976 -2.5
    endloop
  endfacet
  facet normal 0.51434 -0.857586 0
    outer loop
      vertex 6.69446 77.9607 -2.5
      vertex 6.58925 77.8976 -4.5
      vertex 6.69446 77.9607 -4.5
    endloop
  endfacet
  facet normal 0.803101 -0.595844 0
    outer loop
      vertex 6.96626 78.207 -2.5
      vertex 7.03934 78.3055 -4.5
      vertex 7.03934 78.3055 -2.5
    endloop
  endfacet
  facet normal 0.803101 -0.595844 0
    outer loop
      vertex 7.03934 78.3055 -4.5
      vertex 6.96626 78.207 -2.5
      vertex 6.96626 78.207 -4.5
    endloop
  endfacet
  facet normal 0.146738 0.989175 -0
    outer loop
      vertex 6.24386 80.226 -4.5
      vertex 6.12252 80.244 -2.5
      vertex 6.24386 80.226 -2.5
    endloop
  endfacet
  facet normal 0.146738 0.989175 0
    outer loop
      vertex 6.12252 80.244 -2.5
      vertex 6.24386 80.226 -4.5
      vertex 6.12252 80.244 -4.5
    endloop
  endfacet
  facet normal -0.595306 0.803499 0
    outer loop
      vertex 5.30554 80.0393 -4.5
      vertex 5.20701 79.9663 -2.5
      vertex 5.30554 80.0393 -2.5
    endloop
  endfacet
  facet normal -0.595306 0.803499 0
    outer loop
      vertex 5.20701 79.9663 -2.5
      vertex 5.30554 80.0393 -4.5
      vertex 5.20701 79.9663 -4.5
    endloop
  endfacet
  facet normal -0.803101 0.595844 0
    outer loop
      vertex 4.96066 79.6945 -4.5
      vertex 5.03374 79.793 -2.5
      vertex 5.03374 79.793 -4.5
    endloop
  endfacet
  facet normal -0.803101 0.595844 0
    outer loop
      vertex 5.03374 79.793 -2.5
      vertex 4.96066 79.6945 -4.5
      vertex 4.96066 79.6945 -2.5
    endloop
  endfacet
  facet normal 0.989186 -0.146667 0
    outer loop
      vertex 7.22598 78.7561 -2.5
      vertex 7.24398 78.8775 -4.5
      vertex 7.24398 78.8775 -2.5
    endloop
  endfacet
  facet normal 0.989186 -0.146667 0
    outer loop
      vertex 7.24398 78.8775 -4.5
      vertex 7.22598 78.7561 -2.5
      vertex 7.22598 78.7561 -4.5
    endloop
  endfacet
  facet normal -0.941535 0.336915 0
    outer loop
      vertex 4.80382 79.3629 -4.5
      vertex 4.84515 79.4784 -2.5
      vertex 4.84515 79.4784 -4.5
    endloop
  endfacet
  facet normal -0.941535 0.336915 0
    outer loop
      vertex 4.84515 79.4784 -2.5
      vertex 4.80382 79.3629 -4.5
      vertex 4.80382 79.3629 -2.5
    endloop
  endfacet
  facet normal 0.42721 0.904152 -0
    outer loop
      vertex 6.58925 80.1024 -4.5
      vertex 6.47835 80.1548 -2.5
      vertex 6.58925 80.1024 -2.5
    endloop
  endfacet
  facet normal 0.42721 0.904152 0
    outer loop
      vertex 6.47835 80.1548 -2.5
      vertex 6.58925 80.1024 -4.5
      vertex 6.47835 80.1548 -4.5
    endloop
  endfacet
  facet normal -0.941535 -0.336915 0
    outer loop
      vertex 4.84515 78.5216 -4.5
      vertex 4.80382 78.6371 -2.5
      vertex 4.80382 78.6371 -4.5
    endloop
  endfacet
  facet normal -0.941535 -0.336915 0
    outer loop
      vertex 4.80382 78.6371 -2.5
      vertex 4.84515 78.5216 -4.5
      vertex 4.84515 78.5216 -2.5
    endloop
  endfacet
  facet normal 0.970027 -0.242996 0
    outer loop
      vertex 7.19617 78.6371 -2.5
      vertex 7.22598 78.7561 -4.5
      vertex 7.22598 78.7561 -2.5
    endloop
  endfacet
  facet normal 0.970027 -0.242996 0
    outer loop
      vertex 7.22598 78.7561 -4.5
      vertex 7.19617 78.6371 -2.5
      vertex 7.19617 78.6371 -4.5
    endloop
  endfacet
  facet normal -0.048913 0.998803 0
    outer loop
      vertex 6 80.25 -4.5
      vertex 5.87748 80.244 -2.5
      vertex 6 80.25 -2.5
    endloop
  endfacet
  facet normal -0.048913 0.998803 0
    outer loop
      vertex 5.87748 80.244 -2.5
      vertex 6 80.25 -4.5
      vertex 5.87748 80.244 -4.5
    endloop
  endfacet
  facet normal 0.671658 0.740861 -0
    outer loop
      vertex 6.88388 79.8839 -4.5
      vertex 6.79299 79.9663 -2.5
      vertex 6.88388 79.8839 -2.5
    endloop
  endfacet
  facet normal 0.671658 0.740861 0
    outer loop
      vertex 6.79299 79.9663 -2.5
      vertex 6.88388 79.8839 -4.5
      vertex 6.79299 79.9663 -4.5
    endloop
  endfacet
  facet normal -0.42721 0.904152 0
    outer loop
      vertex 5.52165 80.1548 -4.5
      vertex 5.41075 80.1024 -2.5
      vertex 5.52165 80.1548 -2.5
    endloop
  endfacet
  facet normal -0.42721 0.904152 0
    outer loop
      vertex 5.41075 80.1024 -2.5
      vertex 5.52165 80.1548 -4.5
      vertex 5.41075 80.1024 -4.5
    endloop
  endfacet
  facet normal -0.671658 0.740861 0
    outer loop
      vertex 5.20701 79.9663 -4.5
      vertex 5.11612 79.8839 -2.5
      vertex 5.20701 79.9663 -2.5
    endloop
  endfacet
  facet normal -0.671658 0.740861 0
    outer loop
      vertex 5.11612 79.8839 -2.5
      vertex 5.20701 79.9663 -4.5
      vertex 5.11612 79.8839 -4.5
    endloop
  endfacet
  facet normal 0.33742 -0.941354 0
    outer loop
      vertex 6.36285 77.8038 -4.5
      vertex 6.47835 77.8452 -2.5
      vertex 6.36285 77.8038 -2.5
    endloop
  endfacet
  facet normal 0.33742 -0.941354 0
    outer loop
      vertex 6.47835 77.8452 -2.5
      vertex 6.36285 77.8038 -4.5
      vertex 6.47835 77.8452 -4.5
    endloop
  endfacet
  facet normal -0.337446 0.941345 0
    outer loop
      vertex 5.63714 80.1962 -4.5
      vertex 5.52165 80.1548 -2.5
      vertex 5.63714 80.1962 -2.5
    endloop
  endfacet
  facet normal -0.337446 0.941345 0
    outer loop
      vertex 5.52165 80.1548 -2.5
      vertex 5.63714 80.1962 -4.5
      vertex 5.52165 80.1548 -4.5
    endloop
  endfacet
  facet normal 0.803101 0.595844 0
    outer loop
      vertex 7.03934 79.6945 -2.5
      vertex 6.96626 79.793 -4.5
      vertex 6.96626 79.793 -2.5
    endloop
  endfacet
  facet normal 0.803101 0.595844 0
    outer loop
      vertex 6.96626 79.793 -4.5
      vertex 7.03934 79.6945 -2.5
      vertex 7.03934 79.6945 -4.5
    endloop
  endfacet
  facet normal -0.857924 0.513777 0
    outer loop
      vertex 4.8976 79.5892 -4.5
      vertex 4.96066 79.6945 -2.5
      vertex 4.96066 79.6945 -4.5
    endloop
  endfacet
  facet normal -0.857924 0.513777 0
    outer loop
      vertex 4.96066 79.6945 -2.5
      vertex 4.8976 79.5892 -4.5
      vertex 4.8976 79.5892 -2.5
    endloop
  endfacet
  facet normal 0.998795 -0.0490836 0
    outer loop
      vertex 7.24398 78.8775 -2.5
      vertex 7.25 79 -4.5
      vertex 7.25 79 -2.5
    endloop
  endfacet
  facet normal 0.998795 -0.0490836 0
    outer loop
      vertex 7.25 79 -4.5
      vertex 7.24398 78.8775 -2.5
      vertex 7.24398 78.8775 -4.5
    endloop
  endfacet
  facet normal 0.903846 -0.427858 0
    outer loop
      vertex 7.1024 78.4108 -2.5
      vertex 7.15485 78.5216 -4.5
      vertex 7.15485 78.5216 -2.5
    endloop
  endfacet
  facet normal 0.903846 -0.427858 0
    outer loop
      vertex 7.15485 78.5216 -4.5
      vertex 7.1024 78.4108 -2.5
      vertex 7.1024 78.4108 -4.5
    endloop
  endfacet
  facet normal 0.857924 0.513777 0
    outer loop
      vertex 7.1024 79.5892 -2.5
      vertex 7.03934 79.6945 -4.5
      vertex 7.03934 79.6945 -2.5
    endloop
  endfacet
  facet normal 0.857924 0.513777 0
    outer loop
      vertex 7.03934 79.6945 -4.5
      vertex 7.1024 79.5892 -2.5
      vertex 7.1024 79.5892 -4.5
    endloop
  endfacet
  facet normal -0.671658 -0.740861 0
    outer loop
      vertex 5.11612 78.1161 -4.5
      vertex 5.20701 78.0337 -2.5
      vertex 5.11612 78.1161 -2.5
    endloop
  endfacet
  facet normal -0.671658 -0.740861 -0
    outer loop
      vertex 5.20701 78.0337 -2.5
      vertex 5.11612 78.1161 -4.5
      vertex 5.20701 78.0337 -4.5
    endloop
  endfacet
  facet normal 0.595306 0.803499 -0
    outer loop
      vertex 6.79299 79.9663 -4.5
      vertex 6.69446 80.0393 -2.5
      vertex 6.79299 79.9663 -2.5
    endloop
  endfacet
  facet normal 0.595306 0.803499 0
    outer loop
      vertex 6.69446 80.0393 -2.5
      vertex 6.79299 79.9663 -4.5
      vertex 6.69446 80.0393 -4.5
    endloop
  endfacet
  facet normal -0.51434 -0.857586 0
    outer loop
      vertex 5.30554 77.9607 -4.5
      vertex 5.41075 77.8976 -2.5
      vertex 5.30554 77.9607 -2.5
    endloop
  endfacet
  facet normal -0.51434 -0.857586 -0
    outer loop
      vertex 5.41075 77.8976 -2.5
      vertex 5.30554 77.9607 -4.5
      vertex 5.41075 77.8976 -4.5
    endloop
  endfacet
  facet normal 0.51434 0.857586 -0
    outer loop
      vertex 6.69446 80.0393 -4.5
      vertex 6.58925 80.1024 -2.5
      vertex 6.69446 80.0393 -2.5
    endloop
  endfacet
  facet normal 0.51434 0.857586 0
    outer loop
      vertex 6.58925 80.1024 -2.5
      vertex 6.69446 80.0393 -4.5
      vertex 6.58925 80.1024 -4.5
    endloop
  endfacet
  facet normal 0.146738 -0.989175 0
    outer loop
      vertex 6.12252 77.756 -4.5
      vertex 6.24386 77.774 -2.5
      vertex 6.12252 77.756 -2.5
    endloop
  endfacet
  facet normal 0.146738 -0.989175 0
    outer loop
      vertex 6.24386 77.774 -2.5
      vertex 6.12252 77.756 -4.5
      vertex 6.24386 77.774 -4.5
    endloop
  endfacet
  facet normal 0.941561 0.336842 0
    outer loop
      vertex 7.19617 79.3629 -2.5
      vertex 7.15485 79.4784 -4.5
      vertex 7.15485 79.4784 -2.5
    endloop
  endfacet
  facet normal 0.941561 0.336842 0
    outer loop
      vertex 7.15485 79.4784 -4.5
      vertex 7.19617 79.3629 -2.5
      vertex 7.19617 79.3629 -4.5
    endloop
  endfacet
  facet normal 0.857924 -0.513777 0
    outer loop
      vertex 7.03934 78.3055 -2.5
      vertex 7.1024 78.4108 -4.5
      vertex 7.1024 78.4108 -2.5
    endloop
  endfacet
  facet normal 0.857924 -0.513777 0
    outer loop
      vertex 7.1024 78.4108 -4.5
      vertex 7.03934 78.3055 -2.5
      vertex 7.03934 78.3055 -4.5
    endloop
  endfacet
  facet normal -0.998795 -0.0490836 0
    outer loop
      vertex 4.75602 78.8775 -4.5
      vertex 4.75 79 -2.5
      vertex 4.75 79 -4.5
    endloop
  endfacet
  facet normal -0.998795 -0.0490836 0
    outer loop
      vertex 4.75 79 -2.5
      vertex 4.75602 78.8775 -4.5
      vertex 4.75602 78.8775 -2.5
    endloop
  endfacet
  facet normal 0.941561 -0.336842 0
    outer loop
      vertex 7.15485 78.5216 -2.5
      vertex 7.19617 78.6371 -4.5
      vertex 7.19617 78.6371 -2.5
    endloop
  endfacet
  facet normal 0.941561 -0.336842 0
    outer loop
      vertex 7.19617 78.6371 -4.5
      vertex 7.15485 78.5216 -2.5
      vertex 7.15485 78.5216 -4.5
    endloop
  endfacet
  facet normal 0.740979 0.671528 0
    outer loop
      vertex 6.96626 79.793 -2.5
      vertex 6.88388 79.8839 -4.5
      vertex 6.88388 79.8839 -2.5
    endloop
  endfacet
  facet normal 0.740979 0.671528 0
    outer loop
      vertex 6.88388 79.8839 -4.5
      vertex 6.96626 79.793 -2.5
      vertex 6.96626 79.793 -4.5
    endloop
  endfacet
  facet normal 0.048913 0.998803 -0
    outer loop
      vertex 6.12252 80.244 -4.5
      vertex 6 80.25 -2.5
      vertex 6.12252 80.244 -2.5
    endloop
  endfacet
  facet normal 0.048913 0.998803 0
    outer loop
      vertex 6 80.25 -2.5
      vertex 6.12252 80.244 -4.5
      vertex 6 80.25 -4.5
    endloop
  endfacet
  facet normal 0.903846 0.427858 0
    outer loop
      vertex 7.15485 79.4784 -2.5
      vertex 7.1024 79.5892 -4.5
      vertex 7.1024 79.5892 -2.5
    endloop
  endfacet
  facet normal 0.903846 0.427858 0
    outer loop
      vertex 7.1024 79.5892 -4.5
      vertex 7.15485 79.4784 -2.5
      vertex 7.15485 79.4784 -4.5
    endloop
  endfacet
  facet normal -0.146738 -0.989175 0
    outer loop
      vertex 5.75614 77.774 -4.5
      vertex 5.87748 77.756 -2.5
      vertex 5.75614 77.774 -2.5
    endloop
  endfacet
  facet normal -0.146738 -0.989175 -0
    outer loop
      vertex 5.87748 77.756 -2.5
      vertex 5.75614 77.774 -4.5
      vertex 5.87748 77.756 -4.5
    endloop
  endfacet
  facet normal 0.671658 -0.740861 0
    outer loop
      vertex 6.79299 78.0337 -4.5
      vertex 6.88388 78.1161 -2.5
      vertex 6.79299 78.0337 -2.5
    endloop
  endfacet
  facet normal 0.671658 -0.740861 0
    outer loop
      vertex 6.88388 78.1161 -2.5
      vertex 6.79299 78.0337 -4.5
      vertex 6.88388 78.1161 -4.5
    endloop
  endfacet
  facet normal -0.048913 -0.998803 0
    outer loop
      vertex 5.87748 77.756 -4.5
      vertex 6 77.75 -2.5
      vertex 5.87748 77.756 -2.5
    endloop
  endfacet
  facet normal -0.048913 -0.998803 -0
    outer loop
      vertex 6 77.75 -2.5
      vertex 5.87748 77.756 -4.5
      vertex 6 77.75 -4.5
    endloop
  endfacet
  facet normal -0.740979 0.671528 0
    outer loop
      vertex 5.03374 79.793 -4.5
      vertex 5.11612 79.8839 -2.5
      vertex 5.11612 79.8839 -4.5
    endloop
  endfacet
  facet normal -0.740979 0.671528 0
    outer loop
      vertex 5.11612 79.8839 -2.5
      vertex 5.03374 79.793 -4.5
      vertex 5.03374 79.793 -2.5
    endloop
  endfacet
  facet normal -0.146738 0.989175 0
    outer loop
      vertex 5.87748 80.244 -4.5
      vertex 5.75614 80.226 -2.5
      vertex 5.87748 80.244 -2.5
    endloop
  endfacet
  facet normal -0.146738 0.989175 0
    outer loop
      vertex 5.75614 80.226 -2.5
      vertex 5.87748 80.244 -4.5
      vertex 5.75614 80.226 -4.5
    endloop
  endfacet
  facet normal -0.903846 0.427858 0
    outer loop
      vertex 4.84515 79.4784 -4.5
      vertex 4.8976 79.5892 -2.5
      vertex 4.8976 79.5892 -4.5
    endloop
  endfacet
  facet normal -0.903846 0.427858 0
    outer loop
      vertex 4.8976 79.5892 -2.5
      vertex 4.84515 79.4784 -4.5
      vertex 4.84515 79.4784 -2.5
    endloop
  endfacet
  facet normal -0.970047 0.242919 0
    outer loop
      vertex 4.77402 79.2439 -4.5
      vertex 4.80382 79.3629 -2.5
      vertex 4.80382 79.3629 -4.5
    endloop
  endfacet
  facet normal -0.970047 0.242919 0
    outer loop
      vertex 4.80382 79.3629 -2.5
      vertex 4.77402 79.2439 -4.5
      vertex 4.77402 79.2439 -2.5
    endloop
  endfacet
  facet normal 0.242938 0.970042 -0
    outer loop
      vertex 6.36285 80.1962 -4.5
      vertex 6.24386 80.226 -2.5
      vertex 6.36285 80.1962 -2.5
    endloop
  endfacet
  facet normal 0.242938 0.970042 0
    outer loop
      vertex 6.24386 80.226 -2.5
      vertex 6.36285 80.1962 -4.5
      vertex 6.24386 80.226 -4.5
    endloop
  endfacet
  facet normal -0.970047 -0.242919 0
    outer loop
      vertex 4.80382 78.6371 -4.5
      vertex 4.77402 78.7561 -2.5
      vertex 4.77402 78.7561 -4.5
    endloop
  endfacet
  facet normal -0.970047 -0.242919 0
    outer loop
      vertex 4.77402 78.7561 -2.5
      vertex 4.80382 78.6371 -4.5
      vertex 4.80382 78.6371 -2.5
    endloop
  endfacet
  facet normal -0.42721 -0.904152 0
    outer loop
      vertex 5.41075 77.8976 -4.5
      vertex 5.52165 77.8452 -2.5
      vertex 5.41075 77.8976 -2.5
    endloop
  endfacet
  facet normal -0.42721 -0.904152 -0
    outer loop
      vertex 5.52165 77.8452 -2.5
      vertex 5.41075 77.8976 -4.5
      vertex 5.52165 77.8452 -4.5
    endloop
  endfacet
  facet normal -0.740979 -0.671528 0
    outer loop
      vertex 5.11612 78.1161 -4.5
      vertex 5.03374 78.207 -2.5
      vertex 5.03374 78.207 -4.5
    endloop
  endfacet
  facet normal -0.740979 -0.671528 0
    outer loop
      vertex 5.03374 78.207 -2.5
      vertex 5.11612 78.1161 -4.5
      vertex 5.11612 78.1161 -2.5
    endloop
  endfacet
  facet normal 0.42721 -0.904152 0
    outer loop
      vertex 6.47835 77.8452 -4.5
      vertex 6.58925 77.8976 -2.5
      vertex 6.47835 77.8452 -2.5
    endloop
  endfacet
  facet normal 0.42721 -0.904152 0
    outer loop
      vertex 6.58925 77.8976 -2.5
      vertex 6.47835 77.8452 -4.5
      vertex 6.58925 77.8976 -4.5
    endloop
  endfacet
  facet normal 0.048913 -0.998803 0
    outer loop
      vertex 6 77.75 -4.5
      vertex 6.12252 77.756 -2.5
      vertex 6 77.75 -2.5
    endloop
  endfacet
  facet normal 0.048913 -0.998803 0
    outer loop
      vertex 6.12252 77.756 -2.5
      vertex 6 77.75 -4.5
      vertex 6.12252 77.756 -4.5
    endloop
  endfacet
  facet normal -0.989186 -0.146667 0
    outer loop
      vertex 4.77402 78.7561 -4.5
      vertex 4.75602 78.8775 -2.5
      vertex 4.75602 78.8775 -4.5
    endloop
  endfacet
  facet normal -0.989186 -0.146667 0
    outer loop
      vertex 4.75602 78.8775 -2.5
      vertex 4.77402 78.7561 -4.5
      vertex 4.77402 78.7561 -2.5
    endloop
  endfacet
  facet normal 0.595306 -0.803499 0
    outer loop
      vertex 6.69446 77.9607 -4.5
      vertex 6.79299 78.0337 -2.5
      vertex 6.69446 77.9607 -2.5
    endloop
  endfacet
  facet normal 0.595306 -0.803499 0
    outer loop
      vertex 6.79299 78.0337 -2.5
      vertex 6.69446 77.9607 -4.5
      vertex 6.79299 78.0337 -4.5
    endloop
  endfacet
  facet normal -0.803101 -0.595844 0
    outer loop
      vertex 5.03374 78.207 -4.5
      vertex 4.96066 78.3055 -2.5
      vertex 4.96066 78.3055 -4.5
    endloop
  endfacet
  facet normal -0.803101 -0.595844 0
    outer loop
      vertex 4.96066 78.3055 -2.5
      vertex 5.03374 78.207 -4.5
      vertex 5.03374 78.207 -2.5
    endloop
  endfacet
  facet normal -0.998795 0.0490836 0
    outer loop
      vertex 4.75 79 -4.5
      vertex 4.75602 79.1225 -2.5
      vertex 4.75602 79.1225 -4.5
    endloop
  endfacet
  facet normal -0.998795 0.0490836 0
    outer loop
      vertex 4.75602 79.1225 -2.5
      vertex 4.75 79 -4.5
      vertex 4.75 79 -2.5
    endloop
  endfacet
  facet normal 0 0 -1
    outer loop
      vertex 7.24398 78.8775 -4.5
      vertex 7.24398 79.1225 -4.5
      vertex 7.25 79 -4.5
    endloop
  endfacet
  facet normal 0 0 -1
    outer loop
      vertex 7.22598 78.7561 -4.5
      vertex 7.24398 79.1225 -4.5
      vertex 7.24398 78.8775 -4.5
    endloop
  endfacet
  facet normal 0 0 -1
    outer loop
      vertex 7.22598 78.7561 -4.5
      vertex 7.22598 79.2439 -4.5
      vertex 7.24398 79.1225 -4.5
    endloop
  endfacet
  facet normal 0 0 -1
    outer loop
      vertex 7.19617 78.6371 -4.5
      vertex 7.22598 79.2439 -4.5
      vertex 7.22598 78.7561 -4.5
    endloop
  endfacet
  facet normal 0 0 -1
    outer loop
      vertex 7.19617 78.6371 -4.5
      vertex 7.19617 79.3629 -4.5
      vertex 7.22598 79.2439 -4.5
    endloop
  endfacet
  facet normal 0 0 -1
    outer loop
      vertex 7.15485 78.5216 -4.5
      vertex 7.19617 79.3629 -4.5
      vertex 7.19617 78.6371 -4.5
    endloop
  endfacet
  facet normal 0 0 -1
    outer loop
      vertex 7.15485 78.5216 -4.5
      vertex 7.15485 79.4784 -4.5
      vertex 7.19617 79.3629 -4.5
    endloop
  endfacet
  facet normal 0 0 -1
    outer loop
      vertex 7.1024 78.4108 -4.5
      vertex 7.15485 79.4784 -4.5
      vertex 7.15485 78.5216 -4.5
    endloop
  endfacet
  facet normal 0 0 -1
    outer loop
      vertex 7.1024 78.4108 -4.5
      vertex 7.1024 79.5892 -4.5
      vertex 7.15485 79.4784 -4.5
    endloop
  endfacet
  facet normal 0 0 -1
    outer loop
      vertex 7.03934 78.3055 -4.5
      vertex 7.1024 79.5892 -4.5
      vertex 7.1024 78.4108 -4.5
    endloop
  endfacet
  facet normal 0 0 -1
    outer loop
      vertex 7.03934 78.3055 -4.5
      vertex 7.03934 79.6945 -4.5
      vertex 7.1024 79.5892 -4.5
    endloop
  endfacet
  facet normal 0 0 -1
    outer loop
      vertex 6.96626 78.207 -4.5
      vertex 7.03934 79.6945 -4.5
      vertex 7.03934 78.3055 -4.5
    endloop
  endfacet
  facet normal 0 0 -1
    outer loop
      vertex 6.96626 78.207 -4.5
      vertex 6.96626 79.793 -4.5
      vertex 7.03934 79.6945 -4.5
    endloop
  endfacet
  facet normal 0 0 -1
    outer loop
      vertex 6.88388 78.1161 -4.5
      vertex 6.96626 79.793 -4.5
      vertex 6.96626 78.207 -4.5
    endloop
  endfacet
  facet normal 0 0 -1
    outer loop
      vertex 6.88388 78.1161 -4.5
      vertex 6.88388 79.8839 -4.5
      vertex 6.96626 79.793 -4.5
    endloop
  endfacet
  facet normal 0 0 -1
    outer loop
      vertex 6.79299 78.0337 -4.5
      vertex 6.88388 79.8839 -4.5
      vertex 6.88388 78.1161 -4.5
    endloop
  endfacet
  facet normal 0 0 -1
    outer loop
      vertex 6.79299 78.0337 -4.5
      vertex 6.79299 79.9663 -4.5
      vertex 6.88388 79.8839 -4.5
    endloop
  endfacet
  facet normal 0 0 -1
    outer loop
      vertex 6.69446 77.9607 -4.5
      vertex 6.79299 79.9663 -4.5
      vertex 6.79299 78.0337 -4.5
    endloop
  endfacet
  facet normal 0 0 -1
    outer loop
      vertex 6.69446 77.9607 -4.5
      vertex 6.69446 80.0393 -4.5
      vertex 6.79299 79.9663 -4.5
    endloop
  endfacet
  facet normal 0 0 -1
    outer loop
      vertex 6.58925 77.8976 -4.5
      vertex 6.69446 80.0393 -4.5
      vertex 6.69446 77.9607 -4.5
    endloop
  endfacet
  facet normal 0 0 -1
    outer loop
      vertex 6.58925 77.8976 -4.5
      vertex 6.58925 80.1024 -4.5
      vertex 6.69446 80.0393 -4.5
    endloop
  endfacet
  facet normal 0 0 -1
    outer loop
      vertex 6.47835 77.8452 -4.5
      vertex 6.58925 80.1024 -4.5
      vertex 6.58925 77.8976 -4.5
    endloop
  endfacet
  facet normal 0 0 -1
    outer loop
      vertex 6.47835 77.8452 -4.5
      vertex 6.47835 80.1548 -4.5
      vertex 6.58925 80.1024 -4.5
    endloop
  endfacet
  facet normal 0 0 -1
    outer loop
      vertex 6.36285 77.8038 -4.5
      vertex 6.47835 80.1548 -4.5
      vertex 6.47835 77.8452 -4.5
    endloop
  endfacet
  facet normal 0 0 -1
    outer loop
      vertex 6.36285 77.8038 -4.5
      vertex 6.36285 80.1962 -4.5
      vertex 6.47835 80.1548 -4.5
    endloop
  endfacet
  facet normal 0 0 -1
    outer loop
      vertex 6.24386 77.774 -4.5
      vertex 6.36285 80.1962 -4.5
      vertex 6.36285 77.8038 -4.5
    endloop
  endfacet
  facet normal 0 0 -1
    outer loop
      vertex 6.24386 77.774 -4.5
      vertex 6.24386 80.226 -4.5
      vertex 6.36285 80.1962 -4.5
    endloop
  endfacet
  facet normal 0 0 -1
    outer loop
      vertex 6.12252 77.756 -4.5
      vertex 6.24386 80.226 -4.5
      vertex 6.24386 77.774 -4.5
    endloop
  endfacet
  facet normal 0 0 -1
    outer loop
      vertex 6.12252 77.756 -4.5
      vertex 6.12252 80.244 -4.5
      vertex 6.24386 80.226 -4.5
    endloop
  endfacet
  facet normal 0 0 -1
    outer loop
      vertex 6 77.75 -4.5
      vertex 6.12252 80.244 -4.5
      vertex 6.12252 77.756 -4.5
    endloop
  endfacet
  facet normal 0 0 -1
    outer loop
      vertex 6 77.75 -4.5
      vertex 6 80.25 -4.5
      vertex 6.12252 80.244 -4.5
    endloop
  endfacet
  facet normal 0 0 -1
    outer loop
      vertex 5.87748 77.756 -4.5
      vertex 6 80.25 -4.5
      vertex 6 77.75 -4.5
    endloop
  endfacet
  facet normal 0 0 -1
    outer loop
      vertex 5.87748 77.756 -4.5
      vertex 5.87748 80.244 -4.5
      vertex 6 80.25 -4.5
    endloop
  endfacet
  facet normal 0 0 -1
    outer loop
      vertex 5.75614 77.774 -4.5
      vertex 5.87748 80.244 -4.5
      vertex 5.87748 77.756 -4.5
    endloop
  endfacet
  facet normal 0 0 -1
    outer loop
      vertex 5.75614 77.774 -4.5
      vertex 5.75614 80.226 -4.5
      vertex 5.87748 80.244 -4.5
    endloop
  endfacet
  facet normal 0 0 -1
    outer loop
      vertex 5.63714 77.8038 -4.5
      vertex 5.75614 80.226 -4.5
      vertex 5.75614 77.774 -4.5
    endloop
  endfacet
  facet normal 0 0 -1
    outer loop
      vertex 5.63714 77.8038 -4.5
      vertex 5.63714 80.1962 -4.5
      vertex 5.75614 80.226 -4.5
    endloop
  endfacet
  facet normal 0 0 -1
    outer loop
      vertex 5.52165 77.8452 -4.5
      vertex 5.63714 80.1962 -4.5
      vertex 5.63714 77.8038 -4.5
    endloop
  endfacet
  facet normal 0 0 -1
    outer loop
      vertex 5.52165 77.8452 -4.5
      vertex 5.52165 80.1548 -4.5
      vertex 5.63714 80.1962 -4.5
    endloop
  endfacet
  facet normal 0 0 -1
    outer loop
      vertex 5.41075 77.8976 -4.5
      vertex 5.52165 80.1548 -4.5
      vertex 5.52165 77.8452 -4.5
    endloop
  endfacet
  facet normal 0 0 -1
    outer loop
      vertex 5.41075 77.8976 -4.5
      vertex 5.41075 80.1024 -4.5
      vertex 5.52165 80.1548 -4.5
    endloop
  endfacet
  facet normal 0 0 -1
    outer loop
      vertex 5.30554 77.9607 -4.5
      vertex 5.41075 80.1024 -4.5
      vertex 5.41075 77.8976 -4.5
    endloop
  endfacet
  facet normal 0 0 -1
    outer loop
      vertex 5.30554 77.9607 -4.5
      vertex 5.30554 80.0393 -4.5
      vertex 5.41075 80.1024 -4.5
    endloop
  endfacet
  facet normal 0 0 -1
    outer loop
      vertex 5.20701 78.0337 -4.5
      vertex 5.30554 80.0393 -4.5
      vertex 5.30554 77.9607 -4.5
    endloop
  endfacet
  facet normal 0 0 -1
    outer loop
      vertex 5.20701 78.0337 -4.5
      vertex 5.20701 79.9663 -4.5
      vertex 5.30554 80.0393 -4.5
    endloop
  endfacet
  facet normal 0 0 -1
    outer loop
      vertex 5.11612 78.1161 -4.5
      vertex 5.20701 79.9663 -4.5
      vertex 5.20701 78.0337 -4.5
    endloop
  endfacet
  facet normal 0 0 -1
    outer loop
      vertex 5.11612 78.1161 -4.5
      vertex 5.11612 79.8839 -4.5
      vertex 5.20701 79.9663 -4.5
    endloop
  endfacet
  facet normal 0 0 -1
    outer loop
      vertex 5.03374 78.207 -4.5
      vertex 5.11612 79.8839 -4.5
      vertex 5.11612 78.1161 -4.5
    endloop
  endfacet
  facet normal 0 0 -1
    outer loop
      vertex 5.03374 78.207 -4.5
      vertex 5.03374 79.793 -4.5
      vertex 5.11612 79.8839 -4.5
    endloop
  endfacet
  facet normal 0 0 -1
    outer loop
      vertex 4.96066 78.3055 -4.5
      vertex 5.03374 79.793 -4.5
      vertex 5.03374 78.207 -4.5
    endloop
  endfacet
  facet normal 0 0 -1
    outer loop
      vertex 4.96066 78.3055 -4.5
      vertex 4.96066 79.6945 -4.5
      vertex 5.03374 79.793 -4.5
    endloop
  endfacet
  facet normal 0 0 -1
    outer loop
      vertex 4.8976 78.4108 -4.5
      vertex 4.96066 79.6945 -4.5
      vertex 4.96066 78.3055 -4.5
    endloop
  endfacet
  facet normal 0 0 -1
    outer loop
      vertex 4.8976 78.4108 -4.5
      vertex 4.8976 79.5892 -4.5
      vertex 4.96066 79.6945 -4.5
    endloop
  endfacet
  facet normal 0 0 -1
    outer loop
      vertex 4.84515 78.5216 -4.5
      vertex 4.8976 79.5892 -4.5
      vertex 4.8976 78.4108 -4.5
    endloop
  endfacet
  facet normal 0 0 -1
    outer loop
      vertex 4.84515 78.5216 -4.5
      vertex 4.84515 79.4784 -4.5
      vertex 4.8976 79.5892 -4.5
    endloop
  endfacet
  facet normal 0 0 -1
    outer loop
      vertex 4.80382 78.6371 -4.5
      vertex 4.84515 79.4784 -4.5
      vertex 4.84515 78.5216 -4.5
    endloop
  endfacet
  facet normal 0 0 -1
    outer loop
      vertex 4.80382 78.6371 -4.5
      vertex 4.80382 79.3629 -4.5
      vertex 4.84515 79.4784 -4.5
    endloop
  endfacet
  facet normal 0 0 -1
    outer loop
      vertex 4.77402 78.7561 -4.5
      vertex 4.80382 79.3629 -4.5
      vertex 4.80382 78.6371 -4.5
    endloop
  endfacet
  facet normal 0 0 -1
    outer loop
      vertex 4.77402 78.7561 -4.5
      vertex 4.77402 79.2439 -4.5
      vertex 4.80382 79.3629 -4.5
    endloop
  endfacet
  facet normal 0 0 -1
    outer loop
      vertex 4.75602 78.8775 -4.5
      vertex 4.77402 79.2439 -4.5
      vertex 4.77402 78.7561 -4.5
    endloop
  endfacet
  facet normal 0 0 -1
    outer loop
      vertex 4.75602 78.8775 -4.5
      vertex 4.75602 79.1225 -4.5
      vertex 4.77402 79.2439 -4.5
    endloop
  endfacet
  facet normal 0 -0 -1
    outer loop
      vertex 4.75602 79.1225 -4.5
      vertex 4.75602 78.8775 -4.5
      vertex 4.75 79 -4.5
    endloop
  endfacet
  facet normal 0.740979 -0.671528 0
    outer loop
      vertex 6.88388 78.1161 -2.5
      vertex 6.96626 78.207 -4.5
      vertex 6.96626 78.207 -2.5
    endloop
  endfacet
  facet normal 0.740979 -0.671528 0
    outer loop
      vertex 6.96626 78.207 -4.5
      vertex 6.88388 78.1161 -2.5
      vertex 6.88388 78.1161 -4.5
    endloop
  endfacet
  facet normal -0.903846 -0.427858 0
    outer loop
      vertex 4.8976 90.4108 -4.5
      vertex 4.84515 90.5216 -2.5
      vertex 4.84515 90.5216 -4.5
    endloop
  endfacet
  facet normal -0.903846 -0.427858 0
    outer loop
      vertex 4.84515 90.5216 -2.5
      vertex 4.8976 90.4108 -4.5
      vertex 4.8976 90.4108 -2.5
    endloop
  endfacet
  facet normal 0.857924 0.513777 0
    outer loop
      vertex 7.1024 91.5892 -2.5
      vertex 7.03934 91.6945 -4.5
      vertex 7.03934 91.6945 -2.5
    endloop
  endfacet
  facet normal 0.857924 0.513777 0
    outer loop
      vertex 7.03934 91.6945 -4.5
      vertex 7.1024 91.5892 -2.5
      vertex 7.1024 91.5892 -4.5
    endloop
  endfacet
  facet normal 0.740979 0.671528 0
    outer loop
      vertex 6.96626 91.793 -2.5
      vertex 6.88388 91.8839 -4.5
      vertex 6.88388 91.8839 -2.5
    endloop
  endfacet
  facet normal 0.740979 0.671528 0
    outer loop
      vertex 6.88388 91.8839 -4.5
      vertex 6.96626 91.793 -2.5
      vertex 6.96626 91.793 -4.5
    endloop
  endfacet
  facet normal 0.941561 0.336842 0
    outer loop
      vertex 7.19617 91.3629 -2.5
      vertex 7.15485 91.4784 -4.5
      vertex 7.15485 91.4784 -2.5
    endloop
  endfacet
  facet normal 0.941561 0.336842 0
    outer loop
      vertex 7.15485 91.4784 -4.5
      vertex 7.19617 91.3629 -2.5
      vertex 7.19617 91.3629 -4.5
    endloop
  endfacet
  facet normal -0.42721 -0.904152 0
    outer loop
      vertex 5.41075 89.8976 -4.5
      vertex 5.52165 89.8452 -2.5
      vertex 5.41075 89.8976 -2.5
    endloop
  endfacet
  facet normal -0.42721 -0.904152 -0
    outer loop
      vertex 5.52165 89.8452 -2.5
      vertex 5.41075 89.8976 -4.5
      vertex 5.52165 89.8452 -4.5
    endloop
  endfacet
  facet normal -0.857924 -0.513777 0
    outer loop
      vertex 4.96066 90.3055 -4.5
      vertex 4.8976 90.4108 -2.5
      vertex 4.8976 90.4108 -4.5
    endloop
  endfacet
  facet normal -0.857924 -0.513777 0
    outer loop
      vertex 4.8976 90.4108 -2.5
      vertex 4.96066 90.3055 -4.5
      vertex 4.96066 90.3055 -2.5
    endloop
  endfacet
  facet normal -0.146738 -0.989175 0
    outer loop
      vertex 5.75614 89.774 -4.5
      vertex 5.87748 89.756 -2.5
      vertex 5.75614 89.774 -2.5
    endloop
  endfacet
  facet normal -0.146738 -0.989175 -0
    outer loop
      vertex 5.87748 89.756 -2.5
      vertex 5.75614 89.774 -4.5
      vertex 5.87748 89.756 -4.5
    endloop
  endfacet
  facet normal -0.595306 0.803499 0
    outer loop
      vertex 5.30554 92.0393 -4.5
      vertex 5.20701 91.9663 -2.5
      vertex 5.30554 92.0393 -2.5
    endloop
  endfacet
  facet normal -0.595306 0.803499 0
    outer loop
      vertex 5.20701 91.9663 -2.5
      vertex 5.30554 92.0393 -4.5
      vertex 5.20701 91.9663 -4.5
    endloop
  endfacet
  facet normal -0.740979 0.671528 0
    outer loop
      vertex 5.03374 91.793 -4.5
      vertex 5.11612 91.8839 -2.5
      vertex 5.11612 91.8839 -4.5
    endloop
  endfacet
  facet normal -0.740979 0.671528 0
    outer loop
      vertex 5.11612 91.8839 -2.5
      vertex 5.03374 91.793 -4.5
      vertex 5.03374 91.793 -2.5
    endloop
  endfacet
  facet normal 0.671658 0.740861 -0
    outer loop
      vertex 6.88388 91.8839 -4.5
      vertex 6.79299 91.9663 -2.5
      vertex 6.88388 91.8839 -2.5
    endloop
  endfacet
  facet normal 0.671658 0.740861 0
    outer loop
      vertex 6.79299 91.9663 -2.5
      vertex 6.88388 91.8839 -4.5
      vertex 6.79299 91.9663 -4.5
    endloop
  endfacet
  facet normal -0.242919 0.970047 0
    outer loop
      vertex 5.75614 92.226 -4.5
      vertex 5.63714 92.1962 -2.5
      vertex 5.75614 92.226 -2.5
    endloop
  endfacet
  facet normal -0.242919 0.970047 0
    outer loop
      vertex 5.63714 92.1962 -2.5
      vertex 5.75614 92.226 -4.5
      vertex 5.63714 92.1962 -4.5
    endloop
  endfacet
  facet normal 0.803101 -0.595844 0
    outer loop
      vertex 6.96626 90.207 -2.5
      vertex 7.03934 90.3055 -4.5
      vertex 7.03934 90.3055 -2.5
    endloop
  endfacet
  facet normal 0.803101 -0.595844 0
    outer loop
      vertex 7.03934 90.3055 -4.5
      vertex 6.96626 90.207 -2.5
      vertex 6.96626 90.207 -4.5
    endloop
  endfacet
  facet normal -0.671658 -0.740861 0
    outer loop
      vertex 5.11612 90.1161 -4.5
      vertex 5.20701 90.0337 -2.5
      vertex 5.11612 90.1161 -2.5
    endloop
  endfacet
  facet normal -0.671658 -0.740861 -0
    outer loop
      vertex 5.20701 90.0337 -2.5
      vertex 5.11612 90.1161 -4.5
      vertex 5.20701 90.0337 -4.5
    endloop
  endfacet
  facet normal -0.740979 -0.671528 0
    outer loop
      vertex 5.11612 90.1161 -4.5
      vertex 5.03374 90.207 -2.5
      vertex 5.03374 90.207 -4.5
    endloop
  endfacet
  facet normal -0.740979 -0.671528 0
    outer loop
      vertex 5.03374 90.207 -2.5
      vertex 5.11612 90.1161 -4.5
      vertex 5.11612 90.1161 -2.5
    endloop
  endfacet
  facet normal 0.970027 0.242996 0
    outer loop
      vertex 7.22598 91.2439 -2.5
      vertex 7.19617 91.3629 -4.5
      vertex 7.19617 91.3629 -2.5
    endloop
  endfacet
  facet normal 0.970027 0.242996 0
    outer loop
      vertex 7.19617 91.3629 -4.5
      vertex 7.22598 91.2439 -2.5
      vertex 7.22598 91.2439 -4.5
    endloop
  endfacet
  facet normal 0.42721 -0.904152 0
    outer loop
      vertex 6.47835 89.8452 -4.5
      vertex 6.58925 89.8976 -2.5
      vertex 6.47835 89.8452 -2.5
    endloop
  endfacet
  facet normal 0.42721 -0.904152 0
    outer loop
      vertex 6.58925 89.8976 -2.5
      vertex 6.47835 89.8452 -4.5
      vertex 6.58925 89.8976 -4.5
    endloop
  endfacet
  facet normal -0.42721 0.904152 0
    outer loop
      vertex 5.52165 92.1548 -4.5
      vertex 5.41075 92.1024 -2.5
      vertex 5.52165 92.1548 -2.5
    endloop
  endfacet
  facet normal -0.42721 0.904152 0
    outer loop
      vertex 5.41075 92.1024 -2.5
      vertex 5.52165 92.1548 -4.5
      vertex 5.41075 92.1024 -4.5
    endloop
  endfacet
  facet normal 0.33742 0.941354 -0
    outer loop
      vertex 6.47835 92.1548 -4.5
      vertex 6.36285 92.1962 -2.5
      vertex 6.47835 92.1548 -2.5
    endloop
  endfacet
  facet normal 0.33742 0.941354 0
    outer loop
      vertex 6.36285 92.1962 -2.5
      vertex 6.47835 92.1548 -4.5
      vertex 6.36285 92.1962 -4.5
    endloop
  endfacet
  facet normal 0.989186 -0.146667 0
    outer loop
      vertex 7.22598 90.7561 -2.5
      vertex 7.24398 90.8775 -4.5
      vertex 7.24398 90.8775 -2.5
    endloop
  endfacet
  facet normal 0.989186 -0.146667 0
    outer loop
      vertex 7.24398 90.8775 -4.5
      vertex 7.22598 90.7561 -2.5
      vertex 7.22598 90.7561 -4.5
    endloop
  endfacet
  facet normal -0.337446 -0.941345 0
    outer loop
      vertex 5.52165 89.8452 -4.5
      vertex 5.63714 89.8038 -2.5
      vertex 5.52165 89.8452 -2.5
    endloop
  endfacet
  facet normal -0.337446 -0.941345 -0
    outer loop
      vertex 5.63714 89.8038 -2.5
      vertex 5.52165 89.8452 -4.5
      vertex 5.63714 89.8038 -4.5
    endloop
  endfacet
  facet normal 0.048913 -0.998803 0
    outer loop
      vertex 6 89.75 -4.5
      vertex 6.12252 89.756 -2.5
      vertex 6 89.75 -2.5
    endloop
  endfacet
  facet normal 0.048913 -0.998803 0
    outer loop
      vertex 6.12252 89.756 -2.5
      vertex 6 89.75 -4.5
      vertex 6.12252 89.756 -4.5
    endloop
  endfacet
  facet normal -0.048913 0.998803 0
    outer loop
      vertex 6 92.25 -4.5
      vertex 5.87748 92.244 -2.5
      vertex 6 92.25 -2.5
    endloop
  endfacet
  facet normal -0.048913 0.998803 0
    outer loop
      vertex 5.87748 92.244 -2.5
      vertex 6 92.25 -4.5
      vertex 5.87748 92.244 -4.5
    endloop
  endfacet
  facet normal 0.998795 0.0490836 0
    outer loop
      vertex 7.25 91 -2.5
      vertex 7.24398 91.1225 -4.5
      vertex 7.24398 91.1225 -2.5
    endloop
  endfacet
  facet normal 0.998795 0.0490836 0
    outer loop
      vertex 7.24398 91.1225 -4.5
      vertex 7.25 91 -2.5
      vertex 7.25 91 -4.5
    endloop
  endfacet
  facet normal 0.048913 0.998803 -0
    outer loop
      vertex 6.12252 92.244 -4.5
      vertex 6 92.25 -2.5
      vertex 6.12252 92.244 -2.5
    endloop
  endfacet
  facet normal 0.048913 0.998803 0
    outer loop
      vertex 6 92.25 -2.5
      vertex 6.12252 92.244 -4.5
      vertex 6 92.25 -4.5
    endloop
  endfacet
  facet normal 0.242938 0.970042 -0
    outer loop
      vertex 6.36285 92.1962 -4.5
      vertex 6.24386 92.226 -2.5
      vertex 6.36285 92.1962 -2.5
    endloop
  endfacet
  facet normal 0.242938 0.970042 0
    outer loop
      vertex 6.24386 92.226 -2.5
      vertex 6.36285 92.1962 -4.5
      vertex 6.24386 92.226 -4.5
    endloop
  endfacet
  facet normal 0.989186 0.146667 0
    outer loop
      vertex 7.24398 91.1225 -2.5
      vertex 7.22598 91.2439 -4.5
      vertex 7.22598 91.2439 -2.5
    endloop
  endfacet
  facet normal 0.989186 0.146667 0
    outer loop
      vertex 7.22598 91.2439 -4.5
      vertex 7.24398 91.1225 -2.5
      vertex 7.24398 91.1225 -4.5
    endloop
  endfacet
  facet normal 0.51434 0.857586 -0
    outer loop
      vertex 6.69446 92.0393 -4.5
      vertex 6.58925 92.1024 -2.5
      vertex 6.69446 92.0393 -2.5
    endloop
  endfacet
  facet normal 0.51434 0.857586 0
    outer loop
      vertex 6.58925 92.1024 -2.5
      vertex 6.69446 92.0393 -4.5
      vertex 6.58925 92.1024 -4.5
    endloop
  endfacet
  facet normal 0.903846 0.427858 0
    outer loop
      vertex 7.15485 91.4784 -2.5
      vertex 7.1024 91.5892 -4.5
      vertex 7.1024 91.5892 -2.5
    endloop
  endfacet
  facet normal 0.903846 0.427858 0
    outer loop
      vertex 7.1024 91.5892 -4.5
      vertex 7.15485 91.4784 -2.5
      vertex 7.15485 91.4784 -4.5
    endloop
  endfacet
  facet normal 0.970027 -0.242996 0
    outer loop
      vertex 7.19617 90.6371 -2.5
      vertex 7.22598 90.7561 -4.5
      vertex 7.22598 90.7561 -2.5
    endloop
  endfacet
  facet normal 0.970027 -0.242996 0
    outer loop
      vertex 7.22598 90.7561 -4.5
      vertex 7.19617 90.6371 -2.5
      vertex 7.19617 90.6371 -4.5
    endloop
  endfacet
  facet normal -0.242919 -0.970047 0
    outer loop
      vertex 5.63714 89.8038 -4.5
      vertex 5.75614 89.774 -2.5
      vertex 5.63714 89.8038 -2.5
    endloop
  endfacet
  facet normal -0.242919 -0.970047 -0
    outer loop
      vertex 5.75614 89.774 -2.5
      vertex 5.63714 89.8038 -4.5
      vertex 5.75614 89.774 -4.5
    endloop
  endfacet
  facet normal -0.048913 -0.998803 0
    outer loop
      vertex 5.87748 89.756 -4.5
      vertex 6 89.75 -2.5
      vertex 5.87748 89.756 -2.5
    endloop
  endfacet
  facet normal -0.048913 -0.998803 -0
    outer loop
      vertex 6 89.75 -2.5
      vertex 5.87748 89.756 -4.5
      vertex 6 89.75 -4.5
    endloop
  endfacet
  facet normal -0.989186 -0.146667 0
    outer loop
      vertex 4.77402 90.7561 -4.5
      vertex 4.75602 90.8775 -2.5
      vertex 4.75602 90.8775 -4.5
    endloop
  endfacet
  facet normal -0.989186 -0.146667 0
    outer loop
      vertex 4.75602 90.8775 -2.5
      vertex 4.77402 90.7561 -4.5
      vertex 4.77402 90.7561 -2.5
    endloop
  endfacet
  facet normal -0.803101 0.595844 0
    outer loop
      vertex 4.96066 91.6945 -4.5
      vertex 5.03374 91.793 -2.5
      vertex 5.03374 91.793 -4.5
    endloop
  endfacet
  facet normal -0.803101 0.595844 0
    outer loop
      vertex 5.03374 91.793 -2.5
      vertex 4.96066 91.6945 -4.5
      vertex 4.96066 91.6945 -2.5
    endloop
  endfacet
  facet normal 0.146738 -0.989175 0
    outer loop
      vertex 6.12252 89.756 -4.5
      vertex 6.24386 89.774 -2.5
      vertex 6.12252 89.756 -2.5
    endloop
  endfacet
  facet normal 0.146738 -0.989175 0
    outer loop
      vertex 6.24386 89.774 -2.5
      vertex 6.12252 89.756 -4.5
      vertex 6.24386 89.774 -4.5
    endloop
  endfacet
  facet normal 0.998795 -0.0490836 0
    outer loop
      vertex 7.24398 90.8775 -2.5
      vertex 7.25 91 -4.5
      vertex 7.25 91 -2.5
    endloop
  endfacet
  facet normal 0.998795 -0.0490836 0
    outer loop
      vertex 7.25 91 -4.5
      vertex 7.24398 90.8775 -2.5
      vertex 7.24398 90.8775 -4.5
    endloop
  endfacet
  facet normal -0.941535 0.336915 0
    outer loop
      vertex 4.80382 91.3629 -4.5
      vertex 4.84515 91.4784 -2.5
      vertex 4.84515 91.4784 -4.5
    endloop
  endfacet
  facet normal -0.941535 0.336915 0
    outer loop
      vertex 4.84515 91.4784 -2.5
      vertex 4.80382 91.3629 -4.5
      vertex 4.80382 91.3629 -2.5
    endloop
  endfacet
  facet normal 0.242938 -0.970042 0
    outer loop
      vertex 6.24386 89.774 -4.5
      vertex 6.36285 89.8038 -2.5
      vertex 6.24386 89.774 -2.5
    endloop
  endfacet
  facet normal 0.242938 -0.970042 0
    outer loop
      vertex 6.36285 89.8038 -2.5
      vertex 6.24386 89.774 -4.5
      vertex 6.36285 89.8038 -4.5
    endloop
  endfacet
  facet normal 0.671658 -0.740861 0
    outer loop
      vertex 6.79299 90.0337 -4.5
      vertex 6.88388 90.1161 -2.5
      vertex 6.79299 90.0337 -2.5
    endloop
  endfacet
  facet normal 0.671658 -0.740861 0
    outer loop
      vertex 6.88388 90.1161 -2.5
      vertex 6.79299 90.0337 -4.5
      vertex 6.88388 90.1161 -4.5
    endloop
  endfacet
  facet normal -0.998795 -0.0490836 0
    outer loop
      vertex 4.75602 90.8775 -4.5
      vertex 4.75 91 -2.5
      vertex 4.75 91 -4.5
    endloop
  endfacet
  facet normal -0.998795 -0.0490836 0
    outer loop
      vertex 4.75 91 -2.5
      vertex 4.75602 90.8775 -4.5
      vertex 4.75602 90.8775 -2.5
    endloop
  endfacet
  facet normal -0.998795 0.0490836 0
    outer loop
      vertex 4.75 91 -4.5
      vertex 4.75602 91.1225 -2.5
      vertex 4.75602 91.1225 -4.5
    endloop
  endfacet
  facet normal -0.998795 0.0490836 0
    outer loop
      vertex 4.75602 91.1225 -2.5
      vertex 4.75 91 -4.5
      vertex 4.75 91 -2.5
    endloop
  endfacet
  facet normal -0.970047 -0.242919 0
    outer loop
      vertex 4.80382 90.6371 -4.5
      vertex 4.77402 90.7561 -2.5
      vertex 4.77402 90.7561 -4.5
    endloop
  endfacet
  facet normal -0.970047 -0.242919 0
    outer loop
      vertex 4.77402 90.7561 -2.5
      vertex 4.80382 90.6371 -4.5
      vertex 4.80382 90.6371 -2.5
    endloop
  endfacet
  facet normal 0.857924 -0.513777 0
    outer loop
      vertex 7.03934 90.3055 -2.5
      vertex 7.1024 90.4108 -4.5
      vertex 7.1024 90.4108 -2.5
    endloop
  endfacet
  facet normal 0.857924 -0.513777 0
    outer loop
      vertex 7.1024 90.4108 -4.5
      vertex 7.03934 90.3055 -2.5
      vertex 7.03934 90.3055 -4.5
    endloop
  endfacet
  facet normal 0.33742 -0.941354 0
    outer loop
      vertex 6.36285 89.8038 -4.5
      vertex 6.47835 89.8452 -2.5
      vertex 6.36285 89.8038 -2.5
    endloop
  endfacet
  facet normal 0.33742 -0.941354 0
    outer loop
      vertex 6.47835 89.8452 -2.5
      vertex 6.36285 89.8038 -4.5
      vertex 6.47835 89.8452 -4.5
    endloop
  endfacet
  facet normal 0.803101 0.595844 0
    outer loop
      vertex 7.03934 91.6945 -2.5
      vertex 6.96626 91.793 -4.5
      vertex 6.96626 91.793 -2.5
    endloop
  endfacet
  facet normal 0.803101 0.595844 0
    outer loop
      vertex 6.96626 91.793 -4.5
      vertex 7.03934 91.6945 -2.5
      vertex 7.03934 91.6945 -4.5
    endloop
  endfacet
  facet normal -0.803101 -0.595844 0
    outer loop
      vertex 5.03374 90.207 -4.5
      vertex 4.96066 90.3055 -2.5
      vertex 4.96066 90.3055 -4.5
    endloop
  endfacet
  facet normal -0.803101 -0.595844 0
    outer loop
      vertex 4.96066 90.3055 -2.5
      vertex 5.03374 90.207 -4.5
      vertex 5.03374 90.207 -2.5
    endloop
  endfacet
  facet normal 0.941561 -0.336842 0
    outer loop
      vertex 7.15485 90.5216 -2.5
      vertex 7.19617 90.6371 -4.5
      vertex 7.19617 90.6371 -2.5
    endloop
  endfacet
  facet normal 0.941561 -0.336842 0
    outer loop
      vertex 7.19617 90.6371 -4.5
      vertex 7.15485 90.5216 -2.5
      vertex 7.15485 90.5216 -4.5
    endloop
  endfacet
  facet normal -0.595306 -0.803499 0
    outer loop
      vertex 5.20701 90.0337 -4.5
      vertex 5.30554 89.9607 -2.5
      vertex 5.20701 90.0337 -2.5
    endloop
  endfacet
  facet normal -0.595306 -0.803499 -0
    outer loop
      vertex 5.30554 89.9607 -2.5
      vertex 5.20701 90.0337 -4.5
      vertex 5.30554 89.9607 -4.5
    endloop
  endfacet
  facet normal 0.595306 0.803499 -0
    outer loop
      vertex 6.79299 91.9663 -4.5
      vertex 6.69446 92.0393 -2.5
      vertex 6.79299 91.9663 -2.5
    endloop
  endfacet
  facet normal 0.595306 0.803499 0
    outer loop
      vertex 6.69446 92.0393 -2.5
      vertex 6.79299 91.9663 -4.5
      vertex 6.69446 92.0393 -4.5
    endloop
  endfacet
  facet normal 0.42721 0.904152 -0
    outer loop
      vertex 6.58925 92.1024 -4.5
      vertex 6.47835 92.1548 -2.5
      vertex 6.58925 92.1024 -2.5
    endloop
  endfacet
  facet normal 0.42721 0.904152 0
    outer loop
      vertex 6.47835 92.1548 -2.5
      vertex 6.58925 92.1024 -4.5
      vertex 6.47835 92.1548 -4.5
    endloop
  endfacet
  facet normal -0.671658 0.740861 0
    outer loop
      vertex 5.20701 91.9663 -4.5
      vertex 5.11612 91.8839 -2.5
      vertex 5.20701 91.9663 -2.5
    endloop
  endfacet
  facet normal -0.671658 0.740861 0
    outer loop
      vertex 5.11612 91.8839 -2.5
      vertex 5.20701 91.9663 -4.5
      vertex 5.11612 91.8839 -4.5
    endloop
  endfacet
  facet normal -0.146738 0.989175 0
    outer loop
      vertex 5.87748 92.244 -4.5
      vertex 5.75614 92.226 -2.5
      vertex 5.87748 92.244 -2.5
    endloop
  endfacet
  facet normal -0.146738 0.989175 0
    outer loop
      vertex 5.75614 92.226 -2.5
      vertex 5.87748 92.244 -4.5
      vertex 5.75614 92.226 -4.5
    endloop
  endfacet
  facet normal 0.51434 -0.857586 0
    outer loop
      vertex 6.58925 89.8976 -4.5
      vertex 6.69446 89.9607 -2.5
      vertex 6.58925 89.8976 -2.5
    endloop
  endfacet
  facet normal 0.51434 -0.857586 0
    outer loop
      vertex 6.69446 89.9607 -2.5
      vertex 6.58925 89.8976 -4.5
      vertex 6.69446 89.9607 -4.5
    endloop
  endfacet
  facet normal -0.989186 0.146667 0
    outer loop
      vertex 4.75602 91.1225 -4.5
      vertex 4.77402 91.2439 -2.5
      vertex 4.77402 91.2439 -4.5
    endloop
  endfacet
  facet normal -0.989186 0.146667 0
    outer loop
      vertex 4.77402 91.2439 -2.5
      vertex 4.75602 91.1225 -4.5
      vertex 4.75602 91.1225 -2.5
    endloop
  endfacet
  facet normal -0.970047 0.242919 0
    outer loop
      vertex 4.77402 91.2439 -4.5
      vertex 4.80382 91.3629 -2.5
      vertex 4.80382 91.3629 -4.5
    endloop
  endfacet
  facet normal -0.970047 0.242919 0
    outer loop
      vertex 4.80382 91.3629 -2.5
      vertex 4.77402 91.2439 -4.5
      vertex 4.77402 91.2439 -2.5
    endloop
  endfacet
  facet normal -0.337446 0.941345 0
    outer loop
      vertex 5.63714 92.1962 -4.5
      vertex 5.52165 92.1548 -2.5
      vertex 5.63714 92.1962 -2.5
    endloop
  endfacet
  facet normal -0.337446 0.941345 0
    outer loop
      vertex 5.52165 92.1548 -2.5
      vertex 5.63714 92.1962 -4.5
      vertex 5.52165 92.1548 -4.5
    endloop
  endfacet
  facet normal 0.146738 0.989175 -0
    outer loop
      vertex 6.24386 92.226 -4.5
      vertex 6.12252 92.244 -2.5
      vertex 6.24386 92.226 -2.5
    endloop
  endfacet
  facet normal 0.146738 0.989175 0
    outer loop
      vertex 6.12252 92.244 -2.5
      vertex 6.24386 92.226 -4.5
      vertex 6.12252 92.244 -4.5
    endloop
  endfacet
  facet normal 0 0 -1
    outer loop
      vertex 7.24398 90.8775 -4.5
      vertex 7.24398 91.1225 -4.5
      vertex 7.25 91 -4.5
    endloop
  endfacet
  facet normal 0 0 -1
    outer loop
      vertex 7.22598 90.7561 -4.5
      vertex 7.24398 91.1225 -4.5
      vertex 7.24398 90.8775 -4.5
    endloop
  endfacet
  facet normal 0 0 -1
    outer loop
      vertex 7.22598 90.7561 -4.5
      vertex 7.22598 91.2439 -4.5
      vertex 7.24398 91.1225 -4.5
    endloop
  endfacet
  facet normal 0 0 -1
    outer loop
      vertex 7.19617 90.6371 -4.5
      vertex 7.22598 91.2439 -4.5
      vertex 7.22598 90.7561 -4.5
    endloop
  endfacet
  facet normal 0 0 -1
    outer loop
      vertex 7.19617 90.6371 -4.5
      vertex 7.19617 91.3629 -4.5
      vertex 7.22598 91.2439 -4.5
    endloop
  endfacet
  facet normal 0 0 -1
    outer loop
      vertex 7.15485 90.5216 -4.5
      vertex 7.19617 91.3629 -4.5
      vertex 7.19617 90.6371 -4.5
    endloop
  endfacet
  facet normal 0 0 -1
    outer loop
      vertex 7.15485 90.5216 -4.5
      vertex 7.15485 91.4784 -4.5
      vertex 7.19617 91.3629 -4.5
    endloop
  endfacet
  facet normal 0 0 -1
    outer loop
      vertex 7.1024 90.4108 -4.5
      vertex 7.15485 91.4784 -4.5
      vertex 7.15485 90.5216 -4.5
    endloop
  endfacet
  facet normal 0 0 -1
    outer loop
      vertex 7.1024 90.4108 -4.5
      vertex 7.1024 91.5892 -4.5
      vertex 7.15485 91.4784 -4.5
    endloop
  endfacet
  facet normal 0 0 -1
    outer loop
      vertex 7.03934 90.3055 -4.5
      vertex 7.1024 91.5892 -4.5
      vertex 7.1024 90.4108 -4.5
    endloop
  endfacet
  facet normal 0 0 -1
    outer loop
      vertex 7.03934 90.3055 -4.5
      vertex 7.03934 91.6945 -4.5
      vertex 7.1024 91.5892 -4.5
    endloop
  endfacet
  facet normal 0 0 -1
    outer loop
      vertex 6.96626 90.207 -4.5
      vertex 7.03934 91.6945 -4.5
      vertex 7.03934 90.3055 -4.5
    endloop
  endfacet
  facet normal 0 0 -1
    outer loop
      vertex 6.96626 90.207 -4.5
      vertex 6.96626 91.793 -4.5
      vertex 7.03934 91.6945 -4.5
    endloop
  endfacet
  facet normal 0 0 -1
    outer loop
      vertex 6.88388 90.1161 -4.5
      vertex 6.96626 91.793 -4.5
      vertex 6.96626 90.207 -4.5
    endloop
  endfacet
  facet normal 0 0 -1
    outer loop
      vertex 6.88388 90.1161 -4.5
      vertex 6.88388 91.8839 -4.5
      vertex 6.96626 91.793 -4.5
    endloop
  endfacet
  facet normal 0 0 -1
    outer loop
      vertex 6.79299 90.0337 -4.5
      vertex 6.88388 91.8839 -4.5
      vertex 6.88388 90.1161 -4.5
    endloop
  endfacet
  facet normal 0 0 -1
    outer loop
      vertex 6.79299 90.0337 -4.5
      vertex 6.79299 91.9663 -4.5
      vertex 6.88388 91.8839 -4.5
    endloop
  endfacet
  facet normal 0 0 -1
    outer loop
      vertex 6.69446 89.9607 -4.5
      vertex 6.79299 91.9663 -4.5
      vertex 6.79299 90.0337 -4.5
    endloop
  endfacet
  facet normal 0 0 -1
    outer loop
      vertex 6.69446 89.9607 -4.5
      vertex 6.69446 92.0393 -4.5
      vertex 6.79299 91.9663 -4.5
    endloop
  endfacet
  facet normal 0 0 -1
    outer loop
      vertex 6.58925 89.8976 -4.5
      vertex 6.69446 92.0393 -4.5
      vertex 6.69446 89.9607 -4.5
    endloop
  endfacet
  facet normal 0 0 -1
    outer loop
      vertex 6.58925 89.8976 -4.5
      vertex 6.58925 92.1024 -4.5
      vertex 6.69446 92.0393 -4.5
    endloop
  endfacet
  facet normal 0 0 -1
    outer loop
      vertex 6.47835 89.8452 -4.5
      vertex 6.58925 92.1024 -4.5
      vertex 6.58925 89.8976 -4.5
    endloop
  endfacet
  facet normal 0 0 -1
    outer loop
      vertex 6.47835 89.8452 -4.5
      vertex 6.47835 92.1548 -4.5
      vertex 6.58925 92.1024 -4.5
    endloop
  endfacet
  facet normal 0 0 -1
    outer loop
      vertex 6.36285 89.8038 -4.5
      vertex 6.47835 92.1548 -4.5
      vertex 6.47835 89.8452 -4.5
    endloop
  endfacet
  facet normal 0 0 -1
    outer loop
      vertex 6.36285 89.8038 -4.5
      vertex 6.36285 92.1962 -4.5
      vertex 6.47835 92.1548 -4.5
    endloop
  endfacet
  facet normal 0 0 -1
    outer loop
      vertex 6.24386 89.774 -4.5
      vertex 6.36285 92.1962 -4.5
      vertex 6.36285 89.8038 -4.5
    endloop
  endfacet
  facet normal 0 0 -1
    outer loop
      vertex 6.24386 89.774 -4.5
      vertex 6.24386 92.226 -4.5
      vertex 6.36285 92.1962 -4.5
    endloop
  endfacet
  facet normal 0 0 -1
    outer loop
      vertex 6.12252 89.756 -4.5
      vertex 6.24386 92.226 -4.5
      vertex 6.24386 89.774 -4.5
    endloop
  endfacet
  facet normal 0 0 -1
    outer loop
      vertex 6.12252 89.756 -4.5
      vertex 6.12252 92.244 -4.5
      vertex 6.24386 92.226 -4.5
    endloop
  endfacet
  facet normal 0 0 -1
    outer loop
      vertex 6 89.75 -4.5
      vertex 6.12252 92.244 -4.5
      vertex 6.12252 89.756 -4.5
    endloop
  endfacet
  facet normal 0 0 -1
    outer loop
      vertex 6 89.75 -4.5
      vertex 6 92.25 -4.5
      vertex 6.12252 92.244 -4.5
    endloop
  endfacet
  facet normal 0 0 -1
    outer loop
      vertex 5.87748 89.756 -4.5
      vertex 6 92.25 -4.5
      vertex 6 89.75 -4.5
    endloop
  endfacet
  facet normal 0 0 -1
    outer loop
      vertex 5.87748 89.756 -4.5
      vertex 5.87748 92.244 -4.5
      vertex 6 92.25 -4.5
    endloop
  endfacet
  facet normal 0 0 -1
    outer loop
      vertex 5.75614 89.774 -4.5
      vertex 5.87748 92.244 -4.5
      vertex 5.87748 89.756 -4.5
    endloop
  endfacet
  facet normal 0 0 -1
    outer loop
      vertex 5.75614 89.774 -4.5
      vertex 5.75614 92.226 -4.5
      vertex 5.87748 92.244 -4.5
    endloop
  endfacet
  facet normal 0 0 -1
    outer loop
      vertex 5.63714 89.8038 -4.5
      vertex 5.75614 92.226 -4.5
      vertex 5.75614 89.774 -4.5
    endloop
  endfacet
  facet normal 0 0 -1
    outer loop
      vertex 5.63714 89.8038 -4.5
      vertex 5.63714 92.1962 -4.5
      vertex 5.75614 92.226 -4.5
    endloop
  endfacet
  facet normal 0 0 -1
    outer loop
      vertex 5.52165 89.8452 -4.5
      vertex 5.63714 92.1962 -4.5
      vertex 5.63714 89.8038 -4.5
    endloop
  endfacet
  facet normal 0 0 -1
    outer loop
      vertex 5.52165 89.8452 -4.5
      vertex 5.52165 92.1548 -4.5
      vertex 5.63714 92.1962 -4.5
    endloop
  endfacet
  facet normal 0 0 -1
    outer loop
      vertex 5.41075 89.8976 -4.5
      vertex 5.52165 92.1548 -4.5
      vertex 5.52165 89.8452 -4.5
    endloop
  endfacet
  facet normal 0 0 -1
    outer loop
      vertex 5.41075 89.8976 -4.5
      vertex 5.41075 92.1024 -4.5
      vertex 5.52165 92.1548 -4.5
    endloop
  endfacet
  facet normal 0 0 -1
    outer loop
      vertex 5.30554 89.9607 -4.5
      vertex 5.41075 92.1024 -4.5
      vertex 5.41075 89.8976 -4.5
    endloop
  endfacet
  facet normal 0 0 -1
    outer loop
      vertex 5.30554 89.9607 -4.5
      vertex 5.30554 92.0393 -4.5
      vertex 5.41075 92.1024 -4.5
    endloop
  endfacet
  facet normal 0 0 -1
    outer loop
      vertex 5.20701 90.0337 -4.5
      vertex 5.30554 92.0393 -4.5
      vertex 5.30554 89.9607 -4.5
    endloop
  endfacet
  facet normal 0 0 -1
    outer loop
      vertex 5.20701 90.0337 -4.5
      vertex 5.20701 91.9663 -4.5
      vertex 5.30554 92.0393 -4.5
    endloop
  endfacet
  facet normal 0 0 -1
    outer loop
      vertex 5.11612 90.1161 -4.5
      vertex 5.20701 91.9663 -4.5
      vertex 5.20701 90.0337 -4.5
    endloop
  endfacet
  facet normal 0 0 -1
    outer loop
      vertex 5.11612 90.1161 -4.5
      vertex 5.11612 91.8839 -4.5
      vertex 5.20701 91.9663 -4.5
    endloop
  endfacet
  facet normal 0 0 -1
    outer loop
      vertex 5.03374 90.207 -4.5
      vertex 5.11612 91.8839 -4.5
      vertex 5.11612 90.1161 -4.5
    endloop
  endfacet
  facet normal 0 0 -1
    outer loop
      vertex 5.03374 90.207 -4.5
      vertex 5.03374 91.793 -4.5
      vertex 5.11612 91.8839 -4.5
    endloop
  endfacet
  facet normal 0 0 -1
    outer loop
      vertex 4.96066 90.3055 -4.5
      vertex 5.03374 91.793 -4.5
      vertex 5.03374 90.207 -4.5
    endloop
  endfacet
  facet normal 0 0 -1
    outer loop
      vertex 4.96066 90.3055 -4.5
      vertex 4.96066 91.6945 -4.5
      vertex 5.03374 91.793 -4.5
    endloop
  endfacet
  facet normal 0 0 -1
    outer loop
      vertex 4.8976 90.4108 -4.5
      vertex 4.96066 91.6945 -4.5
      vertex 4.96066 90.3055 -4.5
    endloop
  endfacet
  facet normal 0 0 -1
    outer loop
      vertex 4.8976 90.4108 -4.5
      vertex 4.8976 91.5892 -4.5
      vertex 4.96066 91.6945 -4.5
    endloop
  endfacet
  facet normal 0 0 -1
    outer loop
      vertex 4.84515 90.5216 -4.5
      vertex 4.8976 91.5892 -4.5
      vertex 4.8976 90.4108 -4.5
    endloop
  endfacet
  facet normal 0 0 -1
    outer loop
      vertex 4.84515 90.5216 -4.5
      vertex 4.84515 91.4784 -4.5
      vertex 4.8976 91.5892 -4.5
    endloop
  endfacet
  facet normal 0 0 -1
    outer loop
      vertex 4.80382 90.6371 -4.5
      vertex 4.84515 91.4784 -4.5
      vertex 4.84515 90.5216 -4.5
    endloop
  endfacet
  facet normal 0 0 -1
    outer loop
      vertex 4.80382 90.6371 -4.5
      vertex 4.80382 91.3629 -4.5
      vertex 4.84515 91.4784 -4.5
    endloop
  endfacet
  facet normal 0 0 -1
    outer loop
      vertex 4.77402 90.7561 -4.5
      vertex 4.80382 91.3629 -4.5
      vertex 4.80382 90.6371 -4.5
    endloop
  endfacet
  facet normal 0 0 -1
    outer loop
      vertex 4.77402 90.7561 -4.5
      vertex 4.77402 91.2439 -4.5
      vertex 4.80382 91.3629 -4.5
    endloop
  endfacet
  facet normal 0 0 -1
    outer loop
      vertex 4.75602 90.8775 -4.5
      vertex 4.77402 91.2439 -4.5
      vertex 4.77402 90.7561 -4.5
    endloop
  endfacet
  facet normal 0 0 -1
    outer loop
      vertex 4.75602 90.8775 -4.5
      vertex 4.75602 91.1225 -4.5
      vertex 4.77402 91.2439 -4.5
    endloop
  endfacet
  facet normal 0 -0 -1
    outer loop
      vertex 4.75602 91.1225 -4.5
      vertex 4.75602 90.8775 -4.5
      vertex 4.75 91 -4.5
    endloop
  endfacet
  facet normal 0.740979 -0.671528 0
    outer loop
      vertex 6.88388 90.1161 -2.5
      vertex 6.96626 90.207 -4.5
      vertex 6.96626 90.207 -2.5
    endloop
  endfacet
  facet normal 0.740979 -0.671528 0
    outer loop
      vertex 6.96626 90.207 -4.5
      vertex 6.88388 90.1161 -2.5
      vertex 6.88388 90.1161 -4.5
    endloop
  endfacet
  facet normal -0.857924 0.513777 0
    outer loop
      vertex 4.8976 91.5892 -4.5
      vertex 4.96066 91.6945 -2.5
      vertex 4.96066 91.6945 -4.5
    endloop
  endfacet
  facet normal -0.857924 0.513777 0
    outer loop
      vertex 4.96066 91.6945 -2.5
      vertex 4.8976 91.5892 -4.5
      vertex 4.8976 91.5892 -2.5
    endloop
  endfacet
  facet normal -0.941535 -0.336915 0
    outer loop
      vertex 4.84515 90.5216 -4.5
      vertex 4.80382 90.6371 -2.5
      vertex 4.80382 90.6371 -4.5
    endloop
  endfacet
  facet normal -0.941535 -0.336915 0
    outer loop
      vertex 4.80382 90.6371 -2.5
      vertex 4.84515 90.5216 -4.5
      vertex 4.84515 90.5216 -2.5
    endloop
  endfacet
  facet normal 0.903846 -0.427858 0
    outer loop
      vertex 7.1024 90.4108 -2.5
      vertex 7.15485 90.5216 -4.5
      vertex 7.15485 90.5216 -2.5
    endloop
  endfacet
  facet normal 0.903846 -0.427858 0
    outer loop
      vertex 7.15485 90.5216 -4.5
      vertex 7.1024 90.4108 -2.5
      vertex 7.1024 90.4108 -4.5
    endloop
  endfacet
  facet normal 0.595306 -0.803499 0
    outer loop
      vertex 6.69446 89.9607 -4.5
      vertex 6.79299 90.0337 -2.5
      vertex 6.69446 89.9607 -2.5
    endloop
  endfacet
  facet normal 0.595306 -0.803499 0
    outer loop
      vertex 6.79299 90.0337 -2.5
      vertex 6.69446 89.9607 -4.5
      vertex 6.79299 90.0337 -4.5
    endloop
  endfacet
  facet normal -0.51434 0.857586 0
    outer loop
      vertex 5.41075 92.1024 -4.5
      vertex 5.30554 92.0393 -2.5
      vertex 5.41075 92.1024 -2.5
    endloop
  endfacet
  facet normal -0.51434 0.857586 0
    outer loop
      vertex 5.30554 92.0393 -2.5
      vertex 5.41075 92.1024 -4.5
      vertex 5.30554 92.0393 -4.5
    endloop
  endfacet
  facet normal -0.903846 0.427858 0
    outer loop
      vertex 4.84515 91.4784 -4.5
      vertex 4.8976 91.5892 -2.5
      vertex 4.8976 91.5892 -4.5
    endloop
  endfacet
  facet normal -0.903846 0.427858 0
    outer loop
      vertex 4.8976 91.5892 -2.5
      vertex 4.84515 91.4784 -4.5
      vertex 4.84515 91.4784 -2.5
    endloop
  endfacet
  facet normal -0.51434 -0.857586 0
    outer loop
      vertex 5.30554 89.9607 -4.5
      vertex 5.41075 89.8976 -2.5
      vertex 5.30554 89.9607 -2.5
    endloop
  endfacet
  facet normal -0.51434 -0.857586 -0
    outer loop
      vertex 5.41075 89.8976 -2.5
      vertex 5.30554 89.9607 -4.5
      vertex 5.41075 89.8976 -4.5
    endloop
  endfacet
  facet normal 1 -0 0
    outer loop
      vertex 6 38.5 2.5
      vertex 6 41.5 -2.5
      vertex 6 41.5 2.5
    endloop
  endfacet
  facet normal 1 0 0
    outer loop
      vertex 6 41.5 -2.5
      vertex 6 38.5 2.5
      vertex 6 38.5 -2.5
    endloop
  endfacet
  facet normal -0 0 1
    outer loop
      vertex -6 41.5 2.5
      vertex 6 38.5 2.5
      vertex 6 41.5 2.5
    endloop
  endfacet
  facet normal 0 0 1
    outer loop
      vertex 6 38.5 2.5
      vertex -6 41.5 2.5
      vertex -6 38.5 2.5
    endloop
  endfacet
  facet normal 0 0 -1
    outer loop
      vertex -6 38.5 -2.5
      vertex 6 41.5 -2.5
      vertex 6 38.5 -2.5
    endloop
  endfacet
  facet normal -0 0 -1
    outer loop
      vertex 6 41.5 -2.5
      vertex -6 38.5 -2.5
      vertex -6 41.5 -2.5
    endloop
  endfacet
  facet normal -1 0 0
    outer loop
      vertex -6 38.5 -2.5
      vertex -6 41.5 2.5
      vertex -6 41.5 -2.5
    endloop
  endfacet
  facet normal -1 -0 0
    outer loop
      vertex -6 41.5 2.5
      vertex -6 38.5 -2.5
      vertex -6 38.5 2.5
    endloop
  endfacet
  facet normal 0 1 -0
    outer loop
      vertex 6 41.5 -2.5
      vertex -6 41.5 2.5
      vertex 6 41.5 2.5
    endloop
  endfacet
  facet normal 0 1 0
    outer loop
      vertex -6 41.5 2.5
      vertex 6 41.5 -2.5
      vertex -6 41.5 -2.5
    endloop
  endfacet
  facet normal 0 -1 0
    outer loop
      vertex -6 38.5 -2.5
      vertex 6 38.5 2.5
      vertex -6 38.5 2.5
    endloop
  endfacet
  facet normal 0 -1 -0
    outer loop
      vertex 6 38.5 2.5
      vertex -6 38.5 -2.5
      vertex 6 38.5 -2.5
    endloop
  endfacet
  facet normal 1 -0 0
    outer loop
      vertex 5 54 2.5
      vertex 5 56 -2.5
      vertex 5 56 2.5
    endloop
  endfacet
  facet normal 1 0 0
    outer loop
      vertex 5 56 -2.5
      vertex 5 54 2.5
      vertex 5 54 -2.5
    endloop
  endfacet
  facet normal -0 0 1
    outer loop
      vertex -5 56 2.5
      vertex 5 54 2.5
      vertex 5 56 2.5
    endloop
  endfacet
  facet normal 0 0 1
    outer loop
      vertex 5 54 2.5
      vertex -5 56 2.5
      vertex -5 54 2.5
    endloop
  endfacet
  facet normal 0 0 -1
    outer loop
      vertex -5 54 -2.5
      vertex 5 56 -2.5
      vertex 5 54 -2.5
    endloop
  endfacet
  facet normal -0 0 -1
    outer loop
      vertex 5 56 -2.5
      vertex -5 54 -2.5
      vertex -5 56 -2.5
    endloop
  endfacet
  facet normal -1 0 0
    outer loop
      vertex -5 54 -2.5
      vertex -5 56 2.5
      vertex -5 56 -2.5
    endloop
  endfacet
  facet normal -1 -0 0
    outer loop
      vertex -5 56 2.5
      vertex -5 54 -2.5
      vertex -5 54 2.5
    endloop
  endfacet
  facet normal 0 1 -0
    outer loop
      vertex 5 56 -2.5
      vertex -5 56 2.5
      vertex 5 56 2.5
    endloop
  endfacet
  facet normal 0 1 0
    outer loop
      vertex -5 56 2.5
      vertex 5 56 -2.5
      vertex -5 56 -2.5
    endloop
  endfacet
  facet normal 0 -1 0
    outer loop
      vertex -5 54 -2.5
      vertex 5 54 2.5
      vertex -5 54 2.5
    endloop
  endfacet
  facet normal 0 -1 -0
    outer loop
      vertex 5 54 2.5
      vertex -5 54 -2.5
      vertex 5 54 -2.5
    endloop
  endfacet
  facet normal 1 -0 0
    outer loop
      vertex 7 77.5 5
      vertex 7 82.5 2.5
      vertex 7 82.5 5
    endloop
  endfacet
  facet normal 1 0 0
    outer loop
      vertex 7 82.5 2.5
      vertex 7 77.5 5
      vertex 7 77.5 2.5
    endloop
  endfacet
  facet normal -0 0 1
    outer loop
      vertex -7 82.5 5
      vertex 7 77.5 5
      vertex 7 82.5 5
    endloop
  endfacet
  facet normal 0 0 1
    outer loop
      vertex 7 77.5 5
      vertex -7 82.5 5
      vertex -7 77.5 5
    endloop
  endfacet
  facet normal -1 0 0
    outer loop
      vertex -7 77.5 2.5
      vertex -7 82.5 5
      vertex -7 82.5 2.5
    endloop
  endfacet
  facet normal -1 -0 0
    outer loop
      vertex -7 82.5 5
      vertex -7 77.5 2.5
      vertex -7 77.5 5
    endloop
  endfacet
  facet normal 0 1 -0
    outer loop
      vertex 7 82.5 2.5
      vertex -7 82.5 5
      vertex 7 82.5 5
    endloop
  endfacet
  facet normal 0 1 0
    outer loop
      vertex -7 82.5 5
      vertex 7 82.5 2.5
      vertex -7 82.5 2.5
    endloop
  endfacet
  facet normal 0 -1 0
    outer loop
      vertex -7 77.5 2.5
      vertex 7 77.5 5
      vertex -7 77.5 5
    endloop
  endfacet
  facet normal 0 -1 -0
    outer loop
      vertex 7 77.5 5
      vertex -7 77.5 2.5
      vertex 7 77.5 2.5
    endloop
  endfacet
  facet normal -0.336939 -0.941527 0
    outer loop
      vertex 8.42597 41.1142 1
      vertex 8.56457 41.0646 4
      vertex 8.42597 41.1142 4
    endloop
  endfacet
  facet normal -0.336939 -0.941527 -0
    outer loop
      vertex 8.56457 41.0646 4
      vertex 8.42597 41.1142 1
      vertex 8.56457 41.0646 1
    endloop
  endfacet
  facet normal 0.989174 0.146746 0
    outer loop
      vertex 10.4928 42.647 4
      vertex 10.4712 42.7926 1
      vertex 10.4712 42.7926 4
    endloop
  endfacet
  facet normal 0.989174 0.146746 0
    outer loop
      vertex 10.4712 42.7926 1
      vertex 10.4928 42.647 4
      vertex 10.4928 42.647 1
    endloop
  endfacet
  facet normal 0.998803 0.0489209 0
    outer loop
      vertex 10.5 42.5 4
      vertex 10.4928 42.647 1
      vertex 10.4928 42.647 4
    endloop
  endfacet
  facet normal 0.998803 0.0489209 0
    outer loop
      vertex 10.4928 42.647 1
      vertex 10.5 42.5 4
      vertex 10.5 42.5 1
    endloop
  endfacet
  facet normal 0.969982 0.243175 0
    outer loop
      vertex 10.4712 42.7926 4
      vertex 10.4354 42.9354 1
      vertex 10.4354 42.9354 4
    endloop
  endfacet
  facet normal 0.969982 0.243175 0
    outer loop
      vertex 10.4354 42.9354 1
      vertex 10.4712 42.7926 4
      vertex 10.4712 42.7926 1
    endloop
  endfacet
  facet normal -0.989174 0.146746 0
    outer loop
      vertex 7.50722 42.647 1
      vertex 7.52882 42.7926 4
      vertex 7.52882 42.7926 1
    endloop
  endfacet
  facet normal -0.989174 0.146746 0
    outer loop
      vertex 7.52882 42.7926 4
      vertex 7.50722 42.647 1
      vertex 7.50722 42.647 4
    endloop
  endfacet
  facet normal -0.243191 -0.969978 0
    outer loop
      vertex 8.56457 41.0646 1
      vertex 8.70736 41.0288 4
      vertex 8.56457 41.0646 4
    endloop
  endfacet
  facet normal -0.243191 -0.969978 -0
    outer loop
      vertex 8.70736 41.0288 4
      vertex 8.56457 41.0646 1
      vertex 8.70736 41.0288 1
    endloop
  endfacet
  facet normal 0.33696 0.941519 -0
    outer loop
      vertex 9.57402 43.8858 1
      vertex 9.43543 43.9354 4
      vertex 9.57402 43.8858 4
    endloop
  endfacet
  facet normal 0.33696 0.941519 0
    outer loop
      vertex 9.43543 43.9354 4
      vertex 9.57402 43.8858 1
      vertex 9.43543 43.9354 1
    endloop
  endfacet
  facet normal -0.514216 0.857661 0
    outer loop
      vertex 8.2929 43.8229 1
      vertex 8.16664 43.7472 4
      vertex 8.2929 43.8229 4
    endloop
  endfacet
  facet normal -0.514216 0.857661 0
    outer loop
      vertex 8.16664 43.7472 4
      vertex 8.2929 43.8229 1
      vertex 8.16664 43.7472 1
    endloop
  endfacet
  facet normal -0.90402 -0.427491 0
    outer loop
      vertex 7.67712 41.7929 1
      vertex 7.61418 41.926 4
      vertex 7.61418 41.926 1
    endloop
  endfacet
  facet normal -0.90402 -0.427491 0
    outer loop
      vertex 7.61418 41.926 4
      vertex 7.67712 41.7929 1
      vertex 7.67712 41.7929 4
    endloop
  endfacet
  facet normal -0.243191 0.969978 0
    outer loop
      vertex 8.70736 43.9712 1
      vertex 8.56457 43.9354 4
      vertex 8.70736 43.9712 4
    endloop
  endfacet
  facet normal -0.243191 0.969978 0
    outer loop
      vertex 8.56457 43.9354 4
      vertex 8.70736 43.9712 1
      vertex 8.56457 43.9354 1
    endloop
  endfacet
  facet normal -0.857792 -0.513996 0
    outer loop
      vertex 7.7528 41.6666 1
      vertex 7.67712 41.7929 4
      vertex 7.67712 41.7929 1
    endloop
  endfacet
  facet normal -0.857792 -0.513996 0
    outer loop
      vertex 7.67712 41.7929 4
      vertex 7.7528 41.6666 1
      vertex 7.7528 41.6666 4
    endloop
  endfacet
  facet normal 0.243175 -0.969982 0
    outer loop
      vertex 9.29263 41.0288 1
      vertex 9.43543 41.0646 4
      vertex 9.29263 41.0288 4
    endloop
  endfacet
  facet normal 0.243175 -0.969982 0
    outer loop
      vertex 9.43543 41.0646 4
      vertex 9.29263 41.0288 1
      vertex 9.43543 41.0646 1
    endloop
  endfacet
  facet normal -0.595764 -0.80316 0
    outer loop
      vertex 8.04841 41.3405 1
      vertex 8.16664 41.2528 4
      vertex 8.04841 41.3405 4
    endloop
  endfacet
  facet normal -0.595764 -0.80316 -0
    outer loop
      vertex 8.16664 41.2528 4
      vertex 8.04841 41.3405 1
      vertex 8.16664 41.2528 1
    endloop
  endfacet
  facet normal 0.514216 -0.857661 0
    outer loop
      vertex 9.70709 41.1771 1
      vertex 9.83335 41.2528 4
      vertex 9.70709 41.1771 4
    endloop
  endfacet
  facet normal 0.514216 -0.857661 0
    outer loop
      vertex 9.83335 41.2528 4
      vertex 9.70709 41.1771 1
      vertex 9.83335 41.2528 1
    endloop
  endfacet
  facet normal 0.803088 -0.595861 0
    outer loop
      vertex 10.1595 41.5484 4
      vertex 10.2472 41.6666 1
      vertex 10.2472 41.6666 4
    endloop
  endfacet
  facet normal 0.803088 -0.595861 0
    outer loop
      vertex 10.2472 41.6666 1
      vertex 10.1595 41.5484 4
      vertex 10.1595 41.5484 1
    endloop
  endfacet
  facet normal 0.146746 0.989174 -0
    outer loop
      vertex 9.29263 43.9712 1
      vertex 9.14703 43.9928 4
      vertex 9.29263 43.9712 4
    endloop
  endfacet
  facet normal 0.146746 0.989174 0
    outer loop
      vertex 9.14703 43.9928 4
      vertex 9.29263 43.9712 1
      vertex 9.14703 43.9928 1
    endloop
  endfacet
  facet normal -0.595764 0.80316 0
    outer loop
      vertex 8.16664 43.7472 1
      vertex 8.04841 43.6595 4
      vertex 8.16664 43.7472 4
    endloop
  endfacet
  facet normal -0.595764 0.80316 0
    outer loop
      vertex 8.04841 43.6595 4
      vertex 8.16664 43.7472 1
      vertex 8.04841 43.6595 1
    endloop
  endfacet
  facet normal 0.427347 -0.904088 0
    outer loop
      vertex 9.57402 41.1142 1
      vertex 9.70709 41.1771 4
      vertex 9.57402 41.1142 4
    endloop
  endfacet
  facet normal 0.427347 -0.904088 0
    outer loop
      vertex 9.70709 41.1771 4
      vertex 9.57402 41.1142 1
      vertex 9.70709 41.1771 1
    endloop
  endfacet
  facet normal -0.803153 0.595773 0
    outer loop
      vertex 7.7528 43.3334 1
      vertex 7.84048 43.4516 4
      vertex 7.84048 43.4516 1
    endloop
  endfacet
  facet normal -0.803153 0.595773 0
    outer loop
      vertex 7.84048 43.4516 4
      vertex 7.7528 43.3334 1
      vertex 7.7528 43.3334 4
    endloop
  endfacet
  facet normal 0.989174 -0.146746 0
    outer loop
      vertex 10.4712 42.2074 4
      vertex 10.4928 42.353 1
      vertex 10.4928 42.353 4
    endloop
  endfacet
  facet normal 0.989174 -0.146746 0
    outer loop
      vertex 10.4928 42.353 1
      vertex 10.4712 42.2074 4
      vertex 10.4712 42.2074 1
    endloop
  endfacet
  facet normal -0.941548 0.336879 0
    outer loop
      vertex 7.56459 42.9354 1
      vertex 7.61418 43.074 4
      vertex 7.61418 43.074 1
    endloop
  endfacet
  facet normal -0.941548 0.336879 0
    outer loop
      vertex 7.61418 43.074 4
      vertex 7.56459 42.9354 1
      vertex 7.56459 42.9354 4
    endloop
  endfacet
  facet normal 0.427347 0.904088 -0
    outer loop
      vertex 9.70709 43.8229 1
      vertex 9.57402 43.8858 4
      vertex 9.70709 43.8229 4
    endloop
  endfacet
  facet normal 0.427347 0.904088 0
    outer loop
      vertex 9.57402 43.8858 4
      vertex 9.70709 43.8229 1
      vertex 9.57402 43.8858 1
    endloop
  endfacet
  facet normal -0.941548 -0.336879 0
    outer loop
      vertex 7.61418 41.926 1
      vertex 7.56459 42.0646 4
      vertex 7.56459 42.0646 1
    endloop
  endfacet
  facet normal -0.941548 -0.336879 0
    outer loop
      vertex 7.56459 42.0646 4
      vertex 7.61418 41.926 1
      vertex 7.61418 41.926 4
    endloop
  endfacet
  facet normal 0.969982 -0.243175 0
    outer loop
      vertex 10.4354 42.0646 4
      vertex 10.4712 42.2074 1
      vertex 10.4712 42.2074 4
    endloop
  endfacet
  facet normal 0.969982 -0.243175 0
    outer loop
      vertex 10.4712 42.2074 1
      vertex 10.4354 42.0646 4
      vertex 10.4354 42.0646 1
    endloop
  endfacet
  facet normal -0.048911 0.998803 0
    outer loop
      vertex 9 44 1
      vertex 8.85297 43.9928 4
      vertex 9 44 4
    endloop
  endfacet
  facet normal -0.048911 0.998803 0
    outer loop
      vertex 8.85297 43.9928 4
      vertex 9 44 1
      vertex 8.85297 43.9928 1
    endloop
  endfacet
  facet normal -0.427347 0.904088 0
    outer loop
      vertex 8.42597 43.8858 1
      vertex 8.2929 43.8229 4
      vertex 8.42597 43.8858 4
    endloop
  endfacet
  facet normal -0.427347 0.904088 0
    outer loop
      vertex 8.2929 43.8229 4
      vertex 8.42597 43.8858 1
      vertex 8.2929 43.8229 1
    endloop
  endfacet
  facet normal -0.671353 0.741138 0
    outer loop
      vertex 8.04841 43.6595 1
      vertex 7.93934 43.5607 4
      vertex 8.04841 43.6595 4
    endloop
  endfacet
  facet normal -0.671353 0.741138 0
    outer loop
      vertex 7.93934 43.5607 4
      vertex 8.04841 43.6595 1
      vertex 7.93934 43.5607 1
    endloop
  endfacet
  facet normal 0.33696 -0.941519 0
    outer loop
      vertex 9.43543 41.0646 1
      vertex 9.57402 41.1142 4
      vertex 9.43543 41.0646 4
    endloop
  endfacet
  facet normal 0.33696 -0.941519 0
    outer loop
      vertex 9.57402 41.1142 4
      vertex 9.43543 41.0646 1
      vertex 9.57402 41.1142 1
    endloop
  endfacet
  facet normal -0.336939 0.941527 0
    outer loop
      vertex 8.56457 43.9354 1
      vertex 8.42597 43.8858 4
      vertex 8.56457 43.9354 4
    endloop
  endfacet
  facet normal -0.336939 0.941527 0
    outer loop
      vertex 8.42597 43.8858 4
      vertex 8.56457 43.9354 1
      vertex 8.42597 43.8858 1
    endloop
  endfacet
  facet normal 0.803088 0.595861 0
    outer loop
      vertex 10.2472 43.3334 4
      vertex 10.1595 43.4516 1
      vertex 10.1595 43.4516 4
    endloop
  endfacet
  facet normal 0.803088 0.595861 0
    outer loop
      vertex 10.1595 43.4516 1
      vertex 10.2472 43.3334 4
      vertex 10.2472 43.3334 1
    endloop
  endfacet
  facet normal -0.857792 0.513996 0
    outer loop
      vertex 7.67712 43.2071 1
      vertex 7.7528 43.3334 4
      vertex 7.7528 43.3334 1
    endloop
  endfacet
  facet normal -0.857792 0.513996 0
    outer loop
      vertex 7.7528 43.3334 4
      vertex 7.67712 43.2071 1
      vertex 7.67712 43.2071 4
    endloop
  endfacet
  facet normal 0.998803 -0.0489209 0
    outer loop
      vertex 10.4928 42.353 4
      vertex 10.5 42.5 1
      vertex 10.5 42.5 4
    endloop
  endfacet
  facet normal 0.998803 -0.0489209 0
    outer loop
      vertex 10.5 42.5 1
      vertex 10.4928 42.353 4
      vertex 10.4928 42.353 1
    endloop
  endfacet
  facet normal 0.904125 -0.427269 0
    outer loop
      vertex 10.3229 41.7929 4
      vertex 10.3858 41.926 1
      vertex 10.3858 41.926 4
    endloop
  endfacet
  facet normal 0.904125 -0.427269 0
    outer loop
      vertex 10.3858 41.926 1
      vertex 10.3229 41.7929 4
      vertex 10.3229 41.7929 1
    endloop
  endfacet
  facet normal 0.857733 0.514096 0
    outer loop
      vertex 10.3229 43.2071 4
      vertex 10.2472 43.3334 1
      vertex 10.2472 43.3334 4
    endloop
  endfacet
  facet normal 0.857733 0.514096 0
    outer loop
      vertex 10.2472 43.3334 1
      vertex 10.3229 43.2071 4
      vertex 10.3229 43.2071 1
    endloop
  endfacet
  facet normal 0 0 1
    outer loop
      vertex 10.4928 42.647 4
      vertex 10.4928 42.353 4
      vertex 10.5 42.5 4
    endloop
  endfacet
  facet normal 0 0 1
    outer loop
      vertex 10.4712 42.7926 4
      vertex 10.4928 42.353 4
      vertex 10.4928 42.647 4
    endloop
  endfacet
  facet normal 0 0 1
    outer loop
      vertex 10.4712 42.7926 4
      vertex 10.4712 42.2074 4
      vertex 10.4928 42.353 4
    endloop
  endfacet
  facet normal 0 0 1
    outer loop
      vertex 10.4354 42.9354 4
      vertex 10.4712 42.2074 4
      vertex 10.4712 42.7926 4
    endloop
  endfacet
  facet normal 0 0 1
    outer loop
      vertex 10.4354 42.9354 4
      vertex 10.4354 42.0646 4
      vertex 10.4712 42.2074 4
    endloop
  endfacet
  facet normal 0 0 1
    outer loop
      vertex 10.3858 43.074 4
      vertex 10.4354 42.0646 4
      vertex 10.4354 42.9354 4
    endloop
  endfacet
  facet normal 0 0 1
    outer loop
      vertex 10.3858 43.074 4
      vertex 10.3858 41.926 4
      vertex 10.4354 42.0646 4
    endloop
  endfacet
  facet normal 0 0 1
    outer loop
      vertex 10.3229 43.2071 4
      vertex 10.3858 41.926 4
      vertex 10.3858 43.074 4
    endloop
  endfacet
  facet normal 0 0 1
    outer loop
      vertex 10.3229 43.2071 4
      vertex 10.3229 41.7929 4
      vertex 10.3858 41.926 4
    endloop
  endfacet
  facet normal 0 0 1
    outer loop
      vertex 10.2472 43.3334 4
      vertex 10.3229 41.7929 4
      vertex 10.3229 43.2071 4
    endloop
  endfacet
  facet normal 0 0 1
    outer loop
      vertex 10.2472 43.3334 4
      vertex 10.2472 41.6666 4
      vertex 10.3229 41.7929 4
    endloop
  endfacet
  facet normal 0 0 1
    outer loop
      vertex 10.1595 43.4516 4
      vertex 10.2472 41.6666 4
      vertex 10.2472 43.3334 4
    endloop
  endfacet
  facet normal 0 0 1
    outer loop
      vertex 10.1595 43.4516 4
      vertex 10.1595 41.5484 4
      vertex 10.2472 41.6666 4
    endloop
  endfacet
  facet normal 0 0 1
    outer loop
      vertex 10.0607 43.5607 4
      vertex 10.1595 41.5484 4
      vertex 10.1595 43.4516 4
    endloop
  endfacet
  facet normal 0 0 1
    outer loop
      vertex 10.0607 43.5607 4
      vertex 10.0607 41.4393 4
      vertex 10.1595 41.5484 4
    endloop
  endfacet
  facet normal 0 0 1
    outer loop
      vertex 9.95159 43.6595 4
      vertex 10.0607 41.4393 4
      vertex 10.0607 43.5607 4
    endloop
  endfacet
  facet normal 0 0 1
    outer loop
      vertex 9.95159 43.6595 4
      vertex 9.95159 41.3405 4
      vertex 10.0607 41.4393 4
    endloop
  endfacet
  facet normal 0 0 1
    outer loop
      vertex 9.83335 43.7472 4
      vertex 9.95159 41.3405 4
      vertex 9.95159 43.6595 4
    endloop
  endfacet
  facet normal 0 0 1
    outer loop
      vertex 9.83335 43.7472 4
      vertex 9.83335 41.2528 4
      vertex 9.95159 41.3405 4
    endloop
  endfacet
  facet normal 0 0 1
    outer loop
      vertex 9.70709 43.8229 4
      vertex 9.83335 41.2528 4
      vertex 9.83335 43.7472 4
    endloop
  endfacet
  facet normal 0 0 1
    outer loop
      vertex 9.70709 43.8229 4
      vertex 9.70709 41.1771 4
      vertex 9.83335 41.2528 4
    endloop
  endfacet
  facet normal 0 0 1
    outer loop
      vertex 9.57402 43.8858 4
      vertex 9.70709 41.1771 4
      vertex 9.70709 43.8229 4
    endloop
  endfacet
  facet normal 0 0 1
    outer loop
      vertex 9.57402 43.8858 4
      vertex 9.57402 41.1142 4
      vertex 9.70709 41.1771 4
    endloop
  endfacet
  facet normal 0 0 1
    outer loop
      vertex 9.43543 43.9354 4
      vertex 9.57402 41.1142 4
      vertex 9.57402 43.8858 4
    endloop
  endfacet
  facet normal 0 0 1
    outer loop
      vertex 9.43543 43.9354 4
      vertex 9.43543 41.0646 4
      vertex 9.57402 41.1142 4
    endloop
  endfacet
  facet normal 0 0 1
    outer loop
      vertex 9.29263 43.9712 4
      vertex 9.43543 41.0646 4
      vertex 9.43543 43.9354 4
    endloop
  endfacet
  facet normal 0 0 1
    outer loop
      vertex 9.29263 43.9712 4
      vertex 9.29263 41.0288 4
      vertex 9.43543 41.0646 4
    endloop
  endfacet
  facet normal 0 0 1
    outer loop
      vertex 9.14703 43.9928 4
      vertex 9.29263 41.0288 4
      vertex 9.29263 43.9712 4
    endloop
  endfacet
  facet normal 0 0 1
    outer loop
      vertex 9.14703 43.9928 4
      vertex 9.14703 41.0072 4
      vertex 9.29263 41.0288 4
    endloop
  endfacet
  facet normal 0 0 1
    outer loop
      vertex 9 44 4
      vertex 9.14703 41.0072 4
      vertex 9.14703 43.9928 4
    endloop
  endfacet
  facet normal 0 0 1
    outer loop
      vertex 9 44 4
      vertex 9 41 4
      vertex 9.14703 41.0072 4
    endloop
  endfacet
  facet normal -0 0 1
    outer loop
      vertex 8.85297 43.9928 4
      vertex 9 41 4
      vertex 9 44 4
    endloop
  endfacet
  facet normal 0 0 1
    outer loop
      vertex 8.85297 43.9928 4
      vertex 8.85297 41.0072 4
      vertex 9 41 4
    endloop
  endfacet
  facet normal -0 0 1
    outer loop
      vertex 8.70736 43.9712 4
      vertex 8.85297 41.0072 4
      vertex 8.85297 43.9928 4
    endloop
  endfacet
  facet normal 0 0 1
    outer loop
      vertex 8.70736 43.9712 4
      vertex 8.70736 41.0288 4
      vertex 8.85297 41.0072 4
    endloop
  endfacet
  facet normal -0 0 1
    outer loop
      vertex 8.56457 43.9354 4
      vertex 8.70736 41.0288 4
      vertex 8.70736 43.9712 4
    endloop
  endfacet
  facet normal 0 0 1
    outer loop
      vertex 8.56457 43.9354 4
      vertex 8.56457 41.0646 4
      vertex 8.70736 41.0288 4
    endloop
  endfacet
  facet normal -0 0 1
    outer loop
      vertex 8.42597 43.8858 4
      vertex 8.56457 41.0646 4
      vertex 8.56457 43.9354 4
    endloop
  endfacet
  facet normal 0 0 1
    outer loop
      vertex 8.42597 43.8858 4
      vertex 8.42597 41.1142 4
      vertex 8.56457 41.0646 4
    endloop
  endfacet
  facet normal -0 0 1
    outer loop
      vertex 8.2929 43.8229 4
      vertex 8.42597 41.1142 4
      vertex 8.42597 43.8858 4
    endloop
  endfacet
  facet normal 0 0 1
    outer loop
      vertex 8.2929 43.8229 4
      vertex 8.2929 41.1771 4
      vertex 8.42597 41.1142 4
    endloop
  endfacet
  facet normal -0 0 1
    outer loop
      vertex 8.16664 43.7472 4
      vertex 8.2929 41.1771 4
      vertex 8.2929 43.8229 4
    endloop
  endfacet
  facet normal 0 0 1
    outer loop
      vertex 8.16664 43.7472 4
      vertex 8.16664 41.2528 4
      vertex 8.2929 41.1771 4
    endloop
  endfacet
  facet normal -0 0 1
    outer loop
      vertex 8.04841 43.6595 4
      vertex 8.16664 41.2528 4
      vertex 8.16664 43.7472 4
    endloop
  endfacet
  facet normal 0 0 1
    outer loop
      vertex 8.04841 43.6595 4
      vertex 8.04841 41.3405 4
      vertex 8.16664 41.2528 4
    endloop
  endfacet
  facet normal -0 0 1
    outer loop
      vertex 7.93934 43.5607 4
      vertex 8.04841 41.3405 4
      vertex 8.04841 43.6595 4
    endloop
  endfacet
  facet normal 0 0 1
    outer loop
      vertex 7.93934 43.5607 4
      vertex 7.93934 41.4393 4
      vertex 8.04841 41.3405 4
    endloop
  endfacet
  facet normal -0 0 1
    outer loop
      vertex 7.84048 43.4516 4
      vertex 7.93934 41.4393 4
      vertex 7.93934 43.5607 4
    endloop
  endfacet
  facet normal 0 0 1
    outer loop
      vertex 7.84048 43.4516 4
      vertex 7.84048 41.5484 4
      vertex 7.93934 41.4393 4
    endloop
  endfacet
  facet normal -0 0 1
    outer loop
      vertex 7.7528 43.3334 4
      vertex 7.84048 41.5484 4
      vertex 7.84048 43.4516 4
    endloop
  endfacet
  facet normal 0 0 1
    outer loop
      vertex 7.7528 43.3334 4
      vertex 7.7528 41.6666 4
      vertex 7.84048 41.5484 4
    endloop
  endfacet
  facet normal -0 0 1
    outer loop
      vertex 7.67712 43.2071 4
      vertex 7.7528 41.6666 4
      vertex 7.7528 43.3334 4
    endloop
  endfacet
  facet normal 0 0 1
    outer loop
      vertex 7.67712 43.2071 4
      vertex 7.67712 41.7929 4
      vertex 7.7528 41.6666 4
    endloop
  endfacet
  facet normal -0 0 1
    outer loop
      vertex 7.61418 43.074 4
      vertex 7.67712 41.7929 4
      vertex 7.67712 43.2071 4
    endloop
  endfacet
  facet normal 0 0 1
    outer loop
      vertex 7.61418 43.074 4
      vertex 7.61418 41.926 4
      vertex 7.67712 41.7929 4
    endloop
  endfacet
  facet normal -0 0 1
    outer loop
      vertex 7.56459 42.9354 4
      vertex 7.61418 41.926 4
      vertex 7.61418 43.074 4
    endloop
  endfacet
  facet normal 0 0 1
    outer loop
      vertex 7.56459 42.9354 4
      vertex 7.56459 42.0646 4
      vertex 7.61418 41.926 4
    endloop
  endfacet
  facet normal -0 0 1
    outer loop
      vertex 7.52882 42.7926 4
      vertex 7.56459 42.0646 4
      vertex 7.56459 42.9354 4
    endloop
  endfacet
  facet normal 0 0 1
    outer loop
      vertex 7.52882 42.7926 4
      vertex 7.52882 42.2074 4
      vertex 7.56459 42.0646 4
    endloop
  endfacet
  facet normal -0 0 1
    outer loop
      vertex 7.50722 42.647 4
      vertex 7.52882 42.2074 4
      vertex 7.52882 42.7926 4
    endloop
  endfacet
  facet normal 0 0 1
    outer loop
      vertex 7.50722 42.647 4
      vertex 7.50722 42.353 4
      vertex 7.52882 42.2074 4
    endloop
  endfacet
  facet normal 0 -0 1
    outer loop
      vertex 7.50722 42.353 4
      vertex 7.50722 42.647 4
      vertex 7.5 42.5 4
    endloop
  endfacet
  facet normal -0.671353 -0.741138 0
    outer loop
      vertex 7.93934 41.4393 1
      vertex 8.04841 41.3405 4
      vertex 7.93934 41.4393 4
    endloop
  endfacet
  facet normal -0.671353 -0.741138 -0
    outer loop
      vertex 8.04841 41.3405 4
      vertex 7.93934 41.4393 1
      vertex 8.04841 41.3405 1
    endloop
  endfacet
  facet normal 0.595731 0.803184 -0
    outer loop
      vertex 9.95159 43.6595 1
      vertex 9.83335 43.7472 4
      vertex 9.95159 43.6595 4
    endloop
  endfacet
  facet normal 0.595731 0.803184 0
    outer loop
      vertex 9.83335 43.7472 4
      vertex 9.95159 43.6595 1
      vertex 9.83335 43.7472 1
    endloop
  endfacet
  facet normal -0.514216 -0.857661 0
    outer loop
      vertex 8.16664 41.2528 1
      vertex 8.2929 41.1771 4
      vertex 8.16664 41.2528 4
    endloop
  endfacet
  facet normal -0.514216 -0.857661 -0
    outer loop
      vertex 8.2929 41.1771 4
      vertex 8.16664 41.2528 1
      vertex 8.2929 41.1771 1
    endloop
  endfacet
  facet normal 0.514216 0.857661 -0
    outer loop
      vertex 9.83335 43.7472 1
      vertex 9.70709 43.8229 4
      vertex 9.83335 43.7472 4
    endloop
  endfacet
  facet normal 0.514216 0.857661 0
    outer loop
      vertex 9.70709 43.8229 4
      vertex 9.83335 43.7472 1
      vertex 9.70709 43.8229 1
    endloop
  endfacet
  facet normal 0.146746 -0.989174 0
    outer loop
      vertex 9.14703 41.0072 1
      vertex 9.29263 41.0288 4
      vertex 9.14703 41.0072 4
    endloop
  endfacet
  facet normal 0.146746 -0.989174 0
    outer loop
      vertex 9.29263 41.0288 4
      vertex 9.14703 41.0072 1
      vertex 9.29263 41.0288 1
    endloop
  endfacet
  facet normal 0.941527 0.336939 0
    outer loop
      vertex 10.4354 42.9354 4
      vertex 10.3858 43.074 1
      vertex 10.3858 43.074 4
    endloop
  endfacet
  facet normal 0.941527 0.336939 0
    outer loop
      vertex 10.3858 43.074 1
      vertex 10.4354 42.9354 4
      vertex 10.4354 42.9354 1
    endloop
  endfacet
  facet normal 0.857733 -0.514096 0
    outer loop
      vertex 10.2472 41.6666 4
      vertex 10.3229 41.7929 1
      vertex 10.3229 41.7929 4
    endloop
  endfacet
  facet normal 0.857733 -0.514096 0
    outer loop
      vertex 10.3229 41.7929 1
      vertex 10.2472 41.6666 4
      vertex 10.2472 41.6666 1
    endloop
  endfacet
  facet normal -0.998796 -0.0490565 0
    outer loop
      vertex 7.50722 42.353 1
      vertex 7.5 42.5 2.5
      vertex 7.5 42.5 1
    endloop
  endfacet
  facet normal -0.998796 -0.0490565 -0
    outer loop
      vertex 7.50722 42.353 4
      vertex 7.5 42.5 2.5
      vertex 7.50722 42.353 1
    endloop
  endfacet
  facet normal -0.998796 -0.0490565 0
    outer loop
      vertex 7.5 42.5 2.5
      vertex 7.50722 42.353 4
      vertex 7.5 42.5 4
    endloop
  endfacet
  facet normal 0.941527 -0.336939 0
    outer loop
      vertex 10.3858 41.926 4
      vertex 10.4354 42.0646 1
      vertex 10.4354 42.0646 4
    endloop
  endfacet
  facet normal 0.941527 -0.336939 0
    outer loop
      vertex 10.4354 42.0646 1
      vertex 10.3858 41.926 4
      vertex 10.3858 41.926 1
    endloop
  endfacet
  facet normal -0.146736 0.989176 0
    outer loop
      vertex 8.85297 43.9928 1
      vertex 8.70736 43.9712 4
      vertex 8.85297 43.9928 4
    endloop
  endfacet
  facet normal -0.146736 0.989176 0
    outer loop
      vertex 8.70736 43.9712 4
      vertex 8.85297 43.9928 1
      vertex 8.70736 43.9712 1
    endloop
  endfacet
  facet normal 0.74123 0.671251 0
    outer loop
      vertex 10.1595 43.4516 4
      vertex 10.0607 43.5607 1
      vertex 10.0607 43.5607 4
    endloop
  endfacet
  facet normal 0.74123 0.671251 0
    outer loop
      vertex 10.0607 43.5607 1
      vertex 10.1595 43.4516 4
      vertex 10.1595 43.4516 1
    endloop
  endfacet
  facet normal 0.048911 0.998803 -0
    outer loop
      vertex 9.14703 43.9928 1
      vertex 9 44 4
      vertex 9.14703 43.9928 4
    endloop
  endfacet
  facet normal 0.048911 0.998803 0
    outer loop
      vertex 9 44 4
      vertex 9.14703 43.9928 1
      vertex 9 44 1
    endloop
  endfacet
  facet normal 0.904125 0.427269 0
    outer loop
      vertex 10.3858 43.074 4
      vertex 10.3229 43.2071 1
      vertex 10.3229 43.2071 4
    endloop
  endfacet
  facet normal 0.904125 0.427269 0
    outer loop
      vertex 10.3229 43.2071 1
      vertex 10.3858 43.074 4
      vertex 10.3858 43.074 1
    endloop
  endfacet
  facet normal -0.146736 -0.989176 0
    outer loop
      vertex 8.70736 41.0288 1
      vertex 8.85297 41.0072 4
      vertex 8.70736 41.0288 4
    endloop
  endfacet
  facet normal -0.146736 -0.989176 -0
    outer loop
      vertex 8.85297 41.0072 4
      vertex 8.70736 41.0288 1
      vertex 8.85297 41.0072 1
    endloop
  endfacet
  facet normal 0.671217 -0.74126 0
    outer loop
      vertex 9.95159 41.3405 1
      vertex 10.0607 41.4393 4
      vertex 9.95159 41.3405 4
    endloop
  endfacet
  facet normal 0.671217 -0.74126 0
    outer loop
      vertex 10.0607 41.4393 4
      vertex 9.95159 41.3405 1
      vertex 10.0607 41.4393 1
    endloop
  endfacet
  facet normal -0.048911 -0.998803 0
    outer loop
      vertex 8.85297 41.0072 1
      vertex 9 41 4
      vertex 8.85297 41.0072 4
    endloop
  endfacet
  facet normal -0.048911 -0.998803 -0
    outer loop
      vertex 9 41 4
      vertex 8.85297 41.0072 1
      vertex 9 41 1
    endloop
  endfacet
  facet normal -0.741027 0.671475 0
    outer loop
      vertex 7.84048 43.4516 1
      vertex 7.93934 43.5607 4
      vertex 7.93934 43.5607 1
    endloop
  endfacet
  facet normal -0.741027 0.671475 0
    outer loop
      vertex 7.93934 43.5607 4
      vertex 7.84048 43.4516 1
      vertex 7.84048 43.4516 4
    endloop
  endfacet
  facet normal 0.671217 0.74126 -0
    outer loop
      vertex 10.0607 43.5607 1
      vertex 9.95159 43.6595 4
      vertex 10.0607 43.5607 4
    endloop
  endfacet
  facet normal 0.671217 0.74126 0
    outer loop
      vertex 9.95159 43.6595 4
      vertex 10.0607 43.5607 1
      vertex 9.95159 43.6595 1
    endloop
  endfacet
  facet normal -0.90402 0.427491 0
    outer loop
      vertex 7.61418 43.074 1
      vertex 7.67712 43.2071 4
      vertex 7.67712 43.2071 1
    endloop
  endfacet
  facet normal -0.90402 0.427491 0
    outer loop
      vertex 7.67712 43.2071 4
      vertex 7.61418 43.074 1
      vertex 7.61418 43.074 4
    endloop
  endfacet
  facet normal -0.970031 0.242983 0
    outer loop
      vertex 7.52882 42.7926 1
      vertex 7.56459 42.9354 4
      vertex 7.56459 42.9354 1
    endloop
  endfacet
  facet normal -0.970031 0.242983 0
    outer loop
      vertex 7.56459 42.9354 4
      vertex 7.52882 42.7926 1
      vertex 7.52882 42.7926 4
    endloop
  endfacet
  facet normal 0.243175 0.969982 -0
    outer loop
      vertex 9.43543 43.9354 1
      vertex 9.29263 43.9712 4
      vertex 9.43543 43.9354 4
    endloop
  endfacet
  facet normal 0.243175 0.969982 0
    outer loop
      vertex 9.29263 43.9712 4
      vertex 9.43543 43.9354 1
      vertex 9.29263 43.9712 1
    endloop
  endfacet
  facet normal -0.970031 -0.242983 0
    outer loop
      vertex 7.56459 42.0646 1
      vertex 7.52882 42.2074 4
      vertex 7.52882 42.2074 1
    endloop
  endfacet
  facet normal -0.970031 -0.242983 0
    outer loop
      vertex 7.52882 42.2074 4
      vertex 7.56459 42.0646 1
      vertex 7.56459 42.0646 4
    endloop
  endfacet
  facet normal -0.427347 -0.904088 0
    outer loop
      vertex 8.2929 41.1771 1
      vertex 8.42597 41.1142 4
      vertex 8.2929 41.1771 4
    endloop
  endfacet
  facet normal -0.427347 -0.904088 -0
    outer loop
      vertex 8.42597 41.1142 4
      vertex 8.2929 41.1771 1
      vertex 8.42597 41.1142 1
    endloop
  endfacet
  facet normal -0.741027 -0.671475 0
    outer loop
      vertex 7.93934 41.4393 1
      vertex 7.84048 41.5484 4
      vertex 7.84048 41.5484 1
    endloop
  endfacet
  facet normal -0.741027 -0.671475 0
    outer loop
      vertex 7.84048 41.5484 4
      vertex 7.93934 41.4393 1
      vertex 7.93934 41.4393 4
    endloop
  endfacet
  facet normal 0.048911 -0.998803 0
    outer loop
      vertex 9 41 1
      vertex 9.14703 41.0072 4
      vertex 9 41 4
    endloop
  endfacet
  facet normal 0.048911 -0.998803 0
    outer loop
      vertex 9.14703 41.0072 4
      vertex 9 41 1
      vertex 9.14703 41.0072 1
    endloop
  endfacet
  facet normal -0.989174 -0.146746 0
    outer loop
      vertex 7.52882 42.2074 1
      vertex 7.50722 42.353 4
      vertex 7.50722 42.353 1
    endloop
  endfacet
  facet normal -0.989174 -0.146746 0
    outer loop
      vertex 7.50722 42.353 4
      vertex 7.52882 42.2074 1
      vertex 7.52882 42.2074 4
    endloop
  endfacet
  facet normal 0.595731 -0.803184 0
    outer loop
      vertex 9.83335 41.2528 1
      vertex 9.95159 41.3405 4
      vertex 9.83335 41.2528 4
    endloop
  endfacet
  facet normal 0.595731 -0.803184 0
    outer loop
      vertex 9.95159 41.3405 4
      vertex 9.83335 41.2528 1
      vertex 9.95159 41.3405 1
    endloop
  endfacet
  facet normal -0.803153 -0.595773 0
    outer loop
      vertex 7.84048 41.5484 1
      vertex 7.7528 41.6666 4
      vertex 7.7528 41.6666 1
    endloop
  endfacet
  facet normal -0.803153 -0.595773 0
    outer loop
      vertex 7.7528 41.6666 4
      vertex 7.84048 41.5484 1
      vertex 7.84048 41.5484 4
    endloop
  endfacet
  facet normal -0.998796 0.0490565 0
    outer loop
      vertex 7.5 42.5 2.5
      vertex 7.50722 42.647 1
      vertex 7.5 42.5 1
    endloop
  endfacet
  facet normal -0.998796 0.0490565 0
    outer loop
      vertex 7.50722 42.647 1
      vertex 7.5 42.5 2.5
      vertex 7.50722 42.647 4
    endloop
  endfacet
  facet normal -0.998796 0.0490565 0
    outer loop
      vertex 7.50722 42.647 4
      vertex 7.5 42.5 2.5
      vertex 7.5 42.5 4
    endloop
  endfacet
  facet normal 0 0 -1
    outer loop
      vertex 10.4928 42.353 1
      vertex 10.4928 42.647 1
      vertex 10.5 42.5 1
    endloop
  endfacet
  facet normal 0 0 -1
    outer loop
      vertex 10.4712 42.2074 1
      vertex 10.4928 42.647 1
      vertex 10.4928 42.353 1
    endloop
  endfacet
  facet normal 0 0 -1
    outer loop
      vertex 10.4712 42.2074 1
      vertex 10.4712 42.7926 1
      vertex 10.4928 42.647 1
    endloop
  endfacet
  facet normal 0 0 -1
    outer loop
      vertex 10.4354 42.0646 1
      vertex 10.4712 42.7926 1
      vertex 10.4712 42.2074 1
    endloop
  endfacet
  facet normal 0 0 -1
    outer loop
      vertex 10.4354 42.0646 1
      vertex 10.4354 42.9354 1
      vertex 10.4712 42.7926 1
    endloop
  endfacet
  facet normal 0 0 -1
    outer loop
      vertex 10.3858 41.926 1
      vertex 10.4354 42.9354 1
      vertex 10.4354 42.0646 1
    endloop
  endfacet
  facet normal 0 0 -1
    outer loop
      vertex 10.3858 41.926 1
      vertex 10.3858 43.074 1
      vertex 10.4354 42.9354 1
    endloop
  endfacet
  facet normal 0 0 -1
    outer loop
      vertex 10.3229 41.7929 1
      vertex 10.3858 43.074 1
      vertex 10.3858 41.926 1
    endloop
  endfacet
  facet normal 0 0 -1
    outer loop
      vertex 10.3229 41.7929 1
      vertex 10.3229 43.2071 1
      vertex 10.3858 43.074 1
    endloop
  endfacet
  facet normal 0 0 -1
    outer loop
      vertex 10.2472 41.6666 1
      vertex 10.3229 43.2071 1
      vertex 10.3229 41.7929 1
    endloop
  endfacet
  facet normal 0 0 -1
    outer loop
      vertex 10.2472 41.6666 1
      vertex 10.2472 43.3334 1
      vertex 10.3229 43.2071 1
    endloop
  endfacet
  facet normal 0 0 -1
    outer loop
      vertex 10.1595 41.5484 1
      vertex 10.2472 43.3334 1
      vertex 10.2472 41.6666 1
    endloop
  endfacet
  facet normal 0 0 -1
    outer loop
      vertex 10.1595 41.5484 1
      vertex 10.1595 43.4516 1
      vertex 10.2472 43.3334 1
    endloop
  endfacet
  facet normal 0 0 -1
    outer loop
      vertex 10.0607 41.4393 1
      vertex 10.1595 43.4516 1
      vertex 10.1595 41.5484 1
    endloop
  endfacet
  facet normal 0 0 -1
    outer loop
      vertex 10.0607 41.4393 1
      vertex 10.0607 43.5607 1
      vertex 10.1595 43.4516 1
    endloop
  endfacet
  facet normal 0 0 -1
    outer loop
      vertex 9.95159 41.3405 1
      vertex 10.0607 43.5607 1
      vertex 10.0607 41.4393 1
    endloop
  endfacet
  facet normal 0 0 -1
    outer loop
      vertex 9.95159 41.3405 1
      vertex 9.95159 43.6595 1
      vertex 10.0607 43.5607 1
    endloop
  endfacet
  facet normal 0 0 -1
    outer loop
      vertex 9.83335 41.2528 1
      vertex 9.95159 43.6595 1
      vertex 9.95159 41.3405 1
    endloop
  endfacet
  facet normal 0 0 -1
    outer loop
      vertex 9.83335 41.2528 1
      vertex 9.83335 43.7472 1
      vertex 9.95159 43.6595 1
    endloop
  endfacet
  facet normal 0 0 -1
    outer loop
      vertex 9.70709 41.1771 1
      vertex 9.83335 43.7472 1
      vertex 9.83335 41.2528 1
    endloop
  endfacet
  facet normal 0 0 -1
    outer loop
      vertex 9.70709 41.1771 1
      vertex 9.70709 43.8229 1
      vertex 9.83335 43.7472 1
    endloop
  endfacet
  facet normal 0 0 -1
    outer loop
      vertex 9.57402 41.1142 1
      vertex 9.70709 43.8229 1
      vertex 9.70709 41.1771 1
    endloop
  endfacet
  facet normal 0 0 -1
    outer loop
      vertex 9.57402 41.1142 1
      vertex 9.57402 43.8858 1
      vertex 9.70709 43.8229 1
    endloop
  endfacet
  facet normal 0 0 -1
    outer loop
      vertex 9.43543 41.0646 1
      vertex 9.57402 43.8858 1
      vertex 9.57402 41.1142 1
    endloop
  endfacet
  facet normal 0 0 -1
    outer loop
      vertex 9.43543 41.0646 1
      vertex 9.43543 43.9354 1
      vertex 9.57402 43.8858 1
    endloop
  endfacet
  facet normal 0 0 -1
    outer loop
      vertex 9.29263 41.0288 1
      vertex 9.43543 43.9354 1
      vertex 9.43543 41.0646 1
    endloop
  endfacet
  facet normal 0 0 -1
    outer loop
      vertex 9.29263 41.0288 1
      vertex 9.29263 43.9712 1
      vertex 9.43543 43.9354 1
    endloop
  endfacet
  facet normal 0 0 -1
    outer loop
      vertex 9.14703 41.0072 1
      vertex 9.29263 43.9712 1
      vertex 9.29263 41.0288 1
    endloop
  endfacet
  facet normal 0 0 -1
    outer loop
      vertex 9.14703 41.0072 1
      vertex 9.14703 43.9928 1
      vertex 9.29263 43.9712 1
    endloop
  endfacet
  facet normal 0 0 -1
    outer loop
      vertex 9 41 1
      vertex 9.14703 43.9928 1
      vertex 9.14703 41.0072 1
    endloop
  endfacet
  facet normal 0 0 -1
    outer loop
      vertex 9 41 1
      vertex 9 44 1
      vertex 9.14703 43.9928 1
    endloop
  endfacet
  facet normal 0 0 -1
    outer loop
      vertex 8.85297 41.0072 1
      vertex 9 44 1
      vertex 9 41 1
    endloop
  endfacet
  facet normal 0 0 -1
    outer loop
      vertex 8.85297 41.0072 1
      vertex 8.85297 43.9928 1
      vertex 9 44 1
    endloop
  endfacet
  facet normal 0 0 -1
    outer loop
      vertex 8.70736 41.0288 1
      vertex 8.85297 43.9928 1
      vertex 8.85297 41.0072 1
    endloop
  endfacet
  facet normal 0 0 -1
    outer loop
      vertex 8.70736 41.0288 1
      vertex 8.70736 43.9712 1
      vertex 8.85297 43.9928 1
    endloop
  endfacet
  facet normal 0 0 -1
    outer loop
      vertex 8.56457 41.0646 1
      vertex 8.70736 43.9712 1
      vertex 8.70736 41.0288 1
    endloop
  endfacet
  facet normal 0 0 -1
    outer loop
      vertex 8.56457 41.0646 1
      vertex 8.56457 43.9354 1
      vertex 8.70736 43.9712 1
    endloop
  endfacet
  facet normal 0 0 -1
    outer loop
      vertex 8.42597 41.1142 1
      vertex 8.56457 43.9354 1
      vertex 8.56457 41.0646 1
    endloop
  endfacet
  facet normal 0 0 -1
    outer loop
      vertex 8.42597 41.1142 1
      vertex 8.42597 43.8858 1
      vertex 8.56457 43.9354 1
    endloop
  endfacet
  facet normal 0 0 -1
    outer loop
      vertex 8.2929 41.1771 1
      vertex 8.42597 43.8858 1
      vertex 8.42597 41.1142 1
    endloop
  endfacet
  facet normal 0 0 -1
    outer loop
      vertex 8.2929 41.1771 1
      vertex 8.2929 43.8229 1
      vertex 8.42597 43.8858 1
    endloop
  endfacet
  facet normal 0 0 -1
    outer loop
      vertex 8.16664 41.2528 1
      vertex 8.2929 43.8229 1
      vertex 8.2929 41.1771 1
    endloop
  endfacet
  facet normal 0 0 -1
    outer loop
      vertex 8.16664 41.2528 1
      vertex 8.16664 43.7472 1
      vertex 8.2929 43.8229 1
    endloop
  endfacet
  facet normal 0 0 -1
    outer loop
      vertex 8.04841 41.3405 1
      vertex 8.16664 43.7472 1
      vertex 8.16664 41.2528 1
    endloop
  endfacet
  facet normal 0 0 -1
    outer loop
      vertex 8.04841 41.3405 1
      vertex 8.04841 43.6595 1
      vertex 8.16664 43.7472 1
    endloop
  endfacet
  facet normal 0 0 -1
    outer loop
      vertex 7.93934 41.4393 1
      vertex 8.04841 43.6595 1
      vertex 8.04841 41.3405 1
    endloop
  endfacet
  facet normal 0 0 -1
    outer loop
      vertex 7.93934 41.4393 1
      vertex 7.93934 43.5607 1
      vertex 8.04841 43.6595 1
    endloop
  endfacet
  facet normal 0 0 -1
    outer loop
      vertex 7.84048 41.5484 1
      vertex 7.93934 43.5607 1
      vertex 7.93934 41.4393 1
    endloop
  endfacet
  facet normal 0 0 -1
    outer loop
      vertex 7.84048 41.5484 1
      vertex 7.84048 43.4516 1
      vertex 7.93934 43.5607 1
    endloop
  endfacet
  facet normal 0 0 -1
    outer loop
      vertex 7.7528 41.6666 1
      vertex 7.84048 43.4516 1
      vertex 7.84048 41.5484 1
    endloop
  endfacet
  facet normal 0 0 -1
    outer loop
      vertex 7.7528 41.6666 1
      vertex 7.7528 43.3334 1
      vertex 7.84048 43.4516 1
    endloop
  endfacet
  facet normal 0 0 -1
    outer loop
      vertex 7.67712 41.7929 1
      vertex 7.7528 43.3334 1
      vertex 7.7528 41.6666 1
    endloop
  endfacet
  facet normal 0 0 -1
    outer loop
      vertex 7.67712 41.7929 1
      vertex 7.67712 43.2071 1
      vertex 7.7528 43.3334 1
    endloop
  endfacet
  facet normal 0 0 -1
    outer loop
      vertex 7.61418 41.926 1
      vertex 7.67712 43.2071 1
      vertex 7.67712 41.7929 1
    endloop
  endfacet
  facet normal 0 0 -1
    outer loop
      vertex 7.61418 41.926 1
      vertex 7.61418 43.074 1
      vertex 7.67712 43.2071 1
    endloop
  endfacet
  facet normal 0 0 -1
    outer loop
      vertex 7.56459 42.0646 1
      vertex 7.61418 43.074 1
      vertex 7.61418 41.926 1
    endloop
  endfacet
  facet normal 0 0 -1
    outer loop
      vertex 7.56459 42.0646 1
      vertex 7.56459 42.9354 1
      vertex 7.61418 43.074 1
    endloop
  endfacet
  facet normal 0 0 -1
    outer loop
      vertex 7.52882 42.2074 1
      vertex 7.56459 42.9354 1
      vertex 7.56459 42.0646 1
    endloop
  endfacet
  facet normal 0 0 -1
    outer loop
      vertex 7.52882 42.2074 1
      vertex 7.52882 42.7926 1
      vertex 7.56459 42.9354 1
    endloop
  endfacet
  facet normal 0 0 -1
    outer loop
      vertex 7.50722 42.353 1
      vertex 7.52882 42.7926 1
      vertex 7.52882 42.2074 1
    endloop
  endfacet
  facet normal 0 0 -1
    outer loop
      vertex 7.50722 42.353 1
      vertex 7.50722 42.647 1
      vertex 7.52882 42.7926 1
    endloop
  endfacet
  facet normal 0 -0 -1
    outer loop
      vertex 7.50722 42.647 1
      vertex 7.50722 42.353 1
      vertex 7.5 42.5 1
    endloop
  endfacet
  facet normal 0.74123 -0.671251 0
    outer loop
      vertex 10.0607 41.4393 4
      vertex 10.1595 41.5484 1
      vertex 10.1595 41.5484 4
    endloop
  endfacet
  facet normal 0.74123 -0.671251 0
    outer loop
      vertex 10.1595 41.5484 1
      vertex 10.0607 41.4393 4
      vertex 10.0607 41.4393 1
    endloop
  endfacet
endsolid OpenSCAD_Model
