solid OpenSCAD_Model
  facet normal 0.998793 0.0491143 0
    outer loop
      vertex -22.9759 -16.4901 4
      vertex -23 -16 -4
      vertex -23 -16 4
    endloop
  endfacet
  facet normal 0.998793 0.0491143 0
    outer loop
      vertex -23 -16 -4
      vertex -22.9759 -16.4901 4
      vertex -22.9759 -16.4901 -4
    endloop
  endfacet
  facet normal 0.941548 -0.336879 0
    outer loop
      vertex -22.7847 -14.5486 4
      vertex -22.6194 -14.0866 -4
      vertex -22.6194 -14.0866 4
    endloop
  endfacet
  facet normal 0.941548 -0.336879 0
    outer loop
      vertex -22.6194 -14.0866 -4
      vertex -22.7847 -14.5486 4
      vertex -22.7847 -14.5486 -4
    endloop
  endfacet
  facet normal -0.989177 -0.146726 0
    outer loop
      vertex -13.0241 -15.5099 -4
      vertex -13.0961 -15.0245 4
      vertex -13.0961 -15.0245 -4
    endloop
  endfacet
  facet normal -0.989177 -0.146726 0
    outer loop
      vertex -13.0961 -15.0245 4
      vertex -13.0241 -15.5099 -4
      vertex -13.0241 -15.5099 4
    endloop
  endfacet
  facet normal -0.998793 -0.0491143 0
    outer loop
      vertex -13 -16 -4
      vertex -13.0241 -15.5099 4
      vertex -13.0241 -15.5099 -4
    endloop
  endfacet
  facet normal -0.998793 -0.0491143 0
    outer loop
      vertex -13.0241 -15.5099 4
      vertex -13 -16 -4
      vertex -13 -16 4
    endloop
  endfacet
  facet normal -0.970034 -0.242967 0
    outer loop
      vertex -13.0961 -15.0245 -4
      vertex -13.2153 -14.5486 4
      vertex -13.2153 -14.5486 -4
    endloop
  endfacet
  facet normal -0.970034 -0.242967 0
    outer loop
      vertex -13.2153 -14.5486 4
      vertex -13.0961 -15.0245 -4
      vertex -13.0961 -15.0245 4
    endloop
  endfacet
  facet normal -0.0491143 -0.998793 0
    outer loop
      vertex -18 -11 -4
      vertex -17.5099 -11.0241 4
      vertex -18 -11 4
    endloop
  endfacet
  facet normal -0.0491143 -0.998793 -0
    outer loop
      vertex -17.5099 -11.0241 4
      vertex -18 -11 -4
      vertex -17.5099 -11.0241 -4
    endloop
  endfacet
  facet normal 0.0491143 0.998793 -0
    outer loop
      vertex -18 -21 -4
      vertex -18.4901 -20.9759 4
      vertex -18 -21 4
    endloop
  endfacet
  facet normal 0.0491143 0.998793 0
    outer loop
      vertex -18.4901 -20.9759 4
      vertex -18 -21 -4
      vertex -18.4901 -20.9759 -4
    endloop
  endfacet
  facet normal -0.427543 0.903995 0
    outer loop
      vertex -15.643 -20.4096 -4
      vertex -16.0866 -20.6194 4
      vertex -15.643 -20.4096 4
    endloop
  endfacet
  facet normal -0.427543 0.903995 0
    outer loop
      vertex -16.0866 -20.6194 4
      vertex -15.643 -20.4096 -4
      vertex -16.0866 -20.6194 -4
    endloop
  endfacet
  facet normal 0.336879 0.941548 -0
    outer loop
      vertex -19.4514 -20.7847 -4
      vertex -19.9134 -20.6194 4
      vertex -19.4514 -20.7847 4
    endloop
  endfacet
  facet normal 0.336879 0.941548 0
    outer loop
      vertex -19.9134 -20.6194 4
      vertex -19.4514 -20.7847 -4
      vertex -19.9134 -20.6194 -4
    endloop
  endfacet
  facet normal 0.595588 -0.80329 0
    outer loop
      vertex -21.172 -12.1349 -4
      vertex -20.7779 -11.8427 4
      vertex -21.172 -12.1349 4
    endloop
  endfacet
  facet normal 0.595588 -0.80329 0
    outer loop
      vertex -20.7779 -11.8427 4
      vertex -21.172 -12.1349 -4
      vertex -20.7779 -11.8427 -4
    endloop
  endfacet
  facet normal -0.146726 0.989177 0
    outer loop
      vertex -17.0245 -20.9039 -4
      vertex -17.5099 -20.9759 4
      vertex -17.0245 -20.9039 4
    endloop
  endfacet
  facet normal -0.146726 0.989177 0
    outer loop
      vertex -17.5099 -20.9759 4
      vertex -17.0245 -20.9039 -4
      vertex -17.5099 -20.9759 -4
    endloop
  endfacet
  facet normal -0.857709 0.514136 0
    outer loop
      vertex -13.8427 -18.7779 -4
      vertex -13.5904 -18.357 4
      vertex -13.5904 -18.357 -4
    endloop
  endfacet
  facet normal -0.857709 0.514136 0
    outer loop
      vertex -13.5904 -18.357 4
      vertex -13.8427 -18.7779 -4
      vertex -13.8427 -18.7779 4
    endloop
  endfacet
  facet normal -0.514136 0.857709 0
    outer loop
      vertex -15.2221 -20.1573 -4
      vertex -15.643 -20.4096 4
      vertex -15.2221 -20.1573 4
    endloop
  endfacet
  facet normal -0.514136 0.857709 0
    outer loop
      vertex -15.643 -20.4096 4
      vertex -15.2221 -20.1573 -4
      vertex -15.643 -20.4096 -4
    endloop
  endfacet
  facet normal 0.146726 -0.989177 0
    outer loop
      vertex -18.9755 -11.0961 -4
      vertex -18.4901 -11.0241 4
      vertex -18.9755 -11.0961 4
    endloop
  endfacet
  facet normal 0.146726 -0.989177 0
    outer loop
      vertex -18.4901 -11.0241 4
      vertex -18.9755 -11.0961 -4
      vertex -18.4901 -11.0241 -4
    endloop
  endfacet
  facet normal -0.903995 -0.427543 0
    outer loop
      vertex -13.3806 -14.0866 -4
      vertex -13.5904 -13.643 4
      vertex -13.5904 -13.643 -4
    endloop
  endfacet
  facet normal -0.903995 -0.427543 0
    outer loop
      vertex -13.5904 -13.643 4
      vertex -13.3806 -14.0866 -4
      vertex -13.3806 -14.0866 4
    endloop
  endfacet
  facet normal 0.970034 -0.242967 0
    outer loop
      vertex -22.9039 -15.0245 4
      vertex -22.7847 -14.5486 -4
      vertex -22.7847 -14.5486 4
    endloop
  endfacet
  facet normal 0.970034 -0.242967 0
    outer loop
      vertex -22.7847 -14.5486 -4
      vertex -22.9039 -15.0245 4
      vertex -22.9039 -15.0245 -4
    endloop
  endfacet
  facet normal -0.903995 0.427543 0
    outer loop
      vertex -13.5904 -18.357 -4
      vertex -13.3806 -17.9134 4
      vertex -13.3806 -17.9134 -4
    endloop
  endfacet
  facet normal -0.903995 0.427543 0
    outer loop
      vertex -13.3806 -17.9134 4
      vertex -13.5904 -18.357 -4
      vertex -13.5904 -18.357 4
    endloop
  endfacet
  facet normal -0.740806 0.671719 0
    outer loop
      vertex -14.4645 -19.5355 -4
      vertex -14.1349 -19.172 4
      vertex -14.1349 -19.172 -4
    endloop
  endfacet
  facet normal -0.740806 0.671719 0
    outer loop
      vertex -14.1349 -19.172 4
      vertex -14.4645 -19.5355 -4
      vertex -14.4645 -19.5355 4
    endloop
  endfacet
  facet normal -0.595588 -0.80329 0
    outer loop
      vertex -15.2221 -11.8427 -4
      vertex -14.828 -12.1349 4
      vertex -15.2221 -11.8427 4
    endloop
  endfacet
  facet normal -0.595588 -0.80329 -0
    outer loop
      vertex -14.828 -12.1349 4
      vertex -15.2221 -11.8427 -4
      vertex -14.828 -12.1349 -4
    endloop
  endfacet
  facet normal 0.970034 0.242967 0
    outer loop
      vertex -22.7847 -17.4514 4
      vertex -22.9039 -16.9755 -4
      vertex -22.9039 -16.9755 4
    endloop
  endfacet
  facet normal 0.970034 0.242967 0
    outer loop
      vertex -22.9039 -16.9755 -4
      vertex -22.7847 -17.4514 4
      vertex -22.7847 -17.4514 -4
    endloop
  endfacet
  facet normal 0.514136 -0.857709 0
    outer loop
      vertex -20.7779 -11.8427 -4
      vertex -20.357 -11.5904 4
      vertex -20.7779 -11.8427 4
    endloop
  endfacet
  facet normal 0.514136 -0.857709 0
    outer loop
      vertex -20.357 -11.5904 4
      vertex -20.7779 -11.8427 -4
      vertex -20.357 -11.5904 -4
    endloop
  endfacet
  facet normal -0.80329 -0.595588 0
    outer loop
      vertex -13.8427 -13.2221 -4
      vertex -14.1349 -12.828 4
      vertex -14.1349 -12.828 -4
    endloop
  endfacet
  facet normal -0.80329 -0.595588 0
    outer loop
      vertex -14.1349 -12.828 4
      vertex -13.8427 -13.2221 -4
      vertex -13.8427 -13.2221 4
    endloop
  endfacet
  facet normal 0.671719 0.740806 -0
    outer loop
      vertex -21.172 -19.8651 -4
      vertex -21.5355 -19.5355 4
      vertex -21.172 -19.8651 4
    endloop
  endfacet
  facet normal 0.671719 0.740806 0
    outer loop
      vertex -21.5355 -19.5355 4
      vertex -21.172 -19.8651 -4
      vertex -21.5355 -19.5355 -4
    endloop
  endfacet
  facet normal -0.242967 0.970034 0
    outer loop
      vertex -16.5486 -20.7847 -4
      vertex -17.0245 -20.9039 4
      vertex -16.5486 -20.7847 4
    endloop
  endfacet
  facet normal -0.242967 0.970034 0
    outer loop
      vertex -17.0245 -20.9039 4
      vertex -16.5486 -20.7847 -4
      vertex -17.0245 -20.9039 -4
    endloop
  endfacet
  facet normal -0.514136 -0.857709 0
    outer loop
      vertex -15.643 -11.5904 -4
      vertex -15.2221 -11.8427 4
      vertex -15.643 -11.5904 4
    endloop
  endfacet
  facet normal -0.514136 -0.857709 -0
    outer loop
      vertex -15.2221 -11.8427 4
      vertex -15.643 -11.5904 -4
      vertex -15.2221 -11.8427 -4
    endloop
  endfacet
  facet normal -0.242967 -0.970034 0
    outer loop
      vertex -17.0245 -11.0961 -4
      vertex -16.5486 -11.2153 4
      vertex -17.0245 -11.0961 4
    endloop
  endfacet
  facet normal -0.242967 -0.970034 -0
    outer loop
      vertex -16.5486 -11.2153 4
      vertex -17.0245 -11.0961 -4
      vertex -16.5486 -11.2153 -4
    endloop
  endfacet
  facet normal -0.998793 0.0491143 0
    outer loop
      vertex -13.0241 -16.4901 -4
      vertex -13 -16 4
      vertex -13 -16 -4
    endloop
  endfacet
  facet normal -0.998793 0.0491143 0
    outer loop
      vertex -13 -16 4
      vertex -13.0241 -16.4901 -4
      vertex -13.0241 -16.4901 4
    endloop
  endfacet
  facet normal 0.740806 0.671719 0
    outer loop
      vertex -21.5355 -19.5355 4
      vertex -21.8651 -19.172 -4
      vertex -21.8651 -19.172 4
    endloop
  endfacet
  facet normal 0.740806 0.671719 0
    outer loop
      vertex -21.8651 -19.172 -4
      vertex -21.5355 -19.5355 4
      vertex -21.5355 -19.5355 -4
    endloop
  endfacet
  facet normal 0.336879 -0.941548 0
    outer loop
      vertex -19.9134 -11.3806 -4
      vertex -19.4514 -11.2153 4
      vertex -19.9134 -11.3806 4
    endloop
  endfacet
  facet normal 0.336879 -0.941548 0
    outer loop
      vertex -19.4514 -11.2153 4
      vertex -19.9134 -11.3806 -4
      vertex -19.4514 -11.2153 -4
    endloop
  endfacet
  facet normal -0.146726 -0.989177 0
    outer loop
      vertex -17.5099 -11.0241 -4
      vertex -17.0245 -11.0961 4
      vertex -17.5099 -11.0241 4
    endloop
  endfacet
  facet normal -0.146726 -0.989177 -0
    outer loop
      vertex -17.0245 -11.0961 4
      vertex -17.5099 -11.0241 -4
      vertex -17.0245 -11.0961 -4
    endloop
  endfacet
  facet normal 0.514136 0.857709 -0
    outer loop
      vertex -20.357 -20.4096 -4
      vertex -20.7779 -20.1573 4
      vertex -20.357 -20.4096 4
    endloop
  endfacet
  facet normal 0.514136 0.857709 0
    outer loop
      vertex -20.7779 -20.1573 4
      vertex -20.357 -20.4096 -4
      vertex -20.7779 -20.1573 -4
    endloop
  endfacet
  facet normal 0.146726 0.989177 -0
    outer loop
      vertex -18.4901 -20.9759 -4
      vertex -18.9755 -20.9039 4
      vertex -18.4901 -20.9759 4
    endloop
  endfacet
  facet normal 0.146726 0.989177 0
    outer loop
      vertex -18.9755 -20.9039 4
      vertex -18.4901 -20.9759 -4
      vertex -18.9755 -20.9039 -4
    endloop
  endfacet
  facet normal -0.941548 -0.336879 0
    outer loop
      vertex -13.2153 -14.5486 -4
      vertex -13.3806 -14.0866 4
      vertex -13.3806 -14.0866 -4
    endloop
  endfacet
  facet normal -0.941548 -0.336879 0
    outer loop
      vertex -13.3806 -14.0866 4
      vertex -13.2153 -14.5486 -4
      vertex -13.2153 -14.5486 4
    endloop
  endfacet
  facet normal 0.427543 0.903995 -0
    outer loop
      vertex -19.9134 -20.6194 -4
      vertex -20.357 -20.4096 4
      vertex -19.9134 -20.6194 4
    endloop
  endfacet
  facet normal 0.427543 0.903995 0
    outer loop
      vertex -20.357 -20.4096 4
      vertex -19.9134 -20.6194 -4
      vertex -20.357 -20.4096 -4
    endloop
  endfacet
  facet normal 0.740806 -0.671719 0
    outer loop
      vertex -21.8651 -12.828 4
      vertex -21.5355 -12.4645 -4
      vertex -21.5355 -12.4645 4
    endloop
  endfacet
  facet normal 0.740806 -0.671719 0
    outer loop
      vertex -21.5355 -12.4645 -4
      vertex -21.8651 -12.828 4
      vertex -21.8651 -12.828 -4
    endloop
  endfacet
  facet normal -0.970034 0.242967 0
    outer loop
      vertex -13.2153 -17.4514 -4
      vertex -13.0961 -16.9755 4
      vertex -13.0961 -16.9755 -4
    endloop
  endfacet
  facet normal -0.970034 0.242967 0
    outer loop
      vertex -13.0961 -16.9755 4
      vertex -13.2153 -17.4514 -4
      vertex -13.2153 -17.4514 4
    endloop
  endfacet
  facet normal -0.989177 0.146726 0
    outer loop
      vertex -13.0961 -16.9755 -4
      vertex -13.0241 -16.4901 4
      vertex -13.0241 -16.4901 -4
    endloop
  endfacet
  facet normal -0.989177 0.146726 0
    outer loop
      vertex -13.0241 -16.4901 4
      vertex -13.0961 -16.9755 -4
      vertex -13.0961 -16.9755 4
    endloop
  endfacet
  facet normal -0.740806 -0.671719 0
    outer loop
      vertex -14.1349 -12.828 -4
      vertex -14.4645 -12.4645 4
      vertex -14.4645 -12.4645 -4
    endloop
  endfacet
  facet normal -0.740806 -0.671719 0
    outer loop
      vertex -14.4645 -12.4645 4
      vertex -14.1349 -12.828 -4
      vertex -14.1349 -12.828 4
    endloop
  endfacet
  facet normal -0.336879 -0.941548 0
    outer loop
      vertex -16.5486 -11.2153 -4
      vertex -16.0866 -11.3806 4
      vertex -16.5486 -11.2153 4
    endloop
  endfacet
  facet normal -0.336879 -0.941548 -0
    outer loop
      vertex -16.0866 -11.3806 4
      vertex -16.5486 -11.2153 -4
      vertex -16.0866 -11.3806 -4
    endloop
  endfacet
  facet normal -0.0491143 0.998793 0
    outer loop
      vertex -17.5099 -20.9759 -4
      vertex -18 -21 4
      vertex -17.5099 -20.9759 4
    endloop
  endfacet
  facet normal -0.0491143 0.998793 0
    outer loop
      vertex -18 -21 4
      vertex -17.5099 -20.9759 -4
      vertex -18 -21 -4
    endloop
  endfacet
  facet normal -0.80329 0.595588 0
    outer loop
      vertex -14.1349 -19.172 -4
      vertex -13.8427 -18.7779 4
      vertex -13.8427 -18.7779 -4
    endloop
  endfacet
  facet normal -0.80329 0.595588 0
    outer loop
      vertex -13.8427 -18.7779 4
      vertex -14.1349 -19.172 -4
      vertex -14.1349 -19.172 4
    endloop
  endfacet
  facet normal -0.941548 0.336879 0
    outer loop
      vertex -13.3806 -17.9134 -4
      vertex -13.2153 -17.4514 4
      vertex -13.2153 -17.4514 -4
    endloop
  endfacet
  facet normal -0.941548 0.336879 0
    outer loop
      vertex -13.2153 -17.4514 4
      vertex -13.3806 -17.9134 -4
      vertex -13.3806 -17.9134 4
    endloop
  endfacet
  facet normal -0.427543 -0.903995 0
    outer loop
      vertex -16.0866 -11.3806 -4
      vertex -15.643 -11.5904 4
      vertex -16.0866 -11.3806 4
    endloop
  endfacet
  facet normal -0.427543 -0.903995 -0
    outer loop
      vertex -15.643 -11.5904 4
      vertex -16.0866 -11.3806 -4
      vertex -15.643 -11.5904 -4
    endloop
  endfacet
  facet normal -0.671719 -0.740806 0
    outer loop
      vertex -14.828 -12.1349 -4
      vertex -14.4645 -12.4645 4
      vertex -14.828 -12.1349 4
    endloop
  endfacet
  facet normal -0.671719 -0.740806 -0
    outer loop
      vertex -14.4645 -12.4645 4
      vertex -14.828 -12.1349 -4
      vertex -14.4645 -12.4645 -4
    endloop
  endfacet
  facet normal -0.857709 -0.514136 0
    outer loop
      vertex -13.5904 -13.643 -4
      vertex -13.8427 -13.2221 4
      vertex -13.8427 -13.2221 -4
    endloop
  endfacet
  facet normal -0.857709 -0.514136 0
    outer loop
      vertex -13.8427 -13.2221 4
      vertex -13.5904 -13.643 -4
      vertex -13.5904 -13.643 4
    endloop
  endfacet
  facet normal 0.857709 -0.514136 0
    outer loop
      vertex -22.4096 -13.643 4
      vertex -22.1573 -13.2221 -4
      vertex -22.1573 -13.2221 4
    endloop
  endfacet
  facet normal 0.857709 -0.514136 0
    outer loop
      vertex -22.1573 -13.2221 -4
      vertex -22.4096 -13.643 4
      vertex -22.4096 -13.643 -4
    endloop
  endfacet
  facet normal -0.595588 0.80329 0
    outer loop
      vertex -14.828 -19.8651 -4
      vertex -15.2221 -20.1573 4
      vertex -14.828 -19.8651 4
    endloop
  endfacet
  facet normal -0.595588 0.80329 0
    outer loop
      vertex -15.2221 -20.1573 4
      vertex -14.828 -19.8651 -4
      vertex -15.2221 -20.1573 -4
    endloop
  endfacet
  facet normal 0.0491143 -0.998793 0
    outer loop
      vertex -18.4901 -11.0241 -4
      vertex -18 -11 4
      vertex -18.4901 -11.0241 4
    endloop
  endfacet
  facet normal 0.0491143 -0.998793 0
    outer loop
      vertex -18 -11 4
      vertex -18.4901 -11.0241 -4
      vertex -18 -11 -4
    endloop
  endfacet
  facet normal 0.242967 0.970034 -0
    outer loop
      vertex -18.9755 -20.9039 -4
      vertex -19.4514 -20.7847 4
      vertex -18.9755 -20.9039 4
    endloop
  endfacet
  facet normal 0.242967 0.970034 0
    outer loop
      vertex -19.4514 -20.7847 4
      vertex -18.9755 -20.9039 -4
      vertex -19.4514 -20.7847 -4
    endloop
  endfacet
  facet normal 0.671719 -0.740806 0
    outer loop
      vertex -21.5355 -12.4645 -4
      vertex -21.172 -12.1349 4
      vertex -21.5355 -12.4645 4
    endloop
  endfacet
  facet normal 0.671719 -0.740806 0
    outer loop
      vertex -21.172 -12.1349 4
      vertex -21.5355 -12.4645 -4
      vertex -21.172 -12.1349 -4
    endloop
  endfacet
  facet normal 0.427543 -0.903995 0
    outer loop
      vertex -20.357 -11.5904 -4
      vertex -19.9134 -11.3806 4
      vertex -20.357 -11.5904 4
    endloop
  endfacet
  facet normal 0.427543 -0.903995 0
    outer loop
      vertex -19.9134 -11.3806 4
      vertex -20.357 -11.5904 -4
      vertex -19.9134 -11.3806 -4
    endloop
  endfacet
  facet normal 0.941548 0.336879 0
    outer loop
      vertex -22.6194 -17.9134 4
      vertex -22.7847 -17.4514 -4
      vertex -22.7847 -17.4514 4
    endloop
  endfacet
  facet normal 0.941548 0.336879 0
    outer loop
      vertex -22.7847 -17.4514 -4
      vertex -22.6194 -17.9134 4
      vertex -22.6194 -17.9134 -4
    endloop
  endfacet
  facet normal 0.903995 0.427543 0
    outer loop
      vertex -22.4096 -18.357 4
      vertex -22.6194 -17.9134 -4
      vertex -22.6194 -17.9134 4
    endloop
  endfacet
  facet normal 0.903995 0.427543 0
    outer loop
      vertex -22.6194 -17.9134 -4
      vertex -22.4096 -18.357 4
      vertex -22.4096 -18.357 -4
    endloop
  endfacet
  facet normal 0 0 1
    outer loop
      vertex -15 -3.99259 4
      vertex -15.2221 -4.15735 4
      vertex -15 -10 4
    endloop
  endfacet
  facet normal -0 0 1
    outer loop
      vertex 22.4096 -2.35698 4
      vertex 32 -17 4
      vertex 22.6194 -1.91342 4
    endloop
  endfacet
  facet normal 0 0 1
    outer loop
      vertex 31.1291 -17.1292 4
      vertex 22.9759 -15.5099 4
      vertex 23 -16 4
    endloop
  endfacet
  facet normal 0 0 1
    outer loop
      vertex 32 -17 4
      vertex 22.4096 -2.35698 4
      vertex 31.7059 -17.0144 4
    endloop
  endfacet
  facet normal 0 0 1
    outer loop
      vertex 31.1291 -17.1292 4
      vertex 22.9039 -15.0245 4
      vertex 22.9759 -15.5099 4
    endloop
  endfacet
  facet normal -0 0 1
    outer loop
      vertex 22.1573 -2.77785 4
      vertex 31.7059 -17.0144 4
      vertex 22.4096 -2.35698 4
    endloop
  endfacet
  facet normal 0 0 1
    outer loop
      vertex 31.1291 -17.1292 4
      vertex 22.7847 -14.5486 4
      vertex 22.9039 -15.0245 4
    endloop
  endfacet
  facet normal 0 0 1
    outer loop
      vertex 31.7059 -17.0144 4
      vertex 22.1573 -2.77785 4
      vertex 31.4147 -17.0576 4
    endloop
  endfacet
  facet normal 0 0 1
    outer loop
      vertex 31.1291 -17.1292 4
      vertex 22.6194 -14.0866 4
      vertex 22.7847 -14.5486 4
    endloop
  endfacet
  facet normal -0 0 1
    outer loop
      vertex 22.1573 -13.2221 4
      vertex 31.4147 -17.0576 4
      vertex 22.1573 -2.77785 4
    endloop
  endfacet
  facet normal 0 0 1
    outer loop
      vertex 31.1291 -17.1292 4
      vertex 22.4096 -13.643 4
      vertex 22.6194 -14.0866 4
    endloop
  endfacet
  facet normal 0 0 1
    outer loop
      vertex 31.4147 -17.0576 4
      vertex 22.1573 -13.2221 4
      vertex 31.1291 -17.1292 4
    endloop
  endfacet
  facet normal 0 0 1
    outer loop
      vertex 31.1291 -17.1292 4
      vertex 22.1573 -13.2221 4
      vertex 22.4096 -13.643 4
    endloop
  endfacet
  facet normal -0 0 1
    outer loop
      vertex 21.8651 -3.17197 4
      vertex 22.1573 -13.2221 4
      vertex 22.1573 -2.77785 4
    endloop
  endfacet
  facet normal 0 0 1
    outer loop
      vertex 21.8651 -3.17197 4
      vertex 21.8651 -12.828 4
      vertex 22.1573 -13.2221 4
    endloop
  endfacet
  facet normal -0 0 1
    outer loop
      vertex 21.5355 -3.53553 4
      vertex 21.8651 -12.828 4
      vertex 21.8651 -3.17197 4
    endloop
  endfacet
  facet normal 0 0 1
    outer loop
      vertex 21.5355 -3.53553 4
      vertex 21.5355 -12.4645 4
      vertex 21.8651 -12.828 4
    endloop
  endfacet
  facet normal -0 0 1
    outer loop
      vertex 21.172 -3.86505 4
      vertex 21.5355 -12.4645 4
      vertex 21.5355 -3.53553 4
    endloop
  endfacet
  facet normal 0 0 1
    outer loop
      vertex 21.172 -3.86505 4
      vertex 21.172 -12.1349 4
      vertex 21.5355 -12.4645 4
    endloop
  endfacet
  facet normal -0 0 1
    outer loop
      vertex 20.7779 -4.15735 4
      vertex 21.172 -12.1349 4
      vertex 21.172 -3.86505 4
    endloop
  endfacet
  facet normal 0 0 1
    outer loop
      vertex 20.7779 -4.15735 4
      vertex 20.7779 -11.8427 4
      vertex 21.172 -12.1349 4
    endloop
  endfacet
  facet normal -0 0 1
    outer loop
      vertex 20.357 -4.40961 4
      vertex 20.7779 -11.8427 4
      vertex 20.7779 -4.15735 4
    endloop
  endfacet
  facet normal 0 0 1
    outer loop
      vertex 20.357 -4.40961 4
      vertex 20.357 -11.5904 4
      vertex 20.7779 -11.8427 4
    endloop
  endfacet
  facet normal -0 0 1
    outer loop
      vertex 19.9134 -4.6194 4
      vertex 20.357 -11.5904 4
      vertex 20.357 -4.40961 4
    endloop
  endfacet
  facet normal 0 0 1
    outer loop
      vertex 19.9134 -4.6194 4
      vertex 19.9134 -11.3806 4
      vertex 20.357 -11.5904 4
    endloop
  endfacet
  facet normal -0 0 1
    outer loop
      vertex 19.4514 -4.7847 4
      vertex 19.9134 -11.3806 4
      vertex 19.9134 -4.6194 4
    endloop
  endfacet
  facet normal 0 0 1
    outer loop
      vertex 19.4514 -4.7847 4
      vertex 19.4514 -11.2153 4
      vertex 19.9134 -11.3806 4
    endloop
  endfacet
  facet normal -0 0 1
    outer loop
      vertex 18.9755 -4.90393 4
      vertex 19.4514 -11.2153 4
      vertex 19.4514 -4.7847 4
    endloop
  endfacet
  facet normal 0 0 1
    outer loop
      vertex 18.9755 -4.90393 4
      vertex 18.9755 -11.0961 4
      vertex 19.4514 -11.2153 4
    endloop
  endfacet
  facet normal -0 0 1
    outer loop
      vertex 18.4901 -4.97592 4
      vertex 18.9755 -11.0961 4
      vertex 18.9755 -4.90393 4
    endloop
  endfacet
  facet normal 0 0 1
    outer loop
      vertex 18.4901 -4.97592 4
      vertex 18.4901 -11.0241 4
      vertex 18.9755 -11.0961 4
    endloop
  endfacet
  facet normal -0 0 1
    outer loop
      vertex 18 -5 4
      vertex 18.4901 -11.0241 4
      vertex 18.4901 -4.97592 4
    endloop
  endfacet
  facet normal 0 0 1
    outer loop
      vertex 18 -5 4
      vertex 18 -11 4
      vertex 18.4901 -11.0241 4
    endloop
  endfacet
  facet normal 0 0 1
    outer loop
      vertex 17.5099 -4.97592 4
      vertex 18 -11 4
      vertex 18 -5 4
    endloop
  endfacet
  facet normal 0 0 1
    outer loop
      vertex 17.5099 -4.97592 4
      vertex 17.5099 -11.0241 4
      vertex 18 -11 4
    endloop
  endfacet
  facet normal 0 0 1
    outer loop
      vertex 15 -10 4
      vertex 17.5099 -4.97592 4
      vertex 17.0245 -4.90393 4
    endloop
  endfacet
  facet normal 0 0 1
    outer loop
      vertex 17.5099 -4.97592 4
      vertex 15 -10 4
      vertex 17.5099 -11.0241 4
    endloop
  endfacet
  facet normal 0 0 1
    outer loop
      vertex 15 -10 4
      vertex 17.0245 -4.90393 4
      vertex 16.5486 -4.7847 4
    endloop
  endfacet
  facet normal 0 0 1
    outer loop
      vertex 17.5099 -11.0241 4
      vertex 15 -10 4
      vertex 17.0245 -11.0961 4
    endloop
  endfacet
  facet normal 0 0 1
    outer loop
      vertex 15 -10 4
      vertex 16.5486 -4.7847 4
      vertex 16.0866 -4.6194 4
    endloop
  endfacet
  facet normal 0 0 1
    outer loop
      vertex 17.0245 -11.0961 4
      vertex 15 -10 4
      vertex 16.5486 -11.2153 4
    endloop
  endfacet
  facet normal 0 0 1
    outer loop
      vertex 15 -10 4
      vertex 16.0866 -4.6194 4
      vertex 15.643 -4.40961 4
    endloop
  endfacet
  facet normal 0 0 1
    outer loop
      vertex 16.5486 -11.2153 4
      vertex 15 -10 4
      vertex 16.0866 -11.3806 4
    endloop
  endfacet
  facet normal 0 0 1
    outer loop
      vertex 15 -10 4
      vertex 15.643 -4.40961 4
      vertex 15.2221 -4.15735 4
    endloop
  endfacet
  facet normal 0 0 1
    outer loop
      vertex 16.0866 -11.3806 4
      vertex 15 -10 4
      vertex 15.643 -11.5904 4
    endloop
  endfacet
  facet normal 0 0 1
    outer loop
      vertex 15 -10 4
      vertex 15.2221 -4.15735 4
      vertex 15 -3.99259 4
    endloop
  endfacet
  facet normal 0 0 1
    outer loop
      vertex 15.643 -11.5904 4
      vertex 15 -10 4
      vertex 15.2221 -11.8427 4
    endloop
  endfacet
  facet normal 0 0 1
    outer loop
      vertex 15 -10 4
      vertex 14.828 -12.1349 4
      vertex 15.2221 -11.8427 4
    endloop
  endfacet
  facet normal 0 0 1
    outer loop
      vertex 15 -10 4
      vertex 14.4645 -12.4645 4
      vertex 14.828 -12.1349 4
    endloop
  endfacet
  facet normal 0 0 1
    outer loop
      vertex 15 -10 4
      vertex 14.1349 -12.828 4
      vertex 14.4645 -12.4645 4
    endloop
  endfacet
  facet normal 0 0 1
    outer loop
      vertex 15 -10 4
      vertex 13.8427 -13.2221 4
      vertex 14.1349 -12.828 4
    endloop
  endfacet
  facet normal 0 0 1
    outer loop
      vertex 4.15735 -13.2221 4
      vertex 13.8427 -13.2221 4
      vertex 15 -10 4
    endloop
  endfacet
  facet normal 0 0 1
    outer loop
      vertex 13.8427 -13.2221 4
      vertex 4.15735 -13.2221 4
      vertex 13.5904 -13.643 4
    endloop
  endfacet
  facet normal 0 0 1
    outer loop
      vertex 13.0241 -15.5099 4
      vertex 5 -16 4
      vertex 13 -16 4
    endloop
  endfacet
  facet normal 0 0 1
    outer loop
      vertex 4.97592 -15.5099 4
      vertex 13.0241 -15.5099 4
      vertex 13.0961 -15.0245 4
    endloop
  endfacet
  facet normal 0 0 1
    outer loop
      vertex 4.90393 -15.0245 4
      vertex 13.0961 -15.0245 4
      vertex 13.2153 -14.5486 4
    endloop
  endfacet
  facet normal 0 0 1
    outer loop
      vertex 4.7847 -14.5486 4
      vertex 13.2153 -14.5486 4
      vertex 13.3806 -14.0866 4
    endloop
  endfacet
  facet normal 0 -0 1
    outer loop
      vertex 4.40961 -13.643 4
      vertex 13.5904 -13.643 4
      vertex 4.15735 -13.2221 4
    endloop
  endfacet
  facet normal 0 0 1
    outer loop
      vertex 13.0241 -15.5099 4
      vertex 4.97592 -15.5099 4
      vertex 5 -16 4
    endloop
  endfacet
  facet normal 0 0 1
    outer loop
      vertex 13.0961 -15.0245 4
      vertex 4.90393 -15.0245 4
      vertex 4.97592 -15.5099 4
    endloop
  endfacet
  facet normal 0 0 1
    outer loop
      vertex 13.2153 -14.5486 4
      vertex 4.7847 -14.5486 4
      vertex 4.90393 -15.0245 4
    endloop
  endfacet
  facet normal 0 0 1
    outer loop
      vertex 13.3806 -14.0866 4
      vertex 4.6194 -14.0866 4
      vertex 4.7847 -14.5486 4
    endloop
  endfacet
  facet normal 0 0 1
    outer loop
      vertex 13.3806 -14.0866 4
      vertex 4.40961 -13.643 4
      vertex 4.6194 -14.0866 4
    endloop
  endfacet
  facet normal 0 0 1
    outer loop
      vertex 13.5904 -13.643 4
      vertex 4.40961 -13.643 4
      vertex 13.3806 -14.0866 4
    endloop
  endfacet
  facet normal 0 0 1
    outer loop
      vertex 15 -10 4
      vertex 3.86505 -12.828 4
      vertex 4.15735 -13.2221 4
    endloop
  endfacet
  facet normal 0 0 1
    outer loop
      vertex 15 -10 4
      vertex 3.53553 -12.4645 4
      vertex 3.86505 -12.828 4
    endloop
  endfacet
  facet normal 0 0 1
    outer loop
      vertex 15 -10 4
      vertex 3.17197 -12.1349 4
      vertex 3.53553 -12.4645 4
    endloop
  endfacet
  facet normal 0 0 1
    outer loop
      vertex 15 -10 4
      vertex 2.77785 -11.8427 4
      vertex 3.17197 -12.1349 4
    endloop
  endfacet
  facet normal 0 0 1
    outer loop
      vertex 15 -10 4
      vertex 2.35698 -11.5904 4
      vertex 2.77785 -11.8427 4
    endloop
  endfacet
  facet normal 0 0 1
    outer loop
      vertex 15 -10 4
      vertex 1.91342 -11.3806 4
      vertex 2.35698 -11.5904 4
    endloop
  endfacet
  facet normal 0 0 1
    outer loop
      vertex 15 -10 4
      vertex 1.45142 -11.2153 4
      vertex 1.91342 -11.3806 4
    endloop
  endfacet
  facet normal 0 0 1
    outer loop
      vertex 15 -10 4
      vertex 0.975451 -11.0961 4
      vertex 1.45142 -11.2153 4
    endloop
  endfacet
  facet normal 0 0 1
    outer loop
      vertex 15 -10 4
      vertex 0.490086 -11.0241 4
      vertex 0.975451 -11.0961 4
    endloop
  endfacet
  facet normal 0 0 1
    outer loop
      vertex 15 -10 4
      vertex 0 -11 4
      vertex 0.490086 -11.0241 4
    endloop
  endfacet
  facet normal -0 0 1
    outer loop
      vertex -15 -10 4
      vertex 0 -11 4
      vertex 15 -10 4
    endloop
  endfacet
  facet normal 0 0 1
    outer loop
      vertex -4.97592 -15.5099 4
      vertex -13 -16 4
      vertex -5 -16 4
    endloop
  endfacet
  facet normal 0 0 1
    outer loop
      vertex -13.0241 -15.5099 4
      vertex -4.97592 -15.5099 4
      vertex -4.90393 -15.0245 4
    endloop
  endfacet
  facet normal 0 0 1
    outer loop
      vertex -13.0961 -15.0245 4
      vertex -4.90393 -15.0245 4
      vertex -4.7847 -14.5486 4
    endloop
  endfacet
  facet normal 0 0 1
    outer loop
      vertex -13.2153 -14.5486 4
      vertex -4.7847 -14.5486 4
      vertex -4.6194 -14.0866 4
    endloop
  endfacet
  facet normal 0 0 1
    outer loop
      vertex -13.3806 -14.0866 4
      vertex -4.6194 -14.0866 4
      vertex -4.40961 -13.643 4
    endloop
  endfacet
  facet normal 0 0 1
    outer loop
      vertex -13.5904 -13.643 4
      vertex -4.40961 -13.643 4
      vertex -4.15735 -13.2221 4
    endloop
  endfacet
  facet normal 0 0 1
    outer loop
      vertex -15 -10 4
      vertex -4.15735 -13.2221 4
      vertex -3.86505 -12.828 4
    endloop
  endfacet
  facet normal 0 0 1
    outer loop
      vertex -15 -10 4
      vertex -3.86505 -12.828 4
      vertex -3.53553 -12.4645 4
    endloop
  endfacet
  facet normal 0 0 1
    outer loop
      vertex -15 -10 4
      vertex -3.53553 -12.4645 4
      vertex -3.17197 -12.1349 4
    endloop
  endfacet
  facet normal 0 0 1
    outer loop
      vertex -15 -10 4
      vertex -3.17197 -12.1349 4
      vertex -2.77785 -11.8427 4
    endloop
  endfacet
  facet normal 0 0 1
    outer loop
      vertex -15 -10 4
      vertex -2.77785 -11.8427 4
      vertex -2.35698 -11.5904 4
    endloop
  endfacet
  facet normal 0 0 1
    outer loop
      vertex -15 -10 4
      vertex -2.35698 -11.5904 4
      vertex -1.91342 -11.3806 4
    endloop
  endfacet
  facet normal 0 0 1
    outer loop
      vertex -4.97592 -15.5099 4
      vertex -13.0241 -15.5099 4
      vertex -13 -16 4
    endloop
  endfacet
  facet normal 0 0 1
    outer loop
      vertex -4.90393 -15.0245 4
      vertex -13.0961 -15.0245 4
      vertex -13.0241 -15.5099 4
    endloop
  endfacet
  facet normal 0 0 1
    outer loop
      vertex -15 -10 4
      vertex -1.91342 -11.3806 4
      vertex -1.45142 -11.2153 4
    endloop
  endfacet
  facet normal 0 0 1
    outer loop
      vertex -4.7847 -14.5486 4
      vertex -13.2153 -14.5486 4
      vertex -13.0961 -15.0245 4
    endloop
  endfacet
  facet normal 0 0 1
    outer loop
      vertex -4.6194 -14.0866 4
      vertex -13.3806 -14.0866 4
      vertex -13.2153 -14.5486 4
    endloop
  endfacet
  facet normal 0 0 1
    outer loop
      vertex -15 -10 4
      vertex -1.45142 -11.2153 4
      vertex -0.975451 -11.0961 4
    endloop
  endfacet
  facet normal 0 0 1
    outer loop
      vertex -4.40961 -13.643 4
      vertex -13.5904 -13.643 4
      vertex -13.3806 -14.0866 4
    endloop
  endfacet
  facet normal 0 0 1
    outer loop
      vertex -4.15735 -13.2221 4
      vertex -13.8427 -13.2221 4
      vertex -13.5904 -13.643 4
    endloop
  endfacet
  facet normal 0 0 1
    outer loop
      vertex -4.15735 -13.2221 4
      vertex -15 -10 4
      vertex -13.8427 -13.2221 4
    endloop
  endfacet
  facet normal 0 0 1
    outer loop
      vertex -15 -10 4
      vertex -0.975451 -11.0961 4
      vertex -0.490086 -11.0241 4
    endloop
  endfacet
  facet normal 0 0 1
    outer loop
      vertex -13.8427 -13.2221 4
      vertex -15 -10 4
      vertex -14.1349 -12.828 4
    endloop
  endfacet
  facet normal 0 0 1
    outer loop
      vertex -14.1349 -12.828 4
      vertex -15 -10 4
      vertex -14.4645 -12.4645 4
    endloop
  endfacet
  facet normal 0 0 1
    outer loop
      vertex 0 -11 4
      vertex -15 -10 4
      vertex -0.490086 -11.0241 4
    endloop
  endfacet
  facet normal 0 0 1
    outer loop
      vertex -14.4645 -12.4645 4
      vertex -15 -10 4
      vertex -14.828 -12.1349 4
    endloop
  endfacet
  facet normal 0 0 1
    outer loop
      vertex -15 -10 4
      vertex -15.2221 -11.8427 4
      vertex -14.828 -12.1349 4
    endloop
  endfacet
  facet normal -0 0 1
    outer loop
      vertex -15.643 -4.40961 4
      vertex -15 -10 4
      vertex -15.2221 -4.15735 4
    endloop
  endfacet
  facet normal -0 0 1
    outer loop
      vertex -16.0866 -4.6194 4
      vertex -15 -10 4
      vertex -15.643 -4.40961 4
    endloop
  endfacet
  facet normal 0 0 1
    outer loop
      vertex -15 -10 4
      vertex -15.643 -11.5904 4
      vertex -15.2221 -11.8427 4
    endloop
  endfacet
  facet normal -0 0 1
    outer loop
      vertex -16.5486 -4.7847 4
      vertex -15 -10 4
      vertex -16.0866 -4.6194 4
    endloop
  endfacet
  facet normal 0 0 1
    outer loop
      vertex -15 -10 4
      vertex -16.0866 -11.3806 4
      vertex -15.643 -11.5904 4
    endloop
  endfacet
  facet normal -0 0 1
    outer loop
      vertex -17.0245 -4.90393 4
      vertex -15 -10 4
      vertex -16.5486 -4.7847 4
    endloop
  endfacet
  facet normal 0 0 1
    outer loop
      vertex -15 -10 4
      vertex -16.5486 -11.2153 4
      vertex -16.0866 -11.3806 4
    endloop
  endfacet
  facet normal -0 0 1
    outer loop
      vertex -17.5099 -4.97592 4
      vertex -15 -10 4
      vertex -17.0245 -4.90393 4
    endloop
  endfacet
  facet normal 0 0 1
    outer loop
      vertex -15 -10 4
      vertex -17.0245 -11.0961 4
      vertex -16.5486 -11.2153 4
    endloop
  endfacet
  facet normal 0 0 1
    outer loop
      vertex -17.5099 -11.0241 4
      vertex -15 -10 4
      vertex -17.5099 -4.97592 4
    endloop
  endfacet
  facet normal 0 0 1
    outer loop
      vertex -15 -10 4
      vertex -17.5099 -11.0241 4
      vertex -17.0245 -11.0961 4
    endloop
  endfacet
  facet normal -0 0 1
    outer loop
      vertex -18 -5 4
      vertex -17.5099 -11.0241 4
      vertex -17.5099 -4.97592 4
    endloop
  endfacet
  facet normal 0 0 1
    outer loop
      vertex -18 -5 4
      vertex -18 -11 4
      vertex -17.5099 -11.0241 4
    endloop
  endfacet
  facet normal 0 0 1
    outer loop
      vertex -18.4901 -4.97592 4
      vertex -18 -11 4
      vertex -18 -5 4
    endloop
  endfacet
  facet normal 0 0 1
    outer loop
      vertex -18.4901 -4.97592 4
      vertex -18.4901 -11.0241 4
      vertex -18 -11 4
    endloop
  endfacet
  facet normal 0 0 1
    outer loop
      vertex -18.9755 -4.90393 4
      vertex -18.4901 -11.0241 4
      vertex -18.4901 -4.97592 4
    endloop
  endfacet
  facet normal 0 0 1
    outer loop
      vertex -18.9755 -4.90393 4
      vertex -18.9755 -11.0961 4
      vertex -18.4901 -11.0241 4
    endloop
  endfacet
  facet normal 0 0 1
    outer loop
      vertex -19.4514 -4.7847 4
      vertex -18.9755 -11.0961 4
      vertex -18.9755 -4.90393 4
    endloop
  endfacet
  facet normal 0 0 1
    outer loop
      vertex -19.4514 -4.7847 4
      vertex -19.4514 -11.2153 4
      vertex -18.9755 -11.0961 4
    endloop
  endfacet
  facet normal 0 0 1
    outer loop
      vertex -19.9134 -4.6194 4
      vertex -19.4514 -11.2153 4
      vertex -19.4514 -4.7847 4
    endloop
  endfacet
  facet normal 0 0 1
    outer loop
      vertex -19.9134 -4.6194 4
      vertex -19.9134 -11.3806 4
      vertex -19.4514 -11.2153 4
    endloop
  endfacet
  facet normal 0 0 1
    outer loop
      vertex -20.357 -4.40961 4
      vertex -19.9134 -11.3806 4
      vertex -19.9134 -4.6194 4
    endloop
  endfacet
  facet normal 0 0 1
    outer loop
      vertex -20.357 -4.40961 4
      vertex -20.357 -11.5904 4
      vertex -19.9134 -11.3806 4
    endloop
  endfacet
  facet normal 0 0 1
    outer loop
      vertex -20.7779 -4.15735 4
      vertex -20.357 -11.5904 4
      vertex -20.357 -4.40961 4
    endloop
  endfacet
  facet normal 0 0 1
    outer loop
      vertex -20.7779 -4.15735 4
      vertex -20.7779 -11.8427 4
      vertex -20.357 -11.5904 4
    endloop
  endfacet
  facet normal 0 0 1
    outer loop
      vertex -21.172 -3.86505 4
      vertex -20.7779 -11.8427 4
      vertex -20.7779 -4.15735 4
    endloop
  endfacet
  facet normal 0 0 1
    outer loop
      vertex -21.172 -3.86505 4
      vertex -21.172 -12.1349 4
      vertex -20.7779 -11.8427 4
    endloop
  endfacet
  facet normal 0 0 1
    outer loop
      vertex -21.5355 -3.53553 4
      vertex -21.172 -12.1349 4
      vertex -21.172 -3.86505 4
    endloop
  endfacet
  facet normal 0 0 1
    outer loop
      vertex -21.5355 -3.53553 4
      vertex -21.5355 -12.4645 4
      vertex -21.172 -12.1349 4
    endloop
  endfacet
  facet normal 0 0 1
    outer loop
      vertex -21.8651 -3.17197 4
      vertex -21.5355 -12.4645 4
      vertex -21.5355 -3.53553 4
    endloop
  endfacet
  facet normal 0 0 1
    outer loop
      vertex -21.8651 -3.17197 4
      vertex -21.8651 -12.828 4
      vertex -21.5355 -12.4645 4
    endloop
  endfacet
  facet normal 0 0 1
    outer loop
      vertex -22.1573 -2.77785 4
      vertex -21.8651 -12.828 4
      vertex -21.8651 -3.17197 4
    endloop
  endfacet
  facet normal 0 0 1
    outer loop
      vertex -22.1573 -2.77785 4
      vertex -22.1573 -13.2221 4
      vertex -21.8651 -12.828 4
    endloop
  endfacet
  facet normal 0 0 1
    outer loop
      vertex -22.4096 -2.35698 4
      vertex -22.1573 -13.2221 4
      vertex -22.1573 -2.77785 4
    endloop
  endfacet
  facet normal 0 0 1
    outer loop
      vertex -22.4096 -2.35698 4
      vertex -22.4096 -13.643 4
      vertex -22.1573 -13.2221 4
    endloop
  endfacet
  facet normal 0 0 1
    outer loop
      vertex -22.6194 -1.91342 4
      vertex -22.4096 -13.643 4
      vertex -22.4096 -2.35698 4
    endloop
  endfacet
  facet normal 0 0 1
    outer loop
      vertex -22.6194 -1.91342 4
      vertex -22.6194 -14.0866 4
      vertex -22.4096 -13.643 4
    endloop
  endfacet
  facet normal 0 0 1
    outer loop
      vertex -22.7847 -1.45142 4
      vertex -22.6194 -14.0866 4
      vertex -22.6194 -1.91342 4
    endloop
  endfacet
  facet normal 0 0 1
    outer loop
      vertex -22.7847 -1.45142 4
      vertex -22.7847 -14.5486 4
      vertex -22.6194 -14.0866 4
    endloop
  endfacet
  facet normal 0 0 1
    outer loop
      vertex -32 -26 4
      vertex -22.7847 -1.45142 4
      vertex -22.9039 -0.975451 4
    endloop
  endfacet
  facet normal 0 0 1
    outer loop
      vertex -22.7847 -1.45142 4
      vertex -32 -26 4
      vertex -22.7847 -14.5486 4
    endloop
  endfacet
  facet normal 0 0 1
    outer loop
      vertex -32 -26 4
      vertex -22.9039 -0.975451 4
      vertex -22.9759 -0.490086 4
    endloop
  endfacet
  facet normal 0 0 1
    outer loop
      vertex -22.7847 -14.5486 4
      vertex -32 -26 4
      vertex -22.9039 -15.0245 4
    endloop
  endfacet
  facet normal 0 0 1
    outer loop
      vertex -32 -26 4
      vertex -22.9759 -0.490086 4
      vertex -23 0 4
    endloop
  endfacet
  facet normal 0 0 1
    outer loop
      vertex -22.9039 -15.0245 4
      vertex -32 -26 4
      vertex -22.9759 -15.5099 4
    endloop
  endfacet
  facet normal 0 0 1
    outer loop
      vertex 22.6194 14.0866 4
      vertex 29.2743 17.6076 4
      vertex 22.7847 14.5486 4
    endloop
  endfacet
  facet normal 0 0 1
    outer loop
      vertex 31.1291 17.1292 4
      vertex 22.9759 0.490086 4
      vertex 23 0 4
    endloop
  endfacet
  facet normal 0 0 1
    outer loop
      vertex 29.2743 17.6076 4
      vertex 22.6194 14.0866 4
      vertex 29.5123 17.548 4
    endloop
  endfacet
  facet normal 0 0 1
    outer loop
      vertex 31.1291 17.1292 4
      vertex 22.9039 0.975451 4
      vertex 22.9759 0.490086 4
    endloop
  endfacet
  facet normal 0 0 1
    outer loop
      vertex 22.4096 13.643 4
      vertex 29.5123 17.548 4
      vertex 22.6194 14.0866 4
    endloop
  endfacet
  facet normal 0 0 1
    outer loop
      vertex 31.1291 17.1292 4
      vertex 22.7847 1.45142 4
      vertex 22.9039 0.975451 4
    endloop
  endfacet
  facet normal 0 0 1
    outer loop
      vertex 29.5123 17.548 4
      vertex 22.4096 13.643 4
      vertex 31.1291 17.1292 4
    endloop
  endfacet
  facet normal 0 0 1
    outer loop
      vertex 31.1291 17.1292 4
      vertex 22.6194 1.91342 4
      vertex 22.7847 1.45142 4
    endloop
  endfacet
  facet normal 0 0 1
    outer loop
      vertex 22.1573 13.2221 4
      vertex 31.1291 17.1292 4
      vertex 22.4096 13.643 4
    endloop
  endfacet
  facet normal 0 0 1
    outer loop
      vertex 31.1291 17.1292 4
      vertex 22.4096 2.35698 4
      vertex 22.6194 1.91342 4
    endloop
  endfacet
  facet normal 0 0 1
    outer loop
      vertex 22.1573 2.77785 4
      vertex 31.1291 17.1292 4
      vertex 22.1573 13.2221 4
    endloop
  endfacet
  facet normal 0 0 1
    outer loop
      vertex 31.1291 17.1292 4
      vertex 22.1573 2.77785 4
      vertex 22.4096 2.35698 4
    endloop
  endfacet
  facet normal -0 0 1
    outer loop
      vertex 21.8651 12.828 4
      vertex 22.1573 2.77785 4
      vertex 22.1573 13.2221 4
    endloop
  endfacet
  facet normal 0 0 1
    outer loop
      vertex 21.8651 12.828 4
      vertex 21.8651 3.17197 4
      vertex 22.1573 2.77785 4
    endloop
  endfacet
  facet normal -0 0 1
    outer loop
      vertex 21.5355 12.4645 4
      vertex 21.8651 3.17197 4
      vertex 21.8651 12.828 4
    endloop
  endfacet
  facet normal 0 0 1
    outer loop
      vertex 21.5355 12.4645 4
      vertex 21.5355 3.53553 4
      vertex 21.8651 3.17197 4
    endloop
  endfacet
  facet normal -0 0 1
    outer loop
      vertex 21.172 12.1349 4
      vertex 21.5355 3.53553 4
      vertex 21.5355 12.4645 4
    endloop
  endfacet
  facet normal 0 0 1
    outer loop
      vertex 21.172 12.1349 4
      vertex 21.172 3.86505 4
      vertex 21.5355 3.53553 4
    endloop
  endfacet
  facet normal -0 0 1
    outer loop
      vertex 20.7779 11.8427 4
      vertex 21.172 3.86505 4
      vertex 21.172 12.1349 4
    endloop
  endfacet
  facet normal 0 0 1
    outer loop
      vertex 20.7779 11.8427 4
      vertex 20.7779 4.15735 4
      vertex 21.172 3.86505 4
    endloop
  endfacet
  facet normal -0 0 1
    outer loop
      vertex 20.357 11.5904 4
      vertex 20.7779 4.15735 4
      vertex 20.7779 11.8427 4
    endloop
  endfacet
  facet normal 0 0 1
    outer loop
      vertex 20.357 11.5904 4
      vertex 20.357 4.40961 4
      vertex 20.7779 4.15735 4
    endloop
  endfacet
  facet normal -0 0 1
    outer loop
      vertex 19.9134 11.3806 4
      vertex 20.357 4.40961 4
      vertex 20.357 11.5904 4
    endloop
  endfacet
  facet normal 0 0 1
    outer loop
      vertex 19.9134 11.3806 4
      vertex 19.9134 4.6194 4
      vertex 20.357 4.40961 4
    endloop
  endfacet
  facet normal -0 0 1
    outer loop
      vertex 19.4514 11.2153 4
      vertex 19.9134 4.6194 4
      vertex 19.9134 11.3806 4
    endloop
  endfacet
  facet normal 0 0 1
    outer loop
      vertex 19.4514 11.2153 4
      vertex 19.4514 4.7847 4
      vertex 19.9134 4.6194 4
    endloop
  endfacet
  facet normal -0 0 1
    outer loop
      vertex 18.9755 11.0961 4
      vertex 19.4514 4.7847 4
      vertex 19.4514 11.2153 4
    endloop
  endfacet
  facet normal 0 0 1
    outer loop
      vertex 18.9755 11.0961 4
      vertex 18.9755 4.90393 4
      vertex 19.4514 4.7847 4
    endloop
  endfacet
  facet normal -0 0 1
    outer loop
      vertex 18.4901 11.0241 4
      vertex 18.9755 4.90393 4
      vertex 18.9755 11.0961 4
    endloop
  endfacet
  facet normal 0 0 1
    outer loop
      vertex 18.4901 11.0241 4
      vertex 18.4901 4.97592 4
      vertex 18.9755 4.90393 4
    endloop
  endfacet
  facet normal -0 0 1
    outer loop
      vertex 18 11 4
      vertex 18.4901 4.97592 4
      vertex 18.4901 11.0241 4
    endloop
  endfacet
  facet normal 0 0 1
    outer loop
      vertex 18 11 4
      vertex 18 5 4
      vertex 18.4901 4.97592 4
    endloop
  endfacet
  facet normal 0 0 1
    outer loop
      vertex 17.5099 11.0241 4
      vertex 18 5 4
      vertex 18 11 4
    endloop
  endfacet
  facet normal 0 0 1
    outer loop
      vertex 17.5099 11.0241 4
      vertex 17.5099 4.97592 4
      vertex 18 5 4
    endloop
  endfacet
  facet normal 0 0 1
    outer loop
      vertex 15 10 4
      vertex 17.5099 11.0241 4
      vertex 17.0245 11.0961 4
    endloop
  endfacet
  facet normal 0 0 1
    outer loop
      vertex 17.5099 11.0241 4
      vertex 15 10 4
      vertex 17.5099 4.97592 4
    endloop
  endfacet
  facet normal 0 0 1
    outer loop
      vertex 15 10 4
      vertex 17.0245 11.0961 4
      vertex 16.5486 11.2153 4
    endloop
  endfacet
  facet normal 0 0 1
    outer loop
      vertex 17.5099 4.97592 4
      vertex 15 10 4
      vertex 17.0245 4.90393 4
    endloop
  endfacet
  facet normal 0 0 1
    outer loop
      vertex 15 10 4
      vertex 16.5486 11.2153 4
      vertex 16.0866 11.3806 4
    endloop
  endfacet
  facet normal 0 0 1
    outer loop
      vertex 17.0245 4.90393 4
      vertex 15 10 4
      vertex 16.5486 4.7847 4
    endloop
  endfacet
  facet normal 0 0 1
    outer loop
      vertex 15 10 4
      vertex 16.0866 11.3806 4
      vertex 15.643 11.5904 4
    endloop
  endfacet
  facet normal 0 0 1
    outer loop
      vertex 16.5486 4.7847 4
      vertex 15 10 4
      vertex 16.0866 4.6194 4
    endloop
  endfacet
  facet normal 0 0 1
    outer loop
      vertex 15 10 4
      vertex 15.643 11.5904 4
      vertex 15.2221 11.8427 4
    endloop
  endfacet
  facet normal 0 0 1
    outer loop
      vertex 16.0866 4.6194 4
      vertex 15 10 4
      vertex 15.643 4.40961 4
    endloop
  endfacet
  facet normal 0 0 1
    outer loop
      vertex 15.643 4.40961 4
      vertex 15 10 4
      vertex 15.2221 4.15735 4
    endloop
  endfacet
  facet normal 0 0 1
    outer loop
      vertex 14.828 12.1349 4
      vertex 15 10 4
      vertex 15.2221 11.8427 4
    endloop
  endfacet
  facet normal 0 0 1
    outer loop
      vertex 14.4645 12.4645 4
      vertex 15 10 4
      vertex 14.828 12.1349 4
    endloop
  endfacet
  facet normal 0 0 1
    outer loop
      vertex 14.1349 12.828 4
      vertex 15 10 4
      vertex 14.4645 12.4645 4
    endloop
  endfacet
  facet normal 0 0 1
    outer loop
      vertex 13.8427 13.2221 4
      vertex 15 10 4
      vertex 14.1349 12.828 4
    endloop
  endfacet
  facet normal 0 0 1
    outer loop
      vertex 4.15735 13.2221 4
      vertex 13.8427 13.2221 4
      vertex 13.5904 13.643 4
    endloop
  endfacet
  facet normal 0 0 1
    outer loop
      vertex 4.40961 13.643 4
      vertex 13.5904 13.643 4
      vertex 13.3806 14.0866 4
    endloop
  endfacet
  facet normal -0 0 1
    outer loop
      vertex 5 16 4
      vertex 13.0241 15.5099 4
      vertex 13 16 4
    endloop
  endfacet
  facet normal 0 0 1
    outer loop
      vertex 4.97592 15.5099 4
      vertex 13.0241 15.5099 4
      vertex 5 16 4
    endloop
  endfacet
  facet normal 0 0 1
    outer loop
      vertex 13.0241 15.5099 4
      vertex 4.97592 15.5099 4
      vertex 13.0961 15.0245 4
    endloop
  endfacet
  facet normal 0 0 1
    outer loop
      vertex 4.90393 15.0245 4
      vertex 13.0961 15.0245 4
      vertex 4.97592 15.5099 4
    endloop
  endfacet
  facet normal 0 0 1
    outer loop
      vertex 13.0961 15.0245 4
      vertex 4.90393 15.0245 4
      vertex 13.2153 14.5486 4
    endloop
  endfacet
  facet normal 0 0 1
    outer loop
      vertex 4.7847 14.5486 4
      vertex 13.2153 14.5486 4
      vertex 4.90393 15.0245 4
    endloop
  endfacet
  facet normal 0 0 1
    outer loop
      vertex 13.2153 14.5486 4
      vertex 4.7847 14.5486 4
      vertex 13.3806 14.0866 4
    endloop
  endfacet
  facet normal 0 0 1
    outer loop
      vertex 4.6194 14.0866 4
      vertex 13.3806 14.0866 4
      vertex 4.7847 14.5486 4
    endloop
  endfacet
  facet normal 0 0 1
    outer loop
      vertex 4.40961 13.643 4
      vertex 13.3806 14.0866 4
      vertex 4.6194 14.0866 4
    endloop
  endfacet
  facet normal 0 0 1
    outer loop
      vertex 13.5904 13.643 4
      vertex 4.40961 13.643 4
      vertex 4.15735 13.2221 4
    endloop
  endfacet
  facet normal 0 0 1
    outer loop
      vertex 13.8427 13.2221 4
      vertex 4.15735 13.2221 4
      vertex 15 10 4
    endloop
  endfacet
  facet normal -0 0 1
    outer loop
      vertex 3.86505 12.828 4
      vertex 15 10 4
      vertex 4.15735 13.2221 4
    endloop
  endfacet
  facet normal -0 0 1
    outer loop
      vertex 3.53553 12.4645 4
      vertex 15 10 4
      vertex 3.86505 12.828 4
    endloop
  endfacet
  facet normal -0 0 1
    outer loop
      vertex 3.17197 12.1349 4
      vertex 15 10 4
      vertex 3.53553 12.4645 4
    endloop
  endfacet
  facet normal -0 0 1
    outer loop
      vertex 2.77785 11.8427 4
      vertex 15 10 4
      vertex 3.17197 12.1349 4
    endloop
  endfacet
  facet normal -0 0 1
    outer loop
      vertex 2.35698 11.5904 4
      vertex 15 10 4
      vertex 2.77785 11.8427 4
    endloop
  endfacet
  facet normal -0 0 1
    outer loop
      vertex 1.91342 11.3806 4
      vertex 15 10 4
      vertex 2.35698 11.5904 4
    endloop
  endfacet
  facet normal -0 0 1
    outer loop
      vertex 1.45142 11.2153 4
      vertex 15 10 4
      vertex 1.91342 11.3806 4
    endloop
  endfacet
  facet normal -0 0 1
    outer loop
      vertex 0.975451 11.0961 4
      vertex 15 10 4
      vertex 1.45142 11.2153 4
    endloop
  endfacet
  facet normal -0 0 1
    outer loop
      vertex 0.490086 11.0241 4
      vertex 15 10 4
      vertex 0.975451 11.0961 4
    endloop
  endfacet
  facet normal -0 0 1
    outer loop
      vertex 0 11 4
      vertex 15 10 4
      vertex 0.490086 11.0241 4
    endloop
  endfacet
  facet normal 0 0 1
    outer loop
      vertex -15 10 4
      vertex 0 11 4
      vertex -0.490086 11.0241 4
    endloop
  endfacet
  facet normal -0 0 1
    outer loop
      vertex -13 16 4
      vertex -4.97592 15.5099 4
      vertex -5 16 4
    endloop
  endfacet
  facet normal 0 0 1
    outer loop
      vertex -13.0241 15.5099 4
      vertex -4.97592 15.5099 4
      vertex -13 16 4
    endloop
  endfacet
  facet normal 0 0 1
    outer loop
      vertex -4.97592 15.5099 4
      vertex -13.0241 15.5099 4
      vertex -4.90393 15.0245 4
    endloop
  endfacet
  facet normal 0 0 1
    outer loop
      vertex -13.0961 15.0245 4
      vertex -4.90393 15.0245 4
      vertex -13.0241 15.5099 4
    endloop
  endfacet
  facet normal 0 0 1
    outer loop
      vertex -4.90393 15.0245 4
      vertex -13.0961 15.0245 4
      vertex -4.7847 14.5486 4
    endloop
  endfacet
  facet normal 0 0 1
    outer loop
      vertex -13.2153 14.5486 4
      vertex -4.7847 14.5486 4
      vertex -13.0961 15.0245 4
    endloop
  endfacet
  facet normal 0 0 1
    outer loop
      vertex -4.7847 14.5486 4
      vertex -13.2153 14.5486 4
      vertex -4.6194 14.0866 4
    endloop
  endfacet
  facet normal 0 0 1
    outer loop
      vertex -13.3806 14.0866 4
      vertex -4.6194 14.0866 4
      vertex -13.2153 14.5486 4
    endloop
  endfacet
  facet normal 0 0 1
    outer loop
      vertex -4.6194 14.0866 4
      vertex -13.3806 14.0866 4
      vertex -4.40961 13.643 4
    endloop
  endfacet
  facet normal 0 0 1
    outer loop
      vertex -13.5904 13.643 4
      vertex -4.40961 13.643 4
      vertex -13.3806 14.0866 4
    endloop
  endfacet
  facet normal 0 0 1
    outer loop
      vertex -4.40961 13.643 4
      vertex -13.5904 13.643 4
      vertex -4.15735 13.2221 4
    endloop
  endfacet
  facet normal 0 0 1
    outer loop
      vertex -13.8427 13.2221 4
      vertex -4.15735 13.2221 4
      vertex -13.5904 13.643 4
    endloop
  endfacet
  facet normal 0 0 1
    outer loop
      vertex -15 10 4
      vertex -4.15735 13.2221 4
      vertex -13.8427 13.2221 4
    endloop
  endfacet
  facet normal 0 0 1
    outer loop
      vertex -4.15735 13.2221 4
      vertex -15 10 4
      vertex -3.86505 12.828 4
    endloop
  endfacet
  facet normal 0 0 1
    outer loop
      vertex -3.86505 12.828 4
      vertex -15 10 4
      vertex -3.53553 12.4645 4
    endloop
  endfacet
  facet normal 0 0 1
    outer loop
      vertex -3.53553 12.4645 4
      vertex -15 10 4
      vertex -3.17197 12.1349 4
    endloop
  endfacet
  facet normal 0 0 1
    outer loop
      vertex -3.17197 12.1349 4
      vertex -15 10 4
      vertex -2.77785 11.8427 4
    endloop
  endfacet
  facet normal 0 0 1
    outer loop
      vertex -2.77785 11.8427 4
      vertex -15 10 4
      vertex -2.35698 11.5904 4
    endloop
  endfacet
  facet normal 0 0 1
    outer loop
      vertex -2.35698 11.5904 4
      vertex -15 10 4
      vertex -1.91342 11.3806 4
    endloop
  endfacet
  facet normal 0 0 1
    outer loop
      vertex -1.91342 11.3806 4
      vertex -15 10 4
      vertex -1.45142 11.2153 4
    endloop
  endfacet
  facet normal 0 0 1
    outer loop
      vertex -15 10 4
      vertex -13.8427 13.2221 4
      vertex -14.1349 12.828 4
    endloop
  endfacet
  facet normal 0 0 1
    outer loop
      vertex -1.45142 11.2153 4
      vertex -15 10 4
      vertex -0.975451 11.0961 4
    endloop
  endfacet
  facet normal 0 0 1
    outer loop
      vertex -15 10 4
      vertex -14.1349 12.828 4
      vertex -14.4645 12.4645 4
    endloop
  endfacet
  facet normal 0 0 1
    outer loop
      vertex -15 10 4
      vertex -14.4645 12.4645 4
      vertex -14.828 12.1349 4
    endloop
  endfacet
  facet normal 0 0 1
    outer loop
      vertex 0 11 4
      vertex -15 10 4
      vertex 15 10 4
    endloop
  endfacet
  facet normal 0 0 1
    outer loop
      vertex -0.975451 11.0961 4
      vertex -15 10 4
      vertex -0.490086 11.0241 4
    endloop
  endfacet
  facet normal -0 0 1
    outer loop
      vertex -15.2221 11.8427 4
      vertex -15 10 4
      vertex -14.828 12.1349 4
    endloop
  endfacet
  facet normal -0 0 1
    outer loop
      vertex -15.643 11.5904 4
      vertex -15 10 4
      vertex -15.2221 11.8427 4
    endloop
  endfacet
  facet normal 0 0 1
    outer loop
      vertex -15 10 4
      vertex -15.2221 4.15735 4
      vertex -15 3.99259 4
    endloop
  endfacet
  facet normal -0 0 1
    outer loop
      vertex -16.0866 11.3806 4
      vertex -15 10 4
      vertex -15.643 11.5904 4
    endloop
  endfacet
  facet normal 0 0 1
    outer loop
      vertex -15 10 4
      vertex -15.643 4.40961 4
      vertex -15.2221 4.15735 4
    endloop
  endfacet
  facet normal -0 0 1
    outer loop
      vertex -16.5486 11.2153 4
      vertex -15 10 4
      vertex -16.0866 11.3806 4
    endloop
  endfacet
  facet normal 0 0 1
    outer loop
      vertex -15 10 4
      vertex -16.0866 4.6194 4
      vertex -15.643 4.40961 4
    endloop
  endfacet
  facet normal -0 0 1
    outer loop
      vertex -17.0245 11.0961 4
      vertex -15 10 4
      vertex -16.5486 11.2153 4
    endloop
  endfacet
  facet normal 0 0 1
    outer loop
      vertex -15 10 4
      vertex -16.5486 4.7847 4
      vertex -16.0866 4.6194 4
    endloop
  endfacet
  facet normal -0 0 1
    outer loop
      vertex -17.5099 11.0241 4
      vertex -15 10 4
      vertex -17.0245 11.0961 4
    endloop
  endfacet
  facet normal 0 0 1
    outer loop
      vertex -15 10 4
      vertex -17.0245 4.90393 4
      vertex -16.5486 4.7847 4
    endloop
  endfacet
  facet normal 0 0 1
    outer loop
      vertex -17.5099 4.97592 4
      vertex -15 10 4
      vertex -17.5099 11.0241 4
    endloop
  endfacet
  facet normal 0 0 1
    outer loop
      vertex -15 10 4
      vertex -17.5099 4.97592 4
      vertex -17.0245 4.90393 4
    endloop
  endfacet
  facet normal -0 0 1
    outer loop
      vertex -18 11 4
      vertex -17.5099 4.97592 4
      vertex -17.5099 11.0241 4
    endloop
  endfacet
  facet normal 0 0 1
    outer loop
      vertex -18 11 4
      vertex -18 5 4
      vertex -17.5099 4.97592 4
    endloop
  endfacet
  facet normal 0 0 1
    outer loop
      vertex -18.4901 11.0241 4
      vertex -18 5 4
      vertex -18 11 4
    endloop
  endfacet
  facet normal 0 0 1
    outer loop
      vertex -18.4901 11.0241 4
      vertex -18.4901 4.97592 4
      vertex -18 5 4
    endloop
  endfacet
  facet normal 0 0 1
    outer loop
      vertex -18.9755 11.0961 4
      vertex -18.4901 4.97592 4
      vertex -18.4901 11.0241 4
    endloop
  endfacet
  facet normal 0 0 1
    outer loop
      vertex -18.9755 11.0961 4
      vertex -18.9755 4.90393 4
      vertex -18.4901 4.97592 4
    endloop
  endfacet
  facet normal 0 0 1
    outer loop
      vertex -19.4514 11.2153 4
      vertex -18.9755 4.90393 4
      vertex -18.9755 11.0961 4
    endloop
  endfacet
  facet normal 0 0 1
    outer loop
      vertex -19.4514 11.2153 4
      vertex -19.4514 4.7847 4
      vertex -18.9755 4.90393 4
    endloop
  endfacet
  facet normal 0 0 1
    outer loop
      vertex -19.9134 11.3806 4
      vertex -19.4514 4.7847 4
      vertex -19.4514 11.2153 4
    endloop
  endfacet
  facet normal 0 0 1
    outer loop
      vertex -19.9134 11.3806 4
      vertex -19.9134 4.6194 4
      vertex -19.4514 4.7847 4
    endloop
  endfacet
  facet normal 0 0 1
    outer loop
      vertex -20.357 11.5904 4
      vertex -19.9134 4.6194 4
      vertex -19.9134 11.3806 4
    endloop
  endfacet
  facet normal 0 0 1
    outer loop
      vertex -20.357 11.5904 4
      vertex -20.357 4.40961 4
      vertex -19.9134 4.6194 4
    endloop
  endfacet
  facet normal 0 0 1
    outer loop
      vertex -20.7779 11.8427 4
      vertex -20.357 4.40961 4
      vertex -20.357 11.5904 4
    endloop
  endfacet
  facet normal 0 0 1
    outer loop
      vertex -20.7779 11.8427 4
      vertex -20.7779 4.15735 4
      vertex -20.357 4.40961 4
    endloop
  endfacet
  facet normal 0 0 1
    outer loop
      vertex -21.172 12.1349 4
      vertex -20.7779 4.15735 4
      vertex -20.7779 11.8427 4
    endloop
  endfacet
  facet normal 0 0 1
    outer loop
      vertex -21.172 12.1349 4
      vertex -21.172 3.86505 4
      vertex -20.7779 4.15735 4
    endloop
  endfacet
  facet normal 0 0 1
    outer loop
      vertex -21.5355 12.4645 4
      vertex -21.172 3.86505 4
      vertex -21.172 12.1349 4
    endloop
  endfacet
  facet normal 0 0 1
    outer loop
      vertex -21.5355 12.4645 4
      vertex -21.5355 3.53553 4
      vertex -21.172 3.86505 4
    endloop
  endfacet
  facet normal 0 0 1
    outer loop
      vertex -21.8651 12.828 4
      vertex -21.5355 3.53553 4
      vertex -21.5355 12.4645 4
    endloop
  endfacet
  facet normal 0 0 1
    outer loop
      vertex -21.8651 12.828 4
      vertex -21.8651 3.17197 4
      vertex -21.5355 3.53553 4
    endloop
  endfacet
  facet normal 0 0 1
    outer loop
      vertex -22.1573 13.2221 4
      vertex -21.8651 3.17197 4
      vertex -21.8651 12.828 4
    endloop
  endfacet
  facet normal 0 0 1
    outer loop
      vertex -22.1573 13.2221 4
      vertex -22.1573 2.77785 4
      vertex -21.8651 3.17197 4
    endloop
  endfacet
  facet normal 0 0 1
    outer loop
      vertex -22.4096 13.643 4
      vertex -22.1573 2.77785 4
      vertex -22.1573 13.2221 4
    endloop
  endfacet
  facet normal 0 0 1
    outer loop
      vertex -22.4096 13.643 4
      vertex -22.4096 2.35698 4
      vertex -22.1573 2.77785 4
    endloop
  endfacet
  facet normal 0 0 1
    outer loop
      vertex -22.6194 14.0866 4
      vertex -22.4096 2.35698 4
      vertex -22.4096 13.643 4
    endloop
  endfacet
  facet normal 0 0 1
    outer loop
      vertex -22.6194 14.0866 4
      vertex -22.6194 1.91342 4
      vertex -22.4096 2.35698 4
    endloop
  endfacet
  facet normal 0 0 1
    outer loop
      vertex -22.7847 14.5486 4
      vertex -22.6194 1.91342 4
      vertex -22.6194 14.0866 4
    endloop
  endfacet
  facet normal 0 0 1
    outer loop
      vertex -22.7847 14.5486 4
      vertex -22.7847 1.45142 4
      vertex -22.6194 1.91342 4
    endloop
  endfacet
  facet normal 0 0 1
    outer loop
      vertex -32 26 4
      vertex -22.7847 14.5486 4
      vertex -22.9039 15.0245 4
    endloop
  endfacet
  facet normal 0 0 1
    outer loop
      vertex -22.7847 14.5486 4
      vertex -32 26 4
      vertex -22.7847 1.45142 4
    endloop
  endfacet
  facet normal 0 0 1
    outer loop
      vertex -32 26 4
      vertex -22.9039 15.0245 4
      vertex -22.9759 15.5099 4
    endloop
  endfacet
  facet normal 0 0 1
    outer loop
      vertex -22.7847 1.45142 4
      vertex -32 26 4
      vertex -22.9039 0.975451 4
    endloop
  endfacet
  facet normal 0 0 1
    outer loop
      vertex -32 26 4
      vertex -22.9759 15.5099 4
      vertex -23 16 4
    endloop
  endfacet
  facet normal 0 0 1
    outer loop
      vertex -22.9039 0.975451 4
      vertex -32 26 4
      vertex -22.9759 0.490086 4
    endloop
  endfacet
  facet normal 0 0 1
    outer loop
      vertex 32 26 4
      vertex 31.7059 22.9856 4
      vertex 32 23 4
    endloop
  endfacet
  facet normal 0 0 1
    outer loop
      vertex 32 26 4
      vertex 31.4147 22.9424 4
      vertex 31.7059 22.9856 4
    endloop
  endfacet
  facet normal 0 0 1
    outer loop
      vertex 32 26 4
      vertex 31.1291 22.8708 4
      vertex 31.4147 22.9424 4
    endloop
  endfacet
  facet normal 0 0 1
    outer loop
      vertex 32 26 4
      vertex 30.8519 22.7716 4
      vertex 31.1291 22.8708 4
    endloop
  endfacet
  facet normal 0 0 1
    outer loop
      vertex 29.755 22.488 4
      vertex 30.8519 22.7716 4
      vertex 32 26 4
    endloop
  endfacet
  facet normal 0 0 1
    outer loop
      vertex 30.8519 22.7716 4
      vertex 29.755 22.488 4
      vertex 30.5858 22.6458 4
    endloop
  endfacet
  facet normal 0 -0 1
    outer loop
      vertex 30.245 22.488 4
      vertex 30.5858 22.6458 4
      vertex 30 22.5 4
    endloop
  endfacet
  facet normal 0 0 1
    outer loop
      vertex 30.3333 22.4944 4
      vertex 30.245 22.488 4
      vertex 30.3113 22.4781 4
    endloop
  endfacet
  facet normal 0 0 1
    outer loop
      vertex 30.5858 22.6458 4
      vertex 30.245 22.488 4
      vertex 30.3333 22.4944 4
    endloop
  endfacet
  facet normal 0 0 1
    outer loop
      vertex 30.5858 22.6458 4
      vertex 29.755 22.488 4
      vertex 30 22.5 4
    endloop
  endfacet
  facet normal 0 0 1
    outer loop
      vertex 32 26 4
      vertex 29.5123 22.452 4
      vertex 29.755 22.488 4
    endloop
  endfacet
  facet normal 0 0 1
    outer loop
      vertex 32 26 4
      vertex 29.2743 22.3923 4
      vertex 29.5123 22.452 4
    endloop
  endfacet
  facet normal 0 0 1
    outer loop
      vertex 32 26 4
      vertex 29.0433 22.3097 4
      vertex 29.2743 22.3923 4
    endloop
  endfacet
  facet normal 0 0 1
    outer loop
      vertex 32 26 4
      vertex 28.8215 22.2048 4
      vertex 29.0433 22.3097 4
    endloop
  endfacet
  facet normal 0 0 1
    outer loop
      vertex 32 26 4
      vertex 28.6111 22.0787 4
      vertex 28.8215 22.2048 4
    endloop
  endfacet
  facet normal 0 0 1
    outer loop
      vertex 19.4514 20.7847 4
      vertex 28.6111 22.0787 4
      vertex 32 26 4
    endloop
  endfacet
  facet normal 0 0 1
    outer loop
      vertex 28.6111 22.0787 4
      vertex 19.4514 20.7847 4
      vertex 28.414 21.9325 4
    endloop
  endfacet
  facet normal 0 -0 1
    outer loop
      vertex 19.9134 20.6194 4
      vertex 28.414 21.9325 4
      vertex 19.4514 20.7847 4
    endloop
  endfacet
  facet normal 0 0 1
    outer loop
      vertex 27.7952 -18.8215 4
      vertex 22.9039 -16.9755 4
      vertex 27.6903 -19.0433 4
    endloop
  endfacet
  facet normal 0 0 1
    outer loop
      vertex 22.1573 18.7779 4
      vertex 27.5 20 4
      vertex 27.512 20.245 4
    endloop
  endfacet
  facet normal 0 0 1
    outer loop
      vertex 22.1573 18.7779 4
      vertex 27.512 20.245 4
      vertex 27.548 20.4877 4
    endloop
  endfacet
  facet normal 0 0 1
    outer loop
      vertex 21.8651 19.172 4
      vertex 27.548 20.4877 4
      vertex 27.6076 20.7257 4
    endloop
  endfacet
  facet normal 0 0 1
    outer loop
      vertex 21.5355 19.5355 4
      vertex 27.6076 20.7257 4
      vertex 27.6903 20.9567 4
    endloop
  endfacet
  facet normal 0 0 1
    outer loop
      vertex 21.172 19.8651 4
      vertex 27.6903 20.9567 4
      vertex 27.7952 21.1785 4
    endloop
  endfacet
  facet normal 0 0 1
    outer loop
      vertex 21.172 19.8651 4
      vertex 27.7952 21.1785 4
      vertex 27.9213 21.3889 4
    endloop
  endfacet
  facet normal 0 0 1
    outer loop
      vertex 20.7779 20.1573 4
      vertex 27.9213 21.3889 4
      vertex 28.0675 21.586 4
    endloop
  endfacet
  facet normal 0 0 1
    outer loop
      vertex 28.414 21.9325 4
      vertex 19.9134 20.6194 4
      vertex 28.2322 21.7678 4
    endloop
  endfacet
  facet normal 0 0 1
    outer loop
      vertex 27.512 19.755 4
      vertex 22.9759 16.4901 4
      vertex 23 16 4
    endloop
  endfacet
  facet normal 0 0 1
    outer loop
      vertex 27.512 19.755 4
      vertex 22.9039 16.9755 4
      vertex 22.9759 16.4901 4
    endloop
  endfacet
  facet normal 0 0 1
    outer loop
      vertex 27.512 19.755 4
      vertex 22.7847 17.4514 4
      vertex 22.9039 16.9755 4
    endloop
  endfacet
  facet normal 0 0 1
    outer loop
      vertex 27.512 19.755 4
      vertex 22.6194 17.9134 4
      vertex 22.7847 17.4514 4
    endloop
  endfacet
  facet normal 0 0 1
    outer loop
      vertex 27.512 19.755 4
      vertex 22.4096 18.357 4
      vertex 22.6194 17.9134 4
    endloop
  endfacet
  facet normal 0 0 1
    outer loop
      vertex 27.5 20 4
      vertex 22.1573 18.7779 4
      vertex 22.4096 18.357 4
    endloop
  endfacet
  facet normal 0 0 1
    outer loop
      vertex 27.548 20.4877 4
      vertex 21.8651 19.172 4
      vertex 22.1573 18.7779 4
    endloop
  endfacet
  facet normal 0 0 1
    outer loop
      vertex 27.6076 20.7257 4
      vertex 21.5355 19.5355 4
      vertex 21.8651 19.172 4
    endloop
  endfacet
  facet normal 0 0 1
    outer loop
      vertex 27.6903 20.9567 4
      vertex 21.172 19.8651 4
      vertex 21.5355 19.5355 4
    endloop
  endfacet
  facet normal 0 0 1
    outer loop
      vertex 27.9213 21.3889 4
      vertex 20.7779 20.1573 4
      vertex 21.172 19.8651 4
    endloop
  endfacet
  facet normal 0 0 1
    outer loop
      vertex 28.0675 21.586 4
      vertex 20.357 20.4096 4
      vertex 20.7779 20.1573 4
    endloop
  endfacet
  facet normal 0 0 1
    outer loop
      vertex 28.2322 21.7678 4
      vertex 20.357 20.4096 4
      vertex 28.0675 21.586 4
    endloop
  endfacet
  facet normal 0 -0 1
    outer loop
      vertex 20.357 20.4096 4
      vertex 28.2322 21.7678 4
      vertex 19.9134 20.6194 4
    endloop
  endfacet
  facet normal 0 0 1
    outer loop
      vertex 32 26 4
      vertex 18.9755 20.9039 4
      vertex 19.4514 20.7847 4
    endloop
  endfacet
  facet normal 0 0 1
    outer loop
      vertex 32 26 4
      vertex 18.4901 20.9759 4
      vertex 18.9755 20.9039 4
    endloop
  endfacet
  facet normal 0 0 1
    outer loop
      vertex 32 26 4
      vertex 18 21 4
      vertex 18.4901 20.9759 4
    endloop
  endfacet
  facet normal 0 0 1
    outer loop
      vertex 32 26 4
      vertex 17.5099 20.9759 4
      vertex 18 21 4
    endloop
  endfacet
  facet normal 0 0 1
    outer loop
      vertex 32 26 4
      vertex 17.0245 20.9039 4
      vertex 17.5099 20.9759 4
    endloop
  endfacet
  facet normal 0 0 1
    outer loop
      vertex 0.975451 20.9039 4
      vertex 17.0245 20.9039 4
      vertex 32 26 4
    endloop
  endfacet
  facet normal 0 0 1
    outer loop
      vertex 13.0241 16.4901 4
      vertex 5 16 4
      vertex 13 16 4
    endloop
  endfacet
  facet normal 0 0 1
    outer loop
      vertex 4.97592 16.4901 4
      vertex 13.0241 16.4901 4
      vertex 13.0961 16.9755 4
    endloop
  endfacet
  facet normal 0 0 1
    outer loop
      vertex 4.90393 16.9755 4
      vertex 13.0961 16.9755 4
      vertex 13.2153 17.4514 4
    endloop
  endfacet
  facet normal 0 0 1
    outer loop
      vertex 4.7847 17.4514 4
      vertex 13.2153 17.4514 4
      vertex 13.3806 17.9134 4
    endloop
  endfacet
  facet normal 0 0 1
    outer loop
      vertex 4.6194 17.9134 4
      vertex 13.3806 17.9134 4
      vertex 13.5904 18.357 4
    endloop
  endfacet
  facet normal 0 0 1
    outer loop
      vertex 4.40961 18.357 4
      vertex 13.5904 18.357 4
      vertex 13.8427 18.7779 4
    endloop
  endfacet
  facet normal 0 0 1
    outer loop
      vertex 4.15735 18.7779 4
      vertex 13.8427 18.7779 4
      vertex 14.1349 19.172 4
    endloop
  endfacet
  facet normal 0 0 1
    outer loop
      vertex 3.86505 19.172 4
      vertex 14.1349 19.172 4
      vertex 14.4645 19.5355 4
    endloop
  endfacet
  facet normal 0 0 1
    outer loop
      vertex 3.53553 19.5355 4
      vertex 14.4645 19.5355 4
      vertex 14.828 19.8651 4
    endloop
  endfacet
  facet normal 0 0 1
    outer loop
      vertex 3.17197 19.8651 4
      vertex 14.828 19.8651 4
      vertex 15.2221 20.1573 4
    endloop
  endfacet
  facet normal 0 0 1
    outer loop
      vertex 2.77785 20.1573 4
      vertex 15.2221 20.1573 4
      vertex 15.643 20.4096 4
    endloop
  endfacet
  facet normal 0 0 1
    outer loop
      vertex 2.35698 20.4096 4
      vertex 15.643 20.4096 4
      vertex 16.0866 20.6194 4
    endloop
  endfacet
  facet normal 0 0 1
    outer loop
      vertex 13.0241 16.4901 4
      vertex 4.97592 16.4901 4
      vertex 5 16 4
    endloop
  endfacet
  facet normal 0 0 1
    outer loop
      vertex 13.0961 16.9755 4
      vertex 4.90393 16.9755 4
      vertex 4.97592 16.4901 4
    endloop
  endfacet
  facet normal 0 0 1
    outer loop
      vertex 1.91342 20.6194 4
      vertex 16.0866 20.6194 4
      vertex 16.5486 20.7847 4
    endloop
  endfacet
  facet normal 0 0 1
    outer loop
      vertex 17.0245 20.9039 4
      vertex 0.975451 20.9039 4
      vertex 16.5486 20.7847 4
    endloop
  endfacet
  facet normal 0 0 1
    outer loop
      vertex 13.2153 17.4514 4
      vertex 4.7847 17.4514 4
      vertex 4.90393 16.9755 4
    endloop
  endfacet
  facet normal 0 0 1
    outer loop
      vertex 13.3806 17.9134 4
      vertex 4.6194 17.9134 4
      vertex 4.7847 17.4514 4
    endloop
  endfacet
  facet normal 0 0 1
    outer loop
      vertex 13.5904 18.357 4
      vertex 4.40961 18.357 4
      vertex 4.6194 17.9134 4
    endloop
  endfacet
  facet normal 0 0 1
    outer loop
      vertex 13.8427 18.7779 4
      vertex 4.15735 18.7779 4
      vertex 4.40961 18.357 4
    endloop
  endfacet
  facet normal 0 0 1
    outer loop
      vertex 14.1349 19.172 4
      vertex 3.86505 19.172 4
      vertex 4.15735 18.7779 4
    endloop
  endfacet
  facet normal 0 0 1
    outer loop
      vertex 14.4645 19.5355 4
      vertex 3.53553 19.5355 4
      vertex 3.86505 19.172 4
    endloop
  endfacet
  facet normal 0 0 1
    outer loop
      vertex 14.828 19.8651 4
      vertex 3.17197 19.8651 4
      vertex 3.53553 19.5355 4
    endloop
  endfacet
  facet normal 0 0 1
    outer loop
      vertex 15.2221 20.1573 4
      vertex 2.77785 20.1573 4
      vertex 3.17197 19.8651 4
    endloop
  endfacet
  facet normal 0 0 1
    outer loop
      vertex 15.643 20.4096 4
      vertex 2.35698 20.4096 4
      vertex 2.77785 20.1573 4
    endloop
  endfacet
  facet normal 0 0 1
    outer loop
      vertex 16.0866 20.6194 4
      vertex 1.91342 20.6194 4
      vertex 2.35698 20.4096 4
    endloop
  endfacet
  facet normal 0 0 1
    outer loop
      vertex 16.5486 20.7847 4
      vertex 1.45142 20.7847 4
      vertex 1.91342 20.6194 4
    endloop
  endfacet
  facet normal 0 0 1
    outer loop
      vertex 16.5486 20.7847 4
      vertex 0.975451 20.9039 4
      vertex 1.45142 20.7847 4
    endloop
  endfacet
  facet normal 0 0 1
    outer loop
      vertex 32 26 4
      vertex 0.490086 20.9759 4
      vertex 0.975451 20.9039 4
    endloop
  endfacet
  facet normal 0 0 1
    outer loop
      vertex 32 26 4
      vertex 0 21 4
      vertex 0.490086 20.9759 4
    endloop
  endfacet
  facet normal -0 0 1
    outer loop
      vertex -32 26 4
      vertex 0 21 4
      vertex 32 26 4
    endloop
  endfacet
  facet normal 0 0 1
    outer loop
      vertex 0 21 4
      vertex -32 26 4
      vertex -0.490086 20.9759 4
    endloop
  endfacet
  facet normal 0 0 1
    outer loop
      vertex -4.97592 16.4901 4
      vertex -13 16 4
      vertex -5 16 4
    endloop
  endfacet
  facet normal 0 0 1
    outer loop
      vertex -13.0241 16.4901 4
      vertex -4.97592 16.4901 4
      vertex -4.90393 16.9755 4
    endloop
  endfacet
  facet normal 0 0 1
    outer loop
      vertex -13.0961 16.9755 4
      vertex -4.90393 16.9755 4
      vertex -4.7847 17.4514 4
    endloop
  endfacet
  facet normal 0 0 1
    outer loop
      vertex -13.2153 17.4514 4
      vertex -4.7847 17.4514 4
      vertex -4.6194 17.9134 4
    endloop
  endfacet
  facet normal 0 0 1
    outer loop
      vertex -13.3806 17.9134 4
      vertex -4.6194 17.9134 4
      vertex -4.40961 18.357 4
    endloop
  endfacet
  facet normal 0 0 1
    outer loop
      vertex -13.5904 18.357 4
      vertex -4.40961 18.357 4
      vertex -4.15735 18.7779 4
    endloop
  endfacet
  facet normal 0 0 1
    outer loop
      vertex -13.8427 18.7779 4
      vertex -4.15735 18.7779 4
      vertex -3.86505 19.172 4
    endloop
  endfacet
  facet normal 0 0 1
    outer loop
      vertex -14.1349 19.172 4
      vertex -3.86505 19.172 4
      vertex -3.53553 19.5355 4
    endloop
  endfacet
  facet normal 0 0 1
    outer loop
      vertex -14.4645 19.5355 4
      vertex -3.53553 19.5355 4
      vertex -3.17197 19.8651 4
    endloop
  endfacet
  facet normal 0 0 1
    outer loop
      vertex -14.828 19.8651 4
      vertex -3.17197 19.8651 4
      vertex -2.77785 20.1573 4
    endloop
  endfacet
  facet normal 0 0 1
    outer loop
      vertex -15.2221 20.1573 4
      vertex -2.77785 20.1573 4
      vertex -2.35698 20.4096 4
    endloop
  endfacet
  facet normal 0 0 1
    outer loop
      vertex -15.643 20.4096 4
      vertex -2.35698 20.4096 4
      vertex -1.91342 20.6194 4
    endloop
  endfacet
  facet normal 0 0 1
    outer loop
      vertex -4.97592 16.4901 4
      vertex -13.0241 16.4901 4
      vertex -13 16 4
    endloop
  endfacet
  facet normal 0 0 1
    outer loop
      vertex -4.90393 16.9755 4
      vertex -13.0961 16.9755 4
      vertex -13.0241 16.4901 4
    endloop
  endfacet
  facet normal 0 0 1
    outer loop
      vertex -16.0866 20.6194 4
      vertex -1.91342 20.6194 4
      vertex -1.45142 20.7847 4
    endloop
  endfacet
  facet normal 0 0 1
    outer loop
      vertex -4.7847 17.4514 4
      vertex -13.2153 17.4514 4
      vertex -13.0961 16.9755 4
    endloop
  endfacet
  facet normal 0 0 1
    outer loop
      vertex -4.6194 17.9134 4
      vertex -13.3806 17.9134 4
      vertex -13.2153 17.4514 4
    endloop
  endfacet
  facet normal 0 0 1
    outer loop
      vertex -16.5486 20.7847 4
      vertex -1.45142 20.7847 4
      vertex -0.975451 20.9039 4
    endloop
  endfacet
  facet normal 0 0 1
    outer loop
      vertex -4.40961 18.357 4
      vertex -13.5904 18.357 4
      vertex -13.3806 17.9134 4
    endloop
  endfacet
  facet normal 0 0 1
    outer loop
      vertex -4.15735 18.7779 4
      vertex -13.8427 18.7779 4
      vertex -13.5904 18.357 4
    endloop
  endfacet
  facet normal 0 0 1
    outer loop
      vertex -3.86505 19.172 4
      vertex -14.1349 19.172 4
      vertex -13.8427 18.7779 4
    endloop
  endfacet
  facet normal 0 0 1
    outer loop
      vertex -0.490086 20.9759 4
      vertex -32 26 4
      vertex -0.975451 20.9039 4
    endloop
  endfacet
  facet normal 0 0 1
    outer loop
      vertex -3.53553 19.5355 4
      vertex -14.4645 19.5355 4
      vertex -14.1349 19.172 4
    endloop
  endfacet
  facet normal 0 0 1
    outer loop
      vertex -3.17197 19.8651 4
      vertex -14.828 19.8651 4
      vertex -14.4645 19.5355 4
    endloop
  endfacet
  facet normal 0 0 1
    outer loop
      vertex -2.77785 20.1573 4
      vertex -15.2221 20.1573 4
      vertex -14.828 19.8651 4
    endloop
  endfacet
  facet normal 0 0 1
    outer loop
      vertex -2.35698 20.4096 4
      vertex -15.643 20.4096 4
      vertex -15.2221 20.1573 4
    endloop
  endfacet
  facet normal 0 0 1
    outer loop
      vertex -1.91342 20.6194 4
      vertex -16.0866 20.6194 4
      vertex -15.643 20.4096 4
    endloop
  endfacet
  facet normal 0 0 1
    outer loop
      vertex -1.45142 20.7847 4
      vertex -16.5486 20.7847 4
      vertex -16.0866 20.6194 4
    endloop
  endfacet
  facet normal 0 0 1
    outer loop
      vertex -0.975451 20.9039 4
      vertex -17.0245 20.9039 4
      vertex -16.5486 20.7847 4
    endloop
  endfacet
  facet normal 0 0 1
    outer loop
      vertex -0.975451 20.9039 4
      vertex -32 26 4
      vertex -17.0245 20.9039 4
    endloop
  endfacet
  facet normal 0 0 1
    outer loop
      vertex -17.0245 20.9039 4
      vertex -32 26 4
      vertex -17.5099 20.9759 4
    endloop
  endfacet
  facet normal 0 0 1
    outer loop
      vertex -17.5099 20.9759 4
      vertex -32 26 4
      vertex -18 21 4
    endloop
  endfacet
  facet normal 0 0 1
    outer loop
      vertex -22.9759 0.490086 4
      vertex -32 26 4
      vertex -23 0 4
    endloop
  endfacet
  facet normal 0 0 1
    outer loop
      vertex -32 -26 4
      vertex -23 0 4
      vertex -32 26 4
    endloop
  endfacet
  facet normal 0 0 1
    outer loop
      vertex -22.9759 16.4901 4
      vertex -32 26 4
      vertex -23 16 4
    endloop
  endfacet
  facet normal 0 0 1
    outer loop
      vertex -22.9039 16.9755 4
      vertex -32 26 4
      vertex -22.9759 16.4901 4
    endloop
  endfacet
  facet normal 0 0 1
    outer loop
      vertex -22.7847 17.4514 4
      vertex -32 26 4
      vertex -22.9039 16.9755 4
    endloop
  endfacet
  facet normal 0 0 1
    outer loop
      vertex -22.6194 17.9134 4
      vertex -32 26 4
      vertex -22.7847 17.4514 4
    endloop
  endfacet
  facet normal 0 0 1
    outer loop
      vertex -22.4096 18.357 4
      vertex -32 26 4
      vertex -22.6194 17.9134 4
    endloop
  endfacet
  facet normal 0 0 1
    outer loop
      vertex -22.1573 18.7779 4
      vertex -32 26 4
      vertex -22.4096 18.357 4
    endloop
  endfacet
  facet normal 0 0 1
    outer loop
      vertex -21.8651 19.172 4
      vertex -32 26 4
      vertex -22.1573 18.7779 4
    endloop
  endfacet
  facet normal 0 0 1
    outer loop
      vertex -21.5355 19.5355 4
      vertex -32 26 4
      vertex -21.8651 19.172 4
    endloop
  endfacet
  facet normal 0 0 1
    outer loop
      vertex -21.172 19.8651 4
      vertex -32 26 4
      vertex -21.5355 19.5355 4
    endloop
  endfacet
  facet normal 0 0 1
    outer loop
      vertex -20.7779 20.1573 4
      vertex -32 26 4
      vertex -21.172 19.8651 4
    endloop
  endfacet
  facet normal 0 0 1
    outer loop
      vertex -20.357 20.4096 4
      vertex -32 26 4
      vertex -20.7779 20.1573 4
    endloop
  endfacet
  facet normal 0 0 1
    outer loop
      vertex -19.9134 20.6194 4
      vertex -32 26 4
      vertex -20.357 20.4096 4
    endloop
  endfacet
  facet normal 0 0 1
    outer loop
      vertex -19.4514 20.7847 4
      vertex -32 26 4
      vertex -19.9134 20.6194 4
    endloop
  endfacet
  facet normal 0 0 1
    outer loop
      vertex -18.9755 20.9039 4
      vertex -32 26 4
      vertex -19.4514 20.7847 4
    endloop
  endfacet
  facet normal 0 0 1
    outer loop
      vertex -18.4901 20.9759 4
      vertex -32 26 4
      vertex -18.9755 20.9039 4
    endloop
  endfacet
  facet normal 0 0 1
    outer loop
      vertex -18 21 4
      vertex -32 26 4
      vertex -18.4901 20.9759 4
    endloop
  endfacet
  facet normal 0 0 1
    outer loop
      vertex 23 0 4
      vertex 32 17 4
      vertex 31.7059 17.0144 4
    endloop
  endfacet
  facet normal 0 0 1
    outer loop
      vertex 32 17 4
      vertex 23 0 4
      vertex 32 -17 4
    endloop
  endfacet
  facet normal 0 0 1
    outer loop
      vertex 31.1291 17.1292 4
      vertex 23 0 4
      vertex 31.4147 17.0576 4
    endloop
  endfacet
  facet normal 0 0 1
    outer loop
      vertex 31.4147 17.0576 4
      vertex 23 0 4
      vertex 31.7059 17.0144 4
    endloop
  endfacet
  facet normal 0 0 1
    outer loop
      vertex 29.0433 17.6903 4
      vertex 22.7847 14.5486 4
      vertex 29.2743 17.6076 4
    endloop
  endfacet
  facet normal -0 0 1
    outer loop
      vertex 22.9759 -0.490086 4
      vertex 32 -17 4
      vertex 23 0 4
    endloop
  endfacet
  facet normal 0 0 1
    outer loop
      vertex 29.5123 17.548 4
      vertex 31.1291 17.1292 4
      vertex 30.8519 17.2284 4
    endloop
  endfacet
  facet normal 0 0 1
    outer loop
      vertex 22.7847 14.5486 4
      vertex 29.0433 17.6903 4
      vertex 22.9039 15.0245 4
    endloop
  endfacet
  facet normal 0 0 1
    outer loop
      vertex 29.755 17.512 4
      vertex 30.8519 17.2284 4
      vertex 30.5858 17.3542 4
    endloop
  endfacet
  facet normal 0 0 1
    outer loop
      vertex 29.5123 17.548 4
      vertex 30.8519 17.2284 4
      vertex 29.755 17.512 4
    endloop
  endfacet
  facet normal 0 0 1
    outer loop
      vertex 30.245 17.512 4
      vertex 30.5858 17.3542 4
      vertex 30.3333 17.5056 4
    endloop
  endfacet
  facet normal 0 0 1
    outer loop
      vertex 29.755 17.512 4
      vertex 30.5858 17.3542 4
      vertex 30 17.5 4
    endloop
  endfacet
  facet normal -0 0 1
    outer loop
      vertex 30.245 17.512 4
      vertex 30.3333 17.5056 4
      vertex 30.3113 17.5219 4
    endloop
  endfacet
  facet normal 0 0 1
    outer loop
      vertex 30.5858 17.3542 4
      vertex 30.245 17.512 4
      vertex 30 17.5 4
    endloop
  endfacet
  facet normal -0 0 1
    outer loop
      vertex 22.9039 -0.975451 4
      vertex 32 -17 4
      vertex 22.9759 -0.490086 4
    endloop
  endfacet
  facet normal 0 0 1
    outer loop
      vertex 30.3333 -17.5056 4
      vertex 30.245 -17.512 4
      vertex 30.3113 -17.5219 4
    endloop
  endfacet
  facet normal 0 -0 1
    outer loop
      vertex 30.245 -17.512 4
      vertex 30.5858 -17.3542 4
      vertex 30 -17.5 4
    endloop
  endfacet
  facet normal 0 0 1
    outer loop
      vertex 30.5858 -17.3542 4
      vertex 30.245 -17.512 4
      vertex 30.3333 -17.5056 4
    endloop
  endfacet
  facet normal 0 0 1
    outer loop
      vertex 30.8519 -17.2284 4
      vertex 29.755 -17.512 4
      vertex 30.5858 -17.3542 4
    endloop
  endfacet
  facet normal 0 0 1
    outer loop
      vertex 30.5858 -17.3542 4
      vertex 29.755 -17.512 4
      vertex 30 -17.5 4
    endloop
  endfacet
  facet normal 0 0 1
    outer loop
      vertex 31.1291 -17.1292 4
      vertex 29.5123 -17.548 4
      vertex 30.8519 -17.2284 4
    endloop
  endfacet
  facet normal 0 0 1
    outer loop
      vertex 30.8519 -17.2284 4
      vertex 29.5123 -17.548 4
      vertex 29.755 -17.512 4
    endloop
  endfacet
  facet normal 0 0 1
    outer loop
      vertex 28.8215 17.7952 4
      vertex 22.9039 15.0245 4
      vertex 29.0433 17.6903 4
    endloop
  endfacet
  facet normal -0 0 1
    outer loop
      vertex 22.7847 -1.45142 4
      vertex 32 -17 4
      vertex 22.9039 -0.975451 4
    endloop
  endfacet
  facet normal 0 0 1
    outer loop
      vertex 28.6111 17.9213 4
      vertex 22.9039 15.0245 4
      vertex 28.8215 17.7952 4
    endloop
  endfacet
  facet normal -0 0 1
    outer loop
      vertex 22.6194 -1.91342 4
      vertex 32 -17 4
      vertex 22.7847 -1.45142 4
    endloop
  endfacet
  facet normal 0 0 1
    outer loop
      vertex 22.9039 15.0245 4
      vertex 28.6111 17.9213 4
      vertex 22.9759 15.5099 4
    endloop
  endfacet
  facet normal 0 0 1
    outer loop
      vertex 31.1291 -17.1292 4
      vertex 23 -16 4
      vertex 29.5123 -17.548 4
    endloop
  endfacet
  facet normal 0 0 1
    outer loop
      vertex 28.414 18.0675 4
      vertex 22.9759 15.5099 4
      vertex 28.6111 17.9213 4
    endloop
  endfacet
  facet normal 0 0 1
    outer loop
      vertex 29.5123 -17.548 4
      vertex 23 -16 4
      vertex 29.2743 -17.6076 4
    endloop
  endfacet
  facet normal 0 0 1
    outer loop
      vertex 22.9759 15.5099 4
      vertex 28.414 18.0675 4
      vertex 23 16 4
    endloop
  endfacet
  facet normal 0 0 1
    outer loop
      vertex 29.2743 -17.6076 4
      vertex 23 -16 4
      vertex 29.0433 -17.6903 4
    endloop
  endfacet
  facet normal 0 0 1
    outer loop
      vertex 23 16 4
      vertex 28.414 18.0675 4
      vertex 28.2322 18.2322 4
    endloop
  endfacet
  facet normal 0 0 1
    outer loop
      vertex 29.0433 -17.6903 4
      vertex 23 -16 4
      vertex 28.8215 -17.7952 4
    endloop
  endfacet
  facet normal 0 0 1
    outer loop
      vertex 23 16 4
      vertex 28.2322 18.2322 4
      vertex 28.0675 18.414 4
    endloop
  endfacet
  facet normal 0 0 1
    outer loop
      vertex 28.8215 -17.7952 4
      vertex 23 -16 4
      vertex 28.6111 -17.9213 4
    endloop
  endfacet
  facet normal 0 0 1
    outer loop
      vertex 23 16 4
      vertex 28.0675 18.414 4
      vertex 27.9213 18.6111 4
    endloop
  endfacet
  facet normal 0 0 1
    outer loop
      vertex 28.6111 -17.9213 4
      vertex 23 -16 4
      vertex 28.414 -18.0675 4
    endloop
  endfacet
  facet normal 0 0 1
    outer loop
      vertex 23 16 4
      vertex 27.9213 18.6111 4
      vertex 27.7952 18.8215 4
    endloop
  endfacet
  facet normal 0 0 1
    outer loop
      vertex 28.414 -18.0675 4
      vertex 23 -16 4
      vertex 28.2322 -18.2322 4
    endloop
  endfacet
  facet normal 0 0 1
    outer loop
      vertex 23 16 4
      vertex 27.7952 18.8215 4
      vertex 27.6903 19.0433 4
    endloop
  endfacet
  facet normal 0 0 1
    outer loop
      vertex 28.2322 -18.2322 4
      vertex 23 -16 4
      vertex 28.0675 -18.414 4
    endloop
  endfacet
  facet normal 0 0 1
    outer loop
      vertex 23 16 4
      vertex 27.6903 19.0433 4
      vertex 27.6076 19.2743 4
    endloop
  endfacet
  facet normal -0 0 1
    outer loop
      vertex 22.9759 -16.4901 4
      vertex 28.0675 -18.414 4
      vertex 23 -16 4
    endloop
  endfacet
  facet normal 0 0 1
    outer loop
      vertex 23 16 4
      vertex 27.6076 19.2743 4
      vertex 27.548 19.5123 4
    endloop
  endfacet
  facet normal 0 0 1
    outer loop
      vertex 28.0675 -18.414 4
      vertex 22.9759 -16.4901 4
      vertex 27.9213 -18.6111 4
    endloop
  endfacet
  facet normal 0 0 1
    outer loop
      vertex 23 16 4
      vertex 27.548 19.5123 4
      vertex 27.512 19.755 4
    endloop
  endfacet
  facet normal -0 0 1
    outer loop
      vertex 22.9039 -16.9755 4
      vertex 27.9213 -18.6111 4
      vertex 22.9759 -16.4901 4
    endloop
  endfacet
  facet normal 0 0 1
    outer loop
      vertex 22.4096 18.357 4
      vertex 27.512 19.755 4
      vertex 27.5 20 4
    endloop
  endfacet
  facet normal 0 0 1
    outer loop
      vertex 27.9213 -18.6111 4
      vertex 22.9039 -16.9755 4
      vertex 27.7952 -18.8215 4
    endloop
  endfacet
  facet normal 0 0 1
    outer loop
      vertex 31.7059 -22.9856 4
      vertex 32 -26 4
      vertex 32 -23 4
    endloop
  endfacet
  facet normal 0 0 1
    outer loop
      vertex 31.4147 -22.9424 4
      vertex 32 -26 4
      vertex 31.7059 -22.9856 4
    endloop
  endfacet
  facet normal 0 0 1
    outer loop
      vertex 31.1291 -22.8708 4
      vertex 32 -26 4
      vertex 31.4147 -22.9424 4
    endloop
  endfacet
  facet normal 0 0 1
    outer loop
      vertex 30.8519 -22.7716 4
      vertex 32 -26 4
      vertex 31.1291 -22.8708 4
    endloop
  endfacet
  facet normal 0 0 1
    outer loop
      vertex 29.755 -22.488 4
      vertex 30.8519 -22.7716 4
      vertex 30.5858 -22.6458 4
    endloop
  endfacet
  facet normal 0 0 1
    outer loop
      vertex 30.245 -22.488 4
      vertex 30.5858 -22.6458 4
      vertex 30.3333 -22.4944 4
    endloop
  endfacet
  facet normal -0 0 1
    outer loop
      vertex 30.245 -22.488 4
      vertex 30.3333 -22.4944 4
      vertex 30.3113 -22.4781 4
    endloop
  endfacet
  facet normal 0 0 1
    outer loop
      vertex 30.5858 -22.6458 4
      vertex 30.245 -22.488 4
      vertex 30 -22.5 4
    endloop
  endfacet
  facet normal 0 0 1
    outer loop
      vertex 29.755 -22.488 4
      vertex 30.5858 -22.6458 4
      vertex 30 -22.5 4
    endloop
  endfacet
  facet normal 0 0 1
    outer loop
      vertex 30.8519 -22.7716 4
      vertex 29.755 -22.488 4
      vertex 32 -26 4
    endloop
  endfacet
  facet normal 0 0 1
    outer loop
      vertex 29.5123 -22.452 4
      vertex 32 -26 4
      vertex 29.755 -22.488 4
    endloop
  endfacet
  facet normal 0 0 1
    outer loop
      vertex 29.2743 -22.3923 4
      vertex 32 -26 4
      vertex 29.5123 -22.452 4
    endloop
  endfacet
  facet normal 0 0 1
    outer loop
      vertex 29.0433 -22.3097 4
      vertex 32 -26 4
      vertex 29.2743 -22.3923 4
    endloop
  endfacet
  facet normal 0 0 1
    outer loop
      vertex 28.8215 -22.2048 4
      vertex 32 -26 4
      vertex 29.0433 -22.3097 4
    endloop
  endfacet
  facet normal 0 0 1
    outer loop
      vertex 28.6111 -22.0787 4
      vertex 32 -26 4
      vertex 28.8215 -22.2048 4
    endloop
  endfacet
  facet normal 0 0 1
    outer loop
      vertex 19.4514 -20.7847 4
      vertex 28.6111 -22.0787 4
      vertex 28.414 -21.9325 4
    endloop
  endfacet
  facet normal 0 0 1
    outer loop
      vertex 19.9134 -20.6194 4
      vertex 28.414 -21.9325 4
      vertex 28.2322 -21.7678 4
    endloop
  endfacet
  facet normal 0 0 1
    outer loop
      vertex 20.357 -20.4096 4
      vertex 28.2322 -21.7678 4
      vertex 28.0675 -21.586 4
    endloop
  endfacet
  facet normal -0 0 1
    outer loop
      vertex 22.7847 -17.4514 4
      vertex 27.6903 -19.0433 4
      vertex 22.9039 -16.9755 4
    endloop
  endfacet
  facet normal 0 0 1
    outer loop
      vertex 27.6903 -19.0433 4
      vertex 22.7847 -17.4514 4
      vertex 27.6076 -19.2743 4
    endloop
  endfacet
  facet normal -0 0 1
    outer loop
      vertex 22.6194 -17.9134 4
      vertex 27.6076 -19.2743 4
      vertex 22.7847 -17.4514 4
    endloop
  endfacet
  facet normal 0 0 1
    outer loop
      vertex 27.6076 -19.2743 4
      vertex 22.6194 -17.9134 4
      vertex 27.548 -19.5123 4
    endloop
  endfacet
  facet normal 0 0 1
    outer loop
      vertex 27.548 -19.5123 4
      vertex 22.6194 -17.9134 4
      vertex 27.512 -19.755 4
    endloop
  endfacet
  facet normal -0 0 1
    outer loop
      vertex 22.4096 -18.357 4
      vertex 27.512 -19.755 4
      vertex 22.6194 -17.9134 4
    endloop
  endfacet
  facet normal 0 0 1
    outer loop
      vertex 27.512 -19.755 4
      vertex 22.4096 -18.357 4
      vertex 27.5 -20 4
    endloop
  endfacet
  facet normal -0 0 1
    outer loop
      vertex 22.1573 -18.7779 4
      vertex 27.5 -20 4
      vertex 22.4096 -18.357 4
    endloop
  endfacet
  facet normal 0 0 1
    outer loop
      vertex 27.5 -20 4
      vertex 22.1573 -18.7779 4
      vertex 27.512 -20.245 4
    endloop
  endfacet
  facet normal 0 0 1
    outer loop
      vertex 27.512 -20.245 4
      vertex 22.1573 -18.7779 4
      vertex 27.548 -20.4877 4
    endloop
  endfacet
  facet normal -0 0 1
    outer loop
      vertex 21.8651 -19.172 4
      vertex 27.548 -20.4877 4
      vertex 22.1573 -18.7779 4
    endloop
  endfacet
  facet normal 0 0 1
    outer loop
      vertex 27.548 -20.4877 4
      vertex 21.8651 -19.172 4
      vertex 27.6076 -20.7257 4
    endloop
  endfacet
  facet normal -0 0 1
    outer loop
      vertex 21.5355 -19.5355 4
      vertex 27.6076 -20.7257 4
      vertex 21.8651 -19.172 4
    endloop
  endfacet
  facet normal 0 0 1
    outer loop
      vertex 27.6076 -20.7257 4
      vertex 21.5355 -19.5355 4
      vertex 27.6903 -20.9567 4
    endloop
  endfacet
  facet normal -0 0 1
    outer loop
      vertex 21.172 -19.8651 4
      vertex 27.6903 -20.9567 4
      vertex 21.5355 -19.5355 4
    endloop
  endfacet
  facet normal 0 0 1
    outer loop
      vertex 27.6903 -20.9567 4
      vertex 21.172 -19.8651 4
      vertex 27.7952 -21.1785 4
    endloop
  endfacet
  facet normal 0 0 1
    outer loop
      vertex 27.7952 -21.1785 4
      vertex 21.172 -19.8651 4
      vertex 27.9213 -21.3889 4
    endloop
  endfacet
  facet normal -0 0 1
    outer loop
      vertex 20.7779 -20.1573 4
      vertex 27.9213 -21.3889 4
      vertex 21.172 -19.8651 4
    endloop
  endfacet
  facet normal 0 0 1
    outer loop
      vertex 27.9213 -21.3889 4
      vertex 20.7779 -20.1573 4
      vertex 28.0675 -21.586 4
    endloop
  endfacet
  facet normal -0 0 1
    outer loop
      vertex 20.357 -20.4096 4
      vertex 28.0675 -21.586 4
      vertex 20.7779 -20.1573 4
    endloop
  endfacet
  facet normal 0 0 1
    outer loop
      vertex 28.2322 -21.7678 4
      vertex 20.357 -20.4096 4
      vertex 19.9134 -20.6194 4
    endloop
  endfacet
  facet normal 0 0 1
    outer loop
      vertex 28.414 -21.9325 4
      vertex 19.9134 -20.6194 4
      vertex 19.4514 -20.7847 4
    endloop
  endfacet
  facet normal 0 0 1
    outer loop
      vertex 28.6111 -22.0787 4
      vertex 19.4514 -20.7847 4
      vertex 32 -26 4
    endloop
  endfacet
  facet normal -0 0 1
    outer loop
      vertex 18.9755 -20.9039 4
      vertex 32 -26 4
      vertex 19.4514 -20.7847 4
    endloop
  endfacet
  facet normal -0 0 1
    outer loop
      vertex 18.4901 -20.9759 4
      vertex 32 -26 4
      vertex 18.9755 -20.9039 4
    endloop
  endfacet
  facet normal -0 0 1
    outer loop
      vertex 18 -21 4
      vertex 32 -26 4
      vertex 18.4901 -20.9759 4
    endloop
  endfacet
  facet normal 0 0 1
    outer loop
      vertex 17.5099 -20.9759 4
      vertex 32 -26 4
      vertex 18 -21 4
    endloop
  endfacet
  facet normal 0 0 1
    outer loop
      vertex 17.0245 -20.9039 4
      vertex 32 -26 4
      vertex 17.5099 -20.9759 4
    endloop
  endfacet
  facet normal 0 0 1
    outer loop
      vertex 0.975451 -20.9039 4
      vertex 17.0245 -20.9039 4
      vertex 16.5486 -20.7847 4
    endloop
  endfacet
  facet normal -0 0 1
    outer loop
      vertex 5 -16 4
      vertex 13.0241 -16.4901 4
      vertex 13 -16 4
    endloop
  endfacet
  facet normal 0 0 1
    outer loop
      vertex 4.97592 -16.4901 4
      vertex 13.0241 -16.4901 4
      vertex 5 -16 4
    endloop
  endfacet
  facet normal 0 0 1
    outer loop
      vertex 13.0241 -16.4901 4
      vertex 4.97592 -16.4901 4
      vertex 13.0961 -16.9755 4
    endloop
  endfacet
  facet normal 0 0 1
    outer loop
      vertex 4.90393 -16.9755 4
      vertex 13.0961 -16.9755 4
      vertex 4.97592 -16.4901 4
    endloop
  endfacet
  facet normal 0 0 1
    outer loop
      vertex 13.0961 -16.9755 4
      vertex 4.90393 -16.9755 4
      vertex 13.2153 -17.4514 4
    endloop
  endfacet
  facet normal 0 0 1
    outer loop
      vertex 4.7847 -17.4514 4
      vertex 13.2153 -17.4514 4
      vertex 4.90393 -16.9755 4
    endloop
  endfacet
  facet normal 0 0 1
    outer loop
      vertex 13.2153 -17.4514 4
      vertex 4.7847 -17.4514 4
      vertex 13.3806 -17.9134 4
    endloop
  endfacet
  facet normal 0 0 1
    outer loop
      vertex 4.6194 -17.9134 4
      vertex 13.3806 -17.9134 4
      vertex 4.7847 -17.4514 4
    endloop
  endfacet
  facet normal 0 0 1
    outer loop
      vertex 13.3806 -17.9134 4
      vertex 4.6194 -17.9134 4
      vertex 13.5904 -18.357 4
    endloop
  endfacet
  facet normal 0 0 1
    outer loop
      vertex 4.40961 -18.357 4
      vertex 13.5904 -18.357 4
      vertex 4.6194 -17.9134 4
    endloop
  endfacet
  facet normal 0 0 1
    outer loop
      vertex 13.5904 -18.357 4
      vertex 4.40961 -18.357 4
      vertex 13.8427 -18.7779 4
    endloop
  endfacet
  facet normal 0 0 1
    outer loop
      vertex 4.15735 -18.7779 4
      vertex 13.8427 -18.7779 4
      vertex 4.40961 -18.357 4
    endloop
  endfacet
  facet normal 0 0 1
    outer loop
      vertex 13.8427 -18.7779 4
      vertex 4.15735 -18.7779 4
      vertex 14.1349 -19.172 4
    endloop
  endfacet
  facet normal 0 0 1
    outer loop
      vertex 3.86505 -19.172 4
      vertex 14.1349 -19.172 4
      vertex 4.15735 -18.7779 4
    endloop
  endfacet
  facet normal 0 0 1
    outer loop
      vertex 14.1349 -19.172 4
      vertex 3.86505 -19.172 4
      vertex 14.4645 -19.5355 4
    endloop
  endfacet
  facet normal 0 0 1
    outer loop
      vertex 3.53553 -19.5355 4
      vertex 14.4645 -19.5355 4
      vertex 3.86505 -19.172 4
    endloop
  endfacet
  facet normal 0 0 1
    outer loop
      vertex 14.4645 -19.5355 4
      vertex 3.53553 -19.5355 4
      vertex 14.828 -19.8651 4
    endloop
  endfacet
  facet normal 0 0 1
    outer loop
      vertex 3.17197 -19.8651 4
      vertex 14.828 -19.8651 4
      vertex 3.53553 -19.5355 4
    endloop
  endfacet
  facet normal 0 0 1
    outer loop
      vertex 14.828 -19.8651 4
      vertex 3.17197 -19.8651 4
      vertex 15.2221 -20.1573 4
    endloop
  endfacet
  facet normal 0 0 1
    outer loop
      vertex 2.77785 -20.1573 4
      vertex 15.2221 -20.1573 4
      vertex 3.17197 -19.8651 4
    endloop
  endfacet
  facet normal 0 0 1
    outer loop
      vertex 15.2221 -20.1573 4
      vertex 2.77785 -20.1573 4
      vertex 15.643 -20.4096 4
    endloop
  endfacet
  facet normal 0 0 1
    outer loop
      vertex 2.35698 -20.4096 4
      vertex 15.643 -20.4096 4
      vertex 2.77785 -20.1573 4
    endloop
  endfacet
  facet normal 0 0 1
    outer loop
      vertex 15.643 -20.4096 4
      vertex 2.35698 -20.4096 4
      vertex 16.0866 -20.6194 4
    endloop
  endfacet
  facet normal 0 0 1
    outer loop
      vertex 1.91342 -20.6194 4
      vertex 16.0866 -20.6194 4
      vertex 2.35698 -20.4096 4
    endloop
  endfacet
  facet normal 0 0 1
    outer loop
      vertex 16.0866 -20.6194 4
      vertex 1.91342 -20.6194 4
      vertex 16.5486 -20.7847 4
    endloop
  endfacet
  facet normal 0 0 1
    outer loop
      vertex 1.45142 -20.7847 4
      vertex 16.5486 -20.7847 4
      vertex 1.91342 -20.6194 4
    endloop
  endfacet
  facet normal 0 0 1
    outer loop
      vertex 0.975451 -20.9039 4
      vertex 16.5486 -20.7847 4
      vertex 1.45142 -20.7847 4
    endloop
  endfacet
  facet normal 0 0 1
    outer loop
      vertex 17.0245 -20.9039 4
      vertex 0.975451 -20.9039 4
      vertex 32 -26 4
    endloop
  endfacet
  facet normal -0 0 1
    outer loop
      vertex 0.490086 -20.9759 4
      vertex 32 -26 4
      vertex 0.975451 -20.9039 4
    endloop
  endfacet
  facet normal -0 0 1
    outer loop
      vertex 0 -21 4
      vertex 32 -26 4
      vertex 0.490086 -20.9759 4
    endloop
  endfacet
  facet normal 0 0 1
    outer loop
      vertex -32 -26 4
      vertex 0 -21 4
      vertex -0.490086 -20.9759 4
    endloop
  endfacet
  facet normal 0 0 1
    outer loop
      vertex -32 -26 4
      vertex -0.490086 -20.9759 4
      vertex -0.975451 -20.9039 4
    endloop
  endfacet
  facet normal -0 0 1
    outer loop
      vertex -13 -16 4
      vertex -4.97592 -16.4901 4
      vertex -5 -16 4
    endloop
  endfacet
  facet normal 0 0 1
    outer loop
      vertex -13.0241 -16.4901 4
      vertex -4.97592 -16.4901 4
      vertex -13 -16 4
    endloop
  endfacet
  facet normal 0 0 1
    outer loop
      vertex -4.97592 -16.4901 4
      vertex -13.0241 -16.4901 4
      vertex -4.90393 -16.9755 4
    endloop
  endfacet
  facet normal 0 0 1
    outer loop
      vertex -13.0961 -16.9755 4
      vertex -4.90393 -16.9755 4
      vertex -13.0241 -16.4901 4
    endloop
  endfacet
  facet normal 0 0 1
    outer loop
      vertex -4.90393 -16.9755 4
      vertex -13.0961 -16.9755 4
      vertex -4.7847 -17.4514 4
    endloop
  endfacet
  facet normal 0 0 1
    outer loop
      vertex -13.2153 -17.4514 4
      vertex -4.7847 -17.4514 4
      vertex -13.0961 -16.9755 4
    endloop
  endfacet
  facet normal 0 0 1
    outer loop
      vertex -4.7847 -17.4514 4
      vertex -13.2153 -17.4514 4
      vertex -4.6194 -17.9134 4
    endloop
  endfacet
  facet normal 0 0 1
    outer loop
      vertex -13.3806 -17.9134 4
      vertex -4.6194 -17.9134 4
      vertex -13.2153 -17.4514 4
    endloop
  endfacet
  facet normal 0 0 1
    outer loop
      vertex -4.6194 -17.9134 4
      vertex -13.3806 -17.9134 4
      vertex -4.40961 -18.357 4
    endloop
  endfacet
  facet normal 0 0 1
    outer loop
      vertex -13.5904 -18.357 4
      vertex -4.40961 -18.357 4
      vertex -13.3806 -17.9134 4
    endloop
  endfacet
  facet normal 0 0 1
    outer loop
      vertex -4.40961 -18.357 4
      vertex -13.5904 -18.357 4
      vertex -4.15735 -18.7779 4
    endloop
  endfacet
  facet normal 0 0 1
    outer loop
      vertex -13.8427 -18.7779 4
      vertex -4.15735 -18.7779 4
      vertex -13.5904 -18.357 4
    endloop
  endfacet
  facet normal 0 0 1
    outer loop
      vertex -4.15735 -18.7779 4
      vertex -13.8427 -18.7779 4
      vertex -3.86505 -19.172 4
    endloop
  endfacet
  facet normal 0 0 1
    outer loop
      vertex -14.1349 -19.172 4
      vertex -3.86505 -19.172 4
      vertex -13.8427 -18.7779 4
    endloop
  endfacet
  facet normal 0 0 1
    outer loop
      vertex -3.86505 -19.172 4
      vertex -14.1349 -19.172 4
      vertex -3.53553 -19.5355 4
    endloop
  endfacet
  facet normal 0 0 1
    outer loop
      vertex -14.4645 -19.5355 4
      vertex -3.53553 -19.5355 4
      vertex -14.1349 -19.172 4
    endloop
  endfacet
  facet normal 0 0 1
    outer loop
      vertex -3.53553 -19.5355 4
      vertex -14.4645 -19.5355 4
      vertex -3.17197 -19.8651 4
    endloop
  endfacet
  facet normal 0 0 1
    outer loop
      vertex -14.828 -19.8651 4
      vertex -3.17197 -19.8651 4
      vertex -14.4645 -19.5355 4
    endloop
  endfacet
  facet normal 0 0 1
    outer loop
      vertex -3.17197 -19.8651 4
      vertex -14.828 -19.8651 4
      vertex -2.77785 -20.1573 4
    endloop
  endfacet
  facet normal 0 0 1
    outer loop
      vertex -15.2221 -20.1573 4
      vertex -2.77785 -20.1573 4
      vertex -14.828 -19.8651 4
    endloop
  endfacet
  facet normal 0 0 1
    outer loop
      vertex -2.77785 -20.1573 4
      vertex -15.2221 -20.1573 4
      vertex -2.35698 -20.4096 4
    endloop
  endfacet
  facet normal 0 0 1
    outer loop
      vertex -15.643 -20.4096 4
      vertex -2.35698 -20.4096 4
      vertex -15.2221 -20.1573 4
    endloop
  endfacet
  facet normal 0 0 1
    outer loop
      vertex -2.35698 -20.4096 4
      vertex -15.643 -20.4096 4
      vertex -1.91342 -20.6194 4
    endloop
  endfacet
  facet normal 0 0 1
    outer loop
      vertex -16.0866 -20.6194 4
      vertex -1.91342 -20.6194 4
      vertex -15.643 -20.4096 4
    endloop
  endfacet
  facet normal 0 0 1
    outer loop
      vertex -1.91342 -20.6194 4
      vertex -16.0866 -20.6194 4
      vertex -1.45142 -20.7847 4
    endloop
  endfacet
  facet normal 0 0 1
    outer loop
      vertex -16.5486 -20.7847 4
      vertex -1.45142 -20.7847 4
      vertex -16.0866 -20.6194 4
    endloop
  endfacet
  facet normal 0 0 1
    outer loop
      vertex -1.45142 -20.7847 4
      vertex -16.5486 -20.7847 4
      vertex -0.975451 -20.9039 4
    endloop
  endfacet
  facet normal 0 0 1
    outer loop
      vertex -17.0245 -20.9039 4
      vertex -0.975451 -20.9039 4
      vertex -16.5486 -20.7847 4
    endloop
  endfacet
  facet normal 0 0 1
    outer loop
      vertex -32 -26 4
      vertex -0.975451 -20.9039 4
      vertex -17.0245 -20.9039 4
    endloop
  endfacet
  facet normal 0 0 1
    outer loop
      vertex -32 -26 4
      vertex -17.0245 -20.9039 4
      vertex -17.5099 -20.9759 4
    endloop
  endfacet
  facet normal 0 0 1
    outer loop
      vertex -32 -26 4
      vertex -17.5099 -20.9759 4
      vertex -18 -21 4
    endloop
  endfacet
  facet normal 0 0 1
    outer loop
      vertex -32 -26 4
      vertex -18 -21 4
      vertex -18.4901 -20.9759 4
    endloop
  endfacet
  facet normal 0 0 1
    outer loop
      vertex -22.9759 -15.5099 4
      vertex -32 -26 4
      vertex -23 -16 4
    endloop
  endfacet
  facet normal 0 0 1
    outer loop
      vertex -23 -16 4
      vertex -32 -26 4
      vertex -22.9759 -16.4901 4
    endloop
  endfacet
  facet normal 0 0 1
    outer loop
      vertex 0 -21 4
      vertex -32 -26 4
      vertex 32 -26 4
    endloop
  endfacet
  facet normal 0 0 1
    outer loop
      vertex -18.9755 -20.9039 4
      vertex -32 -26 4
      vertex -18.4901 -20.9759 4
    endloop
  endfacet
  facet normal 0 0 1
    outer loop
      vertex -19.4514 -20.7847 4
      vertex -32 -26 4
      vertex -18.9755 -20.9039 4
    endloop
  endfacet
  facet normal 0 0 1
    outer loop
      vertex -19.9134 -20.6194 4
      vertex -32 -26 4
      vertex -19.4514 -20.7847 4
    endloop
  endfacet
  facet normal 0 0 1
    outer loop
      vertex -20.357 -20.4096 4
      vertex -32 -26 4
      vertex -19.9134 -20.6194 4
    endloop
  endfacet
  facet normal 0 0 1
    outer loop
      vertex -20.7779 -20.1573 4
      vertex -32 -26 4
      vertex -20.357 -20.4096 4
    endloop
  endfacet
  facet normal 0 0 1
    outer loop
      vertex -21.172 -19.8651 4
      vertex -32 -26 4
      vertex -20.7779 -20.1573 4
    endloop
  endfacet
  facet normal 0 0 1
    outer loop
      vertex -21.5355 -19.5355 4
      vertex -32 -26 4
      vertex -21.172 -19.8651 4
    endloop
  endfacet
  facet normal 0 0 1
    outer loop
      vertex -21.8651 -19.172 4
      vertex -32 -26 4
      vertex -21.5355 -19.5355 4
    endloop
  endfacet
  facet normal 0 0 1
    outer loop
      vertex -22.1573 -18.7779 4
      vertex -32 -26 4
      vertex -21.8651 -19.172 4
    endloop
  endfacet
  facet normal 0 0 1
    outer loop
      vertex -22.4096 -18.357 4
      vertex -32 -26 4
      vertex -22.1573 -18.7779 4
    endloop
  endfacet
  facet normal 0 0 1
    outer loop
      vertex -22.6194 -17.9134 4
      vertex -32 -26 4
      vertex -22.4096 -18.357 4
    endloop
  endfacet
  facet normal 0 0 1
    outer loop
      vertex -22.7847 -17.4514 4
      vertex -32 -26 4
      vertex -22.6194 -17.9134 4
    endloop
  endfacet
  facet normal 0 0 1
    outer loop
      vertex -22.9039 -16.9755 4
      vertex -32 -26 4
      vertex -22.7847 -17.4514 4
    endloop
  endfacet
  facet normal 0 0 1
    outer loop
      vertex -22.9759 -16.4901 4
      vertex -32 -26 4
      vertex -22.9039 -16.9755 4
    endloop
  endfacet
  facet normal 0 0 1
    outer loop
      vertex 15.2221 4.15735 4
      vertex 15 10 4
      vertex 15 3.99259 4
    endloop
  endfacet
  facet normal -0.336879 0.941548 0
    outer loop
      vertex -16.0866 -20.6194 -4
      vertex -16.5486 -20.7847 4
      vertex -16.0866 -20.6194 4
    endloop
  endfacet
  facet normal -0.336879 0.941548 0
    outer loop
      vertex -16.5486 -20.7847 4
      vertex -16.0866 -20.6194 -4
      vertex -16.5486 -20.7847 -4
    endloop
  endfacet
  facet normal 0.242967 -0.970034 0
    outer loop
      vertex -19.4514 -11.2153 -4
      vertex -18.9755 -11.0961 4
      vertex -19.4514 -11.2153 4
    endloop
  endfacet
  facet normal 0.242967 -0.970034 0
    outer loop
      vertex -18.9755 -11.0961 4
      vertex -19.4514 -11.2153 -4
      vertex -18.9755 -11.0961 -4
    endloop
  endfacet
  facet normal 0.80329 0.595588 0
    outer loop
      vertex -21.8651 -19.172 4
      vertex -22.1573 -18.7779 -4
      vertex -22.1573 -18.7779 4
    endloop
  endfacet
  facet normal 0.80329 0.595588 0
    outer loop
      vertex -22.1573 -18.7779 -4
      vertex -21.8651 -19.172 4
      vertex -21.8651 -19.172 -4
    endloop
  endfacet
  facet normal 0.989177 0.146726 0
    outer loop
      vertex -22.9039 -16.9755 4
      vertex -22.9759 -16.4901 -4
      vertex -22.9759 -16.4901 4
    endloop
  endfacet
  facet normal 0.989177 0.146726 0
    outer loop
      vertex -22.9759 -16.4901 -4
      vertex -22.9039 -16.9755 4
      vertex -22.9039 -16.9755 -4
    endloop
  endfacet
  facet normal 0.595588 0.80329 -0
    outer loop
      vertex -20.7779 -20.1573 -4
      vertex -21.172 -19.8651 4
      vertex -20.7779 -20.1573 4
    endloop
  endfacet
  facet normal 0.595588 0.80329 0
    outer loop
      vertex -21.172 -19.8651 4
      vertex -20.7779 -20.1573 -4
      vertex -21.172 -19.8651 -4
    endloop
  endfacet
  facet normal 0.80329 -0.595588 0
    outer loop
      vertex -22.1573 -13.2221 4
      vertex -21.8651 -12.828 -4
      vertex -21.8651 -12.828 4
    endloop
  endfacet
  facet normal 0.80329 -0.595588 0
    outer loop
      vertex -21.8651 -12.828 -4
      vertex -22.1573 -13.2221 4
      vertex -22.1573 -13.2221 -4
    endloop
  endfacet
  facet normal 0.903995 -0.427543 0
    outer loop
      vertex -22.6194 -14.0866 4
      vertex -22.4096 -13.643 -4
      vertex -22.4096 -13.643 4
    endloop
  endfacet
  facet normal 0.903995 -0.427543 0
    outer loop
      vertex -22.4096 -13.643 -4
      vertex -22.6194 -14.0866 4
      vertex -22.6194 -14.0866 -4
    endloop
  endfacet
  facet normal 0.989177 -0.146726 0
    outer loop
      vertex -22.9759 -15.5099 4
      vertex -22.9039 -15.0245 -4
      vertex -22.9039 -15.0245 4
    endloop
  endfacet
  facet normal 0.989177 -0.146726 0
    outer loop
      vertex -22.9039 -15.0245 -4
      vertex -22.9759 -15.5099 4
      vertex -22.9759 -15.5099 -4
    endloop
  endfacet
  facet normal 0.998793 -0.0491143 0
    outer loop
      vertex -23 -16 4
      vertex -22.9759 -15.5099 -4
      vertex -22.9759 -15.5099 4
    endloop
  endfacet
  facet normal 0.998793 -0.0491143 0
    outer loop
      vertex -22.9759 -15.5099 -4
      vertex -23 -16 4
      vertex -23 -16 -4
    endloop
  endfacet
  facet normal 0.857709 0.514136 0
    outer loop
      vertex -22.1573 -18.7779 4
      vertex -22.4096 -18.357 -4
      vertex -22.4096 -18.357 4
    endloop
  endfacet
  facet normal 0.857709 0.514136 0
    outer loop
      vertex -22.4096 -18.357 -4
      vertex -22.1573 -18.7779 4
      vertex -22.1573 -18.7779 -4
    endloop
  endfacet
  facet normal -0.671719 0.740806 0
    outer loop
      vertex -14.4645 -19.5355 -4
      vertex -14.828 -19.8651 4
      vertex -14.4645 -19.5355 4
    endloop
  endfacet
  facet normal -0.671719 0.740806 0
    outer loop
      vertex -14.828 -19.8651 4
      vertex -14.4645 -19.5355 -4
      vertex -14.828 -19.8651 -4
    endloop
  endfacet
  facet normal 0 0 -1
    outer loop
      vertex -15 3.99259 -4
      vertex -15.2221 4.15735 -4
      vertex -15 10 -4
    endloop
  endfacet
  facet normal 0 0 -1
    outer loop
      vertex 22.4096 2.35698 -4
      vertex 32 17 -4
      vertex 22.6194 1.91342 -4
    endloop
  endfacet
  facet normal 0 0 -1
    outer loop
      vertex 31.1291 17.1292 -4
      vertex 22.9759 15.5099 -4
      vertex 23 16 -4
    endloop
  endfacet
  facet normal -0 0 -1
    outer loop
      vertex 32 17 -4
      vertex 22.4096 2.35698 -4
      vertex 31.7059 17.0144 -4
    endloop
  endfacet
  facet normal 0 0 -1
    outer loop
      vertex 31.1291 17.1292 -4
      vertex 22.9039 15.0245 -4
      vertex 22.9759 15.5099 -4
    endloop
  endfacet
  facet normal 0 0 -1
    outer loop
      vertex 22.1573 2.77785 -4
      vertex 31.7059 17.0144 -4
      vertex 22.4096 2.35698 -4
    endloop
  endfacet
  facet normal 0 0 -1
    outer loop
      vertex 31.1291 17.1292 -4
      vertex 22.7847 14.5486 -4
      vertex 22.9039 15.0245 -4
    endloop
  endfacet
  facet normal -0 0 -1
    outer loop
      vertex 31.7059 17.0144 -4
      vertex 22.1573 2.77785 -4
      vertex 31.4147 17.0576 -4
    endloop
  endfacet
  facet normal 0 0 -1
    outer loop
      vertex 31.1291 17.1292 -4
      vertex 22.6194 14.0866 -4
      vertex 22.7847 14.5486 -4
    endloop
  endfacet
  facet normal 0 0 -1
    outer loop
      vertex 22.1573 13.2221 -4
      vertex 31.4147 17.0576 -4
      vertex 22.1573 2.77785 -4
    endloop
  endfacet
  facet normal 0 0 -1
    outer loop
      vertex 31.1291 17.1292 -4
      vertex 22.4096 13.643 -4
      vertex 22.6194 14.0866 -4
    endloop
  endfacet
  facet normal -0 0 -1
    outer loop
      vertex 31.4147 17.0576 -4
      vertex 22.1573 13.2221 -4
      vertex 31.1291 17.1292 -4
    endloop
  endfacet
  facet normal 0 0 -1
    outer loop
      vertex 31.1291 17.1292 -4
      vertex 22.1573 13.2221 -4
      vertex 22.4096 13.643 -4
    endloop
  endfacet
  facet normal 0 0 -1
    outer loop
      vertex 21.8651 3.17197 -4
      vertex 22.1573 13.2221 -4
      vertex 22.1573 2.77785 -4
    endloop
  endfacet
  facet normal 0 0 -1
    outer loop
      vertex 21.8651 3.17197 -4
      vertex 21.8651 12.828 -4
      vertex 22.1573 13.2221 -4
    endloop
  endfacet
  facet normal 0 0 -1
    outer loop
      vertex 21.5355 3.53553 -4
      vertex 21.8651 12.828 -4
      vertex 21.8651 3.17197 -4
    endloop
  endfacet
  facet normal 0 0 -1
    outer loop
      vertex 21.5355 3.53553 -4
      vertex 21.5355 12.4645 -4
      vertex 21.8651 12.828 -4
    endloop
  endfacet
  facet normal 0 0 -1
    outer loop
      vertex 21.172 3.86505 -4
      vertex 21.5355 12.4645 -4
      vertex 21.5355 3.53553 -4
    endloop
  endfacet
  facet normal 0 0 -1
    outer loop
      vertex 21.172 3.86505 -4
      vertex 21.172 12.1349 -4
      vertex 21.5355 12.4645 -4
    endloop
  endfacet
  facet normal 0 0 -1
    outer loop
      vertex 20.7779 4.15735 -4
      vertex 21.172 12.1349 -4
      vertex 21.172 3.86505 -4
    endloop
  endfacet
  facet normal 0 0 -1
    outer loop
      vertex 20.7779 4.15735 -4
      vertex 20.7779 11.8427 -4
      vertex 21.172 12.1349 -4
    endloop
  endfacet
  facet normal 0 0 -1
    outer loop
      vertex 20.357 4.40961 -4
      vertex 20.7779 11.8427 -4
      vertex 20.7779 4.15735 -4
    endloop
  endfacet
  facet normal 0 0 -1
    outer loop
      vertex 20.357 4.40961 -4
      vertex 20.357 11.5904 -4
      vertex 20.7779 11.8427 -4
    endloop
  endfacet
  facet normal 0 0 -1
    outer loop
      vertex 19.9134 4.6194 -4
      vertex 20.357 11.5904 -4
      vertex 20.357 4.40961 -4
    endloop
  endfacet
  facet normal 0 0 -1
    outer loop
      vertex 19.9134 4.6194 -4
      vertex 19.9134 11.3806 -4
      vertex 20.357 11.5904 -4
    endloop
  endfacet
  facet normal 0 0 -1
    outer loop
      vertex 19.4514 4.7847 -4
      vertex 19.9134 11.3806 -4
      vertex 19.9134 4.6194 -4
    endloop
  endfacet
  facet normal 0 0 -1
    outer loop
      vertex 19.4514 4.7847 -4
      vertex 19.4514 11.2153 -4
      vertex 19.9134 11.3806 -4
    endloop
  endfacet
  facet normal 0 0 -1
    outer loop
      vertex 18.9755 4.90393 -4
      vertex 19.4514 11.2153 -4
      vertex 19.4514 4.7847 -4
    endloop
  endfacet
  facet normal 0 0 -1
    outer loop
      vertex 18.9755 4.90393 -4
      vertex 18.9755 11.0961 -4
      vertex 19.4514 11.2153 -4
    endloop
  endfacet
  facet normal 0 0 -1
    outer loop
      vertex 18.4901 4.97592 -4
      vertex 18.9755 11.0961 -4
      vertex 18.9755 4.90393 -4
    endloop
  endfacet
  facet normal 0 0 -1
    outer loop
      vertex 18.4901 4.97592 -4
      vertex 18.4901 11.0241 -4
      vertex 18.9755 11.0961 -4
    endloop
  endfacet
  facet normal 0 0 -1
    outer loop
      vertex 18 5 -4
      vertex 18.4901 11.0241 -4
      vertex 18.4901 4.97592 -4
    endloop
  endfacet
  facet normal 0 0 -1
    outer loop
      vertex 18 5 -4
      vertex 18 11 -4
      vertex 18.4901 11.0241 -4
    endloop
  endfacet
  facet normal 0 0 -1
    outer loop
      vertex 17.5099 4.97592 -4
      vertex 18 11 -4
      vertex 18 5 -4
    endloop
  endfacet
  facet normal 0 0 -1
    outer loop
      vertex 17.5099 4.97592 -4
      vertex 17.5099 11.0241 -4
      vertex 18 11 -4
    endloop
  endfacet
  facet normal 0 0 -1
    outer loop
      vertex 15 10 -4
      vertex 17.5099 4.97592 -4
      vertex 17.0245 4.90393 -4
    endloop
  endfacet
  facet normal 0 0 -1
    outer loop
      vertex 17.5099 4.97592 -4
      vertex 15 10 -4
      vertex 17.5099 11.0241 -4
    endloop
  endfacet
  facet normal 0 0 -1
    outer loop
      vertex 15 10 -4
      vertex 17.0245 4.90393 -4
      vertex 16.5486 4.7847 -4
    endloop
  endfacet
  facet normal -0 0 -1
    outer loop
      vertex 17.5099 11.0241 -4
      vertex 15 10 -4
      vertex 17.0245 11.0961 -4
    endloop
  endfacet
  facet normal 0 0 -1
    outer loop
      vertex 15 10 -4
      vertex 16.5486 4.7847 -4
      vertex 16.0866 4.6194 -4
    endloop
  endfacet
  facet normal -0 0 -1
    outer loop
      vertex 17.0245 11.0961 -4
      vertex 15 10 -4
      vertex 16.5486 11.2153 -4
    endloop
  endfacet
  facet normal 0 0 -1
    outer loop
      vertex 15 10 -4
      vertex 16.0866 4.6194 -4
      vertex 15.643 4.40961 -4
    endloop
  endfacet
  facet normal -0 0 -1
    outer loop
      vertex 16.5486 11.2153 -4
      vertex 15 10 -4
      vertex 16.0866 11.3806 -4
    endloop
  endfacet
  facet normal 0 0 -1
    outer loop
      vertex 15 10 -4
      vertex 15.643 4.40961 -4
      vertex 15.2221 4.15735 -4
    endloop
  endfacet
  facet normal -0 0 -1
    outer loop
      vertex 16.0866 11.3806 -4
      vertex 15 10 -4
      vertex 15.643 11.5904 -4
    endloop
  endfacet
  facet normal 0 0 -1
    outer loop
      vertex 15 10 -4
      vertex 15.2221 4.15735 -4
      vertex 15 3.99259 -4
    endloop
  endfacet
  facet normal -0 0 -1
    outer loop
      vertex 15.643 11.5904 -4
      vertex 15 10 -4
      vertex 15.2221 11.8427 -4
    endloop
  endfacet
  facet normal 0 0 -1
    outer loop
      vertex 15 10 -4
      vertex 14.828 12.1349 -4
      vertex 15.2221 11.8427 -4
    endloop
  endfacet
  facet normal 0 0 -1
    outer loop
      vertex 15 10 -4
      vertex 14.4645 12.4645 -4
      vertex 14.828 12.1349 -4
    endloop
  endfacet
  facet normal 0 0 -1
    outer loop
      vertex 15 10 -4
      vertex 14.1349 12.828 -4
      vertex 14.4645 12.4645 -4
    endloop
  endfacet
  facet normal 0 0 -1
    outer loop
      vertex 15 10 -4
      vertex 13.8427 13.2221 -4
      vertex 14.1349 12.828 -4
    endloop
  endfacet
  facet normal 0 0 -1
    outer loop
      vertex 4.15735 13.2221 -4
      vertex 13.8427 13.2221 -4
      vertex 15 10 -4
    endloop
  endfacet
  facet normal 0 0 -1
    outer loop
      vertex 13.8427 13.2221 -4
      vertex 4.15735 13.2221 -4
      vertex 13.5904 13.643 -4
    endloop
  endfacet
  facet normal 0 0 -1
    outer loop
      vertex 13.0241 15.5099 -4
      vertex 5 16 -4
      vertex 13 16 -4
    endloop
  endfacet
  facet normal 0 0 -1
    outer loop
      vertex 4.97592 15.5099 -4
      vertex 13.0241 15.5099 -4
      vertex 13.0961 15.0245 -4
    endloop
  endfacet
  facet normal 0 0 -1
    outer loop
      vertex 4.90393 15.0245 -4
      vertex 13.0961 15.0245 -4
      vertex 13.2153 14.5486 -4
    endloop
  endfacet
  facet normal 0 0 -1
    outer loop
      vertex 4.7847 14.5486 -4
      vertex 13.2153 14.5486 -4
      vertex 13.3806 14.0866 -4
    endloop
  endfacet
  facet normal 0 -0 -1
    outer loop
      vertex 4.40961 13.643 -4
      vertex 13.5904 13.643 -4
      vertex 4.15735 13.2221 -4
    endloop
  endfacet
  facet normal 0 0 -1
    outer loop
      vertex 13.0241 15.5099 -4
      vertex 4.97592 15.5099 -4
      vertex 5 16 -4
    endloop
  endfacet
  facet normal 0 0 -1
    outer loop
      vertex 13.0961 15.0245 -4
      vertex 4.90393 15.0245 -4
      vertex 4.97592 15.5099 -4
    endloop
  endfacet
  facet normal 0 0 -1
    outer loop
      vertex 13.2153 14.5486 -4
      vertex 4.7847 14.5486 -4
      vertex 4.90393 15.0245 -4
    endloop
  endfacet
  facet normal 0 0 -1
    outer loop
      vertex 13.3806 14.0866 -4
      vertex 4.6194 14.0866 -4
      vertex 4.7847 14.5486 -4
    endloop
  endfacet
  facet normal -0 0 -1
    outer loop
      vertex 13.3806 14.0866 -4
      vertex 4.40961 13.643 -4
      vertex 4.6194 14.0866 -4
    endloop
  endfacet
  facet normal 0 0 -1
    outer loop
      vertex 13.5904 13.643 -4
      vertex 4.40961 13.643 -4
      vertex 13.3806 14.0866 -4
    endloop
  endfacet
  facet normal 0 0 -1
    outer loop
      vertex 15 10 -4
      vertex 3.86505 12.828 -4
      vertex 4.15735 13.2221 -4
    endloop
  endfacet
  facet normal 0 0 -1
    outer loop
      vertex 15 10 -4
      vertex 3.53553 12.4645 -4
      vertex 3.86505 12.828 -4
    endloop
  endfacet
  facet normal 0 0 -1
    outer loop
      vertex 15 10 -4
      vertex 3.17197 12.1349 -4
      vertex 3.53553 12.4645 -4
    endloop
  endfacet
  facet normal 0 0 -1
    outer loop
      vertex 15 10 -4
      vertex 2.77785 11.8427 -4
      vertex 3.17197 12.1349 -4
    endloop
  endfacet
  facet normal 0 0 -1
    outer loop
      vertex 15 10 -4
      vertex 2.35698 11.5904 -4
      vertex 2.77785 11.8427 -4
    endloop
  endfacet
  facet normal 0 0 -1
    outer loop
      vertex 15 10 -4
      vertex 1.91342 11.3806 -4
      vertex 2.35698 11.5904 -4
    endloop
  endfacet
  facet normal 0 0 -1
    outer loop
      vertex 15 10 -4
      vertex 1.45142 11.2153 -4
      vertex 1.91342 11.3806 -4
    endloop
  endfacet
  facet normal 0 0 -1
    outer loop
      vertex 15 10 -4
      vertex 0.975451 11.0961 -4
      vertex 1.45142 11.2153 -4
    endloop
  endfacet
  facet normal 0 0 -1
    outer loop
      vertex 15 10 -4
      vertex 0.490086 11.0241 -4
      vertex 0.975451 11.0961 -4
    endloop
  endfacet
  facet normal 0 0 -1
    outer loop
      vertex 15 10 -4
      vertex 0 11 -4
      vertex 0.490086 11.0241 -4
    endloop
  endfacet
  facet normal 0 0 -1
    outer loop
      vertex -15 10 -4
      vertex 0 11 -4
      vertex 15 10 -4
    endloop
  endfacet
  facet normal 0 0 -1
    outer loop
      vertex -4.97592 15.5099 -4
      vertex -13 16 -4
      vertex -5 16 -4
    endloop
  endfacet
  facet normal 0 0 -1
    outer loop
      vertex -13.0241 15.5099 -4
      vertex -4.97592 15.5099 -4
      vertex -4.90393 15.0245 -4
    endloop
  endfacet
  facet normal 0 0 -1
    outer loop
      vertex -13.0961 15.0245 -4
      vertex -4.90393 15.0245 -4
      vertex -4.7847 14.5486 -4
    endloop
  endfacet
  facet normal 0 0 -1
    outer loop
      vertex -13.2153 14.5486 -4
      vertex -4.7847 14.5486 -4
      vertex -4.6194 14.0866 -4
    endloop
  endfacet
  facet normal 0 0 -1
    outer loop
      vertex -13.3806 14.0866 -4
      vertex -4.6194 14.0866 -4
      vertex -4.40961 13.643 -4
    endloop
  endfacet
  facet normal 0 0 -1
    outer loop
      vertex -13.5904 13.643 -4
      vertex -4.40961 13.643 -4
      vertex -4.15735 13.2221 -4
    endloop
  endfacet
  facet normal 0 0 -1
    outer loop
      vertex -15 10 -4
      vertex -4.15735 13.2221 -4
      vertex -3.86505 12.828 -4
    endloop
  endfacet
  facet normal 0 0 -1
    outer loop
      vertex -15 10 -4
      vertex -3.86505 12.828 -4
      vertex -3.53553 12.4645 -4
    endloop
  endfacet
  facet normal 0 0 -1
    outer loop
      vertex -15 10 -4
      vertex -3.53553 12.4645 -4
      vertex -3.17197 12.1349 -4
    endloop
  endfacet
  facet normal 0 0 -1
    outer loop
      vertex -15 10 -4
      vertex -3.17197 12.1349 -4
      vertex -2.77785 11.8427 -4
    endloop
  endfacet
  facet normal 0 0 -1
    outer loop
      vertex -15 10 -4
      vertex -2.77785 11.8427 -4
      vertex -2.35698 11.5904 -4
    endloop
  endfacet
  facet normal 0 0 -1
    outer loop
      vertex -15 10 -4
      vertex -2.35698 11.5904 -4
      vertex -1.91342 11.3806 -4
    endloop
  endfacet
  facet normal 0 0 -1
    outer loop
      vertex -4.97592 15.5099 -4
      vertex -13.0241 15.5099 -4
      vertex -13 16 -4
    endloop
  endfacet
  facet normal 0 0 -1
    outer loop
      vertex -4.90393 15.0245 -4
      vertex -13.0961 15.0245 -4
      vertex -13.0241 15.5099 -4
    endloop
  endfacet
  facet normal 0 0 -1
    outer loop
      vertex -15 10 -4
      vertex -1.91342 11.3806 -4
      vertex -1.45142 11.2153 -4
    endloop
  endfacet
  facet normal 0 0 -1
    outer loop
      vertex -4.7847 14.5486 -4
      vertex -13.2153 14.5486 -4
      vertex -13.0961 15.0245 -4
    endloop
  endfacet
  facet normal 0 0 -1
    outer loop
      vertex -4.6194 14.0866 -4
      vertex -13.3806 14.0866 -4
      vertex -13.2153 14.5486 -4
    endloop
  endfacet
  facet normal 0 0 -1
    outer loop
      vertex -15 10 -4
      vertex -1.45142 11.2153 -4
      vertex -0.975451 11.0961 -4
    endloop
  endfacet
  facet normal 0 0 -1
    outer loop
      vertex -4.40961 13.643 -4
      vertex -13.5904 13.643 -4
      vertex -13.3806 14.0866 -4
    endloop
  endfacet
  facet normal 0 0 -1
    outer loop
      vertex -4.15735 13.2221 -4
      vertex -13.8427 13.2221 -4
      vertex -13.5904 13.643 -4
    endloop
  endfacet
  facet normal -0 0 -1
    outer loop
      vertex -4.15735 13.2221 -4
      vertex -15 10 -4
      vertex -13.8427 13.2221 -4
    endloop
  endfacet
  facet normal 0 0 -1
    outer loop
      vertex -15 10 -4
      vertex -0.975451 11.0961 -4
      vertex -0.490086 11.0241 -4
    endloop
  endfacet
  facet normal 0 0 -1
    outer loop
      vertex -13.8427 13.2221 -4
      vertex -15 10 -4
      vertex -14.1349 12.828 -4
    endloop
  endfacet
  facet normal 0 0 -1
    outer loop
      vertex -14.1349 12.828 -4
      vertex -15 10 -4
      vertex -14.4645 12.4645 -4
    endloop
  endfacet
  facet normal -0 0 -1
    outer loop
      vertex 0 11 -4
      vertex -15 10 -4
      vertex -0.490086 11.0241 -4
    endloop
  endfacet
  facet normal 0 0 -1
    outer loop
      vertex -14.4645 12.4645 -4
      vertex -15 10 -4
      vertex -14.828 12.1349 -4
    endloop
  endfacet
  facet normal 0 0 -1
    outer loop
      vertex -15 10 -4
      vertex -15.2221 11.8427 -4
      vertex -14.828 12.1349 -4
    endloop
  endfacet
  facet normal 0 0 -1
    outer loop
      vertex -15.643 4.40961 -4
      vertex -15 10 -4
      vertex -15.2221 4.15735 -4
    endloop
  endfacet
  facet normal 0 0 -1
    outer loop
      vertex -16.0866 4.6194 -4
      vertex -15 10 -4
      vertex -15.643 4.40961 -4
    endloop
  endfacet
  facet normal 0 0 -1
    outer loop
      vertex -15 10 -4
      vertex -15.643 11.5904 -4
      vertex -15.2221 11.8427 -4
    endloop
  endfacet
  facet normal 0 0 -1
    outer loop
      vertex -16.5486 4.7847 -4
      vertex -15 10 -4
      vertex -16.0866 4.6194 -4
    endloop
  endfacet
  facet normal 0 0 -1
    outer loop
      vertex -15 10 -4
      vertex -16.0866 11.3806 -4
      vertex -15.643 11.5904 -4
    endloop
  endfacet
  facet normal 0 0 -1
    outer loop
      vertex -17.0245 4.90393 -4
      vertex -15 10 -4
      vertex -16.5486 4.7847 -4
    endloop
  endfacet
  facet normal 0 0 -1
    outer loop
      vertex -15 10 -4
      vertex -16.5486 11.2153 -4
      vertex -16.0866 11.3806 -4
    endloop
  endfacet
  facet normal 0 0 -1
    outer loop
      vertex -17.5099 4.97592 -4
      vertex -15 10 -4
      vertex -17.0245 4.90393 -4
    endloop
  endfacet
  facet normal 0 0 -1
    outer loop
      vertex -15 10 -4
      vertex -17.0245 11.0961 -4
      vertex -16.5486 11.2153 -4
    endloop
  endfacet
  facet normal 0 0 -1
    outer loop
      vertex -17.5099 11.0241 -4
      vertex -15 10 -4
      vertex -17.5099 4.97592 -4
    endloop
  endfacet
  facet normal 0 0 -1
    outer loop
      vertex -15 10 -4
      vertex -17.5099 11.0241 -4
      vertex -17.0245 11.0961 -4
    endloop
  endfacet
  facet normal 0 0 -1
    outer loop
      vertex -18 5 -4
      vertex -17.5099 11.0241 -4
      vertex -17.5099 4.97592 -4
    endloop
  endfacet
  facet normal 0 0 -1
    outer loop
      vertex -18 5 -4
      vertex -18 11 -4
      vertex -17.5099 11.0241 -4
    endloop
  endfacet
  facet normal 0 0 -1
    outer loop
      vertex -18.4901 4.97592 -4
      vertex -18 11 -4
      vertex -18 5 -4
    endloop
  endfacet
  facet normal 0 0 -1
    outer loop
      vertex -18.4901 4.97592 -4
      vertex -18.4901 11.0241 -4
      vertex -18 11 -4
    endloop
  endfacet
  facet normal 0 0 -1
    outer loop
      vertex -18.9755 4.90393 -4
      vertex -18.4901 11.0241 -4
      vertex -18.4901 4.97592 -4
    endloop
  endfacet
  facet normal 0 0 -1
    outer loop
      vertex -18.9755 4.90393 -4
      vertex -18.9755 11.0961 -4
      vertex -18.4901 11.0241 -4
    endloop
  endfacet
  facet normal 0 0 -1
    outer loop
      vertex -19.4514 4.7847 -4
      vertex -18.9755 11.0961 -4
      vertex -18.9755 4.90393 -4
    endloop
  endfacet
  facet normal 0 0 -1
    outer loop
      vertex -19.4514 4.7847 -4
      vertex -19.4514 11.2153 -4
      vertex -18.9755 11.0961 -4
    endloop
  endfacet
  facet normal 0 0 -1
    outer loop
      vertex -19.9134 4.6194 -4
      vertex -19.4514 11.2153 -4
      vertex -19.4514 4.7847 -4
    endloop
  endfacet
  facet normal 0 0 -1
    outer loop
      vertex -19.9134 4.6194 -4
      vertex -19.9134 11.3806 -4
      vertex -19.4514 11.2153 -4
    endloop
  endfacet
  facet normal 0 0 -1
    outer loop
      vertex -20.357 4.40961 -4
      vertex -19.9134 11.3806 -4
      vertex -19.9134 4.6194 -4
    endloop
  endfacet
  facet normal 0 0 -1
    outer loop
      vertex -20.357 4.40961 -4
      vertex -20.357 11.5904 -4
      vertex -19.9134 11.3806 -4
    endloop
  endfacet
  facet normal 0 0 -1
    outer loop
      vertex -20.7779 4.15735 -4
      vertex -20.357 11.5904 -4
      vertex -20.357 4.40961 -4
    endloop
  endfacet
  facet normal 0 0 -1
    outer loop
      vertex -20.7779 4.15735 -4
      vertex -20.7779 11.8427 -4
      vertex -20.357 11.5904 -4
    endloop
  endfacet
  facet normal 0 0 -1
    outer loop
      vertex -21.172 3.86505 -4
      vertex -20.7779 11.8427 -4
      vertex -20.7779 4.15735 -4
    endloop
  endfacet
  facet normal 0 0 -1
    outer loop
      vertex -21.172 3.86505 -4
      vertex -21.172 12.1349 -4
      vertex -20.7779 11.8427 -4
    endloop
  endfacet
  facet normal 0 0 -1
    outer loop
      vertex -21.5355 3.53553 -4
      vertex -21.172 12.1349 -4
      vertex -21.172 3.86505 -4
    endloop
  endfacet
  facet normal 0 0 -1
    outer loop
      vertex -21.5355 3.53553 -4
      vertex -21.5355 12.4645 -4
      vertex -21.172 12.1349 -4
    endloop
  endfacet
  facet normal 0 0 -1
    outer loop
      vertex -21.8651 3.17197 -4
      vertex -21.5355 12.4645 -4
      vertex -21.5355 3.53553 -4
    endloop
  endfacet
  facet normal 0 0 -1
    outer loop
      vertex -21.8651 3.17197 -4
      vertex -21.8651 12.828 -4
      vertex -21.5355 12.4645 -4
    endloop
  endfacet
  facet normal 0 0 -1
    outer loop
      vertex -22.1573 2.77785 -4
      vertex -21.8651 12.828 -4
      vertex -21.8651 3.17197 -4
    endloop
  endfacet
  facet normal 0 0 -1
    outer loop
      vertex -22.1573 2.77785 -4
      vertex -22.1573 13.2221 -4
      vertex -21.8651 12.828 -4
    endloop
  endfacet
  facet normal 0 0 -1
    outer loop
      vertex -22.4096 2.35698 -4
      vertex -22.1573 13.2221 -4
      vertex -22.1573 2.77785 -4
    endloop
  endfacet
  facet normal 0 0 -1
    outer loop
      vertex -22.4096 2.35698 -4
      vertex -22.4096 13.643 -4
      vertex -22.1573 13.2221 -4
    endloop
  endfacet
  facet normal 0 0 -1
    outer loop
      vertex -22.6194 1.91342 -4
      vertex -22.4096 13.643 -4
      vertex -22.4096 2.35698 -4
    endloop
  endfacet
  facet normal 0 0 -1
    outer loop
      vertex -22.6194 1.91342 -4
      vertex -22.6194 14.0866 -4
      vertex -22.4096 13.643 -4
    endloop
  endfacet
  facet normal 0 0 -1
    outer loop
      vertex -22.7847 1.45142 -4
      vertex -22.6194 14.0866 -4
      vertex -22.6194 1.91342 -4
    endloop
  endfacet
  facet normal 0 0 -1
    outer loop
      vertex -22.7847 1.45142 -4
      vertex -22.7847 14.5486 -4
      vertex -22.6194 14.0866 -4
    endloop
  endfacet
  facet normal 0 0 -1
    outer loop
      vertex -32 26 -4
      vertex -22.7847 1.45142 -4
      vertex -22.9039 0.975451 -4
    endloop
  endfacet
  facet normal 0 0 -1
    outer loop
      vertex -22.7847 1.45142 -4
      vertex -32 26 -4
      vertex -22.7847 14.5486 -4
    endloop
  endfacet
  facet normal 0 0 -1
    outer loop
      vertex -32 26 -4
      vertex -22.9039 0.975451 -4
      vertex -22.9759 0.490086 -4
    endloop
  endfacet
  facet normal 0 0 -1
    outer loop
      vertex -22.7847 14.5486 -4
      vertex -32 26 -4
      vertex -22.9039 15.0245 -4
    endloop
  endfacet
  facet normal 0 0 -1
    outer loop
      vertex -32 26 -4
      vertex -22.9759 0.490086 -4
      vertex -23 0 -4
    endloop
  endfacet
  facet normal 0 0 -1
    outer loop
      vertex -22.9039 15.0245 -4
      vertex -32 26 -4
      vertex -22.9759 15.5099 -4
    endloop
  endfacet
  facet normal 0 0 -1
    outer loop
      vertex 22.6194 -14.0866 -4
      vertex 29.2743 -17.6076 -4
      vertex 22.7847 -14.5486 -4
    endloop
  endfacet
  facet normal 0 0 -1
    outer loop
      vertex 31.1291 -17.1292 -4
      vertex 22.9759 -0.490086 -4
      vertex 23 0 -4
    endloop
  endfacet
  facet normal 0 0 -1
    outer loop
      vertex 29.2743 -17.6076 -4
      vertex 22.6194 -14.0866 -4
      vertex 29.5123 -17.548 -4
    endloop
  endfacet
  facet normal 0 0 -1
    outer loop
      vertex 31.1291 -17.1292 -4
      vertex 22.9039 -0.975451 -4
      vertex 22.9759 -0.490086 -4
    endloop
  endfacet
  facet normal 0 0 -1
    outer loop
      vertex 22.4096 -13.643 -4
      vertex 29.5123 -17.548 -4
      vertex 22.6194 -14.0866 -4
    endloop
  endfacet
  facet normal 0 0 -1
    outer loop
      vertex 31.1291 -17.1292 -4
      vertex 22.7847 -1.45142 -4
      vertex 22.9039 -0.975451 -4
    endloop
  endfacet
  facet normal 0 0 -1
    outer loop
      vertex 29.5123 -17.548 -4
      vertex 22.4096 -13.643 -4
      vertex 31.1291 -17.1292 -4
    endloop
  endfacet
  facet normal 0 0 -1
    outer loop
      vertex 31.1291 -17.1292 -4
      vertex 22.6194 -1.91342 -4
      vertex 22.7847 -1.45142 -4
    endloop
  endfacet
  facet normal 0 0 -1
    outer loop
      vertex 22.1573 -13.2221 -4
      vertex 31.1291 -17.1292 -4
      vertex 22.4096 -13.643 -4
    endloop
  endfacet
  facet normal 0 0 -1
    outer loop
      vertex 31.1291 -17.1292 -4
      vertex 22.4096 -2.35698 -4
      vertex 22.6194 -1.91342 -4
    endloop
  endfacet
  facet normal 0 0 -1
    outer loop
      vertex 22.1573 -2.77785 -4
      vertex 31.1291 -17.1292 -4
      vertex 22.1573 -13.2221 -4
    endloop
  endfacet
  facet normal 0 0 -1
    outer loop
      vertex 31.1291 -17.1292 -4
      vertex 22.1573 -2.77785 -4
      vertex 22.4096 -2.35698 -4
    endloop
  endfacet
  facet normal 0 0 -1
    outer loop
      vertex 21.8651 -12.828 -4
      vertex 22.1573 -2.77785 -4
      vertex 22.1573 -13.2221 -4
    endloop
  endfacet
  facet normal 0 0 -1
    outer loop
      vertex 21.8651 -12.828 -4
      vertex 21.8651 -3.17197 -4
      vertex 22.1573 -2.77785 -4
    endloop
  endfacet
  facet normal 0 0 -1
    outer loop
      vertex 21.5355 -12.4645 -4
      vertex 21.8651 -3.17197 -4
      vertex 21.8651 -12.828 -4
    endloop
  endfacet
  facet normal 0 0 -1
    outer loop
      vertex 21.5355 -12.4645 -4
      vertex 21.5355 -3.53553 -4
      vertex 21.8651 -3.17197 -4
    endloop
  endfacet
  facet normal 0 0 -1
    outer loop
      vertex 21.172 -12.1349 -4
      vertex 21.5355 -3.53553 -4
      vertex 21.5355 -12.4645 -4
    endloop
  endfacet
  facet normal 0 0 -1
    outer loop
      vertex 21.172 -12.1349 -4
      vertex 21.172 -3.86505 -4
      vertex 21.5355 -3.53553 -4
    endloop
  endfacet
  facet normal 0 0 -1
    outer loop
      vertex 20.7779 -11.8427 -4
      vertex 21.172 -3.86505 -4
      vertex 21.172 -12.1349 -4
    endloop
  endfacet
  facet normal 0 0 -1
    outer loop
      vertex 20.7779 -11.8427 -4
      vertex 20.7779 -4.15735 -4
      vertex 21.172 -3.86505 -4
    endloop
  endfacet
  facet normal 0 0 -1
    outer loop
      vertex 20.357 -11.5904 -4
      vertex 20.7779 -4.15735 -4
      vertex 20.7779 -11.8427 -4
    endloop
  endfacet
  facet normal 0 0 -1
    outer loop
      vertex 20.357 -11.5904 -4
      vertex 20.357 -4.40961 -4
      vertex 20.7779 -4.15735 -4
    endloop
  endfacet
  facet normal 0 0 -1
    outer loop
      vertex 19.9134 -11.3806 -4
      vertex 20.357 -4.40961 -4
      vertex 20.357 -11.5904 -4
    endloop
  endfacet
  facet normal 0 0 -1
    outer loop
      vertex 19.9134 -11.3806 -4
      vertex 19.9134 -4.6194 -4
      vertex 20.357 -4.40961 -4
    endloop
  endfacet
  facet normal 0 0 -1
    outer loop
      vertex 19.4514 -11.2153 -4
      vertex 19.9134 -4.6194 -4
      vertex 19.9134 -11.3806 -4
    endloop
  endfacet
  facet normal 0 0 -1
    outer loop
      vertex 19.4514 -11.2153 -4
      vertex 19.4514 -4.7847 -4
      vertex 19.9134 -4.6194 -4
    endloop
  endfacet
  facet normal 0 0 -1
    outer loop
      vertex 18.9755 -11.0961 -4
      vertex 19.4514 -4.7847 -4
      vertex 19.4514 -11.2153 -4
    endloop
  endfacet
  facet normal 0 0 -1
    outer loop
      vertex 18.9755 -11.0961 -4
      vertex 18.9755 -4.90393 -4
      vertex 19.4514 -4.7847 -4
    endloop
  endfacet
  facet normal 0 0 -1
    outer loop
      vertex 18.4901 -11.0241 -4
      vertex 18.9755 -4.90393 -4
      vertex 18.9755 -11.0961 -4
    endloop
  endfacet
  facet normal 0 0 -1
    outer loop
      vertex 18.4901 -11.0241 -4
      vertex 18.4901 -4.97592 -4
      vertex 18.9755 -4.90393 -4
    endloop
  endfacet
  facet normal 0 0 -1
    outer loop
      vertex 18 -11 -4
      vertex 18.4901 -4.97592 -4
      vertex 18.4901 -11.0241 -4
    endloop
  endfacet
  facet normal 0 0 -1
    outer loop
      vertex 18 -11 -4
      vertex 18 -5 -4
      vertex 18.4901 -4.97592 -4
    endloop
  endfacet
  facet normal 0 0 -1
    outer loop
      vertex 17.5099 -11.0241 -4
      vertex 18 -5 -4
      vertex 18 -11 -4
    endloop
  endfacet
  facet normal 0 0 -1
    outer loop
      vertex 17.5099 -11.0241 -4
      vertex 17.5099 -4.97592 -4
      vertex 18 -5 -4
    endloop
  endfacet
  facet normal 0 0 -1
    outer loop
      vertex 15 -10 -4
      vertex 17.5099 -11.0241 -4
      vertex 17.0245 -11.0961 -4
    endloop
  endfacet
  facet normal 0 0 -1
    outer loop
      vertex 17.5099 -11.0241 -4
      vertex 15 -10 -4
      vertex 17.5099 -4.97592 -4
    endloop
  endfacet
  facet normal 0 0 -1
    outer loop
      vertex 15 -10 -4
      vertex 17.0245 -11.0961 -4
      vertex 16.5486 -11.2153 -4
    endloop
  endfacet
  facet normal -0 0 -1
    outer loop
      vertex 17.5099 -4.97592 -4
      vertex 15 -10 -4
      vertex 17.0245 -4.90393 -4
    endloop
  endfacet
  facet normal 0 0 -1
    outer loop
      vertex 15 -10 -4
      vertex 16.5486 -11.2153 -4
      vertex 16.0866 -11.3806 -4
    endloop
  endfacet
  facet normal -0 0 -1
    outer loop
      vertex 17.0245 -4.90393 -4
      vertex 15 -10 -4
      vertex 16.5486 -4.7847 -4
    endloop
  endfacet
  facet normal 0 0 -1
    outer loop
      vertex 15 -10 -4
      vertex 16.0866 -11.3806 -4
      vertex 15.643 -11.5904 -4
    endloop
  endfacet
  facet normal -0 0 -1
    outer loop
      vertex 16.5486 -4.7847 -4
      vertex 15 -10 -4
      vertex 16.0866 -4.6194 -4
    endloop
  endfacet
  facet normal 0 0 -1
    outer loop
      vertex 15 -10 -4
      vertex 15.643 -11.5904 -4
      vertex 15.2221 -11.8427 -4
    endloop
  endfacet
  facet normal -0 0 -1
    outer loop
      vertex 16.0866 -4.6194 -4
      vertex 15 -10 -4
      vertex 15.643 -4.40961 -4
    endloop
  endfacet
  facet normal -0 0 -1
    outer loop
      vertex 15.643 -4.40961 -4
      vertex 15 -10 -4
      vertex 15.2221 -4.15735 -4
    endloop
  endfacet
  facet normal 0 0 -1
    outer loop
      vertex 14.828 -12.1349 -4
      vertex 15 -10 -4
      vertex 15.2221 -11.8427 -4
    endloop
  endfacet
  facet normal 0 0 -1
    outer loop
      vertex 14.4645 -12.4645 -4
      vertex 15 -10 -4
      vertex 14.828 -12.1349 -4
    endloop
  endfacet
  facet normal 0 0 -1
    outer loop
      vertex 14.1349 -12.828 -4
      vertex 15 -10 -4
      vertex 14.4645 -12.4645 -4
    endloop
  endfacet
  facet normal 0 0 -1
    outer loop
      vertex 13.8427 -13.2221 -4
      vertex 15 -10 -4
      vertex 14.1349 -12.828 -4
    endloop
  endfacet
  facet normal 0 0 -1
    outer loop
      vertex 4.15735 -13.2221 -4
      vertex 13.8427 -13.2221 -4
      vertex 13.5904 -13.643 -4
    endloop
  endfacet
  facet normal 0 0 -1
    outer loop
      vertex 4.40961 -13.643 -4
      vertex 13.5904 -13.643 -4
      vertex 13.3806 -14.0866 -4
    endloop
  endfacet
  facet normal 0 0 -1
    outer loop
      vertex 5 -16 -4
      vertex 13.0241 -15.5099 -4
      vertex 13 -16 -4
    endloop
  endfacet
  facet normal 0 0 -1
    outer loop
      vertex 4.97592 -15.5099 -4
      vertex 13.0241 -15.5099 -4
      vertex 5 -16 -4
    endloop
  endfacet
  facet normal 0 0 -1
    outer loop
      vertex 13.0241 -15.5099 -4
      vertex 4.97592 -15.5099 -4
      vertex 13.0961 -15.0245 -4
    endloop
  endfacet
  facet normal 0 0 -1
    outer loop
      vertex 4.90393 -15.0245 -4
      vertex 13.0961 -15.0245 -4
      vertex 4.97592 -15.5099 -4
    endloop
  endfacet
  facet normal 0 0 -1
    outer loop
      vertex 13.0961 -15.0245 -4
      vertex 4.90393 -15.0245 -4
      vertex 13.2153 -14.5486 -4
    endloop
  endfacet
  facet normal 0 0 -1
    outer loop
      vertex 4.7847 -14.5486 -4
      vertex 13.2153 -14.5486 -4
      vertex 4.90393 -15.0245 -4
    endloop
  endfacet
  facet normal 0 0 -1
    outer loop
      vertex 13.2153 -14.5486 -4
      vertex 4.7847 -14.5486 -4
      vertex 13.3806 -14.0866 -4
    endloop
  endfacet
  facet normal 0 0 -1
    outer loop
      vertex 4.6194 -14.0866 -4
      vertex 13.3806 -14.0866 -4
      vertex 4.7847 -14.5486 -4
    endloop
  endfacet
  facet normal 0 0 -1
    outer loop
      vertex 4.40961 -13.643 -4
      vertex 13.3806 -14.0866 -4
      vertex 4.6194 -14.0866 -4
    endloop
  endfacet
  facet normal 0 0 -1
    outer loop
      vertex 13.5904 -13.643 -4
      vertex 4.40961 -13.643 -4
      vertex 4.15735 -13.2221 -4
    endloop
  endfacet
  facet normal 0 0 -1
    outer loop
      vertex 13.8427 -13.2221 -4
      vertex 4.15735 -13.2221 -4
      vertex 15 -10 -4
    endloop
  endfacet
  facet normal 0 0 -1
    outer loop
      vertex 3.86505 -12.828 -4
      vertex 15 -10 -4
      vertex 4.15735 -13.2221 -4
    endloop
  endfacet
  facet normal 0 0 -1
    outer loop
      vertex 3.53553 -12.4645 -4
      vertex 15 -10 -4
      vertex 3.86505 -12.828 -4
    endloop
  endfacet
  facet normal 0 0 -1
    outer loop
      vertex 3.17197 -12.1349 -4
      vertex 15 -10 -4
      vertex 3.53553 -12.4645 -4
    endloop
  endfacet
  facet normal 0 0 -1
    outer loop
      vertex 2.77785 -11.8427 -4
      vertex 15 -10 -4
      vertex 3.17197 -12.1349 -4
    endloop
  endfacet
  facet normal 0 0 -1
    outer loop
      vertex 2.35698 -11.5904 -4
      vertex 15 -10 -4
      vertex 2.77785 -11.8427 -4
    endloop
  endfacet
  facet normal 0 0 -1
    outer loop
      vertex 1.91342 -11.3806 -4
      vertex 15 -10 -4
      vertex 2.35698 -11.5904 -4
    endloop
  endfacet
  facet normal 0 0 -1
    outer loop
      vertex 1.45142 -11.2153 -4
      vertex 15 -10 -4
      vertex 1.91342 -11.3806 -4
    endloop
  endfacet
  facet normal 0 0 -1
    outer loop
      vertex 0.975451 -11.0961 -4
      vertex 15 -10 -4
      vertex 1.45142 -11.2153 -4
    endloop
  endfacet
  facet normal 0 0 -1
    outer loop
      vertex 0.490086 -11.0241 -4
      vertex 15 -10 -4
      vertex 0.975451 -11.0961 -4
    endloop
  endfacet
  facet normal 0 0 -1
    outer loop
      vertex 0 -11 -4
      vertex 15 -10 -4
      vertex 0.490086 -11.0241 -4
    endloop
  endfacet
  facet normal 0 0 -1
    outer loop
      vertex -15 -10 -4
      vertex 0 -11 -4
      vertex -0.490086 -11.0241 -4
    endloop
  endfacet
  facet normal 0 0 -1
    outer loop
      vertex -13 -16 -4
      vertex -4.97592 -15.5099 -4
      vertex -5 -16 -4
    endloop
  endfacet
  facet normal 0 0 -1
    outer loop
      vertex -13.0241 -15.5099 -4
      vertex -4.97592 -15.5099 -4
      vertex -13 -16 -4
    endloop
  endfacet
  facet normal 0 0 -1
    outer loop
      vertex -4.97592 -15.5099 -4
      vertex -13.0241 -15.5099 -4
      vertex -4.90393 -15.0245 -4
    endloop
  endfacet
  facet normal 0 0 -1
    outer loop
      vertex -13.0961 -15.0245 -4
      vertex -4.90393 -15.0245 -4
      vertex -13.0241 -15.5099 -4
    endloop
  endfacet
  facet normal 0 0 -1
    outer loop
      vertex -4.90393 -15.0245 -4
      vertex -13.0961 -15.0245 -4
      vertex -4.7847 -14.5486 -4
    endloop
  endfacet
  facet normal 0 0 -1
    outer loop
      vertex -13.2153 -14.5486 -4
      vertex -4.7847 -14.5486 -4
      vertex -13.0961 -15.0245 -4
    endloop
  endfacet
  facet normal 0 0 -1
    outer loop
      vertex -4.7847 -14.5486 -4
      vertex -13.2153 -14.5486 -4
      vertex -4.6194 -14.0866 -4
    endloop
  endfacet
  facet normal 0 0 -1
    outer loop
      vertex -13.3806 -14.0866 -4
      vertex -4.6194 -14.0866 -4
      vertex -13.2153 -14.5486 -4
    endloop
  endfacet
  facet normal 0 0 -1
    outer loop
      vertex -4.6194 -14.0866 -4
      vertex -13.3806 -14.0866 -4
      vertex -4.40961 -13.643 -4
    endloop
  endfacet
  facet normal 0 0 -1
    outer loop
      vertex -13.5904 -13.643 -4
      vertex -4.40961 -13.643 -4
      vertex -13.3806 -14.0866 -4
    endloop
  endfacet
  facet normal 0 0 -1
    outer loop
      vertex -4.40961 -13.643 -4
      vertex -13.5904 -13.643 -4
      vertex -4.15735 -13.2221 -4
    endloop
  endfacet
  facet normal 0 0 -1
    outer loop
      vertex -13.8427 -13.2221 -4
      vertex -4.15735 -13.2221 -4
      vertex -13.5904 -13.643 -4
    endloop
  endfacet
  facet normal 0 0 -1
    outer loop
      vertex -15 -10 -4
      vertex -4.15735 -13.2221 -4
      vertex -13.8427 -13.2221 -4
    endloop
  endfacet
  facet normal 0 0 -1
    outer loop
      vertex -4.15735 -13.2221 -4
      vertex -15 -10 -4
      vertex -3.86505 -12.828 -4
    endloop
  endfacet
  facet normal 0 0 -1
    outer loop
      vertex -3.86505 -12.828 -4
      vertex -15 -10 -4
      vertex -3.53553 -12.4645 -4
    endloop
  endfacet
  facet normal 0 0 -1
    outer loop
      vertex -3.53553 -12.4645 -4
      vertex -15 -10 -4
      vertex -3.17197 -12.1349 -4
    endloop
  endfacet
  facet normal 0 0 -1
    outer loop
      vertex -3.17197 -12.1349 -4
      vertex -15 -10 -4
      vertex -2.77785 -11.8427 -4
    endloop
  endfacet
  facet normal 0 0 -1
    outer loop
      vertex -2.77785 -11.8427 -4
      vertex -15 -10 -4
      vertex -2.35698 -11.5904 -4
    endloop
  endfacet
  facet normal 0 0 -1
    outer loop
      vertex -2.35698 -11.5904 -4
      vertex -15 -10 -4
      vertex -1.91342 -11.3806 -4
    endloop
  endfacet
  facet normal 0 0 -1
    outer loop
      vertex -1.91342 -11.3806 -4
      vertex -15 -10 -4
      vertex -1.45142 -11.2153 -4
    endloop
  endfacet
  facet normal 0 0 -1
    outer loop
      vertex -15 -10 -4
      vertex -13.8427 -13.2221 -4
      vertex -14.1349 -12.828 -4
    endloop
  endfacet
  facet normal 0 0 -1
    outer loop
      vertex -1.45142 -11.2153 -4
      vertex -15 -10 -4
      vertex -0.975451 -11.0961 -4
    endloop
  endfacet
  facet normal 0 0 -1
    outer loop
      vertex -15 -10 -4
      vertex -14.1349 -12.828 -4
      vertex -14.4645 -12.4645 -4
    endloop
  endfacet
  facet normal 0 0 -1
    outer loop
      vertex -15 -10 -4
      vertex -14.4645 -12.4645 -4
      vertex -14.828 -12.1349 -4
    endloop
  endfacet
  facet normal 0 0 -1
    outer loop
      vertex 0 -11 -4
      vertex -15 -10 -4
      vertex 15 -10 -4
    endloop
  endfacet
  facet normal 0 0 -1
    outer loop
      vertex -0.975451 -11.0961 -4
      vertex -15 -10 -4
      vertex -0.490086 -11.0241 -4
    endloop
  endfacet
  facet normal 0 0 -1
    outer loop
      vertex -15.2221 -11.8427 -4
      vertex -15 -10 -4
      vertex -14.828 -12.1349 -4
    endloop
  endfacet
  facet normal 0 0 -1
    outer loop
      vertex -15.643 -11.5904 -4
      vertex -15 -10 -4
      vertex -15.2221 -11.8427 -4
    endloop
  endfacet
  facet normal 0 0 -1
    outer loop
      vertex -15 -10 -4
      vertex -15.2221 -4.15735 -4
      vertex -15 -3.99259 -4
    endloop
  endfacet
  facet normal 0 0 -1
    outer loop
      vertex -16.0866 -11.3806 -4
      vertex -15 -10 -4
      vertex -15.643 -11.5904 -4
    endloop
  endfacet
  facet normal 0 0 -1
    outer loop
      vertex -15 -10 -4
      vertex -15.643 -4.40961 -4
      vertex -15.2221 -4.15735 -4
    endloop
  endfacet
  facet normal 0 0 -1
    outer loop
      vertex -16.5486 -11.2153 -4
      vertex -15 -10 -4
      vertex -16.0866 -11.3806 -4
    endloop
  endfacet
  facet normal 0 0 -1
    outer loop
      vertex -15 -10 -4
      vertex -16.0866 -4.6194 -4
      vertex -15.643 -4.40961 -4
    endloop
  endfacet
  facet normal 0 0 -1
    outer loop
      vertex -17.0245 -11.0961 -4
      vertex -15 -10 -4
      vertex -16.5486 -11.2153 -4
    endloop
  endfacet
  facet normal 0 0 -1
    outer loop
      vertex -15 -10 -4
      vertex -16.5486 -4.7847 -4
      vertex -16.0866 -4.6194 -4
    endloop
  endfacet
  facet normal 0 0 -1
    outer loop
      vertex -17.5099 -11.0241 -4
      vertex -15 -10 -4
      vertex -17.0245 -11.0961 -4
    endloop
  endfacet
  facet normal 0 0 -1
    outer loop
      vertex -15 -10 -4
      vertex -17.0245 -4.90393 -4
      vertex -16.5486 -4.7847 -4
    endloop
  endfacet
  facet normal 0 0 -1
    outer loop
      vertex -17.5099 -4.97592 -4
      vertex -15 -10 -4
      vertex -17.5099 -11.0241 -4
    endloop
  endfacet
  facet normal 0 0 -1
    outer loop
      vertex -15 -10 -4
      vertex -17.5099 -4.97592 -4
      vertex -17.0245 -4.90393 -4
    endloop
  endfacet
  facet normal 0 0 -1
    outer loop
      vertex -18 -11 -4
      vertex -17.5099 -4.97592 -4
      vertex -17.5099 -11.0241 -4
    endloop
  endfacet
  facet normal 0 0 -1
    outer loop
      vertex -18 -11 -4
      vertex -18 -5 -4
      vertex -17.5099 -4.97592 -4
    endloop
  endfacet
  facet normal 0 0 -1
    outer loop
      vertex -18.4901 -11.0241 -4
      vertex -18 -5 -4
      vertex -18 -11 -4
    endloop
  endfacet
  facet normal 0 0 -1
    outer loop
      vertex -18.4901 -11.0241 -4
      vertex -18.4901 -4.97592 -4
      vertex -18 -5 -4
    endloop
  endfacet
  facet normal 0 0 -1
    outer loop
      vertex -18.9755 -11.0961 -4
      vertex -18.4901 -4.97592 -4
      vertex -18.4901 -11.0241 -4
    endloop
  endfacet
  facet normal 0 0 -1
    outer loop
      vertex -18.9755 -11.0961 -4
      vertex -18.9755 -4.90393 -4
      vertex -18.4901 -4.97592 -4
    endloop
  endfacet
  facet normal 0 0 -1
    outer loop
      vertex -19.4514 -11.2153 -4
      vertex -18.9755 -4.90393 -4
      vertex -18.9755 -11.0961 -4
    endloop
  endfacet
  facet normal 0 0 -1
    outer loop
      vertex -19.4514 -11.2153 -4
      vertex -19.4514 -4.7847 -4
      vertex -18.9755 -4.90393 -4
    endloop
  endfacet
  facet normal 0 0 -1
    outer loop
      vertex -19.9134 -11.3806 -4
      vertex -19.4514 -4.7847 -4
      vertex -19.4514 -11.2153 -4
    endloop
  endfacet
  facet normal 0 0 -1
    outer loop
      vertex -19.9134 -11.3806 -4
      vertex -19.9134 -4.6194 -4
      vertex -19.4514 -4.7847 -4
    endloop
  endfacet
  facet normal 0 0 -1
    outer loop
      vertex -20.357 -11.5904 -4
      vertex -19.9134 -4.6194 -4
      vertex -19.9134 -11.3806 -4
    endloop
  endfacet
  facet normal 0 0 -1
    outer loop
      vertex -20.357 -11.5904 -4
      vertex -20.357 -4.40961 -4
      vertex -19.9134 -4.6194 -4
    endloop
  endfacet
  facet normal 0 0 -1
    outer loop
      vertex -20.7779 -11.8427 -4
      vertex -20.357 -4.40961 -4
      vertex -20.357 -11.5904 -4
    endloop
  endfacet
  facet normal 0 0 -1
    outer loop
      vertex -20.7779 -11.8427 -4
      vertex -20.7779 -4.15735 -4
      vertex -20.357 -4.40961 -4
    endloop
  endfacet
  facet normal 0 0 -1
    outer loop
      vertex -21.172 -12.1349 -4
      vertex -20.7779 -4.15735 -4
      vertex -20.7779 -11.8427 -4
    endloop
  endfacet
  facet normal 0 0 -1
    outer loop
      vertex -21.172 -12.1349 -4
      vertex -21.172 -3.86505 -4
      vertex -20.7779 -4.15735 -4
    endloop
  endfacet
  facet normal 0 0 -1
    outer loop
      vertex -21.5355 -12.4645 -4
      vertex -21.172 -3.86505 -4
      vertex -21.172 -12.1349 -4
    endloop
  endfacet
  facet normal 0 0 -1
    outer loop
      vertex -21.5355 -12.4645 -4
      vertex -21.5355 -3.53553 -4
      vertex -21.172 -3.86505 -4
    endloop
  endfacet
  facet normal 0 0 -1
    outer loop
      vertex -21.8651 -12.828 -4
      vertex -21.5355 -3.53553 -4
      vertex -21.5355 -12.4645 -4
    endloop
  endfacet
  facet normal 0 0 -1
    outer loop
      vertex -21.8651 -12.828 -4
      vertex -21.8651 -3.17197 -4
      vertex -21.5355 -3.53553 -4
    endloop
  endfacet
  facet normal 0 0 -1
    outer loop
      vertex -22.1573 -13.2221 -4
      vertex -21.8651 -3.17197 -4
      vertex -21.8651 -12.828 -4
    endloop
  endfacet
  facet normal 0 0 -1
    outer loop
      vertex -22.1573 -13.2221 -4
      vertex -22.1573 -2.77785 -4
      vertex -21.8651 -3.17197 -4
    endloop
  endfacet
  facet normal 0 0 -1
    outer loop
      vertex -22.4096 -13.643 -4
      vertex -22.1573 -2.77785 -4
      vertex -22.1573 -13.2221 -4
    endloop
  endfacet
  facet normal 0 0 -1
    outer loop
      vertex -22.4096 -13.643 -4
      vertex -22.4096 -2.35698 -4
      vertex -22.1573 -2.77785 -4
    endloop
  endfacet
  facet normal 0 0 -1
    outer loop
      vertex -22.6194 -14.0866 -4
      vertex -22.4096 -2.35698 -4
      vertex -22.4096 -13.643 -4
    endloop
  endfacet
  facet normal 0 0 -1
    outer loop
      vertex -22.6194 -14.0866 -4
      vertex -22.6194 -1.91342 -4
      vertex -22.4096 -2.35698 -4
    endloop
  endfacet
  facet normal 0 0 -1
    outer loop
      vertex -22.7847 -14.5486 -4
      vertex -22.6194 -1.91342 -4
      vertex -22.6194 -14.0866 -4
    endloop
  endfacet
  facet normal 0 0 -1
    outer loop
      vertex -22.7847 -14.5486 -4
      vertex -22.7847 -1.45142 -4
      vertex -22.6194 -1.91342 -4
    endloop
  endfacet
  facet normal 0 0 -1
    outer loop
      vertex -32 -26 -4
      vertex -22.7847 -14.5486 -4
      vertex -22.9039 -15.0245 -4
    endloop
  endfacet
  facet normal -0 0 -1
    outer loop
      vertex -22.7847 -14.5486 -4
      vertex -32 -26 -4
      vertex -22.7847 -1.45142 -4
    endloop
  endfacet
  facet normal 0 0 -1
    outer loop
      vertex -32 -26 -4
      vertex -22.9039 -15.0245 -4
      vertex -22.9759 -15.5099 -4
    endloop
  endfacet
  facet normal -0 0 -1
    outer loop
      vertex -22.7847 -1.45142 -4
      vertex -32 -26 -4
      vertex -22.9039 -0.975451 -4
    endloop
  endfacet
  facet normal 0 0 -1
    outer loop
      vertex -32 -26 -4
      vertex -22.9759 -15.5099 -4
      vertex -23 -16 -4
    endloop
  endfacet
  facet normal -0 0 -1
    outer loop
      vertex -22.9039 -0.975451 -4
      vertex -32 -26 -4
      vertex -22.9759 -0.490086 -4
    endloop
  endfacet
  facet normal 0 0 -1
    outer loop
      vertex 32 -26 -4
      vertex 31.7059 -22.9856 -4
      vertex 32 -23 -4
    endloop
  endfacet
  facet normal 0 0 -1
    outer loop
      vertex 32 -26 -4
      vertex 31.4147 -22.9424 -4
      vertex 31.7059 -22.9856 -4
    endloop
  endfacet
  facet normal 0 0 -1
    outer loop
      vertex 32 -26 -4
      vertex 31.1291 -22.8708 -4
      vertex 31.4147 -22.9424 -4
    endloop
  endfacet
  facet normal 0 0 -1
    outer loop
      vertex 32 -26 -4
      vertex 30.8519 -22.7716 -4
      vertex 31.1291 -22.8708 -4
    endloop
  endfacet
  facet normal 0 0 -1
    outer loop
      vertex 29.755 -22.488 -4
      vertex 30.8519 -22.7716 -4
      vertex 32 -26 -4
    endloop
  endfacet
  facet normal 0 0 -1
    outer loop
      vertex 30.8519 -22.7716 -4
      vertex 29.755 -22.488 -4
      vertex 30.5858 -22.6458 -4
    endloop
  endfacet
  facet normal 0 -0 -1
    outer loop
      vertex 30.245 -22.488 -4
      vertex 30.5858 -22.6458 -4
      vertex 30 -22.5 -4
    endloop
  endfacet
  facet normal 0 0 -1
    outer loop
      vertex 30.3333 -22.4944 -4
      vertex 30.245 -22.488 -4
      vertex 30.3113 -22.4781 -4
    endloop
  endfacet
  facet normal 0 0 -1
    outer loop
      vertex 30.5858 -22.6458 -4
      vertex 30.245 -22.488 -4
      vertex 30.3333 -22.4944 -4
    endloop
  endfacet
  facet normal 0 0 -1
    outer loop
      vertex 30.5858 -22.6458 -4
      vertex 29.755 -22.488 -4
      vertex 30 -22.5 -4
    endloop
  endfacet
  facet normal 0 0 -1
    outer loop
      vertex 32 -26 -4
      vertex 29.5123 -22.452 -4
      vertex 29.755 -22.488 -4
    endloop
  endfacet
  facet normal 0 0 -1
    outer loop
      vertex 32 -26 -4
      vertex 29.2743 -22.3923 -4
      vertex 29.5123 -22.452 -4
    endloop
  endfacet
  facet normal 0 0 -1
    outer loop
      vertex 32 -26 -4
      vertex 29.0433 -22.3097 -4
      vertex 29.2743 -22.3923 -4
    endloop
  endfacet
  facet normal 0 0 -1
    outer loop
      vertex 32 -26 -4
      vertex 28.8215 -22.2048 -4
      vertex 29.0433 -22.3097 -4
    endloop
  endfacet
  facet normal 0 0 -1
    outer loop
      vertex 32 -26 -4
      vertex 28.6111 -22.0787 -4
      vertex 28.8215 -22.2048 -4
    endloop
  endfacet
  facet normal 0 0 -1
    outer loop
      vertex 19.4514 -20.7847 -4
      vertex 28.6111 -22.0787 -4
      vertex 32 -26 -4
    endloop
  endfacet
  facet normal 0 0 -1
    outer loop
      vertex 28.6111 -22.0787 -4
      vertex 19.4514 -20.7847 -4
      vertex 28.414 -21.9325 -4
    endloop
  endfacet
  facet normal 0 -0 -1
    outer loop
      vertex 19.9134 -20.6194 -4
      vertex 28.414 -21.9325 -4
      vertex 19.4514 -20.7847 -4
    endloop
  endfacet
  facet normal -0 0 -1
    outer loop
      vertex 27.7952 18.8215 -4
      vertex 22.9039 16.9755 -4
      vertex 27.6903 19.0433 -4
    endloop
  endfacet
  facet normal 0 0 -1
    outer loop
      vertex 22.1573 -18.7779 -4
      vertex 27.5 -20 -4
      vertex 27.512 -20.245 -4
    endloop
  endfacet
  facet normal 0 0 -1
    outer loop
      vertex 22.1573 -18.7779 -4
      vertex 27.512 -20.245 -4
      vertex 27.548 -20.4877 -4
    endloop
  endfacet
  facet normal 0 0 -1
    outer loop
      vertex 21.8651 -19.172 -4
      vertex 27.548 -20.4877 -4
      vertex 27.6076 -20.7257 -4
    endloop
  endfacet
  facet normal 0 0 -1
    outer loop
      vertex 21.5355 -19.5355 -4
      vertex 27.6076 -20.7257 -4
      vertex 27.6903 -20.9567 -4
    endloop
  endfacet
  facet normal 0 0 -1
    outer loop
      vertex 21.172 -19.8651 -4
      vertex 27.6903 -20.9567 -4
      vertex 27.7952 -21.1785 -4
    endloop
  endfacet
  facet normal 0 0 -1
    outer loop
      vertex 21.172 -19.8651 -4
      vertex 27.7952 -21.1785 -4
      vertex 27.9213 -21.3889 -4
    endloop
  endfacet
  facet normal 0 0 -1
    outer loop
      vertex 20.7779 -20.1573 -4
      vertex 27.9213 -21.3889 -4
      vertex 28.0675 -21.586 -4
    endloop
  endfacet
  facet normal 0 0 -1
    outer loop
      vertex 28.414 -21.9325 -4
      vertex 19.9134 -20.6194 -4
      vertex 28.2322 -21.7678 -4
    endloop
  endfacet
  facet normal 0 0 -1
    outer loop
      vertex 27.512 -19.755 -4
      vertex 22.9759 -16.4901 -4
      vertex 23 -16 -4
    endloop
  endfacet
  facet normal 0 0 -1
    outer loop
      vertex 27.512 -19.755 -4
      vertex 22.9039 -16.9755 -4
      vertex 22.9759 -16.4901 -4
    endloop
  endfacet
  facet normal 0 0 -1
    outer loop
      vertex 27.512 -19.755 -4
      vertex 22.7847 -17.4514 -4
      vertex 22.9039 -16.9755 -4
    endloop
  endfacet
  facet normal 0 0 -1
    outer loop
      vertex 27.512 -19.755 -4
      vertex 22.6194 -17.9134 -4
      vertex 22.7847 -17.4514 -4
    endloop
  endfacet
  facet normal 0 0 -1
    outer loop
      vertex 27.512 -19.755 -4
      vertex 22.4096 -18.357 -4
      vertex 22.6194 -17.9134 -4
    endloop
  endfacet
  facet normal 0 0 -1
    outer loop
      vertex 27.5 -20 -4
      vertex 22.1573 -18.7779 -4
      vertex 22.4096 -18.357 -4
    endloop
  endfacet
  facet normal 0 0 -1
    outer loop
      vertex 27.548 -20.4877 -4
      vertex 21.8651 -19.172 -4
      vertex 22.1573 -18.7779 -4
    endloop
  endfacet
  facet normal 0 0 -1
    outer loop
      vertex 27.6076 -20.7257 -4
      vertex 21.5355 -19.5355 -4
      vertex 21.8651 -19.172 -4
    endloop
  endfacet
  facet normal 0 0 -1
    outer loop
      vertex 27.6903 -20.9567 -4
      vertex 21.172 -19.8651 -4
      vertex 21.5355 -19.5355 -4
    endloop
  endfacet
  facet normal 0 0 -1
    outer loop
      vertex 27.9213 -21.3889 -4
      vertex 20.7779 -20.1573 -4
      vertex 21.172 -19.8651 -4
    endloop
  endfacet
  facet normal 0 0 -1
    outer loop
      vertex 28.0675 -21.586 -4
      vertex 20.357 -20.4096 -4
      vertex 20.7779 -20.1573 -4
    endloop
  endfacet
  facet normal 0 0 -1
    outer loop
      vertex 28.2322 -21.7678 -4
      vertex 20.357 -20.4096 -4
      vertex 28.0675 -21.586 -4
    endloop
  endfacet
  facet normal 0 -0 -1
    outer loop
      vertex 20.357 -20.4096 -4
      vertex 28.2322 -21.7678 -4
      vertex 19.9134 -20.6194 -4
    endloop
  endfacet
  facet normal 0 0 -1
    outer loop
      vertex 32 -26 -4
      vertex 18.9755 -20.9039 -4
      vertex 19.4514 -20.7847 -4
    endloop
  endfacet
  facet normal 0 0 -1
    outer loop
      vertex 32 -26 -4
      vertex 18.4901 -20.9759 -4
      vertex 18.9755 -20.9039 -4
    endloop
  endfacet
  facet normal 0 0 -1
    outer loop
      vertex 32 -26 -4
      vertex 18 -21 -4
      vertex 18.4901 -20.9759 -4
    endloop
  endfacet
  facet normal 0 0 -1
    outer loop
      vertex 32 -26 -4
      vertex 17.5099 -20.9759 -4
      vertex 18 -21 -4
    endloop
  endfacet
  facet normal 0 0 -1
    outer loop
      vertex 32 -26 -4
      vertex 17.0245 -20.9039 -4
      vertex 17.5099 -20.9759 -4
    endloop
  endfacet
  facet normal 0 0 -1
    outer loop
      vertex 0.975451 -20.9039 -4
      vertex 17.0245 -20.9039 -4
      vertex 32 -26 -4
    endloop
  endfacet
  facet normal 0 0 -1
    outer loop
      vertex 13.0241 -16.4901 -4
      vertex 5 -16 -4
      vertex 13 -16 -4
    endloop
  endfacet
  facet normal 0 0 -1
    outer loop
      vertex 4.97592 -16.4901 -4
      vertex 13.0241 -16.4901 -4
      vertex 13.0961 -16.9755 -4
    endloop
  endfacet
  facet normal 0 0 -1
    outer loop
      vertex 4.90393 -16.9755 -4
      vertex 13.0961 -16.9755 -4
      vertex 13.2153 -17.4514 -4
    endloop
  endfacet
  facet normal 0 0 -1
    outer loop
      vertex 4.7847 -17.4514 -4
      vertex 13.2153 -17.4514 -4
      vertex 13.3806 -17.9134 -4
    endloop
  endfacet
  facet normal 0 0 -1
    outer loop
      vertex 4.6194 -17.9134 -4
      vertex 13.3806 -17.9134 -4
      vertex 13.5904 -18.357 -4
    endloop
  endfacet
  facet normal 0 0 -1
    outer loop
      vertex 4.40961 -18.357 -4
      vertex 13.5904 -18.357 -4
      vertex 13.8427 -18.7779 -4
    endloop
  endfacet
  facet normal 0 0 -1
    outer loop
      vertex 4.15735 -18.7779 -4
      vertex 13.8427 -18.7779 -4
      vertex 14.1349 -19.172 -4
    endloop
  endfacet
  facet normal 0 0 -1
    outer loop
      vertex 3.86505 -19.172 -4
      vertex 14.1349 -19.172 -4
      vertex 14.4645 -19.5355 -4
    endloop
  endfacet
  facet normal 0 0 -1
    outer loop
      vertex 3.53553 -19.5355 -4
      vertex 14.4645 -19.5355 -4
      vertex 14.828 -19.8651 -4
    endloop
  endfacet
  facet normal 0 0 -1
    outer loop
      vertex 3.17197 -19.8651 -4
      vertex 14.828 -19.8651 -4
      vertex 15.2221 -20.1573 -4
    endloop
  endfacet
  facet normal 0 0 -1
    outer loop
      vertex 2.77785 -20.1573 -4
      vertex 15.2221 -20.1573 -4
      vertex 15.643 -20.4096 -4
    endloop
  endfacet
  facet normal 0 0 -1
    outer loop
      vertex 2.35698 -20.4096 -4
      vertex 15.643 -20.4096 -4
      vertex 16.0866 -20.6194 -4
    endloop
  endfacet
  facet normal 0 0 -1
    outer loop
      vertex 13.0241 -16.4901 -4
      vertex 4.97592 -16.4901 -4
      vertex 5 -16 -4
    endloop
  endfacet
  facet normal 0 0 -1
    outer loop
      vertex 13.0961 -16.9755 -4
      vertex 4.90393 -16.9755 -4
      vertex 4.97592 -16.4901 -4
    endloop
  endfacet
  facet normal 0 0 -1
    outer loop
      vertex 1.91342 -20.6194 -4
      vertex 16.0866 -20.6194 -4
      vertex 16.5486 -20.7847 -4
    endloop
  endfacet
  facet normal 0 0 -1
    outer loop
      vertex 17.0245 -20.9039 -4
      vertex 0.975451 -20.9039 -4
      vertex 16.5486 -20.7847 -4
    endloop
  endfacet
  facet normal 0 0 -1
    outer loop
      vertex 13.2153 -17.4514 -4
      vertex 4.7847 -17.4514 -4
      vertex 4.90393 -16.9755 -4
    endloop
  endfacet
  facet normal 0 0 -1
    outer loop
      vertex 13.3806 -17.9134 -4
      vertex 4.6194 -17.9134 -4
      vertex 4.7847 -17.4514 -4
    endloop
  endfacet
  facet normal 0 0 -1
    outer loop
      vertex 13.5904 -18.357 -4
      vertex 4.40961 -18.357 -4
      vertex 4.6194 -17.9134 -4
    endloop
  endfacet
  facet normal 0 0 -1
    outer loop
      vertex 13.8427 -18.7779 -4
      vertex 4.15735 -18.7779 -4
      vertex 4.40961 -18.357 -4
    endloop
  endfacet
  facet normal 0 0 -1
    outer loop
      vertex 14.1349 -19.172 -4
      vertex 3.86505 -19.172 -4
      vertex 4.15735 -18.7779 -4
    endloop
  endfacet
  facet normal 0 0 -1
    outer loop
      vertex 14.4645 -19.5355 -4
      vertex 3.53553 -19.5355 -4
      vertex 3.86505 -19.172 -4
    endloop
  endfacet
  facet normal 0 0 -1
    outer loop
      vertex 14.828 -19.8651 -4
      vertex 3.17197 -19.8651 -4
      vertex 3.53553 -19.5355 -4
    endloop
  endfacet
  facet normal 0 0 -1
    outer loop
      vertex 15.2221 -20.1573 -4
      vertex 2.77785 -20.1573 -4
      vertex 3.17197 -19.8651 -4
    endloop
  endfacet
  facet normal 0 0 -1
    outer loop
      vertex 15.643 -20.4096 -4
      vertex 2.35698 -20.4096 -4
      vertex 2.77785 -20.1573 -4
    endloop
  endfacet
  facet normal 0 0 -1
    outer loop
      vertex 16.0866 -20.6194 -4
      vertex 1.91342 -20.6194 -4
      vertex 2.35698 -20.4096 -4
    endloop
  endfacet
  facet normal 0 0 -1
    outer loop
      vertex 16.5486 -20.7847 -4
      vertex 1.45142 -20.7847 -4
      vertex 1.91342 -20.6194 -4
    endloop
  endfacet
  facet normal -0 0 -1
    outer loop
      vertex 16.5486 -20.7847 -4
      vertex 0.975451 -20.9039 -4
      vertex 1.45142 -20.7847 -4
    endloop
  endfacet
  facet normal 0 0 -1
    outer loop
      vertex 32 -26 -4
      vertex 0.490086 -20.9759 -4
      vertex 0.975451 -20.9039 -4
    endloop
  endfacet
  facet normal 0 0 -1
    outer loop
      vertex 32 -26 -4
      vertex 0 -21 -4
      vertex 0.490086 -20.9759 -4
    endloop
  endfacet
  facet normal 0 0 -1
    outer loop
      vertex -32 -26 -4
      vertex 0 -21 -4
      vertex 32 -26 -4
    endloop
  endfacet
  facet normal -0 0 -1
    outer loop
      vertex 0 -21 -4
      vertex -32 -26 -4
      vertex -0.490086 -20.9759 -4
    endloop
  endfacet
  facet normal 0 0 -1
    outer loop
      vertex -4.97592 -16.4901 -4
      vertex -13 -16 -4
      vertex -5 -16 -4
    endloop
  endfacet
  facet normal 0 0 -1
    outer loop
      vertex -13.0241 -16.4901 -4
      vertex -4.97592 -16.4901 -4
      vertex -4.90393 -16.9755 -4
    endloop
  endfacet
  facet normal 0 0 -1
    outer loop
      vertex -13.0961 -16.9755 -4
      vertex -4.90393 -16.9755 -4
      vertex -4.7847 -17.4514 -4
    endloop
  endfacet
  facet normal 0 0 -1
    outer loop
      vertex -13.2153 -17.4514 -4
      vertex -4.7847 -17.4514 -4
      vertex -4.6194 -17.9134 -4
    endloop
  endfacet
  facet normal 0 0 -1
    outer loop
      vertex -13.3806 -17.9134 -4
      vertex -4.6194 -17.9134 -4
      vertex -4.40961 -18.357 -4
    endloop
  endfacet
  facet normal 0 0 -1
    outer loop
      vertex -13.5904 -18.357 -4
      vertex -4.40961 -18.357 -4
      vertex -4.15735 -18.7779 -4
    endloop
  endfacet
  facet normal 0 0 -1
    outer loop
      vertex -13.8427 -18.7779 -4
      vertex -4.15735 -18.7779 -4
      vertex -3.86505 -19.172 -4
    endloop
  endfacet
  facet normal 0 0 -1
    outer loop
      vertex -14.1349 -19.172 -4
      vertex -3.86505 -19.172 -4
      vertex -3.53553 -19.5355 -4
    endloop
  endfacet
  facet normal 0 0 -1
    outer loop
      vertex -14.4645 -19.5355 -4
      vertex -3.53553 -19.5355 -4
      vertex -3.17197 -19.8651 -4
    endloop
  endfacet
  facet normal 0 0 -1
    outer loop
      vertex -14.828 -19.8651 -4
      vertex -3.17197 -19.8651 -4
      vertex -2.77785 -20.1573 -4
    endloop
  endfacet
  facet normal 0 0 -1
    outer loop
      vertex -15.2221 -20.1573 -4
      vertex -2.77785 -20.1573 -4
      vertex -2.35698 -20.4096 -4
    endloop
  endfacet
  facet normal 0 0 -1
    outer loop
      vertex -15.643 -20.4096 -4
      vertex -2.35698 -20.4096 -4
      vertex -1.91342 -20.6194 -4
    endloop
  endfacet
  facet normal 0 0 -1
    outer loop
      vertex -4.97592 -16.4901 -4
      vertex -13.0241 -16.4901 -4
      vertex -13 -16 -4
    endloop
  endfacet
  facet normal 0 0 -1
    outer loop
      vertex -4.90393 -16.9755 -4
      vertex -13.0961 -16.9755 -4
      vertex -13.0241 -16.4901 -4
    endloop
  endfacet
  facet normal 0 0 -1
    outer loop
      vertex -16.0866 -20.6194 -4
      vertex -1.91342 -20.6194 -4
      vertex -1.45142 -20.7847 -4
    endloop
  endfacet
  facet normal 0 0 -1
    outer loop
      vertex -4.7847 -17.4514 -4
      vertex -13.2153 -17.4514 -4
      vertex -13.0961 -16.9755 -4
    endloop
  endfacet
  facet normal 0 0 -1
    outer loop
      vertex -4.6194 -17.9134 -4
      vertex -13.3806 -17.9134 -4
      vertex -13.2153 -17.4514 -4
    endloop
  endfacet
  facet normal 0 0 -1
    outer loop
      vertex -16.5486 -20.7847 -4
      vertex -1.45142 -20.7847 -4
      vertex -0.975451 -20.9039 -4
    endloop
  endfacet
  facet normal 0 0 -1
    outer loop
      vertex -4.40961 -18.357 -4
      vertex -13.5904 -18.357 -4
      vertex -13.3806 -17.9134 -4
    endloop
  endfacet
  facet normal 0 0 -1
    outer loop
      vertex -4.15735 -18.7779 -4
      vertex -13.8427 -18.7779 -4
      vertex -13.5904 -18.357 -4
    endloop
  endfacet
  facet normal 0 0 -1
    outer loop
      vertex -3.86505 -19.172 -4
      vertex -14.1349 -19.172 -4
      vertex -13.8427 -18.7779 -4
    endloop
  endfacet
  facet normal -0 0 -1
    outer loop
      vertex -0.490086 -20.9759 -4
      vertex -32 -26 -4
      vertex -0.975451 -20.9039 -4
    endloop
  endfacet
  facet normal 0 0 -1
    outer loop
      vertex -3.53553 -19.5355 -4
      vertex -14.4645 -19.5355 -4
      vertex -14.1349 -19.172 -4
    endloop
  endfacet
  facet normal 0 0 -1
    outer loop
      vertex -3.17197 -19.8651 -4
      vertex -14.828 -19.8651 -4
      vertex -14.4645 -19.5355 -4
    endloop
  endfacet
  facet normal 0 0 -1
    outer loop
      vertex -2.77785 -20.1573 -4
      vertex -15.2221 -20.1573 -4
      vertex -14.828 -19.8651 -4
    endloop
  endfacet
  facet normal 0 0 -1
    outer loop
      vertex -2.35698 -20.4096 -4
      vertex -15.643 -20.4096 -4
      vertex -15.2221 -20.1573 -4
    endloop
  endfacet
  facet normal 0 0 -1
    outer loop
      vertex -1.91342 -20.6194 -4
      vertex -16.0866 -20.6194 -4
      vertex -15.643 -20.4096 -4
    endloop
  endfacet
  facet normal 0 0 -1
    outer loop
      vertex -1.45142 -20.7847 -4
      vertex -16.5486 -20.7847 -4
      vertex -16.0866 -20.6194 -4
    endloop
  endfacet
  facet normal 0 0 -1
    outer loop
      vertex -0.975451 -20.9039 -4
      vertex -17.0245 -20.9039 -4
      vertex -16.5486 -20.7847 -4
    endloop
  endfacet
  facet normal -0 0 -1
    outer loop
      vertex -0.975451 -20.9039 -4
      vertex -32 -26 -4
      vertex -17.0245 -20.9039 -4
    endloop
  endfacet
  facet normal 0 0 -1
    outer loop
      vertex -17.0245 -20.9039 -4
      vertex -32 -26 -4
      vertex -17.5099 -20.9759 -4
    endloop
  endfacet
  facet normal 0 0 -1
    outer loop
      vertex -17.5099 -20.9759 -4
      vertex -32 -26 -4
      vertex -18 -21 -4
    endloop
  endfacet
  facet normal -0 0 -1
    outer loop
      vertex -22.9759 -0.490086 -4
      vertex -32 -26 -4
      vertex -23 0 -4
    endloop
  endfacet
  facet normal 0 0 -1
    outer loop
      vertex -32 26 -4
      vertex -23 0 -4
      vertex -32 -26 -4
    endloop
  endfacet
  facet normal -0 0 -1
    outer loop
      vertex -22.9759 -16.4901 -4
      vertex -32 -26 -4
      vertex -23 -16 -4
    endloop
  endfacet
  facet normal -0 0 -1
    outer loop
      vertex -22.9039 -16.9755 -4
      vertex -32 -26 -4
      vertex -22.9759 -16.4901 -4
    endloop
  endfacet
  facet normal -0 0 -1
    outer loop
      vertex -22.7847 -17.4514 -4
      vertex -32 -26 -4
      vertex -22.9039 -16.9755 -4
    endloop
  endfacet
  facet normal -0 0 -1
    outer loop
      vertex -22.6194 -17.9134 -4
      vertex -32 -26 -4
      vertex -22.7847 -17.4514 -4
    endloop
  endfacet
  facet normal -0 0 -1
    outer loop
      vertex -22.4096 -18.357 -4
      vertex -32 -26 -4
      vertex -22.6194 -17.9134 -4
    endloop
  endfacet
  facet normal -0 0 -1
    outer loop
      vertex -22.1573 -18.7779 -4
      vertex -32 -26 -4
      vertex -22.4096 -18.357 -4
    endloop
  endfacet
  facet normal -0 0 -1
    outer loop
      vertex -21.8651 -19.172 -4
      vertex -32 -26 -4
      vertex -22.1573 -18.7779 -4
    endloop
  endfacet
  facet normal -0 0 -1
    outer loop
      vertex -21.5355 -19.5355 -4
      vertex -32 -26 -4
      vertex -21.8651 -19.172 -4
    endloop
  endfacet
  facet normal -0 0 -1
    outer loop
      vertex -21.172 -19.8651 -4
      vertex -32 -26 -4
      vertex -21.5355 -19.5355 -4
    endloop
  endfacet
  facet normal -0 0 -1
    outer loop
      vertex -20.7779 -20.1573 -4
      vertex -32 -26 -4
      vertex -21.172 -19.8651 -4
    endloop
  endfacet
  facet normal -0 0 -1
    outer loop
      vertex -20.357 -20.4096 -4
      vertex -32 -26 -4
      vertex -20.7779 -20.1573 -4
    endloop
  endfacet
  facet normal -0 0 -1
    outer loop
      vertex -19.9134 -20.6194 -4
      vertex -32 -26 -4
      vertex -20.357 -20.4096 -4
    endloop
  endfacet
  facet normal -0 0 -1
    outer loop
      vertex -19.4514 -20.7847 -4
      vertex -32 -26 -4
      vertex -19.9134 -20.6194 -4
    endloop
  endfacet
  facet normal -0 0 -1
    outer loop
      vertex -18.9755 -20.9039 -4
      vertex -32 -26 -4
      vertex -19.4514 -20.7847 -4
    endloop
  endfacet
  facet normal -0 0 -1
    outer loop
      vertex -18.4901 -20.9759 -4
      vertex -32 -26 -4
      vertex -18.9755 -20.9039 -4
    endloop
  endfacet
  facet normal -0 0 -1
    outer loop
      vertex -18 -21 -4
      vertex -32 -26 -4
      vertex -18.4901 -20.9759 -4
    endloop
  endfacet
  facet normal 0 0 -1
    outer loop
      vertex 23 0 -4
      vertex 32 -17 -4
      vertex 31.7059 -17.0144 -4
    endloop
  endfacet
  facet normal 0 0 -1
    outer loop
      vertex 32 -17 -4
      vertex 23 0 -4
      vertex 32 17 -4
    endloop
  endfacet
  facet normal 0 0 -1
    outer loop
      vertex 31.1291 -17.1292 -4
      vertex 23 0 -4
      vertex 31.4147 -17.0576 -4
    endloop
  endfacet
  facet normal 0 0 -1
    outer loop
      vertex 31.4147 -17.0576 -4
      vertex 23 0 -4
      vertex 31.7059 -17.0144 -4
    endloop
  endfacet
  facet normal 0 0 -1
    outer loop
      vertex 29.0433 -17.6903 -4
      vertex 22.7847 -14.5486 -4
      vertex 29.2743 -17.6076 -4
    endloop
  endfacet
  facet normal 0 0 -1
    outer loop
      vertex 22.9759 0.490086 -4
      vertex 32 17 -4
      vertex 23 0 -4
    endloop
  endfacet
  facet normal 0 0 -1
    outer loop
      vertex 29.5123 -17.548 -4
      vertex 31.1291 -17.1292 -4
      vertex 30.8519 -17.2284 -4
    endloop
  endfacet
  facet normal 0 0 -1
    outer loop
      vertex 22.7847 -14.5486 -4
      vertex 29.0433 -17.6903 -4
      vertex 22.9039 -15.0245 -4
    endloop
  endfacet
  facet normal 0 0 -1
    outer loop
      vertex 29.755 -17.512 -4
      vertex 30.8519 -17.2284 -4
      vertex 30.5858 -17.3542 -4
    endloop
  endfacet
  facet normal 0 0 -1
    outer loop
      vertex 29.5123 -17.548 -4
      vertex 30.8519 -17.2284 -4
      vertex 29.755 -17.512 -4
    endloop
  endfacet
  facet normal 0 0 -1
    outer loop
      vertex 30.245 -17.512 -4
      vertex 30.5858 -17.3542 -4
      vertex 30.3333 -17.5056 -4
    endloop
  endfacet
  facet normal 0 0 -1
    outer loop
      vertex 29.755 -17.512 -4
      vertex 30.5858 -17.3542 -4
      vertex 30 -17.5 -4
    endloop
  endfacet
  facet normal 0 0 -1
    outer loop
      vertex 30.245 -17.512 -4
      vertex 30.3333 -17.5056 -4
      vertex 30.3113 -17.5219 -4
    endloop
  endfacet
  facet normal 0 0 -1
    outer loop
      vertex 30.5858 -17.3542 -4
      vertex 30.245 -17.512 -4
      vertex 30 -17.5 -4
    endloop
  endfacet
  facet normal 0 0 -1
    outer loop
      vertex 22.9039 0.975451 -4
      vertex 32 17 -4
      vertex 22.9759 0.490086 -4
    endloop
  endfacet
  facet normal 0 0 -1
    outer loop
      vertex 30.3333 17.5056 -4
      vertex 30.245 17.512 -4
      vertex 30.3113 17.5219 -4
    endloop
  endfacet
  facet normal 0 -0 -1
    outer loop
      vertex 30.245 17.512 -4
      vertex 30.5858 17.3542 -4
      vertex 30 17.5 -4
    endloop
  endfacet
  facet normal 0 0 -1
    outer loop
      vertex 30.5858 17.3542 -4
      vertex 30.245 17.512 -4
      vertex 30.3333 17.5056 -4
    endloop
  endfacet
  facet normal 0 0 -1
    outer loop
      vertex 30.8519 17.2284 -4
      vertex 29.755 17.512 -4
      vertex 30.5858 17.3542 -4
    endloop
  endfacet
  facet normal 0 0 -1
    outer loop
      vertex 30.5858 17.3542 -4
      vertex 29.755 17.512 -4
      vertex 30 17.5 -4
    endloop
  endfacet
  facet normal 0 0 -1
    outer loop
      vertex 31.1291 17.1292 -4
      vertex 29.5123 17.548 -4
      vertex 30.8519 17.2284 -4
    endloop
  endfacet
  facet normal 0 0 -1
    outer loop
      vertex 30.8519 17.2284 -4
      vertex 29.5123 17.548 -4
      vertex 29.755 17.512 -4
    endloop
  endfacet
  facet normal 0 0 -1
    outer loop
      vertex 28.8215 -17.7952 -4
      vertex 22.9039 -15.0245 -4
      vertex 29.0433 -17.6903 -4
    endloop
  endfacet
  facet normal 0 0 -1
    outer loop
      vertex 22.7847 1.45142 -4
      vertex 32 17 -4
      vertex 22.9039 0.975451 -4
    endloop
  endfacet
  facet normal 0 0 -1
    outer loop
      vertex 28.6111 -17.9213 -4
      vertex 22.9039 -15.0245 -4
      vertex 28.8215 -17.7952 -4
    endloop
  endfacet
  facet normal 0 0 -1
    outer loop
      vertex 22.6194 1.91342 -4
      vertex 32 17 -4
      vertex 22.7847 1.45142 -4
    endloop
  endfacet
  facet normal 0 0 -1
    outer loop
      vertex 22.9039 -15.0245 -4
      vertex 28.6111 -17.9213 -4
      vertex 22.9759 -15.5099 -4
    endloop
  endfacet
  facet normal -0 0 -1
    outer loop
      vertex 31.1291 17.1292 -4
      vertex 23 16 -4
      vertex 29.5123 17.548 -4
    endloop
  endfacet
  facet normal 0 0 -1
    outer loop
      vertex 28.414 -18.0675 -4
      vertex 22.9759 -15.5099 -4
      vertex 28.6111 -17.9213 -4
    endloop
  endfacet
  facet normal -0 0 -1
    outer loop
      vertex 29.5123 17.548 -4
      vertex 23 16 -4
      vertex 29.2743 17.6076 -4
    endloop
  endfacet
  facet normal 0 0 -1
    outer loop
      vertex 22.9759 -15.5099 -4
      vertex 28.414 -18.0675 -4
      vertex 23 -16 -4
    endloop
  endfacet
  facet normal -0 0 -1
    outer loop
      vertex 29.2743 17.6076 -4
      vertex 23 16 -4
      vertex 29.0433 17.6903 -4
    endloop
  endfacet
  facet normal 0 0 -1
    outer loop
      vertex 23 -16 -4
      vertex 28.414 -18.0675 -4
      vertex 28.2322 -18.2322 -4
    endloop
  endfacet
  facet normal -0 0 -1
    outer loop
      vertex 29.0433 17.6903 -4
      vertex 23 16 -4
      vertex 28.8215 17.7952 -4
    endloop
  endfacet
  facet normal 0 0 -1
    outer loop
      vertex 23 -16 -4
      vertex 28.2322 -18.2322 -4
      vertex 28.0675 -18.414 -4
    endloop
  endfacet
  facet normal -0 0 -1
    outer loop
      vertex 28.8215 17.7952 -4
      vertex 23 16 -4
      vertex 28.6111 17.9213 -4
    endloop
  endfacet
  facet normal 0 0 -1
    outer loop
      vertex 23 -16 -4
      vertex 28.0675 -18.414 -4
      vertex 27.9213 -18.6111 -4
    endloop
  endfacet
  facet normal -0 0 -1
    outer loop
      vertex 28.6111 17.9213 -4
      vertex 23 16 -4
      vertex 28.414 18.0675 -4
    endloop
  endfacet
  facet normal 0 0 -1
    outer loop
      vertex 23 -16 -4
      vertex 27.9213 -18.6111 -4
      vertex 27.7952 -18.8215 -4
    endloop
  endfacet
  facet normal -0 0 -1
    outer loop
      vertex 28.414 18.0675 -4
      vertex 23 16 -4
      vertex 28.2322 18.2322 -4
    endloop
  endfacet
  facet normal 0 0 -1
    outer loop
      vertex 23 -16 -4
      vertex 27.7952 -18.8215 -4
      vertex 27.6903 -19.0433 -4
    endloop
  endfacet
  facet normal -0 0 -1
    outer loop
      vertex 28.2322 18.2322 -4
      vertex 23 16 -4
      vertex 28.0675 18.414 -4
    endloop
  endfacet
  facet normal 0 0 -1
    outer loop
      vertex 23 -16 -4
      vertex 27.6903 -19.0433 -4
      vertex 27.6076 -19.2743 -4
    endloop
  endfacet
  facet normal 0 0 -1
    outer loop
      vertex 22.9759 16.4901 -4
      vertex 28.0675 18.414 -4
      vertex 23 16 -4
    endloop
  endfacet
  facet normal 0 0 -1
    outer loop
      vertex 23 -16 -4
      vertex 27.6076 -19.2743 -4
      vertex 27.548 -19.5123 -4
    endloop
  endfacet
  facet normal -0 0 -1
    outer loop
      vertex 28.0675 18.414 -4
      vertex 22.9759 16.4901 -4
      vertex 27.9213 18.6111 -4
    endloop
  endfacet
  facet normal 0 0 -1
    outer loop
      vertex 23 -16 -4
      vertex 27.548 -19.5123 -4
      vertex 27.512 -19.755 -4
    endloop
  endfacet
  facet normal 0 0 -1
    outer loop
      vertex 22.9039 16.9755 -4
      vertex 27.9213 18.6111 -4
      vertex 22.9759 16.4901 -4
    endloop
  endfacet
  facet normal 0 0 -1
    outer loop
      vertex 22.4096 -18.357 -4
      vertex 27.512 -19.755 -4
      vertex 27.5 -20 -4
    endloop
  endfacet
  facet normal -0 0 -1
    outer loop
      vertex 27.9213 18.6111 -4
      vertex 22.9039 16.9755 -4
      vertex 27.7952 18.8215 -4
    endloop
  endfacet
  facet normal 0 0 -1
    outer loop
      vertex 31.7059 22.9856 -4
      vertex 32 26 -4
      vertex 32 23 -4
    endloop
  endfacet
  facet normal 0 0 -1
    outer loop
      vertex 31.4147 22.9424 -4
      vertex 32 26 -4
      vertex 31.7059 22.9856 -4
    endloop
  endfacet
  facet normal 0 0 -1
    outer loop
      vertex 31.1291 22.8708 -4
      vertex 32 26 -4
      vertex 31.4147 22.9424 -4
    endloop
  endfacet
  facet normal 0 0 -1
    outer loop
      vertex 30.8519 22.7716 -4
      vertex 32 26 -4
      vertex 31.1291 22.8708 -4
    endloop
  endfacet
  facet normal 0 0 -1
    outer loop
      vertex 29.755 22.488 -4
      vertex 30.8519 22.7716 -4
      vertex 30.5858 22.6458 -4
    endloop
  endfacet
  facet normal 0 0 -1
    outer loop
      vertex 30.245 22.488 -4
      vertex 30.5858 22.6458 -4
      vertex 30.3333 22.4944 -4
    endloop
  endfacet
  facet normal 0 0 -1
    outer loop
      vertex 30.245 22.488 -4
      vertex 30.3333 22.4944 -4
      vertex 30.3113 22.4781 -4
    endloop
  endfacet
  facet normal 0 0 -1
    outer loop
      vertex 30.5858 22.6458 -4
      vertex 30.245 22.488 -4
      vertex 30 22.5 -4
    endloop
  endfacet
  facet normal 0 0 -1
    outer loop
      vertex 29.755 22.488 -4
      vertex 30.5858 22.6458 -4
      vertex 30 22.5 -4
    endloop
  endfacet
  facet normal -0 0 -1
    outer loop
      vertex 30.8519 22.7716 -4
      vertex 29.755 22.488 -4
      vertex 32 26 -4
    endloop
  endfacet
  facet normal 0 0 -1
    outer loop
      vertex 29.5123 22.452 -4
      vertex 32 26 -4
      vertex 29.755 22.488 -4
    endloop
  endfacet
  facet normal 0 0 -1
    outer loop
      vertex 29.2743 22.3923 -4
      vertex 32 26 -4
      vertex 29.5123 22.452 -4
    endloop
  endfacet
  facet normal 0 0 -1
    outer loop
      vertex 29.0433 22.3097 -4
      vertex 32 26 -4
      vertex 29.2743 22.3923 -4
    endloop
  endfacet
  facet normal 0 0 -1
    outer loop
      vertex 28.8215 22.2048 -4
      vertex 32 26 -4
      vertex 29.0433 22.3097 -4
    endloop
  endfacet
  facet normal 0 0 -1
    outer loop
      vertex 28.6111 22.0787 -4
      vertex 32 26 -4
      vertex 28.8215 22.2048 -4
    endloop
  endfacet
  facet normal 0 0 -1
    outer loop
      vertex 19.4514 20.7847 -4
      vertex 28.6111 22.0787 -4
      vertex 28.414 21.9325 -4
    endloop
  endfacet
  facet normal 0 0 -1
    outer loop
      vertex 19.9134 20.6194 -4
      vertex 28.414 21.9325 -4
      vertex 28.2322 21.7678 -4
    endloop
  endfacet
  facet normal 0 0 -1
    outer loop
      vertex 20.357 20.4096 -4
      vertex 28.2322 21.7678 -4
      vertex 28.0675 21.586 -4
    endloop
  endfacet
  facet normal 0 0 -1
    outer loop
      vertex 22.7847 17.4514 -4
      vertex 27.6903 19.0433 -4
      vertex 22.9039 16.9755 -4
    endloop
  endfacet
  facet normal -0 0 -1
    outer loop
      vertex 27.6903 19.0433 -4
      vertex 22.7847 17.4514 -4
      vertex 27.6076 19.2743 -4
    endloop
  endfacet
  facet normal 0 0 -1
    outer loop
      vertex 22.6194 17.9134 -4
      vertex 27.6076 19.2743 -4
      vertex 22.7847 17.4514 -4
    endloop
  endfacet
  facet normal -0 0 -1
    outer loop
      vertex 27.6076 19.2743 -4
      vertex 22.6194 17.9134 -4
      vertex 27.548 19.5123 -4
    endloop
  endfacet
  facet normal -0 0 -1
    outer loop
      vertex 27.548 19.5123 -4
      vertex 22.6194 17.9134 -4
      vertex 27.512 19.755 -4
    endloop
  endfacet
  facet normal 0 0 -1
    outer loop
      vertex 22.4096 18.357 -4
      vertex 27.512 19.755 -4
      vertex 22.6194 17.9134 -4
    endloop
  endfacet
  facet normal -0 0 -1
    outer loop
      vertex 27.512 19.755 -4
      vertex 22.4096 18.357 -4
      vertex 27.5 20 -4
    endloop
  endfacet
  facet normal 0 0 -1
    outer loop
      vertex 22.1573 18.7779 -4
      vertex 27.5 20 -4
      vertex 22.4096 18.357 -4
    endloop
  endfacet
  facet normal -0 0 -1
    outer loop
      vertex 27.5 20 -4
      vertex 22.1573 18.7779 -4
      vertex 27.512 20.245 -4
    endloop
  endfacet
  facet normal -0 0 -1
    outer loop
      vertex 27.512 20.245 -4
      vertex 22.1573 18.7779 -4
      vertex 27.548 20.4877 -4
    endloop
  endfacet
  facet normal 0 0 -1
    outer loop
      vertex 21.8651 19.172 -4
      vertex 27.548 20.4877 -4
      vertex 22.1573 18.7779 -4
    endloop
  endfacet
  facet normal -0 0 -1
    outer loop
      vertex 27.548 20.4877 -4
      vertex 21.8651 19.172 -4
      vertex 27.6076 20.7257 -4
    endloop
  endfacet
  facet normal 0 0 -1
    outer loop
      vertex 21.5355 19.5355 -4
      vertex 27.6076 20.7257 -4
      vertex 21.8651 19.172 -4
    endloop
  endfacet
  facet normal -0 0 -1
    outer loop
      vertex 27.6076 20.7257 -4
      vertex 21.5355 19.5355 -4
      vertex 27.6903 20.9567 -4
    endloop
  endfacet
  facet normal 0 0 -1
    outer loop
      vertex 21.172 19.8651 -4
      vertex 27.6903 20.9567 -4
      vertex 21.5355 19.5355 -4
    endloop
  endfacet
  facet normal -0 0 -1
    outer loop
      vertex 27.6903 20.9567 -4
      vertex 21.172 19.8651 -4
      vertex 27.7952 21.1785 -4
    endloop
  endfacet
  facet normal -0 0 -1
    outer loop
      vertex 27.7952 21.1785 -4
      vertex 21.172 19.8651 -4
      vertex 27.9213 21.3889 -4
    endloop
  endfacet
  facet normal 0 0 -1
    outer loop
      vertex 20.7779 20.1573 -4
      vertex 27.9213 21.3889 -4
      vertex 21.172 19.8651 -4
    endloop
  endfacet
  facet normal -0 0 -1
    outer loop
      vertex 27.9213 21.3889 -4
      vertex 20.7779 20.1573 -4
      vertex 28.0675 21.586 -4
    endloop
  endfacet
  facet normal 0 0 -1
    outer loop
      vertex 20.357 20.4096 -4
      vertex 28.0675 21.586 -4
      vertex 20.7779 20.1573 -4
    endloop
  endfacet
  facet normal 0 0 -1
    outer loop
      vertex 28.2322 21.7678 -4
      vertex 20.357 20.4096 -4
      vertex 19.9134 20.6194 -4
    endloop
  endfacet
  facet normal 0 0 -1
    outer loop
      vertex 28.414 21.9325 -4
      vertex 19.9134 20.6194 -4
      vertex 19.4514 20.7847 -4
    endloop
  endfacet
  facet normal -0 0 -1
    outer loop
      vertex 28.6111 22.0787 -4
      vertex 19.4514 20.7847 -4
      vertex 32 26 -4
    endloop
  endfacet
  facet normal 0 0 -1
    outer loop
      vertex 18.9755 20.9039 -4
      vertex 32 26 -4
      vertex 19.4514 20.7847 -4
    endloop
  endfacet
  facet normal 0 0 -1
    outer loop
      vertex 18.4901 20.9759 -4
      vertex 32 26 -4
      vertex 18.9755 20.9039 -4
    endloop
  endfacet
  facet normal 0 0 -1
    outer loop
      vertex 18 21 -4
      vertex 32 26 -4
      vertex 18.4901 20.9759 -4
    endloop
  endfacet
  facet normal 0 0 -1
    outer loop
      vertex 17.5099 20.9759 -4
      vertex 32 26 -4
      vertex 18 21 -4
    endloop
  endfacet
  facet normal 0 0 -1
    outer loop
      vertex 17.0245 20.9039 -4
      vertex 32 26 -4
      vertex 17.5099 20.9759 -4
    endloop
  endfacet
  facet normal 0 0 -1
    outer loop
      vertex 0.975451 20.9039 -4
      vertex 17.0245 20.9039 -4
      vertex 16.5486 20.7847 -4
    endloop
  endfacet
  facet normal 0 0 -1
    outer loop
      vertex 5 16 -4
      vertex 13.0241 16.4901 -4
      vertex 13 16 -4
    endloop
  endfacet
  facet normal 0 0 -1
    outer loop
      vertex 4.97592 16.4901 -4
      vertex 13.0241 16.4901 -4
      vertex 5 16 -4
    endloop
  endfacet
  facet normal 0 0 -1
    outer loop
      vertex 13.0241 16.4901 -4
      vertex 4.97592 16.4901 -4
      vertex 13.0961 16.9755 -4
    endloop
  endfacet
  facet normal 0 0 -1
    outer loop
      vertex 4.90393 16.9755 -4
      vertex 13.0961 16.9755 -4
      vertex 4.97592 16.4901 -4
    endloop
  endfacet
  facet normal 0 0 -1
    outer loop
      vertex 13.0961 16.9755 -4
      vertex 4.90393 16.9755 -4
      vertex 13.2153 17.4514 -4
    endloop
  endfacet
  facet normal 0 0 -1
    outer loop
      vertex 4.7847 17.4514 -4
      vertex 13.2153 17.4514 -4
      vertex 4.90393 16.9755 -4
    endloop
  endfacet
  facet normal 0 0 -1
    outer loop
      vertex 13.2153 17.4514 -4
      vertex 4.7847 17.4514 -4
      vertex 13.3806 17.9134 -4
    endloop
  endfacet
  facet normal 0 0 -1
    outer loop
      vertex 4.6194 17.9134 -4
      vertex 13.3806 17.9134 -4
      vertex 4.7847 17.4514 -4
    endloop
  endfacet
  facet normal 0 0 -1
    outer loop
      vertex 13.3806 17.9134 -4
      vertex 4.6194 17.9134 -4
      vertex 13.5904 18.357 -4
    endloop
  endfacet
  facet normal 0 0 -1
    outer loop
      vertex 4.40961 18.357 -4
      vertex 13.5904 18.357 -4
      vertex 4.6194 17.9134 -4
    endloop
  endfacet
  facet normal 0 0 -1
    outer loop
      vertex 13.5904 18.357 -4
      vertex 4.40961 18.357 -4
      vertex 13.8427 18.7779 -4
    endloop
  endfacet
  facet normal 0 0 -1
    outer loop
      vertex 4.15735 18.7779 -4
      vertex 13.8427 18.7779 -4
      vertex 4.40961 18.357 -4
    endloop
  endfacet
  facet normal 0 0 -1
    outer loop
      vertex 13.8427 18.7779 -4
      vertex 4.15735 18.7779 -4
      vertex 14.1349 19.172 -4
    endloop
  endfacet
  facet normal 0 0 -1
    outer loop
      vertex 3.86505 19.172 -4
      vertex 14.1349 19.172 -4
      vertex 4.15735 18.7779 -4
    endloop
  endfacet
  facet normal 0 0 -1
    outer loop
      vertex 14.1349 19.172 -4
      vertex 3.86505 19.172 -4
      vertex 14.4645 19.5355 -4
    endloop
  endfacet
  facet normal 0 0 -1
    outer loop
      vertex 3.53553 19.5355 -4
      vertex 14.4645 19.5355 -4
      vertex 3.86505 19.172 -4
    endloop
  endfacet
  facet normal 0 0 -1
    outer loop
      vertex 14.4645 19.5355 -4
      vertex 3.53553 19.5355 -4
      vertex 14.828 19.8651 -4
    endloop
  endfacet
  facet normal 0 0 -1
    outer loop
      vertex 3.17197 19.8651 -4
      vertex 14.828 19.8651 -4
      vertex 3.53553 19.5355 -4
    endloop
  endfacet
  facet normal 0 0 -1
    outer loop
      vertex 14.828 19.8651 -4
      vertex 3.17197 19.8651 -4
      vertex 15.2221 20.1573 -4
    endloop
  endfacet
  facet normal 0 0 -1
    outer loop
      vertex 2.77785 20.1573 -4
      vertex 15.2221 20.1573 -4
      vertex 3.17197 19.8651 -4
    endloop
  endfacet
  facet normal 0 0 -1
    outer loop
      vertex 15.2221 20.1573 -4
      vertex 2.77785 20.1573 -4
      vertex 15.643 20.4096 -4
    endloop
  endfacet
  facet normal 0 0 -1
    outer loop
      vertex 2.35698 20.4096 -4
      vertex 15.643 20.4096 -4
      vertex 2.77785 20.1573 -4
    endloop
  endfacet
  facet normal 0 0 -1
    outer loop
      vertex 15.643 20.4096 -4
      vertex 2.35698 20.4096 -4
      vertex 16.0866 20.6194 -4
    endloop
  endfacet
  facet normal 0 0 -1
    outer loop
      vertex 1.91342 20.6194 -4
      vertex 16.0866 20.6194 -4
      vertex 2.35698 20.4096 -4
    endloop
  endfacet
  facet normal 0 0 -1
    outer loop
      vertex 16.0866 20.6194 -4
      vertex 1.91342 20.6194 -4
      vertex 16.5486 20.7847 -4
    endloop
  endfacet
  facet normal 0 0 -1
    outer loop
      vertex 1.45142 20.7847 -4
      vertex 16.5486 20.7847 -4
      vertex 1.91342 20.6194 -4
    endloop
  endfacet
  facet normal 0 0 -1
    outer loop
      vertex 0.975451 20.9039 -4
      vertex 16.5486 20.7847 -4
      vertex 1.45142 20.7847 -4
    endloop
  endfacet
  facet normal 0 0 -1
    outer loop
      vertex 17.0245 20.9039 -4
      vertex 0.975451 20.9039 -4
      vertex 32 26 -4
    endloop
  endfacet
  facet normal 0 0 -1
    outer loop
      vertex 0.490086 20.9759 -4
      vertex 32 26 -4
      vertex 0.975451 20.9039 -4
    endloop
  endfacet
  facet normal 0 0 -1
    outer loop
      vertex 0 21 -4
      vertex 32 26 -4
      vertex 0.490086 20.9759 -4
    endloop
  endfacet
  facet normal 0 0 -1
    outer loop
      vertex -32 26 -4
      vertex 0 21 -4
      vertex -0.490086 20.9759 -4
    endloop
  endfacet
  facet normal 0 0 -1
    outer loop
      vertex -32 26 -4
      vertex -0.490086 20.9759 -4
      vertex -0.975451 20.9039 -4
    endloop
  endfacet
  facet normal 0 0 -1
    outer loop
      vertex -13 16 -4
      vertex -4.97592 16.4901 -4
      vertex -5 16 -4
    endloop
  endfacet
  facet normal 0 0 -1
    outer loop
      vertex -13.0241 16.4901 -4
      vertex -4.97592 16.4901 -4
      vertex -13 16 -4
    endloop
  endfacet
  facet normal 0 0 -1
    outer loop
      vertex -4.97592 16.4901 -4
      vertex -13.0241 16.4901 -4
      vertex -4.90393 16.9755 -4
    endloop
  endfacet
  facet normal 0 0 -1
    outer loop
      vertex -13.0961 16.9755 -4
      vertex -4.90393 16.9755 -4
      vertex -13.0241 16.4901 -4
    endloop
  endfacet
  facet normal 0 0 -1
    outer loop
      vertex -4.90393 16.9755 -4
      vertex -13.0961 16.9755 -4
      vertex -4.7847 17.4514 -4
    endloop
  endfacet
  facet normal 0 0 -1
    outer loop
      vertex -13.2153 17.4514 -4
      vertex -4.7847 17.4514 -4
      vertex -13.0961 16.9755 -4
    endloop
  endfacet
  facet normal 0 0 -1
    outer loop
      vertex -4.7847 17.4514 -4
      vertex -13.2153 17.4514 -4
      vertex -4.6194 17.9134 -4
    endloop
  endfacet
  facet normal 0 0 -1
    outer loop
      vertex -13.3806 17.9134 -4
      vertex -4.6194 17.9134 -4
      vertex -13.2153 17.4514 -4
    endloop
  endfacet
  facet normal 0 0 -1
    outer loop
      vertex -4.6194 17.9134 -4
      vertex -13.3806 17.9134 -4
      vertex -4.40961 18.357 -4
    endloop
  endfacet
  facet normal 0 0 -1
    outer loop
      vertex -13.5904 18.357 -4
      vertex -4.40961 18.357 -4
      vertex -13.3806 17.9134 -4
    endloop
  endfacet
  facet normal 0 0 -1
    outer loop
      vertex -4.40961 18.357 -4
      vertex -13.5904 18.357 -4
      vertex -4.15735 18.7779 -4
    endloop
  endfacet
  facet normal 0 0 -1
    outer loop
      vertex -13.8427 18.7779 -4
      vertex -4.15735 18.7779 -4
      vertex -13.5904 18.357 -4
    endloop
  endfacet
  facet normal 0 0 -1
    outer loop
      vertex -4.15735 18.7779 -4
      vertex -13.8427 18.7779 -4
      vertex -3.86505 19.172 -4
    endloop
  endfacet
  facet normal 0 0 -1
    outer loop
      vertex -14.1349 19.172 -4
      vertex -3.86505 19.172 -4
      vertex -13.8427 18.7779 -4
    endloop
  endfacet
  facet normal 0 0 -1
    outer loop
      vertex -3.86505 19.172 -4
      vertex -14.1349 19.172 -4
      vertex -3.53553 19.5355 -4
    endloop
  endfacet
  facet normal 0 0 -1
    outer loop
      vertex -14.4645 19.5355 -4
      vertex -3.53553 19.5355 -4
      vertex -14.1349 19.172 -4
    endloop
  endfacet
  facet normal 0 0 -1
    outer loop
      vertex -3.53553 19.5355 -4
      vertex -14.4645 19.5355 -4
      vertex -3.17197 19.8651 -4
    endloop
  endfacet
  facet normal 0 0 -1
    outer loop
      vertex -14.828 19.8651 -4
      vertex -3.17197 19.8651 -4
      vertex -14.4645 19.5355 -4
    endloop
  endfacet
  facet normal 0 0 -1
    outer loop
      vertex -3.17197 19.8651 -4
      vertex -14.828 19.8651 -4
      vertex -2.77785 20.1573 -4
    endloop
  endfacet
  facet normal 0 0 -1
    outer loop
      vertex -15.2221 20.1573 -4
      vertex -2.77785 20.1573 -4
      vertex -14.828 19.8651 -4
    endloop
  endfacet
  facet normal 0 0 -1
    outer loop
      vertex -2.77785 20.1573 -4
      vertex -15.2221 20.1573 -4
      vertex -2.35698 20.4096 -4
    endloop
  endfacet
  facet normal 0 0 -1
    outer loop
      vertex -15.643 20.4096 -4
      vertex -2.35698 20.4096 -4
      vertex -15.2221 20.1573 -4
    endloop
  endfacet
  facet normal 0 0 -1
    outer loop
      vertex -2.35698 20.4096 -4
      vertex -15.643 20.4096 -4
      vertex -1.91342 20.6194 -4
    endloop
  endfacet
  facet normal 0 0 -1
    outer loop
      vertex -16.0866 20.6194 -4
      vertex -1.91342 20.6194 -4
      vertex -15.643 20.4096 -4
    endloop
  endfacet
  facet normal 0 0 -1
    outer loop
      vertex -1.91342 20.6194 -4
      vertex -16.0866 20.6194 -4
      vertex -1.45142 20.7847 -4
    endloop
  endfacet
  facet normal 0 0 -1
    outer loop
      vertex -16.5486 20.7847 -4
      vertex -1.45142 20.7847 -4
      vertex -16.0866 20.6194 -4
    endloop
  endfacet
  facet normal 0 0 -1
    outer loop
      vertex -1.45142 20.7847 -4
      vertex -16.5486 20.7847 -4
      vertex -0.975451 20.9039 -4
    endloop
  endfacet
  facet normal 0 0 -1
    outer loop
      vertex -17.0245 20.9039 -4
      vertex -0.975451 20.9039 -4
      vertex -16.5486 20.7847 -4
    endloop
  endfacet
  facet normal 0 0 -1
    outer loop
      vertex -32 26 -4
      vertex -0.975451 20.9039 -4
      vertex -17.0245 20.9039 -4
    endloop
  endfacet
  facet normal 0 0 -1
    outer loop
      vertex -32 26 -4
      vertex -17.0245 20.9039 -4
      vertex -17.5099 20.9759 -4
    endloop
  endfacet
  facet normal 0 0 -1
    outer loop
      vertex -32 26 -4
      vertex -17.5099 20.9759 -4
      vertex -18 21 -4
    endloop
  endfacet
  facet normal 0 0 -1
    outer loop
      vertex -32 26 -4
      vertex -18 21 -4
      vertex -18.4901 20.9759 -4
    endloop
  endfacet
  facet normal 0 0 -1
    outer loop
      vertex -22.9759 15.5099 -4
      vertex -32 26 -4
      vertex -23 16 -4
    endloop
  endfacet
  facet normal 0 0 -1
    outer loop
      vertex -23 16 -4
      vertex -32 26 -4
      vertex -22.9759 16.4901 -4
    endloop
  endfacet
  facet normal 0 0 -1
    outer loop
      vertex 0 21 -4
      vertex -32 26 -4
      vertex 32 26 -4
    endloop
  endfacet
  facet normal 0 0 -1
    outer loop
      vertex -18.9755 20.9039 -4
      vertex -32 26 -4
      vertex -18.4901 20.9759 -4
    endloop
  endfacet
  facet normal 0 0 -1
    outer loop
      vertex -19.4514 20.7847 -4
      vertex -32 26 -4
      vertex -18.9755 20.9039 -4
    endloop
  endfacet
  facet normal 0 0 -1
    outer loop
      vertex -19.9134 20.6194 -4
      vertex -32 26 -4
      vertex -19.4514 20.7847 -4
    endloop
  endfacet
  facet normal 0 0 -1
    outer loop
      vertex -20.357 20.4096 -4
      vertex -32 26 -4
      vertex -19.9134 20.6194 -4
    endloop
  endfacet
  facet normal 0 0 -1
    outer loop
      vertex -20.7779 20.1573 -4
      vertex -32 26 -4
      vertex -20.357 20.4096 -4
    endloop
  endfacet
  facet normal 0 0 -1
    outer loop
      vertex -21.172 19.8651 -4
      vertex -32 26 -4
      vertex -20.7779 20.1573 -4
    endloop
  endfacet
  facet normal 0 0 -1
    outer loop
      vertex -21.5355 19.5355 -4
      vertex -32 26 -4
      vertex -21.172 19.8651 -4
    endloop
  endfacet
  facet normal 0 0 -1
    outer loop
      vertex -21.8651 19.172 -4
      vertex -32 26 -4
      vertex -21.5355 19.5355 -4
    endloop
  endfacet
  facet normal 0 0 -1
    outer loop
      vertex -22.1573 18.7779 -4
      vertex -32 26 -4
      vertex -21.8651 19.172 -4
    endloop
  endfacet
  facet normal 0 0 -1
    outer loop
      vertex -22.4096 18.357 -4
      vertex -32 26 -4
      vertex -22.1573 18.7779 -4
    endloop
  endfacet
  facet normal 0 0 -1
    outer loop
      vertex -22.6194 17.9134 -4
      vertex -32 26 -4
      vertex -22.4096 18.357 -4
    endloop
  endfacet
  facet normal 0 0 -1
    outer loop
      vertex -22.7847 17.4514 -4
      vertex -32 26 -4
      vertex -22.6194 17.9134 -4
    endloop
  endfacet
  facet normal 0 0 -1
    outer loop
      vertex -22.9039 16.9755 -4
      vertex -32 26 -4
      vertex -22.7847 17.4514 -4
    endloop
  endfacet
  facet normal 0 0 -1
    outer loop
      vertex -22.9759 16.4901 -4
      vertex -32 26 -4
      vertex -22.9039 16.9755 -4
    endloop
  endfacet
  facet normal -0 0 -1
    outer loop
      vertex 15.2221 -4.15735 -4
      vertex 15 -10 -4
      vertex 15 -3.99259 -4
    endloop
  endfacet
  facet normal -0.0490736 -0.998795 0
    outer loop
      vertex -18 5 -4
      vertex -17.5099 4.97592 4
      vertex -18 5 4
    endloop
  endfacet
  facet normal -0.0490736 -0.998795 -0
    outer loop
      vertex -17.5099 4.97592 4
      vertex -18 5 -4
      vertex -17.5099 4.97592 -4
    endloop
  endfacet
  facet normal -0.336879 0.941548 0
    outer loop
      vertex -16.0866 -4.6194 -4
      vertex -16.5486 -4.7847 4
      vertex -16.0866 -4.6194 4
    endloop
  endfacet
  facet normal -0.336879 0.941548 0
    outer loop
      vertex -16.5486 -4.7847 4
      vertex -16.0866 -4.6194 -4
      vertex -16.5486 -4.7847 -4
    endloop
  endfacet
  facet normal 0.427526 0.904003 -0
    outer loop
      vertex -19.9134 -4.6194 -4
      vertex -20.357 -4.40961 4
      vertex -19.9134 -4.6194 4
    endloop
  endfacet
  facet normal 0.427526 0.904003 0
    outer loop
      vertex -20.357 -4.40961 4
      vertex -19.9134 -4.6194 -4
      vertex -20.357 -4.40961 -4
    endloop
  endfacet
  facet normal 0.90398 0.427575 0
    outer loop
      vertex -22.4096 -2.35698 4
      vertex -22.6194 -1.91342 -4
      vertex -22.6194 -1.91342 4
    endloop
  endfacet
  facet normal 0.90398 0.427575 0
    outer loop
      vertex -22.6194 -1.91342 -4
      vertex -22.4096 -2.35698 4
      vertex -22.4096 -2.35698 -4
    endloop
  endfacet
  facet normal 0.243025 0.97002 -0
    outer loop
      vertex -18.9755 -4.90393 -4
      vertex -19.4514 -4.7847 4
      vertex -18.9755 -4.90393 4
    endloop
  endfacet
  facet normal 0.243025 0.97002 0
    outer loop
      vertex -19.4514 -4.7847 4
      vertex -18.9755 -4.90393 -4
      vertex -19.4514 -4.7847 -4
    endloop
  endfacet
  facet normal 0.146706 0.98918 -0
    outer loop
      vertex -18.4901 -4.97592 -4
      vertex -18.9755 -4.90393 4
      vertex -18.4901 -4.97592 4
    endloop
  endfacet
  facet normal 0.146706 0.98918 0
    outer loop
      vertex -18.9755 -4.90393 4
      vertex -18.4901 -4.97592 -4
      vertex -18.9755 -4.90393 -4
    endloop
  endfacet
  facet normal -0.427526 -0.904003 0
    outer loop
      vertex -16.0866 4.6194 -4
      vertex -15.643 4.40961 4
      vertex -16.0866 4.6194 4
    endloop
  endfacet
  facet normal -0.427526 -0.904003 -0
    outer loop
      vertex -15.643 4.40961 4
      vertex -16.0866 4.6194 -4
      vertex -15.643 4.40961 -4
    endloop
  endfacet
  facet normal -0.514076 0.857745 0
    outer loop
      vertex -15.2221 -4.15735 -4
      vertex -15.643 -4.40961 4
      vertex -15.2221 -4.15735 4
    endloop
  endfacet
  facet normal -0.514076 0.857745 0
    outer loop
      vertex -15.643 -4.40961 4
      vertex -15.2221 -4.15735 -4
      vertex -15.643 -4.40961 -4
    endloop
  endfacet
  facet normal -0.514076 -0.857745 0
    outer loop
      vertex -15.643 4.40961 -4
      vertex -15.2221 4.15735 4
      vertex -15.643 4.40961 4
    endloop
  endfacet
  facet normal -0.514076 -0.857745 -0
    outer loop
      vertex -15.2221 4.15735 4
      vertex -15.643 4.40961 -4
      vertex -15.2221 4.15735 -4
    endloop
  endfacet
  facet normal 0.857692 -0.514163 0
    outer loop
      vertex -22.4096 2.35698 4
      vertex -22.1573 2.77785 -4
      vertex -22.1573 2.77785 4
    endloop
  endfacet
  facet normal 0.857692 -0.514163 0
    outer loop
      vertex -22.1573 2.77785 -4
      vertex -22.4096 2.35698 4
      vertex -22.4096 2.35698 -4
    endloop
  endfacet
  facet normal 0.59572 0.803192 -0
    outer loop
      vertex -20.7779 -4.15735 -4
      vertex -21.172 -3.86505 4
      vertex -20.7779 -4.15735 4
    endloop
  endfacet
  facet normal 0.59572 0.803192 0
    outer loop
      vertex -21.172 -3.86505 4
      vertex -20.7779 -4.15735 -4
      vertex -21.172 -3.86505 -4
    endloop
  endfacet
  facet normal 0.998793 0.0491157 0
    outer loop
      vertex -22.9759 -0.490086 4
      vertex -23 0 -4
      vertex -23 0 4
    endloop
  endfacet
  facet normal 0.998793 0.0491157 0
    outer loop
      vertex -23 0 -4
      vertex -22.9759 -0.490086 4
      vertex -22.9759 -0.490086 -4
    endloop
  endfacet
  facet normal 0.989176 -0.146736 0
    outer loop
      vertex -22.9759 0.490086 4
      vertex -22.9039 0.975451 -4
      vertex -22.9039 0.975451 4
    endloop
  endfacet
  facet normal 0.989176 -0.146736 0
    outer loop
      vertex -22.9039 0.975451 -4
      vertex -22.9759 0.490086 4
      vertex -22.9759 0.490086 -4
    endloop
  endfacet
  facet normal 0.146706 -0.98918 0
    outer loop
      vertex -18.9755 4.90393 -4
      vertex -18.4901 4.97592 4
      vertex -18.9755 4.90393 4
    endloop
  endfacet
  facet normal 0.146706 -0.98918 0
    outer loop
      vertex -18.4901 4.97592 4
      vertex -18.9755 4.90393 -4
      vertex -18.4901 4.97592 -4
    endloop
  endfacet
  facet normal -0.595791 -0.803139 0
    outer loop
      vertex -15.2221 4.15735 -4
      vertex -15 3.99259 4
      vertex -15.2221 4.15735 4
    endloop
  endfacet
  facet normal -0.595791 -0.803139 -0
    outer loop
      vertex -15 3.99259 4
      vertex -15.2221 4.15735 -4
      vertex -15 3.99259 -4
    endloop
  endfacet
  facet normal 0.970043 0.242934 0
    outer loop
      vertex -22.7847 -1.45142 4
      vertex -22.9039 -0.975451 -4
      vertex -22.9039 -0.975451 4
    endloop
  endfacet
  facet normal 0.970043 0.242934 0
    outer loop
      vertex -22.9039 -0.975451 -4
      vertex -22.7847 -1.45142 4
      vertex -22.7847 -1.45142 -4
    endloop
  endfacet
  facet normal 0.970043 -0.242934 0
    outer loop
      vertex -22.9039 0.975451 4
      vertex -22.7847 1.45142 -4
      vertex -22.7847 1.45142 4
    endloop
  endfacet
  facet normal 0.970043 -0.242934 0
    outer loop
      vertex -22.7847 1.45142 -4
      vertex -22.9039 0.975451 4
      vertex -22.9039 0.975451 -4
    endloop
  endfacet
  facet normal 0.0490736 -0.998795 0
    outer loop
      vertex -18.4901 4.97592 -4
      vertex -18 5 4
      vertex -18.4901 4.97592 4
    endloop
  endfacet
  facet normal 0.0490736 -0.998795 0
    outer loop
      vertex -18 5 4
      vertex -18.4901 4.97592 -4
      vertex -18 5 -4
    endloop
  endfacet
  facet normal -0.0490736 0.998795 0
    outer loop
      vertex -17.5099 -4.97592 -4
      vertex -18 -5 4
      vertex -17.5099 -4.97592 4
    endloop
  endfacet
  facet normal -0.0490736 0.998795 0
    outer loop
      vertex -18 -5 4
      vertex -17.5099 -4.97592 -4
      vertex -18 -5 -4
    endloop
  endfacet
  facet normal -0.243025 0.97002 0
    outer loop
      vertex -16.5486 -4.7847 -4
      vertex -17.0245 -4.90393 4
      vertex -16.5486 -4.7847 4
    endloop
  endfacet
  facet normal -0.243025 0.97002 0
    outer loop
      vertex -17.0245 -4.90393 4
      vertex -16.5486 -4.7847 -4
      vertex -17.0245 -4.90393 -4
    endloop
  endfacet
  facet normal -0.427526 0.904003 0
    outer loop
      vertex -15.643 -4.40961 -4
      vertex -16.0866 -4.6194 4
      vertex -15.643 -4.40961 4
    endloop
  endfacet
  facet normal -0.427526 0.904003 0
    outer loop
      vertex -16.0866 -4.6194 4
      vertex -15.643 -4.40961 -4
      vertex -16.0866 -4.6194 -4
    endloop
  endfacet
  facet normal -0.243025 -0.97002 0
    outer loop
      vertex -17.0245 4.90393 -4
      vertex -16.5486 4.7847 4
      vertex -17.0245 4.90393 4
    endloop
  endfacet
  facet normal -0.243025 -0.97002 -0
    outer loop
      vertex -16.5486 4.7847 4
      vertex -17.0245 4.90393 -4
      vertex -16.5486 4.7847 -4
    endloop
  endfacet
  facet normal 0.740861 -0.671658 0
    outer loop
      vertex -21.8651 3.17197 4
      vertex -21.5355 3.53553 -4
      vertex -21.5355 3.53553 4
    endloop
  endfacet
  facet normal 0.740861 -0.671658 0
    outer loop
      vertex -21.5355 3.53553 -4
      vertex -21.8651 3.17197 4
      vertex -21.8651 3.17197 -4
    endloop
  endfacet
  facet normal 0.427526 -0.904003 0
    outer loop
      vertex -20.357 4.40961 -4
      vertex -19.9134 4.6194 4
      vertex -20.357 4.40961 4
    endloop
  endfacet
  facet normal 0.427526 -0.904003 0
    outer loop
      vertex -19.9134 4.6194 4
      vertex -20.357 4.40961 -4
      vertex -19.9134 4.6194 -4
    endloop
  endfacet
  facet normal 0.243025 -0.97002 0
    outer loop
      vertex -19.4514 4.7847 -4
      vertex -18.9755 4.90393 4
      vertex -19.4514 4.7847 4
    endloop
  endfacet
  facet normal 0.243025 -0.97002 0
    outer loop
      vertex -18.9755 4.90393 4
      vertex -19.4514 4.7847 -4
      vertex -18.9755 4.90393 -4
    endloop
  endfacet
  facet normal -0.336879 -0.941548 0
    outer loop
      vertex -16.5486 4.7847 -4
      vertex -16.0866 4.6194 4
      vertex -16.5486 4.7847 4
    endloop
  endfacet
  facet normal -0.336879 -0.941548 -0
    outer loop
      vertex -16.0866 4.6194 4
      vertex -16.5486 4.7847 -4
      vertex -16.0866 4.6194 -4
    endloop
  endfacet
  facet normal 0.941548 0.336879 0
    outer loop
      vertex -22.6194 -1.91342 4
      vertex -22.7847 -1.45142 -4
      vertex -22.7847 -1.45142 4
    endloop
  endfacet
  facet normal 0.941548 0.336879 0
    outer loop
      vertex -22.7847 -1.45142 -4
      vertex -22.6194 -1.91342 4
      vertex -22.6194 -1.91342 -4
    endloop
  endfacet
  facet normal -0.146706 0.98918 0
    outer loop
      vertex -17.0245 -4.90393 -4
      vertex -17.5099 -4.97592 4
      vertex -17.0245 -4.90393 4
    endloop
  endfacet
  facet normal -0.146706 0.98918 0
    outer loop
      vertex -17.5099 -4.97592 4
      vertex -17.0245 -4.90393 -4
      vertex -17.5099 -4.97592 -4
    endloop
  endfacet
  facet normal 0.59572 -0.803192 0
    outer loop
      vertex -21.172 3.86505 -4
      vertex -20.7779 4.15735 4
      vertex -21.172 3.86505 4
    endloop
  endfacet
  facet normal 0.59572 -0.803192 0
    outer loop
      vertex -20.7779 4.15735 4
      vertex -21.172 3.86505 -4
      vertex -20.7779 4.15735 -4
    endloop
  endfacet
  facet normal -0.146706 -0.98918 0
    outer loop
      vertex -17.5099 4.97592 -4
      vertex -17.0245 4.90393 4
      vertex -17.5099 4.97592 4
    endloop
  endfacet
  facet normal -0.146706 -0.98918 -0
    outer loop
      vertex -17.0245 4.90393 4
      vertex -17.5099 4.97592 -4
      vertex -17.0245 4.90393 -4
    endloop
  endfacet
  facet normal 0.671629 -0.740887 0
    outer loop
      vertex -21.5355 3.53553 -4
      vertex -21.172 3.86505 4
      vertex -21.5355 3.53553 4
    endloop
  endfacet
  facet normal 0.671629 -0.740887 0
    outer loop
      vertex -21.172 3.86505 4
      vertex -21.5355 3.53553 -4
      vertex -21.172 3.86505 -4
    endloop
  endfacet
  facet normal 0.740861 0.671658 0
    outer loop
      vertex -21.5355 -3.53553 4
      vertex -21.8651 -3.17197 -4
      vertex -21.8651 -3.17197 4
    endloop
  endfacet
  facet normal 0.740861 0.671658 0
    outer loop
      vertex -21.8651 -3.17197 -4
      vertex -21.5355 -3.53553 4
      vertex -21.5355 -3.53553 -4
    endloop
  endfacet
  facet normal 0.857692 0.514163 0
    outer loop
      vertex -22.1573 -2.77785 4
      vertex -22.4096 -2.35698 -4
      vertex -22.4096 -2.35698 4
    endloop
  endfacet
  facet normal 0.857692 0.514163 0
    outer loop
      vertex -22.4096 -2.35698 -4
      vertex -22.1573 -2.77785 4
      vertex -22.1573 -2.77785 -4
    endloop
  endfacet
  facet normal 0.336879 -0.941548 0
    outer loop
      vertex -19.9134 4.6194 -4
      vertex -19.4514 4.7847 4
      vertex -19.9134 4.6194 4
    endloop
  endfacet
  facet normal 0.336879 -0.941548 0
    outer loop
      vertex -19.4514 4.7847 4
      vertex -19.9134 4.6194 -4
      vertex -19.4514 4.7847 -4
    endloop
  endfacet
  facet normal 0.514076 0.857745 -0
    outer loop
      vertex -20.357 -4.40961 -4
      vertex -20.7779 -4.15735 4
      vertex -20.357 -4.40961 4
    endloop
  endfacet
  facet normal 0.514076 0.857745 0
    outer loop
      vertex -20.7779 -4.15735 4
      vertex -20.357 -4.40961 -4
      vertex -20.7779 -4.15735 -4
    endloop
  endfacet
  facet normal 0.941548 -0.336879 0
    outer loop
      vertex -22.7847 1.45142 4
      vertex -22.6194 1.91342 -4
      vertex -22.6194 1.91342 4
    endloop
  endfacet
  facet normal 0.941548 -0.336879 0
    outer loop
      vertex -22.6194 1.91342 -4
      vertex -22.7847 1.45142 4
      vertex -22.7847 1.45142 -4
    endloop
  endfacet
  facet normal -0.595791 0.803139 0
    outer loop
      vertex -15 -3.99259 -4
      vertex -15.2221 -4.15735 4
      vertex -15 -3.99259 4
    endloop
  endfacet
  facet normal -0.595791 0.803139 0
    outer loop
      vertex -15.2221 -4.15735 4
      vertex -15 -3.99259 -4
      vertex -15.2221 -4.15735 -4
    endloop
  endfacet
  facet normal 0.803304 0.595569 0
    outer loop
      vertex -21.8651 -3.17197 4
      vertex -22.1573 -2.77785 -4
      vertex -22.1573 -2.77785 4
    endloop
  endfacet
  facet normal 0.803304 0.595569 0
    outer loop
      vertex -22.1573 -2.77785 -4
      vertex -21.8651 -3.17197 4
      vertex -21.8651 -3.17197 -4
    endloop
  endfacet
  facet normal 0.514076 -0.857745 0
    outer loop
      vertex -20.7779 4.15735 -4
      vertex -20.357 4.40961 4
      vertex -20.7779 4.15735 4
    endloop
  endfacet
  facet normal 0.514076 -0.857745 0
    outer loop
      vertex -20.357 4.40961 4
      vertex -20.7779 4.15735 -4
      vertex -20.357 4.40961 -4
    endloop
  endfacet
  facet normal 0.989176 0.146736 0
    outer loop
      vertex -22.9039 -0.975451 4
      vertex -22.9759 -0.490086 -4
      vertex -22.9759 -0.490086 4
    endloop
  endfacet
  facet normal 0.989176 0.146736 0
    outer loop
      vertex -22.9759 -0.490086 -4
      vertex -22.9039 -0.975451 4
      vertex -22.9039 -0.975451 -4
    endloop
  endfacet
  facet normal 0.90398 -0.427575 0
    outer loop
      vertex -22.6194 1.91342 4
      vertex -22.4096 2.35698 -4
      vertex -22.4096 2.35698 4
    endloop
  endfacet
  facet normal 0.90398 -0.427575 0
    outer loop
      vertex -22.4096 2.35698 -4
      vertex -22.6194 1.91342 4
      vertex -22.6194 1.91342 -4
    endloop
  endfacet
  facet normal 0.671629 0.740887 -0
    outer loop
      vertex -21.172 -3.86505 -4
      vertex -21.5355 -3.53553 4
      vertex -21.172 -3.86505 4
    endloop
  endfacet
  facet normal 0.671629 0.740887 0
    outer loop
      vertex -21.5355 -3.53553 4
      vertex -21.172 -3.86505 -4
      vertex -21.5355 -3.53553 -4
    endloop
  endfacet
  facet normal 0.803304 -0.595569 0
    outer loop
      vertex -22.1573 2.77785 4
      vertex -21.8651 3.17197 -4
      vertex -21.8651 3.17197 4
    endloop
  endfacet
  facet normal 0.803304 -0.595569 0
    outer loop
      vertex -21.8651 3.17197 -4
      vertex -22.1573 2.77785 4
      vertex -22.1573 2.77785 -4
    endloop
  endfacet
  facet normal 0.0490736 0.998795 -0
    outer loop
      vertex -18 -5 -4
      vertex -18.4901 -4.97592 4
      vertex -18 -5 4
    endloop
  endfacet
  facet normal 0.0490736 0.998795 0
    outer loop
      vertex -18.4901 -4.97592 4
      vertex -18 -5 -4
      vertex -18.4901 -4.97592 -4
    endloop
  endfacet
  facet normal 0.998793 -0.0491157 0
    outer loop
      vertex -23 0 4
      vertex -22.9759 0.490086 -4
      vertex -22.9759 0.490086 4
    endloop
  endfacet
  facet normal 0.998793 -0.0491157 0
    outer loop
      vertex -22.9759 0.490086 -4
      vertex -23 0 4
      vertex -23 0 -4
    endloop
  endfacet
  facet normal 0.336879 0.941548 -0
    outer loop
      vertex -19.4514 -4.7847 -4
      vertex -19.9134 -4.6194 4
      vertex -19.4514 -4.7847 4
    endloop
  endfacet
  facet normal 0.336879 0.941548 0
    outer loop
      vertex -19.9134 -4.6194 4
      vertex -19.4514 -4.7847 -4
      vertex -19.9134 -4.6194 -4
    endloop
  endfacet
  facet normal -0.989177 -0.146726 0
    outer loop
      vertex -13.0241 16.4901 -4
      vertex -13.0961 16.9755 4
      vertex -13.0961 16.9755 -4
    endloop
  endfacet
  facet normal -0.989177 -0.146726 0
    outer loop
      vertex -13.0961 16.9755 4
      vertex -13.0241 16.4901 -4
      vertex -13.0241 16.4901 4
    endloop
  endfacet
  facet normal -0.998793 -0.0491143 0
    outer loop
      vertex -13 16 -4
      vertex -13.0241 16.4901 4
      vertex -13.0241 16.4901 -4
    endloop
  endfacet
  facet normal -0.998793 -0.0491143 0
    outer loop
      vertex -13.0241 16.4901 4
      vertex -13 16 -4
      vertex -13 16 4
    endloop
  endfacet
  facet normal -0.970034 -0.242967 0
    outer loop
      vertex -13.0961 16.9755 -4
      vertex -13.2153 17.4514 4
      vertex -13.2153 17.4514 -4
    endloop
  endfacet
  facet normal -0.970034 -0.242967 0
    outer loop
      vertex -13.2153 17.4514 4
      vertex -13.0961 16.9755 -4
      vertex -13.0961 16.9755 4
    endloop
  endfacet
  facet normal -0.146726 -0.989177 0
    outer loop
      vertex -17.5099 20.9759 -4
      vertex -17.0245 20.9039 4
      vertex -17.5099 20.9759 4
    endloop
  endfacet
  facet normal -0.146726 -0.989177 -0
    outer loop
      vertex -17.0245 20.9039 4
      vertex -17.5099 20.9759 -4
      vertex -17.0245 20.9039 -4
    endloop
  endfacet
  facet normal -0.0491143 0.998793 0
    outer loop
      vertex -17.5099 11.0241 -4
      vertex -18 11 4
      vertex -17.5099 11.0241 4
    endloop
  endfacet
  facet normal -0.0491143 0.998793 0
    outer loop
      vertex -18 11 4
      vertex -17.5099 11.0241 -4
      vertex -18 11 -4
    endloop
  endfacet
  facet normal -0.989177 0.146726 0
    outer loop
      vertex -13.0961 15.0245 -4
      vertex -13.0241 15.5099 4
      vertex -13.0241 15.5099 -4
    endloop
  endfacet
  facet normal -0.989177 0.146726 0
    outer loop
      vertex -13.0241 15.5099 4
      vertex -13.0961 15.0245 -4
      vertex -13.0961 15.0245 4
    endloop
  endfacet
  facet normal -0.146726 0.989177 0
    outer loop
      vertex -17.0245 11.0961 -4
      vertex -17.5099 11.0241 4
      vertex -17.0245 11.0961 4
    endloop
  endfacet
  facet normal -0.146726 0.989177 0
    outer loop
      vertex -17.5099 11.0241 4
      vertex -17.0245 11.0961 -4
      vertex -17.5099 11.0241 -4
    endloop
  endfacet
  facet normal -0.857709 -0.514136 0
    outer loop
      vertex -13.5904 18.357 -4
      vertex -13.8427 18.7779 4
      vertex -13.8427 18.7779 -4
    endloop
  endfacet
  facet normal -0.857709 -0.514136 0
    outer loop
      vertex -13.8427 18.7779 4
      vertex -13.5904 18.357 -4
      vertex -13.5904 18.357 4
    endloop
  endfacet
  facet normal 0.0491143 0.998793 -0
    outer loop
      vertex -18 11 -4
      vertex -18.4901 11.0241 4
      vertex -18 11 4
    endloop
  endfacet
  facet normal 0.0491143 0.998793 0
    outer loop
      vertex -18.4901 11.0241 4
      vertex -18 11 -4
      vertex -18.4901 11.0241 -4
    endloop
  endfacet
  facet normal -0.903995 -0.427543 0
    outer loop
      vertex -13.3806 17.9134 -4
      vertex -13.5904 18.357 4
      vertex -13.5904 18.357 -4
    endloop
  endfacet
  facet normal -0.903995 -0.427543 0
    outer loop
      vertex -13.5904 18.357 4
      vertex -13.3806 17.9134 -4
      vertex -13.3806 17.9134 4
    endloop
  endfacet
  facet normal 0.970034 0.242967 0
    outer loop
      vertex -22.7847 14.5486 4
      vertex -22.9039 15.0245 -4
      vertex -22.9039 15.0245 4
    endloop
  endfacet
  facet normal 0.970034 0.242967 0
    outer loop
      vertex -22.9039 15.0245 -4
      vertex -22.7847 14.5486 4
      vertex -22.7847 14.5486 -4
    endloop
  endfacet
  facet normal 0.427543 -0.903995 0
    outer loop
      vertex -20.357 20.4096 -4
      vertex -19.9134 20.6194 4
      vertex -20.357 20.4096 4
    endloop
  endfacet
  facet normal 0.427543 -0.903995 0
    outer loop
      vertex -19.9134 20.6194 4
      vertex -20.357 20.4096 -4
      vertex -19.9134 20.6194 -4
    endloop
  endfacet
  facet normal 0.80329 -0.595588 0
    outer loop
      vertex -22.1573 18.7779 4
      vertex -21.8651 19.172 -4
      vertex -21.8651 19.172 4
    endloop
  endfacet
  facet normal 0.80329 -0.595588 0
    outer loop
      vertex -21.8651 19.172 -4
      vertex -22.1573 18.7779 4
      vertex -22.1573 18.7779 -4
    endloop
  endfacet
  facet normal 0.336879 0.941548 -0
    outer loop
      vertex -19.4514 11.2153 -4
      vertex -19.9134 11.3806 4
      vertex -19.4514 11.2153 4
    endloop
  endfacet
  facet normal 0.336879 0.941548 0
    outer loop
      vertex -19.9134 11.3806 4
      vertex -19.4514 11.2153 -4
      vertex -19.9134 11.3806 -4
    endloop
  endfacet
  facet normal 0.989177 -0.146726 0
    outer loop
      vertex -22.9759 16.4901 4
      vertex -22.9039 16.9755 -4
      vertex -22.9039 16.9755 4
    endloop
  endfacet
  facet normal 0.989177 -0.146726 0
    outer loop
      vertex -22.9039 16.9755 -4
      vertex -22.9759 16.4901 4
      vertex -22.9759 16.4901 -4
    endloop
  endfacet
  facet normal 0.242967 -0.970034 0
    outer loop
      vertex -19.4514 20.7847 -4
      vertex -18.9755 20.9039 4
      vertex -19.4514 20.7847 4
    endloop
  endfacet
  facet normal 0.242967 -0.970034 0
    outer loop
      vertex -18.9755 20.9039 4
      vertex -19.4514 20.7847 -4
      vertex -18.9755 20.9039 -4
    endloop
  endfacet
  facet normal 0.740806 -0.671719 0
    outer loop
      vertex -21.8651 19.172 4
      vertex -21.5355 19.5355 -4
      vertex -21.5355 19.5355 4
    endloop
  endfacet
  facet normal 0.740806 -0.671719 0
    outer loop
      vertex -21.5355 19.5355 -4
      vertex -21.8651 19.172 4
      vertex -21.8651 19.172 -4
    endloop
  endfacet
  facet normal -0.998793 0.0491143 0
    outer loop
      vertex -13.0241 15.5099 -4
      vertex -13 16 4
      vertex -13 16 -4
    endloop
  endfacet
  facet normal -0.998793 0.0491143 0
    outer loop
      vertex -13 16 4
      vertex -13.0241 15.5099 -4
      vertex -13.0241 15.5099 4
    endloop
  endfacet
  facet normal -0.970034 0.242967 0
    outer loop
      vertex -13.2153 14.5486 -4
      vertex -13.0961 15.0245 4
      vertex -13.0961 15.0245 -4
    endloop
  endfacet
  facet normal -0.970034 0.242967 0
    outer loop
      vertex -13.0961 15.0245 4
      vertex -13.2153 14.5486 -4
      vertex -13.2153 14.5486 4
    endloop
  endfacet
  facet normal -0.80329 -0.595588 0
    outer loop
      vertex -13.8427 18.7779 -4
      vertex -14.1349 19.172 4
      vertex -14.1349 19.172 -4
    endloop
  endfacet
  facet normal -0.80329 -0.595588 0
    outer loop
      vertex -14.1349 19.172 4
      vertex -13.8427 18.7779 -4
      vertex -13.8427 18.7779 4
    endloop
  endfacet
  facet normal -0.427543 0.903995 0
    outer loop
      vertex -15.643 11.5904 -4
      vertex -16.0866 11.3806 4
      vertex -15.643 11.5904 4
    endloop
  endfacet
  facet normal -0.427543 0.903995 0
    outer loop
      vertex -16.0866 11.3806 4
      vertex -15.643 11.5904 -4
      vertex -16.0866 11.3806 -4
    endloop
  endfacet
  facet normal 0.998793 0.0491143 0
    outer loop
      vertex -22.9759 15.5099 4
      vertex -23 16 -4
      vertex -23 16 4
    endloop
  endfacet
  facet normal 0.998793 0.0491143 0
    outer loop
      vertex -23 16 -4
      vertex -22.9759 15.5099 4
      vertex -22.9759 15.5099 -4
    endloop
  endfacet
  facet normal -0.336879 -0.941548 0
    outer loop
      vertex -16.5486 20.7847 -4
      vertex -16.0866 20.6194 4
      vertex -16.5486 20.7847 4
    endloop
  endfacet
  facet normal -0.336879 -0.941548 -0
    outer loop
      vertex -16.0866 20.6194 4
      vertex -16.5486 20.7847 -4
      vertex -16.0866 20.6194 -4
    endloop
  endfacet
  facet normal 0.998793 -0.0491143 0
    outer loop
      vertex -23 16 4
      vertex -22.9759 16.4901 -4
      vertex -22.9759 16.4901 4
    endloop
  endfacet
  facet normal 0.998793 -0.0491143 0
    outer loop
      vertex -22.9759 16.4901 -4
      vertex -23 16 4
      vertex -23 16 -4
    endloop
  endfacet
  facet normal -0.740806 -0.671719 0
    outer loop
      vertex -14.1349 19.172 -4
      vertex -14.4645 19.5355 4
      vertex -14.4645 19.5355 -4
    endloop
  endfacet
  facet normal -0.740806 -0.671719 0
    outer loop
      vertex -14.4645 19.5355 4
      vertex -14.1349 19.172 -4
      vertex -14.1349 19.172 4
    endloop
  endfacet
  facet normal 0.941548 0.336879 0
    outer loop
      vertex -22.6194 14.0866 4
      vertex -22.7847 14.5486 -4
      vertex -22.7847 14.5486 4
    endloop
  endfacet
  facet normal 0.941548 0.336879 0
    outer loop
      vertex -22.7847 14.5486 -4
      vertex -22.6194 14.0866 4
      vertex -22.6194 14.0866 -4
    endloop
  endfacet
  facet normal 0.146726 -0.989177 0
    outer loop
      vertex -18.9755 20.9039 -4
      vertex -18.4901 20.9759 4
      vertex -18.9755 20.9039 4
    endloop
  endfacet
  facet normal 0.146726 -0.989177 0
    outer loop
      vertex -18.4901 20.9759 4
      vertex -18.9755 20.9039 -4
      vertex -18.4901 20.9759 -4
    endloop
  endfacet
  facet normal -0.740806 0.671719 0
    outer loop
      vertex -14.4645 12.4645 -4
      vertex -14.1349 12.828 4
      vertex -14.1349 12.828 -4
    endloop
  endfacet
  facet normal -0.740806 0.671719 0
    outer loop
      vertex -14.1349 12.828 4
      vertex -14.4645 12.4645 -4
      vertex -14.4645 12.4645 4
    endloop
  endfacet
  facet normal -0.671719 -0.740806 0
    outer loop
      vertex -14.828 19.8651 -4
      vertex -14.4645 19.5355 4
      vertex -14.828 19.8651 4
    endloop
  endfacet
  facet normal -0.671719 -0.740806 -0
    outer loop
      vertex -14.4645 19.5355 4
      vertex -14.828 19.8651 -4
      vertex -14.4645 19.5355 -4
    endloop
  endfacet
  facet normal -0.595588 -0.80329 0
    outer loop
      vertex -15.2221 20.1573 -4
      vertex -14.828 19.8651 4
      vertex -15.2221 20.1573 4
    endloop
  endfacet
  facet normal -0.595588 -0.80329 -0
    outer loop
      vertex -14.828 19.8651 4
      vertex -15.2221 20.1573 -4
      vertex -14.828 19.8651 -4
    endloop
  endfacet
  facet normal -0.941548 0.336879 0
    outer loop
      vertex -13.3806 14.0866 -4
      vertex -13.2153 14.5486 4
      vertex -13.2153 14.5486 -4
    endloop
  endfacet
  facet normal -0.941548 0.336879 0
    outer loop
      vertex -13.2153 14.5486 4
      vertex -13.3806 14.0866 -4
      vertex -13.3806 14.0866 4
    endloop
  endfacet
  facet normal 0.989177 0.146726 0
    outer loop
      vertex -22.9039 15.0245 4
      vertex -22.9759 15.5099 -4
      vertex -22.9759 15.5099 4
    endloop
  endfacet
  facet normal 0.989177 0.146726 0
    outer loop
      vertex -22.9759 15.5099 -4
      vertex -22.9039 15.0245 4
      vertex -22.9039 15.0245 -4
    endloop
  endfacet
  facet normal -0.514136 -0.857709 0
    outer loop
      vertex -15.643 20.4096 -4
      vertex -15.2221 20.1573 4
      vertex -15.643 20.4096 4
    endloop
  endfacet
  facet normal -0.514136 -0.857709 -0
    outer loop
      vertex -15.2221 20.1573 4
      vertex -15.643 20.4096 -4
      vertex -15.2221 20.1573 -4
    endloop
  endfacet
  facet normal -0.941548 -0.336879 0
    outer loop
      vertex -13.2153 17.4514 -4
      vertex -13.3806 17.9134 4
      vertex -13.3806 17.9134 -4
    endloop
  endfacet
  facet normal -0.941548 -0.336879 0
    outer loop
      vertex -13.3806 17.9134 4
      vertex -13.2153 17.4514 -4
      vertex -13.2153 17.4514 4
    endloop
  endfacet
  facet normal -0.903995 0.427543 0
    outer loop
      vertex -13.5904 13.643 -4
      vertex -13.3806 14.0866 4
      vertex -13.3806 14.0866 -4
    endloop
  endfacet
  facet normal -0.903995 0.427543 0
    outer loop
      vertex -13.3806 14.0866 4
      vertex -13.5904 13.643 -4
      vertex -13.5904 13.643 4
    endloop
  endfacet
  facet normal -0.242967 0.970034 0
    outer loop
      vertex -16.5486 11.2153 -4
      vertex -17.0245 11.0961 4
      vertex -16.5486 11.2153 4
    endloop
  endfacet
  facet normal -0.242967 0.970034 0
    outer loop
      vertex -17.0245 11.0961 4
      vertex -16.5486 11.2153 -4
      vertex -17.0245 11.0961 -4
    endloop
  endfacet
  facet normal -0.242967 -0.970034 0
    outer loop
      vertex -17.0245 20.9039 -4
      vertex -16.5486 20.7847 4
      vertex -17.0245 20.9039 4
    endloop
  endfacet
  facet normal -0.242967 -0.970034 -0
    outer loop
      vertex -16.5486 20.7847 4
      vertex -17.0245 20.9039 -4
      vertex -16.5486 20.7847 -4
    endloop
  endfacet
  facet normal 0.970034 -0.242967 0
    outer loop
      vertex -22.9039 16.9755 4
      vertex -22.7847 17.4514 -4
      vertex -22.7847 17.4514 4
    endloop
  endfacet
  facet normal 0.970034 -0.242967 0
    outer loop
      vertex -22.7847 17.4514 -4
      vertex -22.9039 16.9755 4
      vertex -22.9039 16.9755 -4
    endloop
  endfacet
  facet normal -0.0491143 -0.998793 0
    outer loop
      vertex -18 21 -4
      vertex -17.5099 20.9759 4
      vertex -18 21 4
    endloop
  endfacet
  facet normal -0.0491143 -0.998793 -0
    outer loop
      vertex -17.5099 20.9759 4
      vertex -18 21 -4
      vertex -17.5099 20.9759 -4
    endloop
  endfacet
  facet normal 0.595588 -0.80329 0
    outer loop
      vertex -21.172 19.8651 -4
      vertex -20.7779 20.1573 4
      vertex -21.172 19.8651 4
    endloop
  endfacet
  facet normal 0.595588 -0.80329 0
    outer loop
      vertex -20.7779 20.1573 4
      vertex -21.172 19.8651 -4
      vertex -20.7779 20.1573 -4
    endloop
  endfacet
  facet normal -0.427543 -0.903995 0
    outer loop
      vertex -16.0866 20.6194 -4
      vertex -15.643 20.4096 4
      vertex -16.0866 20.6194 4
    endloop
  endfacet
  facet normal -0.427543 -0.903995 -0
    outer loop
      vertex -15.643 20.4096 4
      vertex -16.0866 20.6194 -4
      vertex -15.643 20.4096 -4
    endloop
  endfacet
  facet normal 0.941548 -0.336879 0
    outer loop
      vertex -22.7847 17.4514 4
      vertex -22.6194 17.9134 -4
      vertex -22.6194 17.9134 4
    endloop
  endfacet
  facet normal 0.941548 -0.336879 0
    outer loop
      vertex -22.6194 17.9134 -4
      vertex -22.7847 17.4514 4
      vertex -22.7847 17.4514 -4
    endloop
  endfacet
  facet normal 0.671719 -0.740806 0
    outer loop
      vertex -21.5355 19.5355 -4
      vertex -21.172 19.8651 4
      vertex -21.5355 19.5355 4
    endloop
  endfacet
  facet normal 0.671719 -0.740806 0
    outer loop
      vertex -21.172 19.8651 4
      vertex -21.5355 19.5355 -4
      vertex -21.172 19.8651 -4
    endloop
  endfacet
  facet normal 0.903995 0.427543 0
    outer loop
      vertex -22.4096 13.643 4
      vertex -22.6194 14.0866 -4
      vertex -22.6194 14.0866 4
    endloop
  endfacet
  facet normal 0.903995 0.427543 0
    outer loop
      vertex -22.6194 14.0866 -4
      vertex -22.4096 13.643 4
      vertex -22.4096 13.643 -4
    endloop
  endfacet
  facet normal 0.80329 0.595588 0
    outer loop
      vertex -21.8651 12.828 4
      vertex -22.1573 13.2221 -4
      vertex -22.1573 13.2221 4
    endloop
  endfacet
  facet normal 0.80329 0.595588 0
    outer loop
      vertex -22.1573 13.2221 -4
      vertex -21.8651 12.828 4
      vertex -21.8651 12.828 -4
    endloop
  endfacet
  facet normal -0.514136 0.857709 0
    outer loop
      vertex -15.2221 11.8427 -4
      vertex -15.643 11.5904 4
      vertex -15.2221 11.8427 4
    endloop
  endfacet
  facet normal -0.514136 0.857709 0
    outer loop
      vertex -15.643 11.5904 4
      vertex -15.2221 11.8427 -4
      vertex -15.643 11.5904 -4
    endloop
  endfacet
  facet normal 0.336879 -0.941548 0
    outer loop
      vertex -19.9134 20.6194 -4
      vertex -19.4514 20.7847 4
      vertex -19.9134 20.6194 4
    endloop
  endfacet
  facet normal 0.336879 -0.941548 0
    outer loop
      vertex -19.4514 20.7847 4
      vertex -19.9134 20.6194 -4
      vertex -19.4514 20.7847 -4
    endloop
  endfacet
  facet normal 0.0491143 -0.998793 0
    outer loop
      vertex -18.4901 20.9759 -4
      vertex -18 21 4
      vertex -18.4901 20.9759 4
    endloop
  endfacet
  facet normal 0.0491143 -0.998793 0
    outer loop
      vertex -18 21 4
      vertex -18.4901 20.9759 -4
      vertex -18 21 -4
    endloop
  endfacet
  facet normal -0.80329 0.595588 0
    outer loop
      vertex -14.1349 12.828 -4
      vertex -13.8427 13.2221 4
      vertex -13.8427 13.2221 -4
    endloop
  endfacet
  facet normal -0.80329 0.595588 0
    outer loop
      vertex -13.8427 13.2221 4
      vertex -14.1349 12.828 -4
      vertex -14.1349 12.828 4
    endloop
  endfacet
  facet normal -0.857709 0.514136 0
    outer loop
      vertex -13.8427 13.2221 -4
      vertex -13.5904 13.643 4
      vertex -13.5904 13.643 -4
    endloop
  endfacet
  facet normal -0.857709 0.514136 0
    outer loop
      vertex -13.5904 13.643 4
      vertex -13.8427 13.2221 -4
      vertex -13.8427 13.2221 4
    endloop
  endfacet
  facet normal 0.595588 0.80329 -0
    outer loop
      vertex -20.7779 11.8427 -4
      vertex -21.172 12.1349 4
      vertex -20.7779 11.8427 4
    endloop
  endfacet
  facet normal 0.595588 0.80329 0
    outer loop
      vertex -21.172 12.1349 4
      vertex -20.7779 11.8427 -4
      vertex -21.172 12.1349 -4
    endloop
  endfacet
  facet normal 0.740806 0.671719 0
    outer loop
      vertex -21.5355 12.4645 4
      vertex -21.8651 12.828 -4
      vertex -21.8651 12.828 4
    endloop
  endfacet
  facet normal 0.740806 0.671719 0
    outer loop
      vertex -21.8651 12.828 -4
      vertex -21.5355 12.4645 4
      vertex -21.5355 12.4645 -4
    endloop
  endfacet
  facet normal 0.242967 0.970034 -0
    outer loop
      vertex -18.9755 11.0961 -4
      vertex -19.4514 11.2153 4
      vertex -18.9755 11.0961 4
    endloop
  endfacet
  facet normal 0.242967 0.970034 0
    outer loop
      vertex -19.4514 11.2153 4
      vertex -18.9755 11.0961 -4
      vertex -19.4514 11.2153 -4
    endloop
  endfacet
  facet normal 0.857709 -0.514136 0
    outer loop
      vertex -22.4096 18.357 4
      vertex -22.1573 18.7779 -4
      vertex -22.1573 18.7779 4
    endloop
  endfacet
  facet normal 0.857709 -0.514136 0
    outer loop
      vertex -22.1573 18.7779 -4
      vertex -22.4096 18.357 4
      vertex -22.4096 18.357 -4
    endloop
  endfacet
  facet normal -0.595588 0.80329 0
    outer loop
      vertex -14.828 12.1349 -4
      vertex -15.2221 11.8427 4
      vertex -14.828 12.1349 4
    endloop
  endfacet
  facet normal -0.595588 0.80329 0
    outer loop
      vertex -15.2221 11.8427 4
      vertex -14.828 12.1349 -4
      vertex -15.2221 11.8427 -4
    endloop
  endfacet
  facet normal -0.336879 0.941548 0
    outer loop
      vertex -16.0866 11.3806 -4
      vertex -16.5486 11.2153 4
      vertex -16.0866 11.3806 4
    endloop
  endfacet
  facet normal -0.336879 0.941548 0
    outer loop
      vertex -16.5486 11.2153 4
      vertex -16.0866 11.3806 -4
      vertex -16.5486 11.2153 -4
    endloop
  endfacet
  facet normal -0.671719 0.740806 0
    outer loop
      vertex -14.4645 12.4645 -4
      vertex -14.828 12.1349 4
      vertex -14.4645 12.4645 4
    endloop
  endfacet
  facet normal -0.671719 0.740806 0
    outer loop
      vertex -14.828 12.1349 4
      vertex -14.4645 12.4645 -4
      vertex -14.828 12.1349 -4
    endloop
  endfacet
  facet normal 0.514136 0.857709 -0
    outer loop
      vertex -20.357 11.5904 -4
      vertex -20.7779 11.8427 4
      vertex -20.357 11.5904 4
    endloop
  endfacet
  facet normal 0.514136 0.857709 0
    outer loop
      vertex -20.7779 11.8427 4
      vertex -20.357 11.5904 -4
      vertex -20.7779 11.8427 -4
    endloop
  endfacet
  facet normal 0.903995 -0.427543 0
    outer loop
      vertex -22.6194 17.9134 4
      vertex -22.4096 18.357 -4
      vertex -22.4096 18.357 4
    endloop
  endfacet
  facet normal 0.903995 -0.427543 0
    outer loop
      vertex -22.4096 18.357 -4
      vertex -22.6194 17.9134 4
      vertex -22.6194 17.9134 -4
    endloop
  endfacet
  facet normal 0.857709 0.514136 0
    outer loop
      vertex -22.1573 13.2221 4
      vertex -22.4096 13.643 -4
      vertex -22.4096 13.643 4
    endloop
  endfacet
  facet normal 0.857709 0.514136 0
    outer loop
      vertex -22.4096 13.643 -4
      vertex -22.1573 13.2221 4
      vertex -22.1573 13.2221 -4
    endloop
  endfacet
  facet normal 0.146726 0.989177 -0
    outer loop
      vertex -18.4901 11.0241 -4
      vertex -18.9755 11.0961 4
      vertex -18.4901 11.0241 4
    endloop
  endfacet
  facet normal 0.146726 0.989177 0
    outer loop
      vertex -18.9755 11.0961 4
      vertex -18.4901 11.0241 -4
      vertex -18.9755 11.0961 -4
    endloop
  endfacet
  facet normal 0.514136 -0.857709 0
    outer loop
      vertex -20.7779 20.1573 -4
      vertex -20.357 20.4096 4
      vertex -20.7779 20.1573 4
    endloop
  endfacet
  facet normal 0.514136 -0.857709 0
    outer loop
      vertex -20.357 20.4096 4
      vertex -20.7779 20.1573 -4
      vertex -20.357 20.4096 -4
    endloop
  endfacet
  facet normal 0.427543 0.903995 -0
    outer loop
      vertex -19.9134 11.3806 -4
      vertex -20.357 11.5904 4
      vertex -19.9134 11.3806 4
    endloop
  endfacet
  facet normal 0.427543 0.903995 0
    outer loop
      vertex -20.357 11.5904 4
      vertex -19.9134 11.3806 -4
      vertex -20.357 11.5904 -4
    endloop
  endfacet
  facet normal 0.671719 0.740806 -0
    outer loop
      vertex -21.172 12.1349 -4
      vertex -21.5355 12.4645 4
      vertex -21.172 12.1349 4
    endloop
  endfacet
  facet normal 0.671719 0.740806 0
    outer loop
      vertex -21.5355 12.4645 4
      vertex -21.172 12.1349 -4
      vertex -21.5355 12.4645 -4
    endloop
  endfacet
  facet normal -0.98918 -0.146706 0
    outer loop
      vertex 4.97592 -15.5099 -4
      vertex 4.90393 -15.0245 4
      vertex 4.90393 -15.0245 -4
    endloop
  endfacet
  facet normal -0.98918 -0.146706 0
    outer loop
      vertex 4.90393 -15.0245 4
      vertex 4.97592 -15.5099 -4
      vertex 4.97592 -15.5099 4
    endloop
  endfacet
  facet normal -0.998795 -0.0490736 0
    outer loop
      vertex 5 -16 -4
      vertex 4.97592 -15.5099 4
      vertex 4.97592 -15.5099 -4
    endloop
  endfacet
  facet normal -0.998795 -0.0490736 0
    outer loop
      vertex 4.97592 -15.5099 4
      vertex 5 -16 -4
      vertex 5 -16 4
    endloop
  endfacet
  facet normal -0.97002 -0.243025 0
    outer loop
      vertex 4.90393 -15.0245 -4
      vertex 4.7847 -14.5486 4
      vertex 4.7847 -14.5486 -4
    endloop
  endfacet
  facet normal -0.97002 -0.243025 0
    outer loop
      vertex 4.7847 -14.5486 4
      vertex 4.90393 -15.0245 -4
      vertex 4.90393 -15.0245 4
    endloop
  endfacet
  facet normal -0.146736 -0.989176 0
    outer loop
      vertex 0.490086 -11.0241 -4
      vertex 0.975451 -11.0961 4
      vertex 0.490086 -11.0241 4
    endloop
  endfacet
  facet normal -0.146736 -0.989176 -0
    outer loop
      vertex 0.975451 -11.0961 4
      vertex 0.490086 -11.0241 -4
      vertex 0.975451 -11.0961 -4
    endloop
  endfacet
  facet normal -0.0491157 -0.998793 0
    outer loop
      vertex 0 -11 -4
      vertex 0.490086 -11.0241 4
      vertex 0 -11 4
    endloop
  endfacet
  facet normal -0.0491157 -0.998793 -0
    outer loop
      vertex 0.490086 -11.0241 4
      vertex 0 -11 -4
      vertex 0.490086 -11.0241 -4
    endloop
  endfacet
  facet normal -0.336879 -0.941548 0
    outer loop
      vertex 1.45142 -11.2153 -4
      vertex 1.91342 -11.3806 4
      vertex 1.45142 -11.2153 4
    endloop
  endfacet
  facet normal -0.336879 -0.941548 -0
    outer loop
      vertex 1.91342 -11.3806 4
      vertex 1.45142 -11.2153 -4
      vertex 1.91342 -11.3806 -4
    endloop
  endfacet
  facet normal 0.671658 0.740861 -0
    outer loop
      vertex -3.17197 -19.8651 -4
      vertex -3.53553 -19.5355 4
      vertex -3.17197 -19.8651 4
    endloop
  endfacet
  facet normal 0.671658 0.740861 0
    outer loop
      vertex -3.53553 -19.5355 4
      vertex -3.17197 -19.8651 -4
      vertex -3.53553 -19.5355 -4
    endloop
  endfacet
  facet normal 0.514163 -0.857692 0
    outer loop
      vertex -2.77785 -11.8427 -4
      vertex -2.35698 -11.5904 4
      vertex -2.77785 -11.8427 4
    endloop
  endfacet
  facet normal 0.514163 -0.857692 0
    outer loop
      vertex -2.35698 -11.5904 4
      vertex -2.77785 -11.8427 -4
      vertex -2.35698 -11.5904 -4
    endloop
  endfacet
  facet normal -0.427575 0.90398 0
    outer loop
      vertex 2.35698 -20.4096 -4
      vertex 1.91342 -20.6194 4
      vertex 2.35698 -20.4096 4
    endloop
  endfacet
  facet normal -0.427575 0.90398 0
    outer loop
      vertex 1.91342 -20.6194 4
      vertex 2.35698 -20.4096 -4
      vertex 1.91342 -20.6194 -4
    endloop
  endfacet
  facet normal 0.427575 0.90398 -0
    outer loop
      vertex -1.91342 -20.6194 -4
      vertex -2.35698 -20.4096 4
      vertex -1.91342 -20.6194 4
    endloop
  endfacet
  facet normal 0.427575 0.90398 0
    outer loop
      vertex -2.35698 -20.4096 4
      vertex -1.91342 -20.6194 -4
      vertex -2.35698 -20.4096 -4
    endloop
  endfacet
  facet normal -0.146736 0.989176 0
    outer loop
      vertex 0.975451 -20.9039 -4
      vertex 0.490086 -20.9759 4
      vertex 0.975451 -20.9039 4
    endloop
  endfacet
  facet normal -0.146736 0.989176 0
    outer loop
      vertex 0.490086 -20.9759 4
      vertex 0.975451 -20.9039 -4
      vertex 0.490086 -20.9759 -4
    endloop
  endfacet
  facet normal -0.857745 0.514076 0
    outer loop
      vertex 4.15735 -18.7779 -4
      vertex 4.40961 -18.357 4
      vertex 4.40961 -18.357 -4
    endloop
  endfacet
  facet normal -0.857745 0.514076 0
    outer loop
      vertex 4.40961 -18.357 4
      vertex 4.15735 -18.7779 -4
      vertex 4.15735 -18.7779 4
    endloop
  endfacet
  facet normal 0.941548 -0.336879 0
    outer loop
      vertex -4.7847 -14.5486 4
      vertex -4.6194 -14.0866 -4
      vertex -4.6194 -14.0866 4
    endloop
  endfacet
  facet normal 0.941548 -0.336879 0
    outer loop
      vertex -4.6194 -14.0866 -4
      vertex -4.7847 -14.5486 4
      vertex -4.7847 -14.5486 -4
    endloop
  endfacet
  facet normal -0.740887 0.671629 0
    outer loop
      vertex 3.53553 -19.5355 -4
      vertex 3.86505 -19.172 4
      vertex 3.86505 -19.172 -4
    endloop
  endfacet
  facet normal -0.740887 0.671629 0
    outer loop
      vertex 3.86505 -19.172 4
      vertex 3.53553 -19.5355 -4
      vertex 3.53553 -19.5355 4
    endloop
  endfacet
  facet normal 0.97002 0.243025 0
    outer loop
      vertex -4.7847 -17.4514 4
      vertex -4.90393 -16.9755 -4
      vertex -4.90393 -16.9755 4
    endloop
  endfacet
  facet normal 0.97002 0.243025 0
    outer loop
      vertex -4.90393 -16.9755 -4
      vertex -4.7847 -17.4514 4
      vertex -4.7847 -17.4514 -4
    endloop
  endfacet
  facet normal 0.514163 0.857692 -0
    outer loop
      vertex -2.35698 -20.4096 -4
      vertex -2.77785 -20.1573 4
      vertex -2.35698 -20.4096 4
    endloop
  endfacet
  facet normal 0.514163 0.857692 0
    outer loop
      vertex -2.77785 -20.1573 4
      vertex -2.35698 -20.4096 -4
      vertex -2.77785 -20.1573 -4
    endloop
  endfacet
  facet normal -0.98918 0.146706 0
    outer loop
      vertex 4.90393 -16.9755 -4
      vertex 4.97592 -16.4901 4
      vertex 4.97592 -16.4901 -4
    endloop
  endfacet
  facet normal -0.98918 0.146706 0
    outer loop
      vertex 4.97592 -16.4901 4
      vertex 4.90393 -16.9755 -4
      vertex 4.90393 -16.9755 4
    endloop
  endfacet
  facet normal 0.146736 0.989176 -0
    outer loop
      vertex -0.490086 -20.9759 -4
      vertex -0.975451 -20.9039 4
      vertex -0.490086 -20.9759 4
    endloop
  endfacet
  facet normal 0.146736 0.989176 0
    outer loop
      vertex -0.975451 -20.9039 4
      vertex -0.490086 -20.9759 -4
      vertex -0.975451 -20.9039 -4
    endloop
  endfacet
  facet normal -0.514163 0.857692 0
    outer loop
      vertex 2.77785 -20.1573 -4
      vertex 2.35698 -20.4096 4
      vertex 2.77785 -20.1573 4
    endloop
  endfacet
  facet normal -0.514163 0.857692 0
    outer loop
      vertex 2.35698 -20.4096 4
      vertex 2.77785 -20.1573 -4
      vertex 2.35698 -20.4096 -4
    endloop
  endfacet
  facet normal 0.740887 0.671629 0
    outer loop
      vertex -3.53553 -19.5355 4
      vertex -3.86505 -19.172 -4
      vertex -3.86505 -19.172 4
    endloop
  endfacet
  facet normal 0.740887 0.671629 0
    outer loop
      vertex -3.86505 -19.172 -4
      vertex -3.53553 -19.5355 4
      vertex -3.53553 -19.5355 -4
    endloop
  endfacet
  facet normal -0.427575 -0.90398 0
    outer loop
      vertex 1.91342 -11.3806 -4
      vertex 2.35698 -11.5904 4
      vertex 1.91342 -11.3806 4
    endloop
  endfacet
  facet normal -0.427575 -0.90398 -0
    outer loop
      vertex 2.35698 -11.5904 4
      vertex 1.91342 -11.3806 -4
      vertex 2.35698 -11.5904 -4
    endloop
  endfacet
  facet normal 0.336879 0.941548 -0
    outer loop
      vertex -1.45142 -20.7847 -4
      vertex -1.91342 -20.6194 4
      vertex -1.45142 -20.7847 4
    endloop
  endfacet
  facet normal 0.336879 0.941548 0
    outer loop
      vertex -1.91342 -20.6194 4
      vertex -1.45142 -20.7847 -4
      vertex -1.91342 -20.6194 -4
    endloop
  endfacet
  facet normal -0.904003 0.427526 0
    outer loop
      vertex 4.40961 -18.357 -4
      vertex 4.6194 -17.9134 4
      vertex 4.6194 -17.9134 -4
    endloop
  endfacet
  facet normal -0.904003 0.427526 0
    outer loop
      vertex 4.6194 -17.9134 4
      vertex 4.40961 -18.357 -4
      vertex 4.40961 -18.357 4
    endloop
  endfacet
  facet normal -0.97002 0.243025 0
    outer loop
      vertex 4.7847 -17.4514 -4
      vertex 4.90393 -16.9755 4
      vertex 4.90393 -16.9755 -4
    endloop
  endfacet
  facet normal -0.97002 0.243025 0
    outer loop
      vertex 4.90393 -16.9755 4
      vertex 4.7847 -17.4514 -4
      vertex 4.7847 -17.4514 4
    endloop
  endfacet
  facet normal -0.242934 -0.970043 0
    outer loop
      vertex 0.975451 -11.0961 -4
      vertex 1.45142 -11.2153 4
      vertex 0.975451 -11.0961 4
    endloop
  endfacet
  facet normal -0.242934 -0.970043 -0
    outer loop
      vertex 1.45142 -11.2153 4
      vertex 0.975451 -11.0961 -4
      vertex 1.45142 -11.2153 -4
    endloop
  endfacet
  facet normal 0.595569 -0.803304 0
    outer loop
      vertex -3.17197 -12.1349 -4
      vertex -2.77785 -11.8427 4
      vertex -3.17197 -12.1349 4
    endloop
  endfacet
  facet normal 0.595569 -0.803304 0
    outer loop
      vertex -2.77785 -11.8427 4
      vertex -3.17197 -12.1349 -4
      vertex -2.77785 -11.8427 -4
    endloop
  endfacet
  facet normal 0.336879 -0.941548 0
    outer loop
      vertex -1.91342 -11.3806 -4
      vertex -1.45142 -11.2153 4
      vertex -1.91342 -11.3806 4
    endloop
  endfacet
  facet normal 0.336879 -0.941548 0
    outer loop
      vertex -1.45142 -11.2153 4
      vertex -1.91342 -11.3806 -4
      vertex -1.45142 -11.2153 -4
    endloop
  endfacet
  facet normal -0.803192 -0.59572 0
    outer loop
      vertex 4.15735 -13.2221 -4
      vertex 3.86505 -12.828 4
      vertex 3.86505 -12.828 -4
    endloop
  endfacet
  facet normal -0.803192 -0.59572 0
    outer loop
      vertex 3.86505 -12.828 4
      vertex 4.15735 -13.2221 -4
      vertex 4.15735 -13.2221 4
    endloop
  endfacet
  facet normal 0.998795 0.0490736 0
    outer loop
      vertex -4.97592 -16.4901 4
      vertex -5 -16 -4
      vertex -5 -16 4
    endloop
  endfacet
  facet normal 0.998795 0.0490736 0
    outer loop
      vertex -5 -16 -4
      vertex -4.97592 -16.4901 4
      vertex -4.97592 -16.4901 -4
    endloop
  endfacet
  facet normal 0.146736 -0.989176 0
    outer loop
      vertex -0.975451 -11.0961 -4
      vertex -0.490086 -11.0241 4
      vertex -0.975451 -11.0961 4
    endloop
  endfacet
  facet normal 0.146736 -0.989176 0
    outer loop
      vertex -0.490086 -11.0241 4
      vertex -0.975451 -11.0961 -4
      vertex -0.490086 -11.0241 -4
    endloop
  endfacet
  facet normal -0.998795 0.0490736 0
    outer loop
      vertex 4.97592 -16.4901 -4
      vertex 5 -16 4
      vertex 5 -16 -4
    endloop
  endfacet
  facet normal -0.998795 0.0490736 0
    outer loop
      vertex 5 -16 4
      vertex 4.97592 -16.4901 -4
      vertex 4.97592 -16.4901 4
    endloop
  endfacet
  facet normal 0.740887 -0.671629 0
    outer loop
      vertex -3.86505 -12.828 4
      vertex -3.53553 -12.4645 -4
      vertex -3.53553 -12.4645 4
    endloop
  endfacet
  facet normal 0.740887 -0.671629 0
    outer loop
      vertex -3.53553 -12.4645 -4
      vertex -3.86505 -12.828 4
      vertex -3.86505 -12.828 -4
    endloop
  endfacet
  facet normal 0.97002 -0.243025 0
    outer loop
      vertex -4.90393 -15.0245 4
      vertex -4.7847 -14.5486 -4
      vertex -4.7847 -14.5486 4
    endloop
  endfacet
  facet normal 0.97002 -0.243025 0
    outer loop
      vertex -4.7847 -14.5486 -4
      vertex -4.90393 -15.0245 4
      vertex -4.90393 -15.0245 -4
    endloop
  endfacet
  facet normal -0.514163 -0.857692 0
    outer loop
      vertex 2.35698 -11.5904 -4
      vertex 2.77785 -11.8427 4
      vertex 2.35698 -11.5904 4
    endloop
  endfacet
  facet normal -0.514163 -0.857692 -0
    outer loop
      vertex 2.77785 -11.8427 4
      vertex 2.35698 -11.5904 -4
      vertex 2.77785 -11.8427 -4
    endloop
  endfacet
  facet normal -0.595569 -0.803304 0
    outer loop
      vertex 2.77785 -11.8427 -4
      vertex 3.17197 -12.1349 4
      vertex 2.77785 -11.8427 4
    endloop
  endfacet
  facet normal -0.595569 -0.803304 -0
    outer loop
      vertex 3.17197 -12.1349 4
      vertex 2.77785 -11.8427 -4
      vertex 3.17197 -12.1349 -4
    endloop
  endfacet
  facet normal -0.0491157 0.998793 0
    outer loop
      vertex 0.490086 -20.9759 -4
      vertex 0 -21 4
      vertex 0.490086 -20.9759 4
    endloop
  endfacet
  facet normal -0.0491157 0.998793 0
    outer loop
      vertex 0 -21 4
      vertex 0.490086 -20.9759 -4
      vertex 0 -21 -4
    endloop
  endfacet
  facet normal -0.941548 -0.336879 0
    outer loop
      vertex 4.7847 -14.5486 -4
      vertex 4.6194 -14.0866 4
      vertex 4.6194 -14.0866 -4
    endloop
  endfacet
  facet normal -0.941548 -0.336879 0
    outer loop
      vertex 4.6194 -14.0866 4
      vertex 4.7847 -14.5486 -4
      vertex 4.7847 -14.5486 4
    endloop
  endfacet
  facet normal -0.803192 0.59572 0
    outer loop
      vertex 3.86505 -19.172 -4
      vertex 4.15735 -18.7779 4
      vertex 4.15735 -18.7779 -4
    endloop
  endfacet
  facet normal -0.803192 0.59572 0
    outer loop
      vertex 4.15735 -18.7779 4
      vertex 3.86505 -19.172 -4
      vertex 3.86505 -19.172 4
    endloop
  endfacet
  facet normal 0.998795 -0.0490736 0
    outer loop
      vertex -5 -16 4
      vertex -4.97592 -15.5099 -4
      vertex -4.97592 -15.5099 4
    endloop
  endfacet
  facet normal 0.998795 -0.0490736 0
    outer loop
      vertex -4.97592 -15.5099 -4
      vertex -5 -16 4
      vertex -5 -16 -4
    endloop
  endfacet
  facet normal -0.941548 0.336879 0
    outer loop
      vertex 4.6194 -17.9134 -4
      vertex 4.7847 -17.4514 4
      vertex 4.7847 -17.4514 -4
    endloop
  endfacet
  facet normal -0.941548 0.336879 0
    outer loop
      vertex 4.7847 -17.4514 4
      vertex 4.6194 -17.9134 -4
      vertex 4.6194 -17.9134 4
    endloop
  endfacet
  facet normal -0.740887 -0.671629 0
    outer loop
      vertex 3.86505 -12.828 -4
      vertex 3.53553 -12.4645 4
      vertex 3.53553 -12.4645 -4
    endloop
  endfacet
  facet normal -0.740887 -0.671629 0
    outer loop
      vertex 3.53553 -12.4645 4
      vertex 3.86505 -12.828 -4
      vertex 3.86505 -12.828 4
    endloop
  endfacet
  facet normal -0.242934 0.970043 0
    outer loop
      vertex 1.45142 -20.7847 -4
      vertex 0.975451 -20.9039 4
      vertex 1.45142 -20.7847 4
    endloop
  endfacet
  facet normal -0.242934 0.970043 0
    outer loop
      vertex 0.975451 -20.9039 4
      vertex 1.45142 -20.7847 -4
      vertex 0.975451 -20.9039 -4
    endloop
  endfacet
  facet normal 0.0491157 0.998793 -0
    outer loop
      vertex 0 -21 -4
      vertex -0.490086 -20.9759 4
      vertex 0 -21 4
    endloop
  endfacet
  facet normal 0.0491157 0.998793 0
    outer loop
      vertex -0.490086 -20.9759 4
      vertex 0 -21 -4
      vertex -0.490086 -20.9759 -4
    endloop
  endfacet
  facet normal -0.671658 -0.740861 0
    outer loop
      vertex 3.17197 -12.1349 -4
      vertex 3.53553 -12.4645 4
      vertex 3.17197 -12.1349 4
    endloop
  endfacet
  facet normal -0.671658 -0.740861 -0
    outer loop
      vertex 3.53553 -12.4645 4
      vertex 3.17197 -12.1349 -4
      vertex 3.53553 -12.4645 -4
    endloop
  endfacet
  facet normal -0.904003 -0.427526 0
    outer loop
      vertex 4.6194 -14.0866 -4
      vertex 4.40961 -13.643 4
      vertex 4.40961 -13.643 -4
    endloop
  endfacet
  facet normal -0.904003 -0.427526 0
    outer loop
      vertex 4.40961 -13.643 4
      vertex 4.6194 -14.0866 -4
      vertex 4.6194 -14.0866 4
    endloop
  endfacet
  facet normal 0.857745 -0.514076 0
    outer loop
      vertex -4.40961 -13.643 4
      vertex -4.15735 -13.2221 -4
      vertex -4.15735 -13.2221 4
    endloop
  endfacet
  facet normal 0.857745 -0.514076 0
    outer loop
      vertex -4.15735 -13.2221 -4
      vertex -4.40961 -13.643 4
      vertex -4.40961 -13.643 -4
    endloop
  endfacet
  facet normal -0.595569 0.803304 0
    outer loop
      vertex 3.17197 -19.8651 -4
      vertex 2.77785 -20.1573 4
      vertex 3.17197 -19.8651 4
    endloop
  endfacet
  facet normal -0.595569 0.803304 0
    outer loop
      vertex 2.77785 -20.1573 4
      vertex 3.17197 -19.8651 -4
      vertex 2.77785 -20.1573 -4
    endloop
  endfacet
  facet normal -0.857745 -0.514076 0
    outer loop
      vertex 4.40961 -13.643 -4
      vertex 4.15735 -13.2221 4
      vertex 4.15735 -13.2221 -4
    endloop
  endfacet
  facet normal -0.857745 -0.514076 0
    outer loop
      vertex 4.15735 -13.2221 4
      vertex 4.40961 -13.643 -4
      vertex 4.40961 -13.643 4
    endloop
  endfacet
  facet normal 0.0491157 -0.998793 0
    outer loop
      vertex -0.490086 -11.0241 -4
      vertex 0 -11 4
      vertex -0.490086 -11.0241 4
    endloop
  endfacet
  facet normal 0.0491157 -0.998793 0
    outer loop
      vertex 0 -11 4
      vertex -0.490086 -11.0241 -4
      vertex 0 -11 -4
    endloop
  endfacet
  facet normal 0.242934 0.970043 -0
    outer loop
      vertex -0.975451 -20.9039 -4
      vertex -1.45142 -20.7847 4
      vertex -0.975451 -20.9039 4
    endloop
  endfacet
  facet normal 0.242934 0.970043 0
    outer loop
      vertex -1.45142 -20.7847 4
      vertex -0.975451 -20.9039 -4
      vertex -1.45142 -20.7847 -4
    endloop
  endfacet
  facet normal 0.671658 -0.740861 0
    outer loop
      vertex -3.53553 -12.4645 -4
      vertex -3.17197 -12.1349 4
      vertex -3.53553 -12.4645 4
    endloop
  endfacet
  facet normal 0.671658 -0.740861 0
    outer loop
      vertex -3.17197 -12.1349 4
      vertex -3.53553 -12.4645 -4
      vertex -3.17197 -12.1349 -4
    endloop
  endfacet
  facet normal 0.427575 -0.90398 0
    outer loop
      vertex -2.35698 -11.5904 -4
      vertex -1.91342 -11.3806 4
      vertex -2.35698 -11.5904 4
    endloop
  endfacet
  facet normal 0.427575 -0.90398 0
    outer loop
      vertex -1.91342 -11.3806 4
      vertex -2.35698 -11.5904 -4
      vertex -1.91342 -11.3806 -4
    endloop
  endfacet
  facet normal 0.941548 0.336879 0
    outer loop
      vertex -4.6194 -17.9134 4
      vertex -4.7847 -17.4514 -4
      vertex -4.7847 -17.4514 4
    endloop
  endfacet
  facet normal 0.941548 0.336879 0
    outer loop
      vertex -4.7847 -17.4514 -4
      vertex -4.6194 -17.9134 4
      vertex -4.6194 -17.9134 -4
    endloop
  endfacet
  facet normal 0.904003 0.427526 0
    outer loop
      vertex -4.40961 -18.357 4
      vertex -4.6194 -17.9134 -4
      vertex -4.6194 -17.9134 4
    endloop
  endfacet
  facet normal 0.904003 0.427526 0
    outer loop
      vertex -4.6194 -17.9134 -4
      vertex -4.40961 -18.357 4
      vertex -4.40961 -18.357 -4
    endloop
  endfacet
  facet normal -0.336879 0.941548 0
    outer loop
      vertex 1.91342 -20.6194 -4
      vertex 1.45142 -20.7847 4
      vertex 1.91342 -20.6194 4
    endloop
  endfacet
  facet normal -0.336879 0.941548 0
    outer loop
      vertex 1.45142 -20.7847 4
      vertex 1.91342 -20.6194 -4
      vertex 1.45142 -20.7847 -4
    endloop
  endfacet
  facet normal 0.242934 -0.970043 0
    outer loop
      vertex -1.45142 -11.2153 -4
      vertex -0.975451 -11.0961 4
      vertex -1.45142 -11.2153 4
    endloop
  endfacet
  facet normal 0.242934 -0.970043 0
    outer loop
      vertex -0.975451 -11.0961 4
      vertex -1.45142 -11.2153 -4
      vertex -0.975451 -11.0961 -4
    endloop
  endfacet
  facet normal 0.803192 0.59572 0
    outer loop
      vertex -3.86505 -19.172 4
      vertex -4.15735 -18.7779 -4
      vertex -4.15735 -18.7779 4
    endloop
  endfacet
  facet normal 0.803192 0.59572 0
    outer loop
      vertex -4.15735 -18.7779 -4
      vertex -3.86505 -19.172 4
      vertex -3.86505 -19.172 -4
    endloop
  endfacet
  facet normal 0.98918 0.146706 0
    outer loop
      vertex -4.90393 -16.9755 4
      vertex -4.97592 -16.4901 -4
      vertex -4.97592 -16.4901 4
    endloop
  endfacet
  facet normal 0.98918 0.146706 0
    outer loop
      vertex -4.97592 -16.4901 -4
      vertex -4.90393 -16.9755 4
      vertex -4.90393 -16.9755 -4
    endloop
  endfacet
  facet normal 0.595569 0.803304 -0
    outer loop
      vertex -2.77785 -20.1573 -4
      vertex -3.17197 -19.8651 4
      vertex -2.77785 -20.1573 4
    endloop
  endfacet
  facet normal 0.595569 0.803304 0
    outer loop
      vertex -3.17197 -19.8651 4
      vertex -2.77785 -20.1573 -4
      vertex -3.17197 -19.8651 -4
    endloop
  endfacet
  facet normal 0.803192 -0.59572 0
    outer loop
      vertex -4.15735 -13.2221 4
      vertex -3.86505 -12.828 -4
      vertex -3.86505 -12.828 4
    endloop
  endfacet
  facet normal 0.803192 -0.59572 0
    outer loop
      vertex -3.86505 -12.828 -4
      vertex -4.15735 -13.2221 4
      vertex -4.15735 -13.2221 -4
    endloop
  endfacet
  facet normal 0.904003 -0.427526 0
    outer loop
      vertex -4.6194 -14.0866 4
      vertex -4.40961 -13.643 -4
      vertex -4.40961 -13.643 4
    endloop
  endfacet
  facet normal 0.904003 -0.427526 0
    outer loop
      vertex -4.40961 -13.643 -4
      vertex -4.6194 -14.0866 4
      vertex -4.6194 -14.0866 -4
    endloop
  endfacet
  facet normal 0.98918 -0.146706 0
    outer loop
      vertex -4.97592 -15.5099 4
      vertex -4.90393 -15.0245 -4
      vertex -4.90393 -15.0245 4
    endloop
  endfacet
  facet normal 0.98918 -0.146706 0
    outer loop
      vertex -4.90393 -15.0245 -4
      vertex -4.97592 -15.5099 4
      vertex -4.97592 -15.5099 -4
    endloop
  endfacet
  facet normal 0.857745 0.514076 0
    outer loop
      vertex -4.15735 -18.7779 4
      vertex -4.40961 -18.357 -4
      vertex -4.40961 -18.357 4
    endloop
  endfacet
  facet normal 0.857745 0.514076 0
    outer loop
      vertex -4.40961 -18.357 -4
      vertex -4.15735 -18.7779 4
      vertex -4.15735 -18.7779 -4
    endloop
  endfacet
  facet normal -0.671658 0.740861 0
    outer loop
      vertex 3.53553 -19.5355 -4
      vertex 3.17197 -19.8651 4
      vertex 3.53553 -19.5355 4
    endloop
  endfacet
  facet normal -0.671658 0.740861 0
    outer loop
      vertex 3.17197 -19.8651 4
      vertex 3.53553 -19.5355 -4
      vertex 3.17197 -19.8651 -4
    endloop
  endfacet
  facet normal -0.98918 -0.146706 0
    outer loop
      vertex 4.97592 16.4901 -4
      vertex 4.90393 16.9755 4
      vertex 4.90393 16.9755 -4
    endloop
  endfacet
  facet normal -0.98918 -0.146706 0
    outer loop
      vertex 4.90393 16.9755 4
      vertex 4.97592 16.4901 -4
      vertex 4.97592 16.4901 4
    endloop
  endfacet
  facet normal -0.998795 -0.0490736 0
    outer loop
      vertex 5 16 -4
      vertex 4.97592 16.4901 4
      vertex 4.97592 16.4901 -4
    endloop
  endfacet
  facet normal -0.998795 -0.0490736 0
    outer loop
      vertex 4.97592 16.4901 4
      vertex 5 16 -4
      vertex 5 16 4
    endloop
  endfacet
  facet normal -0.97002 -0.243025 0
    outer loop
      vertex 4.90393 16.9755 -4
      vertex 4.7847 17.4514 4
      vertex 4.7847 17.4514 -4
    endloop
  endfacet
  facet normal -0.97002 -0.243025 0
    outer loop
      vertex 4.7847 17.4514 4
      vertex 4.90393 16.9755 -4
      vertex 4.90393 16.9755 4
    endloop
  endfacet
  facet normal 0.671658 0.740861 -0
    outer loop
      vertex -3.17197 12.1349 -4
      vertex -3.53553 12.4645 4
      vertex -3.17197 12.1349 4
    endloop
  endfacet
  facet normal 0.671658 0.740861 0
    outer loop
      vertex -3.53553 12.4645 4
      vertex -3.17197 12.1349 -4
      vertex -3.53553 12.4645 -4
    endloop
  endfacet
  facet normal -0.941548 -0.336879 0
    outer loop
      vertex 4.7847 17.4514 -4
      vertex 4.6194 17.9134 4
      vertex 4.6194 17.9134 -4
    endloop
  endfacet
  facet normal -0.941548 -0.336879 0
    outer loop
      vertex 4.6194 17.9134 4
      vertex 4.7847 17.4514 -4
      vertex 4.7847 17.4514 4
    endloop
  endfacet
  facet normal -0.336879 -0.941548 0
    outer loop
      vertex 1.45142 20.7847 -4
      vertex 1.91342 20.6194 4
      vertex 1.45142 20.7847 4
    endloop
  endfacet
  facet normal -0.336879 -0.941548 -0
    outer loop
      vertex 1.91342 20.6194 4
      vertex 1.45142 20.7847 -4
      vertex 1.91342 20.6194 -4
    endloop
  endfacet
  facet normal 0.0491157 0.998793 -0
    outer loop
      vertex 0 11 -4
      vertex -0.490086 11.0241 4
      vertex 0 11 4
    endloop
  endfacet
  facet normal 0.0491157 0.998793 0
    outer loop
      vertex -0.490086 11.0241 4
      vertex 0 11 -4
      vertex -0.490086 11.0241 -4
    endloop
  endfacet
  facet normal -0.941548 0.336879 0
    outer loop
      vertex 4.6194 14.0866 -4
      vertex 4.7847 14.5486 4
      vertex 4.7847 14.5486 -4
    endloop
  endfacet
  facet normal -0.941548 0.336879 0
    outer loop
      vertex 4.7847 14.5486 4
      vertex 4.6194 14.0866 -4
      vertex 4.6194 14.0866 4
    endloop
  endfacet
  facet normal 0.427575 -0.90398 0
    outer loop
      vertex -2.35698 20.4096 -4
      vertex -1.91342 20.6194 4
      vertex -2.35698 20.4096 4
    endloop
  endfacet
  facet normal 0.427575 -0.90398 0
    outer loop
      vertex -1.91342 20.6194 4
      vertex -2.35698 20.4096 -4
      vertex -1.91342 20.6194 -4
    endloop
  endfacet
  facet normal -0.671658 -0.740861 0
    outer loop
      vertex 3.17197 19.8651 -4
      vertex 3.53553 19.5355 4
      vertex 3.17197 19.8651 4
    endloop
  endfacet
  facet normal -0.671658 -0.740861 -0
    outer loop
      vertex 3.53553 19.5355 4
      vertex 3.17197 19.8651 -4
      vertex 3.53553 19.5355 -4
    endloop
  endfacet
  facet normal -0.242934 0.970043 0
    outer loop
      vertex 1.45142 11.2153 -4
      vertex 0.975451 11.0961 4
      vertex 1.45142 11.2153 4
    endloop
  endfacet
  facet normal -0.242934 0.970043 0
    outer loop
      vertex 0.975451 11.0961 4
      vertex 1.45142 11.2153 -4
      vertex 0.975451 11.0961 -4
    endloop
  endfacet
  facet normal -0.146736 -0.989176 0
    outer loop
      vertex 0.490086 20.9759 -4
      vertex 0.975451 20.9039 4
      vertex 0.490086 20.9759 4
    endloop
  endfacet
  facet normal -0.146736 -0.989176 -0
    outer loop
      vertex 0.975451 20.9039 4
      vertex 0.490086 20.9759 -4
      vertex 0.975451 20.9039 -4
    endloop
  endfacet
  facet normal 0.97002 -0.243025 0
    outer loop
      vertex -4.90393 16.9755 4
      vertex -4.7847 17.4514 -4
      vertex -4.7847 17.4514 4
    endloop
  endfacet
  facet normal 0.97002 -0.243025 0
    outer loop
      vertex -4.7847 17.4514 -4
      vertex -4.90393 16.9755 4
      vertex -4.90393 16.9755 -4
    endloop
  endfacet
  facet normal 0.904003 0.427526 0
    outer loop
      vertex -4.40961 13.643 4
      vertex -4.6194 14.0866 -4
      vertex -4.6194 14.0866 4
    endloop
  endfacet
  facet normal 0.904003 0.427526 0
    outer loop
      vertex -4.6194 14.0866 -4
      vertex -4.40961 13.643 4
      vertex -4.40961 13.643 -4
    endloop
  endfacet
  facet normal -0.803192 0.59572 0
    outer loop
      vertex 3.86505 12.828 -4
      vertex 4.15735 13.2221 4
      vertex 4.15735 13.2221 -4
    endloop
  endfacet
  facet normal -0.803192 0.59572 0
    outer loop
      vertex 4.15735 13.2221 4
      vertex 3.86505 12.828 -4
      vertex 3.86505 12.828 4
    endloop
  endfacet
  facet normal 0.803192 0.59572 0
    outer loop
      vertex -3.86505 12.828 4
      vertex -4.15735 13.2221 -4
      vertex -4.15735 13.2221 4
    endloop
  endfacet
  facet normal 0.803192 0.59572 0
    outer loop
      vertex -4.15735 13.2221 -4
      vertex -3.86505 12.828 4
      vertex -3.86505 12.828 -4
    endloop
  endfacet
  facet normal -0.98918 0.146706 0
    outer loop
      vertex 4.90393 15.0245 -4
      vertex 4.97592 15.5099 4
      vertex 4.97592 15.5099 -4
    endloop
  endfacet
  facet normal -0.98918 0.146706 0
    outer loop
      vertex 4.97592 15.5099 4
      vertex 4.90393 15.0245 -4
      vertex 4.90393 15.0245 4
    endloop
  endfacet
  facet normal 0.146736 -0.989176 0
    outer loop
      vertex -0.975451 20.9039 -4
      vertex -0.490086 20.9759 4
      vertex -0.975451 20.9039 4
    endloop
  endfacet
  facet normal 0.146736 -0.989176 0
    outer loop
      vertex -0.490086 20.9759 4
      vertex -0.975451 20.9039 -4
      vertex -0.490086 20.9759 -4
    endloop
  endfacet
  facet normal -0.0491157 -0.998793 0
    outer loop
      vertex 0 21 -4
      vertex 0.490086 20.9759 4
      vertex 0 21 4
    endloop
  endfacet
  facet normal -0.0491157 -0.998793 -0
    outer loop
      vertex 0.490086 20.9759 4
      vertex 0 21 -4
      vertex 0.490086 20.9759 -4
    endloop
  endfacet
  facet normal 0.941548 0.336879 0
    outer loop
      vertex -4.6194 14.0866 4
      vertex -4.7847 14.5486 -4
      vertex -4.7847 14.5486 4
    endloop
  endfacet
  facet normal 0.941548 0.336879 0
    outer loop
      vertex -4.7847 14.5486 -4
      vertex -4.6194 14.0866 4
      vertex -4.6194 14.0866 -4
    endloop
  endfacet
  facet normal -0.427575 -0.90398 0
    outer loop
      vertex 1.91342 20.6194 -4
      vertex 2.35698 20.4096 4
      vertex 1.91342 20.6194 4
    endloop
  endfacet
  facet normal -0.427575 -0.90398 -0
    outer loop
      vertex 2.35698 20.4096 4
      vertex 1.91342 20.6194 -4
      vertex 2.35698 20.4096 -4
    endloop
  endfacet
  facet normal 0.857745 0.514076 0
    outer loop
      vertex -4.15735 13.2221 4
      vertex -4.40961 13.643 -4
      vertex -4.40961 13.643 4
    endloop
  endfacet
  facet normal 0.857745 0.514076 0
    outer loop
      vertex -4.40961 13.643 -4
      vertex -4.15735 13.2221 4
      vertex -4.15735 13.2221 -4
    endloop
  endfacet
  facet normal 0.146736 0.989176 -0
    outer loop
      vertex -0.490086 11.0241 -4
      vertex -0.975451 11.0961 4
      vertex -0.490086 11.0241 4
    endloop
  endfacet
  facet normal 0.146736 0.989176 0
    outer loop
      vertex -0.975451 11.0961 4
      vertex -0.490086 11.0241 -4
      vertex -0.975451 11.0961 -4
    endloop
  endfacet
  facet normal -0.671658 0.740861 0
    outer loop
      vertex 3.53553 12.4645 -4
      vertex 3.17197 12.1349 4
      vertex 3.53553 12.4645 4
    endloop
  endfacet
  facet normal -0.671658 0.740861 0
    outer loop
      vertex 3.17197 12.1349 4
      vertex 3.53553 12.4645 -4
      vertex 3.17197 12.1349 -4
    endloop
  endfacet
  facet normal 0.336879 -0.941548 0
    outer loop
      vertex -1.91342 20.6194 -4
      vertex -1.45142 20.7847 4
      vertex -1.91342 20.6194 4
    endloop
  endfacet
  facet normal 0.336879 -0.941548 0
    outer loop
      vertex -1.45142 20.7847 4
      vertex -1.91342 20.6194 -4
      vertex -1.45142 20.7847 -4
    endloop
  endfacet
  facet normal -0.97002 0.243025 0
    outer loop
      vertex 4.7847 14.5486 -4
      vertex 4.90393 15.0245 4
      vertex 4.90393 15.0245 -4
    endloop
  endfacet
  facet normal -0.97002 0.243025 0
    outer loop
      vertex 4.90393 15.0245 4
      vertex 4.7847 14.5486 -4
      vertex 4.7847 14.5486 4
    endloop
  endfacet
  facet normal 0.671658 -0.740861 0
    outer loop
      vertex -3.53553 19.5355 -4
      vertex -3.17197 19.8651 4
      vertex -3.53553 19.5355 4
    endloop
  endfacet
  facet normal 0.671658 -0.740861 0
    outer loop
      vertex -3.17197 19.8651 4
      vertex -3.53553 19.5355 -4
      vertex -3.17197 19.8651 -4
    endloop
  endfacet
  facet normal 0.595569 0.803304 -0
    outer loop
      vertex -2.77785 11.8427 -4
      vertex -3.17197 12.1349 4
      vertex -2.77785 11.8427 4
    endloop
  endfacet
  facet normal 0.595569 0.803304 0
    outer loop
      vertex -3.17197 12.1349 4
      vertex -2.77785 11.8427 -4
      vertex -3.17197 12.1349 -4
    endloop
  endfacet
  facet normal -0.803192 -0.59572 0
    outer loop
      vertex 4.15735 18.7779 -4
      vertex 3.86505 19.172 4
      vertex 3.86505 19.172 -4
    endloop
  endfacet
  facet normal -0.803192 -0.59572 0
    outer loop
      vertex 3.86505 19.172 4
      vertex 4.15735 18.7779 -4
      vertex 4.15735 18.7779 4
    endloop
  endfacet
  facet normal 0.97002 0.243025 0
    outer loop
      vertex -4.7847 14.5486 4
      vertex -4.90393 15.0245 -4
      vertex -4.90393 15.0245 4
    endloop
  endfacet
  facet normal 0.97002 0.243025 0
    outer loop
      vertex -4.90393 15.0245 -4
      vertex -4.7847 14.5486 4
      vertex -4.7847 14.5486 -4
    endloop
  endfacet
  facet normal 0.857745 -0.514076 0
    outer loop
      vertex -4.40961 18.357 4
      vertex -4.15735 18.7779 -4
      vertex -4.15735 18.7779 4
    endloop
  endfacet
  facet normal 0.857745 -0.514076 0
    outer loop
      vertex -4.15735 18.7779 -4
      vertex -4.40961 18.357 4
      vertex -4.40961 18.357 -4
    endloop
  endfacet
  facet normal -0.998795 0.0490736 0
    outer loop
      vertex 4.97592 15.5099 -4
      vertex 5 16 4
      vertex 5 16 -4
    endloop
  endfacet
  facet normal -0.998795 0.0490736 0
    outer loop
      vertex 5 16 4
      vertex 4.97592 15.5099 -4
      vertex 4.97592 15.5099 4
    endloop
  endfacet
  facet normal -0.336879 0.941548 0
    outer loop
      vertex 1.91342 11.3806 -4
      vertex 1.45142 11.2153 4
      vertex 1.91342 11.3806 4
    endloop
  endfacet
  facet normal -0.336879 0.941548 0
    outer loop
      vertex 1.45142 11.2153 4
      vertex 1.91342 11.3806 -4
      vertex 1.45142 11.2153 -4
    endloop
  endfacet
  facet normal 0.941548 -0.336879 0
    outer loop
      vertex -4.7847 17.4514 4
      vertex -4.6194 17.9134 -4
      vertex -4.6194 17.9134 4
    endloop
  endfacet
  facet normal 0.941548 -0.336879 0
    outer loop
      vertex -4.6194 17.9134 -4
      vertex -4.7847 17.4514 4
      vertex -4.7847 17.4514 -4
    endloop
  endfacet
  facet normal -0.595569 -0.803304 0
    outer loop
      vertex 2.77785 20.1573 -4
      vertex 3.17197 19.8651 4
      vertex 2.77785 20.1573 4
    endloop
  endfacet
  facet normal -0.595569 -0.803304 -0
    outer loop
      vertex 3.17197 19.8651 4
      vertex 2.77785 20.1573 -4
      vertex 3.17197 19.8651 -4
    endloop
  endfacet
  facet normal -0.514163 -0.857692 0
    outer loop
      vertex 2.35698 20.4096 -4
      vertex 2.77785 20.1573 4
      vertex 2.35698 20.4096 4
    endloop
  endfacet
  facet normal -0.514163 -0.857692 -0
    outer loop
      vertex 2.77785 20.1573 4
      vertex 2.35698 20.4096 -4
      vertex 2.77785 20.1573 -4
    endloop
  endfacet
  facet normal -0.146736 0.989176 0
    outer loop
      vertex 0.975451 11.0961 -4
      vertex 0.490086 11.0241 4
      vertex 0.975451 11.0961 4
    endloop
  endfacet
  facet normal -0.146736 0.989176 0
    outer loop
      vertex 0.490086 11.0241 4
      vertex 0.975451 11.0961 -4
      vertex 0.490086 11.0241 -4
    endloop
  endfacet
  facet normal -0.857745 0.514076 0
    outer loop
      vertex 4.15735 13.2221 -4
      vertex 4.40961 13.643 4
      vertex 4.40961 13.643 -4
    endloop
  endfacet
  facet normal -0.857745 0.514076 0
    outer loop
      vertex 4.40961 13.643 4
      vertex 4.15735 13.2221 -4
      vertex 4.15735 13.2221 4
    endloop
  endfacet
  facet normal 0.998795 0.0490736 0
    outer loop
      vertex -4.97592 15.5099 4
      vertex -5 16 -4
      vertex -5 16 4
    endloop
  endfacet
  facet normal 0.998795 0.0490736 0
    outer loop
      vertex -5 16 -4
      vertex -4.97592 15.5099 4
      vertex -4.97592 15.5099 -4
    endloop
  endfacet
  facet normal -0.242934 -0.970043 0
    outer loop
      vertex 0.975451 20.9039 -4
      vertex 1.45142 20.7847 4
      vertex 0.975451 20.9039 4
    endloop
  endfacet
  facet normal -0.242934 -0.970043 -0
    outer loop
      vertex 1.45142 20.7847 4
      vertex 0.975451 20.9039 -4
      vertex 1.45142 20.7847 -4
    endloop
  endfacet
  facet normal 0.998795 -0.0490736 0
    outer loop
      vertex -5 16 4
      vertex -4.97592 16.4901 -4
      vertex -4.97592 16.4901 4
    endloop
  endfacet
  facet normal 0.998795 -0.0490736 0
    outer loop
      vertex -4.97592 16.4901 -4
      vertex -5 16 4
      vertex -5 16 -4
    endloop
  endfacet
  facet normal 0.514163 -0.857692 0
    outer loop
      vertex -2.77785 20.1573 -4
      vertex -2.35698 20.4096 4
      vertex -2.77785 20.1573 4
    endloop
  endfacet
  facet normal 0.514163 -0.857692 0
    outer loop
      vertex -2.35698 20.4096 4
      vertex -2.77785 20.1573 -4
      vertex -2.35698 20.4096 -4
    endloop
  endfacet
  facet normal 0.242934 0.970043 -0
    outer loop
      vertex -0.975451 11.0961 -4
      vertex -1.45142 11.2153 4
      vertex -0.975451 11.0961 4
    endloop
  endfacet
  facet normal 0.242934 0.970043 0
    outer loop
      vertex -1.45142 11.2153 4
      vertex -0.975451 11.0961 -4
      vertex -1.45142 11.2153 -4
    endloop
  endfacet
  facet normal -0.904003 -0.427526 0
    outer loop
      vertex 4.6194 17.9134 -4
      vertex 4.40961 18.357 4
      vertex 4.40961 18.357 -4
    endloop
  endfacet
  facet normal -0.904003 -0.427526 0
    outer loop
      vertex 4.40961 18.357 4
      vertex 4.6194 17.9134 -4
      vertex 4.6194 17.9134 4
    endloop
  endfacet
  facet normal -0.857745 -0.514076 0
    outer loop
      vertex 4.40961 18.357 -4
      vertex 4.15735 18.7779 4
      vertex 4.15735 18.7779 -4
    endloop
  endfacet
  facet normal -0.857745 -0.514076 0
    outer loop
      vertex 4.15735 18.7779 4
      vertex 4.40961 18.357 -4
      vertex 4.40961 18.357 4
    endloop
  endfacet
  facet normal 0.740887 -0.671629 0
    outer loop
      vertex -3.86505 19.172 4
      vertex -3.53553 19.5355 -4
      vertex -3.53553 19.5355 4
    endloop
  endfacet
  facet normal 0.740887 -0.671629 0
    outer loop
      vertex -3.53553 19.5355 -4
      vertex -3.86505 19.172 4
      vertex -3.86505 19.172 -4
    endloop
  endfacet
  facet normal 0.98918 0.146706 0
    outer loop
      vertex -4.90393 15.0245 4
      vertex -4.97592 15.5099 -4
      vertex -4.97592 15.5099 4
    endloop
  endfacet
  facet normal 0.98918 0.146706 0
    outer loop
      vertex -4.97592 15.5099 -4
      vertex -4.90393 15.0245 4
      vertex -4.90393 15.0245 -4
    endloop
  endfacet
  facet normal 0.740887 0.671629 0
    outer loop
      vertex -3.53553 12.4645 4
      vertex -3.86505 12.828 -4
      vertex -3.86505 12.828 4
    endloop
  endfacet
  facet normal 0.740887 0.671629 0
    outer loop
      vertex -3.86505 12.828 -4
      vertex -3.53553 12.4645 4
      vertex -3.53553 12.4645 -4
    endloop
  endfacet
  facet normal 0.0491157 -0.998793 0
    outer loop
      vertex -0.490086 20.9759 -4
      vertex 0 21 4
      vertex -0.490086 20.9759 4
    endloop
  endfacet
  facet normal 0.0491157 -0.998793 0
    outer loop
      vertex 0 21 4
      vertex -0.490086 20.9759 -4
      vertex 0 21 -4
    endloop
  endfacet
  facet normal 0.242934 -0.970043 0
    outer loop
      vertex -1.45142 20.7847 -4
      vertex -0.975451 20.9039 4
      vertex -1.45142 20.7847 4
    endloop
  endfacet
  facet normal 0.242934 -0.970043 0
    outer loop
      vertex -0.975451 20.9039 4
      vertex -1.45142 20.7847 -4
      vertex -0.975451 20.9039 -4
    endloop
  endfacet
  facet normal 0.514163 0.857692 -0
    outer loop
      vertex -2.35698 11.5904 -4
      vertex -2.77785 11.8427 4
      vertex -2.35698 11.5904 4
    endloop
  endfacet
  facet normal 0.514163 0.857692 0
    outer loop
      vertex -2.77785 11.8427 4
      vertex -2.35698 11.5904 -4
      vertex -2.77785 11.8427 -4
    endloop
  endfacet
  facet normal 0.904003 -0.427526 0
    outer loop
      vertex -4.6194 17.9134 4
      vertex -4.40961 18.357 -4
      vertex -4.40961 18.357 4
    endloop
  endfacet
  facet normal 0.904003 -0.427526 0
    outer loop
      vertex -4.40961 18.357 -4
      vertex -4.6194 17.9134 4
      vertex -4.6194 17.9134 -4
    endloop
  endfacet
  facet normal -0.427575 0.90398 0
    outer loop
      vertex 2.35698 11.5904 -4
      vertex 1.91342 11.3806 4
      vertex 2.35698 11.5904 4
    endloop
  endfacet
  facet normal -0.427575 0.90398 0
    outer loop
      vertex 1.91342 11.3806 4
      vertex 2.35698 11.5904 -4
      vertex 1.91342 11.3806 -4
    endloop
  endfacet
  facet normal -0.595569 0.803304 0
    outer loop
      vertex 3.17197 12.1349 -4
      vertex 2.77785 11.8427 4
      vertex 3.17197 12.1349 4
    endloop
  endfacet
  facet normal -0.595569 0.803304 0
    outer loop
      vertex 2.77785 11.8427 4
      vertex 3.17197 12.1349 -4
      vertex 2.77785 11.8427 -4
    endloop
  endfacet
  facet normal -0.740887 -0.671629 0
    outer loop
      vertex 3.86505 19.172 -4
      vertex 3.53553 19.5355 4
      vertex 3.53553 19.5355 -4
    endloop
  endfacet
  facet normal -0.740887 -0.671629 0
    outer loop
      vertex 3.53553 19.5355 4
      vertex 3.86505 19.172 -4
      vertex 3.86505 19.172 4
    endloop
  endfacet
  facet normal -0.514163 0.857692 0
    outer loop
      vertex 2.77785 11.8427 -4
      vertex 2.35698 11.5904 4
      vertex 2.77785 11.8427 4
    endloop
  endfacet
  facet normal -0.514163 0.857692 0
    outer loop
      vertex 2.35698 11.5904 4
      vertex 2.77785 11.8427 -4
      vertex 2.35698 11.5904 -4
    endloop
  endfacet
  facet normal -0.904003 0.427526 0
    outer loop
      vertex 4.40961 13.643 -4
      vertex 4.6194 14.0866 4
      vertex 4.6194 14.0866 -4
    endloop
  endfacet
  facet normal -0.904003 0.427526 0
    outer loop
      vertex 4.6194 14.0866 4
      vertex 4.40961 13.643 -4
      vertex 4.40961 13.643 4
    endloop
  endfacet
  facet normal -0.0491157 0.998793 0
    outer loop
      vertex 0.490086 11.0241 -4
      vertex 0 11 4
      vertex 0.490086 11.0241 4
    endloop
  endfacet
  facet normal -0.0491157 0.998793 0
    outer loop
      vertex 0 11 4
      vertex 0.490086 11.0241 -4
      vertex 0 11 -4
    endloop
  endfacet
  facet normal 0.595569 -0.803304 0
    outer loop
      vertex -3.17197 19.8651 -4
      vertex -2.77785 20.1573 4
      vertex -3.17197 19.8651 4
    endloop
  endfacet
  facet normal 0.595569 -0.803304 0
    outer loop
      vertex -2.77785 20.1573 4
      vertex -3.17197 19.8651 -4
      vertex -2.77785 20.1573 -4
    endloop
  endfacet
  facet normal -0.740887 0.671629 0
    outer loop
      vertex 3.53553 12.4645 -4
      vertex 3.86505 12.828 4
      vertex 3.86505 12.828 -4
    endloop
  endfacet
  facet normal -0.740887 0.671629 0
    outer loop
      vertex 3.86505 12.828 4
      vertex 3.53553 12.4645 -4
      vertex 3.53553 12.4645 4
    endloop
  endfacet
  facet normal 0.98918 -0.146706 0
    outer loop
      vertex -4.97592 16.4901 4
      vertex -4.90393 16.9755 -4
      vertex -4.90393 16.9755 4
    endloop
  endfacet
  facet normal 0.98918 -0.146706 0
    outer loop
      vertex -4.90393 16.9755 -4
      vertex -4.97592 16.4901 4
      vertex -4.97592 16.4901 -4
    endloop
  endfacet
  facet normal 0.336879 0.941548 -0
    outer loop
      vertex -1.45142 11.2153 -4
      vertex -1.91342 11.3806 4
      vertex -1.45142 11.2153 4
    endloop
  endfacet
  facet normal 0.336879 0.941548 0
    outer loop
      vertex -1.91342 11.3806 4
      vertex -1.45142 11.2153 -4
      vertex -1.91342 11.3806 -4
    endloop
  endfacet
  facet normal 0.427575 0.90398 -0
    outer loop
      vertex -1.91342 11.3806 -4
      vertex -2.35698 11.5904 4
      vertex -1.91342 11.3806 4
    endloop
  endfacet
  facet normal 0.427575 0.90398 0
    outer loop
      vertex -2.35698 11.5904 4
      vertex -1.91342 11.3806 -4
      vertex -2.35698 11.5904 -4
    endloop
  endfacet
  facet normal 0.803192 -0.59572 0
    outer loop
      vertex -4.15735 18.7779 4
      vertex -3.86505 19.172 -4
      vertex -3.86505 19.172 4
    endloop
  endfacet
  facet normal 0.803192 -0.59572 0
    outer loop
      vertex -3.86505 19.172 -4
      vertex -4.15735 18.7779 4
      vertex -4.15735 18.7779 -4
    endloop
  endfacet
  facet normal 0.0491143 0.998793 -0
    outer loop
      vertex 18 -21 -4
      vertex 17.5099 -20.9759 4
      vertex 18 -21 4
    endloop
  endfacet
  facet normal 0.0491143 0.998793 0
    outer loop
      vertex 17.5099 -20.9759 4
      vertex 18 -21 -4
      vertex 17.5099 -20.9759 -4
    endloop
  endfacet
  facet normal -0.336879 -0.941548 0
    outer loop
      vertex 19.4514 -11.2153 -4
      vertex 19.9134 -11.3806 4
      vertex 19.4514 -11.2153 4
    endloop
  endfacet
  facet normal -0.336879 -0.941548 -0
    outer loop
      vertex 19.9134 -11.3806 4
      vertex 19.4514 -11.2153 -4
      vertex 19.9134 -11.3806 -4
    endloop
  endfacet
  facet normal -0.941548 -0.336879 0
    outer loop
      vertex 22.7847 -14.5486 -4
      vertex 22.6194 -14.0866 4
      vertex 22.6194 -14.0866 -4
    endloop
  endfacet
  facet normal -0.941548 -0.336879 0
    outer loop
      vertex 22.6194 -14.0866 4
      vertex 22.7847 -14.5486 -4
      vertex 22.7847 -14.5486 4
    endloop
  endfacet
  facet normal -0.740806 0.671719 0
    outer loop
      vertex 21.5355 -19.5355 -4
      vertex 21.8651 -19.172 4
      vertex 21.8651 -19.172 -4
    endloop
  endfacet
  facet normal -0.740806 0.671719 0
    outer loop
      vertex 21.8651 -19.172 4
      vertex 21.5355 -19.5355 -4
      vertex 21.5355 -19.5355 4
    endloop
  endfacet
  facet normal 0.740806 0.671719 0
    outer loop
      vertex 14.4645 -19.5355 4
      vertex 14.1349 -19.172 -4
      vertex 14.1349 -19.172 4
    endloop
  endfacet
  facet normal 0.740806 0.671719 0
    outer loop
      vertex 14.1349 -19.172 -4
      vertex 14.4645 -19.5355 4
      vertex 14.4645 -19.5355 -4
    endloop
  endfacet
  facet normal 0.671719 0.740806 -0
    outer loop
      vertex 14.828 -19.8651 -4
      vertex 14.4645 -19.5355 4
      vertex 14.828 -19.8651 4
    endloop
  endfacet
  facet normal 0.671719 0.740806 0
    outer loop
      vertex 14.4645 -19.5355 4
      vertex 14.828 -19.8651 -4
      vertex 14.4645 -19.5355 -4
    endloop
  endfacet
  facet normal -0.427543 0.903995 0
    outer loop
      vertex 20.357 -20.4096 -4
      vertex 19.9134 -20.6194 4
      vertex 20.357 -20.4096 4
    endloop
  endfacet
  facet normal -0.427543 0.903995 0
    outer loop
      vertex 19.9134 -20.6194 4
      vertex 20.357 -20.4096 -4
      vertex 19.9134 -20.6194 -4
    endloop
  endfacet
  facet normal -0.80329 -0.595588 0
    outer loop
      vertex 22.1573 -13.2221 -4
      vertex 21.8651 -12.828 4
      vertex 21.8651 -12.828 -4
    endloop
  endfacet
  facet normal -0.80329 -0.595588 0
    outer loop
      vertex 21.8651 -12.828 4
      vertex 22.1573 -13.2221 -4
      vertex 22.1573 -13.2221 4
    endloop
  endfacet
  facet normal -0.336879 0.941548 0
    outer loop
      vertex 19.9134 -20.6194 -4
      vertex 19.4514 -20.7847 4
      vertex 19.9134 -20.6194 4
    endloop
  endfacet
  facet normal -0.336879 0.941548 0
    outer loop
      vertex 19.4514 -20.7847 4
      vertex 19.9134 -20.6194 -4
      vertex 19.4514 -20.7847 -4
    endloop
  endfacet
  facet normal -0.80329 0.595588 0
    outer loop
      vertex 21.8651 -19.172 -4
      vertex 22.1573 -18.7779 4
      vertex 22.1573 -18.7779 -4
    endloop
  endfacet
  facet normal -0.80329 0.595588 0
    outer loop
      vertex 22.1573 -18.7779 4
      vertex 21.8651 -19.172 -4
      vertex 21.8651 -19.172 4
    endloop
  endfacet
  facet normal -0.989177 -0.146726 0
    outer loop
      vertex 22.9759 -15.5099 -4
      vertex 22.9039 -15.0245 4
      vertex 22.9039 -15.0245 -4
    endloop
  endfacet
  facet normal -0.989177 -0.146726 0
    outer loop
      vertex 22.9039 -15.0245 4
      vertex 22.9759 -15.5099 -4
      vertex 22.9759 -15.5099 4
    endloop
  endfacet
  facet normal 0.0491143 -0.998793 0
    outer loop
      vertex 17.5099 -11.0241 -4
      vertex 18 -11 4
      vertex 17.5099 -11.0241 4
    endloop
  endfacet
  facet normal 0.0491143 -0.998793 0
    outer loop
      vertex 18 -11 4
      vertex 17.5099 -11.0241 -4
      vertex 18 -11 -4
    endloop
  endfacet
  facet normal -0.998793 -0.0491143 0
    outer loop
      vertex 23 -16 -4
      vertex 22.9759 -15.5099 4
      vertex 22.9759 -15.5099 -4
    endloop
  endfacet
  facet normal -0.998793 -0.0491143 0
    outer loop
      vertex 22.9759 -15.5099 4
      vertex 23 -16 -4
      vertex 23 -16 4
    endloop
  endfacet
  facet normal 0.941548 0.336879 0
    outer loop
      vertex 13.3806 -17.9134 4
      vertex 13.2153 -17.4514 -4
      vertex 13.2153 -17.4514 4
    endloop
  endfacet
  facet normal 0.941548 0.336879 0
    outer loop
      vertex 13.2153 -17.4514 -4
      vertex 13.3806 -17.9134 4
      vertex 13.3806 -17.9134 -4
    endloop
  endfacet
  facet normal 0.242967 -0.970034 0
    outer loop
      vertex 16.5486 -11.2153 -4
      vertex 17.0245 -11.0961 4
      vertex 16.5486 -11.2153 4
    endloop
  endfacet
  facet normal 0.242967 -0.970034 0
    outer loop
      vertex 17.0245 -11.0961 4
      vertex 16.5486 -11.2153 -4
      vertex 17.0245 -11.0961 -4
    endloop
  endfacet
  facet normal 0.242967 0.970034 -0
    outer loop
      vertex 17.0245 -20.9039 -4
      vertex 16.5486 -20.7847 4
      vertex 17.0245 -20.9039 4
    endloop
  endfacet
  facet normal 0.242967 0.970034 0
    outer loop
      vertex 16.5486 -20.7847 4
      vertex 17.0245 -20.9039 -4
      vertex 16.5486 -20.7847 -4
    endloop
  endfacet
  facet normal -0.998793 0.0491143 0
    outer loop
      vertex 22.9759 -16.4901 -4
      vertex 23 -16 4
      vertex 23 -16 -4
    endloop
  endfacet
  facet normal -0.998793 0.0491143 0
    outer loop
      vertex 23 -16 4
      vertex 22.9759 -16.4901 -4
      vertex 22.9759 -16.4901 4
    endloop
  endfacet
  facet normal -0.514136 -0.857709 0
    outer loop
      vertex 20.357 -11.5904 -4
      vertex 20.7779 -11.8427 4
      vertex 20.357 -11.5904 4
    endloop
  endfacet
  facet normal -0.514136 -0.857709 -0
    outer loop
      vertex 20.7779 -11.8427 4
      vertex 20.357 -11.5904 -4
      vertex 20.7779 -11.8427 -4
    endloop
  endfacet
  facet normal -0.740806 -0.671719 0
    outer loop
      vertex 21.8651 -12.828 -4
      vertex 21.5355 -12.4645 4
      vertex 21.5355 -12.4645 -4
    endloop
  endfacet
  facet normal -0.740806 -0.671719 0
    outer loop
      vertex 21.5355 -12.4645 4
      vertex 21.8651 -12.828 -4
      vertex 21.8651 -12.828 4
    endloop
  endfacet
  facet normal 0.146726 -0.989177 0
    outer loop
      vertex 17.0245 -11.0961 -4
      vertex 17.5099 -11.0241 4
      vertex 17.0245 -11.0961 4
    endloop
  endfacet
  facet normal 0.146726 -0.989177 0
    outer loop
      vertex 17.5099 -11.0241 4
      vertex 17.0245 -11.0961 -4
      vertex 17.5099 -11.0241 -4
    endloop
  endfacet
  facet normal -0.970034 -0.242967 0
    outer loop
      vertex 22.9039 -15.0245 -4
      vertex 22.7847 -14.5486 4
      vertex 22.7847 -14.5486 -4
    endloop
  endfacet
  facet normal -0.970034 -0.242967 0
    outer loop
      vertex 22.7847 -14.5486 4
      vertex 22.9039 -15.0245 -4
      vertex 22.9039 -15.0245 4
    endloop
  endfacet
  facet normal 0.336879 -0.941548 0
    outer loop
      vertex 16.0866 -11.3806 -4
      vertex 16.5486 -11.2153 4
      vertex 16.0866 -11.3806 4
    endloop
  endfacet
  facet normal 0.336879 -0.941548 0
    outer loop
      vertex 16.5486 -11.2153 4
      vertex 16.0866 -11.3806 -4
      vertex 16.5486 -11.2153 -4
    endloop
  endfacet
  facet normal -0.427543 -0.903995 0
    outer loop
      vertex 19.9134 -11.3806 -4
      vertex 20.357 -11.5904 4
      vertex 19.9134 -11.3806 4
    endloop
  endfacet
  facet normal -0.427543 -0.903995 -0
    outer loop
      vertex 20.357 -11.5904 4
      vertex 19.9134 -11.3806 -4
      vertex 20.357 -11.5904 -4
    endloop
  endfacet
  facet normal -0.242967 -0.970034 0
    outer loop
      vertex 18.9755 -11.0961 -4
      vertex 19.4514 -11.2153 4
      vertex 18.9755 -11.0961 4
    endloop
  endfacet
  facet normal -0.242967 -0.970034 -0
    outer loop
      vertex 19.4514 -11.2153 4
      vertex 18.9755 -11.0961 -4
      vertex 19.4514 -11.2153 -4
    endloop
  endfacet
  facet normal -0.146726 0.989177 0
    outer loop
      vertex 18.9755 -20.9039 -4
      vertex 18.4901 -20.9759 4
      vertex 18.9755 -20.9039 4
    endloop
  endfacet
  facet normal -0.146726 0.989177 0
    outer loop
      vertex 18.4901 -20.9759 4
      vertex 18.9755 -20.9039 -4
      vertex 18.4901 -20.9759 -4
    endloop
  endfacet
  facet normal 0.740806 -0.671719 0
    outer loop
      vertex 14.1349 -12.828 4
      vertex 14.4645 -12.4645 -4
      vertex 14.4645 -12.4645 4
    endloop
  endfacet
  facet normal 0.740806 -0.671719 0
    outer loop
      vertex 14.4645 -12.4645 -4
      vertex 14.1349 -12.828 4
      vertex 14.1349 -12.828 -4
    endloop
  endfacet
  facet normal 0.595588 -0.80329 0
    outer loop
      vertex 14.828 -12.1349 -4
      vertex 15.2221 -11.8427 4
      vertex 14.828 -12.1349 4
    endloop
  endfacet
  facet normal 0.595588 -0.80329 0
    outer loop
      vertex 15.2221 -11.8427 4
      vertex 14.828 -12.1349 -4
      vertex 15.2221 -11.8427 -4
    endloop
  endfacet
  facet normal 0.427543 0.903995 -0
    outer loop
      vertex 16.0866 -20.6194 -4
      vertex 15.643 -20.4096 4
      vertex 16.0866 -20.6194 4
    endloop
  endfacet
  facet normal 0.427543 0.903995 0
    outer loop
      vertex 15.643 -20.4096 4
      vertex 16.0866 -20.6194 -4
      vertex 15.643 -20.4096 -4
    endloop
  endfacet
  facet normal -0.903995 -0.427543 0
    outer loop
      vertex 22.6194 -14.0866 -4
      vertex 22.4096 -13.643 4
      vertex 22.4096 -13.643 -4
    endloop
  endfacet
  facet normal -0.903995 -0.427543 0
    outer loop
      vertex 22.4096 -13.643 4
      vertex 22.6194 -14.0866 -4
      vertex 22.6194 -14.0866 4
    endloop
  endfacet
  facet normal 0.989177 -0.146726 0
    outer loop
      vertex 13.0241 -15.5099 4
      vertex 13.0961 -15.0245 -4
      vertex 13.0961 -15.0245 4
    endloop
  endfacet
  facet normal 0.989177 -0.146726 0
    outer loop
      vertex 13.0961 -15.0245 -4
      vertex 13.0241 -15.5099 4
      vertex 13.0241 -15.5099 -4
    endloop
  endfacet
  facet normal 0.336879 0.941548 -0
    outer loop
      vertex 16.5486 -20.7847 -4
      vertex 16.0866 -20.6194 4
      vertex 16.5486 -20.7847 4
    endloop
  endfacet
  facet normal 0.336879 0.941548 0
    outer loop
      vertex 16.0866 -20.6194 4
      vertex 16.5486 -20.7847 -4
      vertex 16.0866 -20.6194 -4
    endloop
  endfacet
  facet normal -0.0491143 -0.998793 0
    outer loop
      vertex 18 -11 -4
      vertex 18.4901 -11.0241 4
      vertex 18 -11 4
    endloop
  endfacet
  facet normal -0.0491143 -0.998793 -0
    outer loop
      vertex 18.4901 -11.0241 4
      vertex 18 -11 -4
      vertex 18.4901 -11.0241 -4
    endloop
  endfacet
  facet normal -0.671719 -0.740806 0
    outer loop
      vertex 21.172 -12.1349 -4
      vertex 21.5355 -12.4645 4
      vertex 21.172 -12.1349 4
    endloop
  endfacet
  facet normal -0.671719 -0.740806 -0
    outer loop
      vertex 21.5355 -12.4645 4
      vertex 21.172 -12.1349 -4
      vertex 21.5355 -12.4645 -4
    endloop
  endfacet
  facet normal -0.595588 -0.80329 0
    outer loop
      vertex 20.7779 -11.8427 -4
      vertex 21.172 -12.1349 4
      vertex 20.7779 -11.8427 4
    endloop
  endfacet
  facet normal -0.595588 -0.80329 -0
    outer loop
      vertex 21.172 -12.1349 4
      vertex 20.7779 -11.8427 -4
      vertex 21.172 -12.1349 -4
    endloop
  endfacet
  facet normal 0.970034 0.242967 0
    outer loop
      vertex 13.2153 -17.4514 4
      vertex 13.0961 -16.9755 -4
      vertex 13.0961 -16.9755 4
    endloop
  endfacet
  facet normal 0.970034 0.242967 0
    outer loop
      vertex 13.0961 -16.9755 -4
      vertex 13.2153 -17.4514 4
      vertex 13.2153 -17.4514 -4
    endloop
  endfacet
  facet normal 0.80329 0.595588 0
    outer loop
      vertex 14.1349 -19.172 4
      vertex 13.8427 -18.7779 -4
      vertex 13.8427 -18.7779 4
    endloop
  endfacet
  facet normal 0.80329 0.595588 0
    outer loop
      vertex 13.8427 -18.7779 -4
      vertex 14.1349 -19.172 4
      vertex 14.1349 -19.172 -4
    endloop
  endfacet
  facet normal -0.0491143 0.998793 0
    outer loop
      vertex 18.4901 -20.9759 -4
      vertex 18 -21 4
      vertex 18.4901 -20.9759 4
    endloop
  endfacet
  facet normal -0.0491143 0.998793 0
    outer loop
      vertex 18 -21 4
      vertex 18.4901 -20.9759 -4
      vertex 18 -21 -4
    endloop
  endfacet
  facet normal -0.989177 0.146726 0
    outer loop
      vertex 22.9039 -16.9755 -4
      vertex 22.9759 -16.4901 4
      vertex 22.9759 -16.4901 -4
    endloop
  endfacet
  facet normal -0.989177 0.146726 0
    outer loop
      vertex 22.9759 -16.4901 4
      vertex 22.9039 -16.9755 -4
      vertex 22.9039 -16.9755 4
    endloop
  endfacet
  facet normal -0.941548 0.336879 0
    outer loop
      vertex 22.6194 -17.9134 -4
      vertex 22.7847 -17.4514 4
      vertex 22.7847 -17.4514 -4
    endloop
  endfacet
  facet normal -0.941548 0.336879 0
    outer loop
      vertex 22.7847 -17.4514 4
      vertex 22.6194 -17.9134 -4
      vertex 22.6194 -17.9134 4
    endloop
  endfacet
  facet normal 0.998793 0.0491143 0
    outer loop
      vertex 13.0241 -16.4901 4
      vertex 13 -16 -4
      vertex 13 -16 4
    endloop
  endfacet
  facet normal 0.998793 0.0491143 0
    outer loop
      vertex 13 -16 -4
      vertex 13.0241 -16.4901 4
      vertex 13.0241 -16.4901 -4
    endloop
  endfacet
  facet normal 0.903995 -0.427543 0
    outer loop
      vertex 13.3806 -14.0866 4
      vertex 13.5904 -13.643 -4
      vertex 13.5904 -13.643 4
    endloop
  endfacet
  facet normal 0.903995 -0.427543 0
    outer loop
      vertex 13.5904 -13.643 -4
      vertex 13.3806 -14.0866 4
      vertex 13.3806 -14.0866 -4
    endloop
  endfacet
  facet normal -0.671719 0.740806 0
    outer loop
      vertex 21.5355 -19.5355 -4
      vertex 21.172 -19.8651 4
      vertex 21.5355 -19.5355 4
    endloop
  endfacet
  facet normal -0.671719 0.740806 0
    outer loop
      vertex 21.172 -19.8651 4
      vertex 21.5355 -19.5355 -4
      vertex 21.172 -19.8651 -4
    endloop
  endfacet
  facet normal -0.857709 -0.514136 0
    outer loop
      vertex 22.4096 -13.643 -4
      vertex 22.1573 -13.2221 4
      vertex 22.1573 -13.2221 -4
    endloop
  endfacet
  facet normal -0.857709 -0.514136 0
    outer loop
      vertex 22.1573 -13.2221 4
      vertex 22.4096 -13.643 -4
      vertex 22.4096 -13.643 4
    endloop
  endfacet
  facet normal -0.903995 0.427543 0
    outer loop
      vertex 22.4096 -18.357 -4
      vertex 22.6194 -17.9134 4
      vertex 22.6194 -17.9134 -4
    endloop
  endfacet
  facet normal -0.903995 0.427543 0
    outer loop
      vertex 22.6194 -17.9134 4
      vertex 22.4096 -18.357 -4
      vertex 22.4096 -18.357 4
    endloop
  endfacet
  facet normal 0.80329 -0.595588 0
    outer loop
      vertex 13.8427 -13.2221 4
      vertex 14.1349 -12.828 -4
      vertex 14.1349 -12.828 4
    endloop
  endfacet
  facet normal 0.80329 -0.595588 0
    outer loop
      vertex 14.1349 -12.828 -4
      vertex 13.8427 -13.2221 4
      vertex 13.8427 -13.2221 -4
    endloop
  endfacet
  facet normal 0.998793 -0.0491143 0
    outer loop
      vertex 13 -16 4
      vertex 13.0241 -15.5099 -4
      vertex 13.0241 -15.5099 4
    endloop
  endfacet
  facet normal 0.998793 -0.0491143 0
    outer loop
      vertex 13.0241 -15.5099 -4
      vertex 13 -16 4
      vertex 13 -16 -4
    endloop
  endfacet
  facet normal 0.671719 -0.740806 0
    outer loop
      vertex 14.4645 -12.4645 -4
      vertex 14.828 -12.1349 4
      vertex 14.4645 -12.4645 4
    endloop
  endfacet
  facet normal 0.671719 -0.740806 0
    outer loop
      vertex 14.828 -12.1349 4
      vertex 14.4645 -12.4645 -4
      vertex 14.828 -12.1349 -4
    endloop
  endfacet
  facet normal -0.857709 0.514136 0
    outer loop
      vertex 22.1573 -18.7779 -4
      vertex 22.4096 -18.357 4
      vertex 22.4096 -18.357 -4
    endloop
  endfacet
  facet normal -0.857709 0.514136 0
    outer loop
      vertex 22.4096 -18.357 4
      vertex 22.1573 -18.7779 -4
      vertex 22.1573 -18.7779 4
    endloop
  endfacet
  facet normal 0.989177 0.146726 0
    outer loop
      vertex 13.0961 -16.9755 4
      vertex 13.0241 -16.4901 -4
      vertex 13.0241 -16.4901 4
    endloop
  endfacet
  facet normal 0.989177 0.146726 0
    outer loop
      vertex 13.0241 -16.4901 -4
      vertex 13.0961 -16.9755 4
      vertex 13.0961 -16.9755 -4
    endloop
  endfacet
  facet normal -0.146726 -0.989177 0
    outer loop
      vertex 18.4901 -11.0241 -4
      vertex 18.9755 -11.0961 4
      vertex 18.4901 -11.0241 4
    endloop
  endfacet
  facet normal -0.146726 -0.989177 -0
    outer loop
      vertex 18.9755 -11.0961 4
      vertex 18.4901 -11.0241 -4
      vertex 18.9755 -11.0961 -4
    endloop
  endfacet
  facet normal -0.514136 0.857709 0
    outer loop
      vertex 20.7779 -20.1573 -4
      vertex 20.357 -20.4096 4
      vertex 20.7779 -20.1573 4
    endloop
  endfacet
  facet normal -0.514136 0.857709 0
    outer loop
      vertex 20.357 -20.4096 4
      vertex 20.7779 -20.1573 -4
      vertex 20.357 -20.4096 -4
    endloop
  endfacet
  facet normal 0.427543 -0.903995 0
    outer loop
      vertex 15.643 -11.5904 -4
      vertex 16.0866 -11.3806 4
      vertex 15.643 -11.5904 4
    endloop
  endfacet
  facet normal 0.427543 -0.903995 0
    outer loop
      vertex 16.0866 -11.3806 4
      vertex 15.643 -11.5904 -4
      vertex 16.0866 -11.3806 -4
    endloop
  endfacet
  facet normal -0.595588 0.80329 0
    outer loop
      vertex 21.172 -19.8651 -4
      vertex 20.7779 -20.1573 4
      vertex 21.172 -19.8651 4
    endloop
  endfacet
  facet normal -0.595588 0.80329 0
    outer loop
      vertex 20.7779 -20.1573 4
      vertex 21.172 -19.8651 -4
      vertex 20.7779 -20.1573 -4
    endloop
  endfacet
  facet normal 0.857709 0.514136 0
    outer loop
      vertex 13.8427 -18.7779 4
      vertex 13.5904 -18.357 -4
      vertex 13.5904 -18.357 4
    endloop
  endfacet
  facet normal 0.857709 0.514136 0
    outer loop
      vertex 13.5904 -18.357 -4
      vertex 13.8427 -18.7779 4
      vertex 13.8427 -18.7779 -4
    endloop
  endfacet
  facet normal -0.970034 0.242967 0
    outer loop
      vertex 22.7847 -17.4514 -4
      vertex 22.9039 -16.9755 4
      vertex 22.9039 -16.9755 -4
    endloop
  endfacet
  facet normal -0.970034 0.242967 0
    outer loop
      vertex 22.9039 -16.9755 4
      vertex 22.7847 -17.4514 -4
      vertex 22.7847 -17.4514 4
    endloop
  endfacet
  facet normal 0.970034 -0.242967 0
    outer loop
      vertex 13.0961 -15.0245 4
      vertex 13.2153 -14.5486 -4
      vertex 13.2153 -14.5486 4
    endloop
  endfacet
  facet normal 0.970034 -0.242967 0
    outer loop
      vertex 13.2153 -14.5486 -4
      vertex 13.0961 -15.0245 4
      vertex 13.0961 -15.0245 -4
    endloop
  endfacet
  facet normal 0.857709 -0.514136 0
    outer loop
      vertex 13.5904 -13.643 4
      vertex 13.8427 -13.2221 -4
      vertex 13.8427 -13.2221 4
    endloop
  endfacet
  facet normal 0.857709 -0.514136 0
    outer loop
      vertex 13.8427 -13.2221 -4
      vertex 13.5904 -13.643 4
      vertex 13.5904 -13.643 -4
    endloop
  endfacet
  facet normal -0.242967 0.970034 0
    outer loop
      vertex 19.4514 -20.7847 -4
      vertex 18.9755 -20.9039 4
      vertex 19.4514 -20.7847 4
    endloop
  endfacet
  facet normal -0.242967 0.970034 0
    outer loop
      vertex 18.9755 -20.9039 4
      vertex 19.4514 -20.7847 -4
      vertex 18.9755 -20.9039 -4
    endloop
  endfacet
  facet normal 0.903995 0.427543 0
    outer loop
      vertex 13.5904 -18.357 4
      vertex 13.3806 -17.9134 -4
      vertex 13.3806 -17.9134 4
    endloop
  endfacet
  facet normal 0.903995 0.427543 0
    outer loop
      vertex 13.3806 -17.9134 -4
      vertex 13.5904 -18.357 4
      vertex 13.5904 -18.357 -4
    endloop
  endfacet
  facet normal 0.146726 0.989177 -0
    outer loop
      vertex 17.5099 -20.9759 -4
      vertex 17.0245 -20.9039 4
      vertex 17.5099 -20.9759 4
    endloop
  endfacet
  facet normal 0.146726 0.989177 0
    outer loop
      vertex 17.0245 -20.9039 4
      vertex 17.5099 -20.9759 -4
      vertex 17.0245 -20.9039 -4
    endloop
  endfacet
  facet normal 0.514136 -0.857709 0
    outer loop
      vertex 15.2221 -11.8427 -4
      vertex 15.643 -11.5904 4
      vertex 15.2221 -11.8427 4
    endloop
  endfacet
  facet normal 0.514136 -0.857709 0
    outer loop
      vertex 15.643 -11.5904 4
      vertex 15.2221 -11.8427 -4
      vertex 15.643 -11.5904 -4
    endloop
  endfacet
  facet normal 0.595588 0.80329 -0
    outer loop
      vertex 15.2221 -20.1573 -4
      vertex 14.828 -19.8651 4
      vertex 15.2221 -20.1573 4
    endloop
  endfacet
  facet normal 0.595588 0.80329 0
    outer loop
      vertex 14.828 -19.8651 4
      vertex 15.2221 -20.1573 -4
      vertex 14.828 -19.8651 -4
    endloop
  endfacet
  facet normal 0.941548 -0.336879 0
    outer loop
      vertex 13.2153 -14.5486 4
      vertex 13.3806 -14.0866 -4
      vertex 13.3806 -14.0866 4
    endloop
  endfacet
  facet normal 0.941548 -0.336879 0
    outer loop
      vertex 13.3806 -14.0866 -4
      vertex 13.2153 -14.5486 4
      vertex 13.2153 -14.5486 -4
    endloop
  endfacet
  facet normal 0.514136 0.857709 -0
    outer loop
      vertex 15.643 -20.4096 -4
      vertex 15.2221 -20.1573 4
      vertex 15.643 -20.4096 4
    endloop
  endfacet
  facet normal 0.514136 0.857709 0
    outer loop
      vertex 15.2221 -20.1573 4
      vertex 15.643 -20.4096 -4
      vertex 15.2221 -20.1573 -4
    endloop
  endfacet
  facet normal -0.336879 0.941548 0
    outer loop
      vertex 19.9134 -4.6194 -4
      vertex 19.4514 -4.7847 4
      vertex 19.9134 -4.6194 4
    endloop
  endfacet
  facet normal -0.336879 0.941548 0
    outer loop
      vertex 19.4514 -4.7847 4
      vertex 19.9134 -4.6194 -4
      vertex 19.4514 -4.7847 -4
    endloop
  endfacet
  facet normal -0.989176 -0.146736 0
    outer loop
      vertex 22.9759 0.490086 -4
      vertex 22.9039 0.975451 4
      vertex 22.9039 0.975451 -4
    endloop
  endfacet
  facet normal -0.989176 -0.146736 0
    outer loop
      vertex 22.9039 0.975451 4
      vertex 22.9759 0.490086 -4
      vertex 22.9759 0.490086 4
    endloop
  endfacet
  facet normal -0.998793 -0.0491157 0
    outer loop
      vertex 23 0 -4
      vertex 22.9759 0.490086 4
      vertex 22.9759 0.490086 -4
    endloop
  endfacet
  facet normal -0.998793 -0.0491157 0
    outer loop
      vertex 22.9759 0.490086 4
      vertex 23 0 -4
      vertex 23 0 4
    endloop
  endfacet
  facet normal -0.970043 -0.242934 0
    outer loop
      vertex 22.9039 0.975451 -4
      vertex 22.7847 1.45142 4
      vertex 22.7847 1.45142 -4
    endloop
  endfacet
  facet normal -0.970043 -0.242934 0
    outer loop
      vertex 22.7847 1.45142 4
      vertex 22.9039 0.975451 -4
      vertex 22.9039 0.975451 4
    endloop
  endfacet
  facet normal 0.146706 0.98918 -0
    outer loop
      vertex 17.5099 -4.97592 -4
      vertex 17.0245 -4.90393 4
      vertex 17.5099 -4.97592 4
    endloop
  endfacet
  facet normal 0.146706 0.98918 0
    outer loop
      vertex 17.0245 -4.90393 4
      vertex 17.5099 -4.97592 -4
      vertex 17.0245 -4.90393 -4
    endloop
  endfacet
  facet normal -0.803304 -0.595569 0
    outer loop
      vertex 22.1573 2.77785 -4
      vertex 21.8651 3.17197 4
      vertex 21.8651 3.17197 -4
    endloop
  endfacet
  facet normal -0.803304 -0.595569 0
    outer loop
      vertex 21.8651 3.17197 4
      vertex 22.1573 2.77785 -4
      vertex 22.1573 2.77785 4
    endloop
  endfacet
  facet normal -0.998793 0.0491157 0
    outer loop
      vertex 22.9759 -0.490086 -4
      vertex 23 0 4
      vertex 23 0 -4
    endloop
  endfacet
  facet normal -0.998793 0.0491157 0
    outer loop
      vertex 23 0 4
      vertex 22.9759 -0.490086 -4
      vertex 22.9759 -0.490086 4
    endloop
  endfacet
  facet normal -0.514076 0.857745 0
    outer loop
      vertex 20.7779 -4.15735 -4
      vertex 20.357 -4.40961 4
      vertex 20.7779 -4.15735 4
    endloop
  endfacet
  facet normal -0.514076 0.857745 0
    outer loop
      vertex 20.357 -4.40961 4
      vertex 20.7779 -4.15735 -4
      vertex 20.357 -4.40961 -4
    endloop
  endfacet
  facet normal -0.427526 0.904003 0
    outer loop
      vertex 20.357 -4.40961 -4
      vertex 19.9134 -4.6194 4
      vertex 20.357 -4.40961 4
    endloop
  endfacet
  facet normal -0.427526 0.904003 0
    outer loop
      vertex 19.9134 -4.6194 4
      vertex 20.357 -4.40961 -4
      vertex 19.9134 -4.6194 -4
    endloop
  endfacet
  facet normal -0.803304 0.595569 0
    outer loop
      vertex 21.8651 -3.17197 -4
      vertex 22.1573 -2.77785 4
      vertex 22.1573 -2.77785 -4
    endloop
  endfacet
  facet normal -0.803304 0.595569 0
    outer loop
      vertex 22.1573 -2.77785 4
      vertex 21.8651 -3.17197 -4
      vertex 21.8651 -3.17197 4
    endloop
  endfacet
  facet normal 0.243025 -0.97002 0
    outer loop
      vertex 16.5486 4.7847 -4
      vertex 17.0245 4.90393 4
      vertex 16.5486 4.7847 4
    endloop
  endfacet
  facet normal 0.243025 -0.97002 0
    outer loop
      vertex 17.0245 4.90393 4
      vertex 16.5486 4.7847 -4
      vertex 17.0245 4.90393 -4
    endloop
  endfacet
  facet normal 0.595791 -0.803139 0
    outer loop
      vertex 15 3.99259 -4
      vertex 15.2221 4.15735 4
      vertex 15 3.99259 4
    endloop
  endfacet
  facet normal 0.595791 -0.803139 0
    outer loop
      vertex 15.2221 4.15735 4
      vertex 15 3.99259 -4
      vertex 15.2221 4.15735 -4
    endloop
  endfacet
  facet normal -0.0490736 -0.998795 0
    outer loop
      vertex 18 5 -4
      vertex 18.4901 4.97592 4
      vertex 18 5 4
    endloop
  endfacet
  facet normal -0.0490736 -0.998795 -0
    outer loop
      vertex 18.4901 4.97592 4
      vertex 18 5 -4
      vertex 18.4901 4.97592 -4
    endloop
  endfacet
  facet normal -0.243025 0.97002 0
    outer loop
      vertex 19.4514 -4.7847 -4
      vertex 18.9755 -4.90393 4
      vertex 19.4514 -4.7847 4
    endloop
  endfacet
  facet normal -0.243025 0.97002 0
    outer loop
      vertex 18.9755 -4.90393 4
      vertex 19.4514 -4.7847 -4
      vertex 18.9755 -4.90393 -4
    endloop
  endfacet
  facet normal 0.243025 0.97002 -0
    outer loop
      vertex 17.0245 -4.90393 -4
      vertex 16.5486 -4.7847 4
      vertex 17.0245 -4.90393 4
    endloop
  endfacet
  facet normal 0.243025 0.97002 0
    outer loop
      vertex 16.5486 -4.7847 4
      vertex 17.0245 -4.90393 -4
      vertex 16.5486 -4.7847 -4
    endloop
  endfacet
  facet normal -0.243025 -0.97002 0
    outer loop
      vertex 18.9755 4.90393 -4
      vertex 19.4514 4.7847 4
      vertex 18.9755 4.90393 4
    endloop
  endfacet
  facet normal -0.243025 -0.97002 -0
    outer loop
      vertex 19.4514 4.7847 4
      vertex 18.9755 4.90393 -4
      vertex 19.4514 4.7847 -4
    endloop
  endfacet
  facet normal -0.514076 -0.857745 0
    outer loop
      vertex 20.357 4.40961 -4
      vertex 20.7779 4.15735 4
      vertex 20.357 4.40961 4
    endloop
  endfacet
  facet normal -0.514076 -0.857745 -0
    outer loop
      vertex 20.7779 4.15735 4
      vertex 20.357 4.40961 -4
      vertex 20.7779 4.15735 -4
    endloop
  endfacet
  facet normal -0.740861 -0.671658 0
    outer loop
      vertex 21.8651 3.17197 -4
      vertex 21.5355 3.53553 4
      vertex 21.5355 3.53553 -4
    endloop
  endfacet
  facet normal -0.740861 -0.671658 0
    outer loop
      vertex 21.5355 3.53553 4
      vertex 21.8651 3.17197 -4
      vertex 21.8651 3.17197 4
    endloop
  endfacet
  facet normal -0.90398 0.427575 0
    outer loop
      vertex 22.4096 -2.35698 -4
      vertex 22.6194 -1.91342 4
      vertex 22.6194 -1.91342 -4
    endloop
  endfacet
  facet normal -0.90398 0.427575 0
    outer loop
      vertex 22.6194 -1.91342 4
      vertex 22.4096 -2.35698 -4
      vertex 22.4096 -2.35698 4
    endloop
  endfacet
  facet normal -0.90398 -0.427575 0
    outer loop
      vertex 22.6194 1.91342 -4
      vertex 22.4096 2.35698 4
      vertex 22.4096 2.35698 -4
    endloop
  endfacet
  facet normal -0.90398 -0.427575 0
    outer loop
      vertex 22.4096 2.35698 4
      vertex 22.6194 1.91342 -4
      vertex 22.6194 1.91342 4
    endloop
  endfacet
  facet normal -0.671629 0.740887 0
    outer loop
      vertex 21.5355 -3.53553 -4
      vertex 21.172 -3.86505 4
      vertex 21.5355 -3.53553 4
    endloop
  endfacet
  facet normal -0.671629 0.740887 0
    outer loop
      vertex 21.172 -3.86505 4
      vertex 21.5355 -3.53553 -4
      vertex 21.172 -3.86505 -4
    endloop
  endfacet
  facet normal -0.59572 -0.803192 0
    outer loop
      vertex 20.7779 4.15735 -4
      vertex 21.172 3.86505 4
      vertex 20.7779 4.15735 4
    endloop
  endfacet
  facet normal -0.59572 -0.803192 -0
    outer loop
      vertex 21.172 3.86505 4
      vertex 20.7779 4.15735 -4
      vertex 21.172 3.86505 -4
    endloop
  endfacet
  facet normal -0.941548 -0.336879 0
    outer loop
      vertex 22.7847 1.45142 -4
      vertex 22.6194 1.91342 4
      vertex 22.6194 1.91342 -4
    endloop
  endfacet
  facet normal -0.941548 -0.336879 0
    outer loop
      vertex 22.6194 1.91342 4
      vertex 22.7847 1.45142 -4
      vertex 22.7847 1.45142 4
    endloop
  endfacet
  facet normal -0.0490736 0.998795 0
    outer loop
      vertex 18.4901 -4.97592 -4
      vertex 18 -5 4
      vertex 18.4901 -4.97592 4
    endloop
  endfacet
  facet normal -0.0490736 0.998795 0
    outer loop
      vertex 18 -5 4
      vertex 18.4901 -4.97592 -4
      vertex 18 -5 -4
    endloop
  endfacet
  facet normal 0.514076 0.857745 -0
    outer loop
      vertex 15.643 -4.40961 -4
      vertex 15.2221 -4.15735 4
      vertex 15.643 -4.40961 4
    endloop
  endfacet
  facet normal 0.514076 0.857745 0
    outer loop
      vertex 15.2221 -4.15735 4
      vertex 15.643 -4.40961 -4
      vertex 15.2221 -4.15735 -4
    endloop
  endfacet
  facet normal -0.427526 -0.904003 0
    outer loop
      vertex 19.9134 4.6194 -4
      vertex 20.357 4.40961 4
      vertex 19.9134 4.6194 4
    endloop
  endfacet
  facet normal -0.427526 -0.904003 -0
    outer loop
      vertex 20.357 4.40961 4
      vertex 19.9134 4.6194 -4
      vertex 20.357 4.40961 -4
    endloop
  endfacet
  facet normal -0.857692 0.514163 0
    outer loop
      vertex 22.1573 -2.77785 -4
      vertex 22.4096 -2.35698 4
      vertex 22.4096 -2.35698 -4
    endloop
  endfacet
  facet normal -0.857692 0.514163 0
    outer loop
      vertex 22.4096 -2.35698 4
      vertex 22.1573 -2.77785 -4
      vertex 22.1573 -2.77785 4
    endloop
  endfacet
  facet normal -0.970043 0.242934 0
    outer loop
      vertex 22.7847 -1.45142 -4
      vertex 22.9039 -0.975451 4
      vertex 22.9039 -0.975451 -4
    endloop
  endfacet
  facet normal -0.970043 0.242934 0
    outer loop
      vertex 22.9039 -0.975451 4
      vertex 22.7847 -1.45142 -4
      vertex 22.7847 -1.45142 4
    endloop
  endfacet
  facet normal 0.336879 -0.941548 0
    outer loop
      vertex 16.0866 4.6194 -4
      vertex 16.5486 4.7847 4
      vertex 16.0866 4.6194 4
    endloop
  endfacet
  facet normal 0.336879 -0.941548 0
    outer loop
      vertex 16.5486 4.7847 4
      vertex 16.0866 4.6194 -4
      vertex 16.5486 4.7847 -4
    endloop
  endfacet
  facet normal -0.336879 -0.941548 0
    outer loop
      vertex 19.4514 4.7847 -4
      vertex 19.9134 4.6194 4
      vertex 19.4514 4.7847 4
    endloop
  endfacet
  facet normal -0.336879 -0.941548 -0
    outer loop
      vertex 19.9134 4.6194 4
      vertex 19.4514 4.7847 -4
      vertex 19.9134 4.6194 -4
    endloop
  endfacet
  facet normal 0.514076 -0.857745 0
    outer loop
      vertex 15.2221 4.15735 -4
      vertex 15.643 4.40961 4
      vertex 15.2221 4.15735 4
    endloop
  endfacet
  facet normal 0.514076 -0.857745 0
    outer loop
      vertex 15.643 4.40961 4
      vertex 15.2221 4.15735 -4
      vertex 15.643 4.40961 -4
    endloop
  endfacet
  facet normal 0.146706 -0.98918 0
    outer loop
      vertex 17.0245 4.90393 -4
      vertex 17.5099 4.97592 4
      vertex 17.0245 4.90393 4
    endloop
  endfacet
  facet normal 0.146706 -0.98918 0
    outer loop
      vertex 17.5099 4.97592 4
      vertex 17.0245 4.90393 -4
      vertex 17.5099 4.97592 -4
    endloop
  endfacet
  facet normal 0.0490736 -0.998795 0
    outer loop
      vertex 17.5099 4.97592 -4
      vertex 18 5 4
      vertex 17.5099 4.97592 4
    endloop
  endfacet
  facet normal 0.0490736 -0.998795 0
    outer loop
      vertex 18 5 4
      vertex 17.5099 4.97592 -4
      vertex 18 5 -4
    endloop
  endfacet
  facet normal 0.427526 -0.904003 0
    outer loop
      vertex 15.643 4.40961 -4
      vertex 16.0866 4.6194 4
      vertex 15.643 4.40961 4
    endloop
  endfacet
  facet normal 0.427526 -0.904003 0
    outer loop
      vertex 16.0866 4.6194 4
      vertex 15.643 4.40961 -4
      vertex 16.0866 4.6194 -4
    endloop
  endfacet
  facet normal -0.989176 0.146736 0
    outer loop
      vertex 22.9039 -0.975451 -4
      vertex 22.9759 -0.490086 4
      vertex 22.9759 -0.490086 -4
    endloop
  endfacet
  facet normal -0.989176 0.146736 0
    outer loop
      vertex 22.9759 -0.490086 4
      vertex 22.9039 -0.975451 -4
      vertex 22.9039 -0.975451 4
    endloop
  endfacet
  facet normal -0.740861 0.671658 0
    outer loop
      vertex 21.5355 -3.53553 -4
      vertex 21.8651 -3.17197 4
      vertex 21.8651 -3.17197 -4
    endloop
  endfacet
  facet normal -0.740861 0.671658 0
    outer loop
      vertex 21.8651 -3.17197 4
      vertex 21.5355 -3.53553 -4
      vertex 21.5355 -3.53553 4
    endloop
  endfacet
  facet normal -0.857692 -0.514163 0
    outer loop
      vertex 22.4096 2.35698 -4
      vertex 22.1573 2.77785 4
      vertex 22.1573 2.77785 -4
    endloop
  endfacet
  facet normal -0.857692 -0.514163 0
    outer loop
      vertex 22.1573 2.77785 4
      vertex 22.4096 2.35698 -4
      vertex 22.4096 2.35698 4
    endloop
  endfacet
  facet normal -0.941548 0.336879 0
    outer loop
      vertex 22.6194 -1.91342 -4
      vertex 22.7847 -1.45142 4
      vertex 22.7847 -1.45142 -4
    endloop
  endfacet
  facet normal -0.941548 0.336879 0
    outer loop
      vertex 22.7847 -1.45142 4
      vertex 22.6194 -1.91342 -4
      vertex 22.6194 -1.91342 4
    endloop
  endfacet
  facet normal 0.427526 0.904003 -0
    outer loop
      vertex 16.0866 -4.6194 -4
      vertex 15.643 -4.40961 4
      vertex 16.0866 -4.6194 4
    endloop
  endfacet
  facet normal 0.427526 0.904003 0
    outer loop
      vertex 15.643 -4.40961 4
      vertex 16.0866 -4.6194 -4
      vertex 15.643 -4.40961 -4
    endloop
  endfacet
  facet normal -0.146706 0.98918 0
    outer loop
      vertex 18.9755 -4.90393 -4
      vertex 18.4901 -4.97592 4
      vertex 18.9755 -4.90393 4
    endloop
  endfacet
  facet normal -0.146706 0.98918 0
    outer loop
      vertex 18.4901 -4.97592 4
      vertex 18.9755 -4.90393 -4
      vertex 18.4901 -4.97592 -4
    endloop
  endfacet
  facet normal -0.59572 0.803192 0
    outer loop
      vertex 21.172 -3.86505 -4
      vertex 20.7779 -4.15735 4
      vertex 21.172 -3.86505 4
    endloop
  endfacet
  facet normal -0.59572 0.803192 0
    outer loop
      vertex 20.7779 -4.15735 4
      vertex 21.172 -3.86505 -4
      vertex 20.7779 -4.15735 -4
    endloop
  endfacet
  facet normal -0.671629 -0.740887 0
    outer loop
      vertex 21.172 3.86505 -4
      vertex 21.5355 3.53553 4
      vertex 21.172 3.86505 4
    endloop
  endfacet
  facet normal -0.671629 -0.740887 -0
    outer loop
      vertex 21.5355 3.53553 4
      vertex 21.172 3.86505 -4
      vertex 21.5355 3.53553 -4
    endloop
  endfacet
  facet normal 0.336879 0.941548 -0
    outer loop
      vertex 16.5486 -4.7847 -4
      vertex 16.0866 -4.6194 4
      vertex 16.5486 -4.7847 4
    endloop
  endfacet
  facet normal 0.336879 0.941548 0
    outer loop
      vertex 16.0866 -4.6194 4
      vertex 16.5486 -4.7847 -4
      vertex 16.0866 -4.6194 -4
    endloop
  endfacet
  facet normal 0.0490736 0.998795 -0
    outer loop
      vertex 18 -5 -4
      vertex 17.5099 -4.97592 4
      vertex 18 -5 4
    endloop
  endfacet
  facet normal 0.0490736 0.998795 0
    outer loop
      vertex 17.5099 -4.97592 4
      vertex 18 -5 -4
      vertex 17.5099 -4.97592 -4
    endloop
  endfacet
  facet normal -0.146706 -0.98918 0
    outer loop
      vertex 18.4901 4.97592 -4
      vertex 18.9755 4.90393 4
      vertex 18.4901 4.97592 4
    endloop
  endfacet
  facet normal -0.146706 -0.98918 -0
    outer loop
      vertex 18.9755 4.90393 4
      vertex 18.4901 4.97592 -4
      vertex 18.9755 4.90393 -4
    endloop
  endfacet
  facet normal 0.595791 0.803139 -0
    outer loop
      vertex 15.2221 -4.15735 -4
      vertex 15 -3.99259 4
      vertex 15.2221 -4.15735 4
    endloop
  endfacet
  facet normal 0.595791 0.803139 0
    outer loop
      vertex 15 -3.99259 4
      vertex 15.2221 -4.15735 -4
      vertex 15 -3.99259 -4
    endloop
  endfacet
  facet normal -0.989177 0.146726 0
    outer loop
      vertex 22.9039 15.0245 -4
      vertex 22.9759 15.5099 4
      vertex 22.9759 15.5099 -4
    endloop
  endfacet
  facet normal -0.989177 0.146726 0
    outer loop
      vertex 22.9759 15.5099 4
      vertex 22.9039 15.0245 -4
      vertex 22.9039 15.0245 4
    endloop
  endfacet
  facet normal 0.595588 -0.80329 0
    outer loop
      vertex 14.828 19.8651 -4
      vertex 15.2221 20.1573 4
      vertex 14.828 19.8651 4
    endloop
  endfacet
  facet normal 0.595588 -0.80329 0
    outer loop
      vertex 15.2221 20.1573 4
      vertex 14.828 19.8651 -4
      vertex 15.2221 20.1573 -4
    endloop
  endfacet
  facet normal -0.146726 0.989177 0
    outer loop
      vertex 18.9755 11.0961 -4
      vertex 18.4901 11.0241 4
      vertex 18.9755 11.0961 4
    endloop
  endfacet
  facet normal -0.146726 0.989177 0
    outer loop
      vertex 18.4901 11.0241 4
      vertex 18.9755 11.0961 -4
      vertex 18.4901 11.0241 -4
    endloop
  endfacet
  facet normal -0.740806 -0.671719 0
    outer loop
      vertex 21.8651 19.172 -4
      vertex 21.5355 19.5355 4
      vertex 21.5355 19.5355 -4
    endloop
  endfacet
  facet normal -0.740806 -0.671719 0
    outer loop
      vertex 21.5355 19.5355 4
      vertex 21.8651 19.172 -4
      vertex 21.8651 19.172 4
    endloop
  endfacet
  facet normal -0.941548 0.336879 0
    outer loop
      vertex 22.6194 14.0866 -4
      vertex 22.7847 14.5486 4
      vertex 22.7847 14.5486 -4
    endloop
  endfacet
  facet normal -0.941548 0.336879 0
    outer loop
      vertex 22.7847 14.5486 4
      vertex 22.6194 14.0866 -4
      vertex 22.6194 14.0866 4
    endloop
  endfacet
  facet normal 0.427543 -0.903995 0
    outer loop
      vertex 15.643 20.4096 -4
      vertex 16.0866 20.6194 4
      vertex 15.643 20.4096 4
    endloop
  endfacet
  facet normal 0.427543 -0.903995 0
    outer loop
      vertex 16.0866 20.6194 4
      vertex 15.643 20.4096 -4
      vertex 16.0866 20.6194 -4
    endloop
  endfacet
  facet normal -0.857709 0.514136 0
    outer loop
      vertex 22.1573 13.2221 -4
      vertex 22.4096 13.643 4
      vertex 22.4096 13.643 -4
    endloop
  endfacet
  facet normal -0.857709 0.514136 0
    outer loop
      vertex 22.4096 13.643 4
      vertex 22.1573 13.2221 -4
      vertex 22.1573 13.2221 4
    endloop
  endfacet
  facet normal -0.941548 -0.336879 0
    outer loop
      vertex 22.7847 17.4514 -4
      vertex 22.6194 17.9134 4
      vertex 22.6194 17.9134 -4
    endloop
  endfacet
  facet normal -0.941548 -0.336879 0
    outer loop
      vertex 22.6194 17.9134 4
      vertex 22.7847 17.4514 -4
      vertex 22.7847 17.4514 4
    endloop
  endfacet
  facet normal -0.0491143 -0.998793 0
    outer loop
      vertex 18 21 -4
      vertex 18.4901 20.9759 4
      vertex 18 21 4
    endloop
  endfacet
  facet normal -0.0491143 -0.998793 -0
    outer loop
      vertex 18.4901 20.9759 4
      vertex 18 21 -4
      vertex 18.4901 20.9759 -4
    endloop
  endfacet
  facet normal -0.336879 -0.941548 0
    outer loop
      vertex 19.4514 20.7847 -4
      vertex 19.9134 20.6194 4
      vertex 19.4514 20.7847 4
    endloop
  endfacet
  facet normal -0.336879 -0.941548 -0
    outer loop
      vertex 19.9134 20.6194 4
      vertex 19.4514 20.7847 -4
      vertex 19.9134 20.6194 -4
    endloop
  endfacet
  facet normal 0.671719 0.740806 -0
    outer loop
      vertex 14.828 12.1349 -4
      vertex 14.4645 12.4645 4
      vertex 14.828 12.1349 4
    endloop
  endfacet
  facet normal 0.671719 0.740806 0
    outer loop
      vertex 14.4645 12.4645 4
      vertex 14.828 12.1349 -4
      vertex 14.4645 12.4645 -4
    endloop
  endfacet
  facet normal 0.514136 0.857709 -0
    outer loop
      vertex 15.643 11.5904 -4
      vertex 15.2221 11.8427 4
      vertex 15.643 11.5904 4
    endloop
  endfacet
  facet normal 0.514136 0.857709 0
    outer loop
      vertex 15.2221 11.8427 4
      vertex 15.643 11.5904 -4
      vertex 15.2221 11.8427 -4
    endloop
  endfacet
  facet normal -0.989177 -0.146726 0
    outer loop
      vertex 22.9759 16.4901 -4
      vertex 22.9039 16.9755 4
      vertex 22.9039 16.9755 -4
    endloop
  endfacet
  facet normal -0.989177 -0.146726 0
    outer loop
      vertex 22.9039 16.9755 4
      vertex 22.9759 16.4901 -4
      vertex 22.9759 16.4901 4
    endloop
  endfacet
  facet normal 0.146726 -0.989177 0
    outer loop
      vertex 17.0245 20.9039 -4
      vertex 17.5099 20.9759 4
      vertex 17.0245 20.9039 4
    endloop
  endfacet
  facet normal 0.146726 -0.989177 0
    outer loop
      vertex 17.5099 20.9759 4
      vertex 17.0245 20.9039 -4
      vertex 17.5099 20.9759 -4
    endloop
  endfacet
  facet normal -0.998793 -0.0491143 0
    outer loop
      vertex 23 16 -4
      vertex 22.9759 16.4901 4
      vertex 22.9759 16.4901 -4
    endloop
  endfacet
  facet normal -0.998793 -0.0491143 0
    outer loop
      vertex 22.9759 16.4901 4
      vertex 23 16 -4
      vertex 23 16 4
    endloop
  endfacet
  facet normal 0.336879 0.941548 -0
    outer loop
      vertex 16.5486 11.2153 -4
      vertex 16.0866 11.3806 4
      vertex 16.5486 11.2153 4
    endloop
  endfacet
  facet normal 0.336879 0.941548 0
    outer loop
      vertex 16.0866 11.3806 4
      vertex 16.5486 11.2153 -4
      vertex 16.0866 11.3806 -4
    endloop
  endfacet
  facet normal 0.242967 -0.970034 0
    outer loop
      vertex 16.5486 20.7847 -4
      vertex 17.0245 20.9039 4
      vertex 16.5486 20.7847 4
    endloop
  endfacet
  facet normal 0.242967 -0.970034 0
    outer loop
      vertex 17.0245 20.9039 4
      vertex 16.5486 20.7847 -4
      vertex 17.0245 20.9039 -4
    endloop
  endfacet
  facet normal -0.427543 -0.903995 0
    outer loop
      vertex 19.9134 20.6194 -4
      vertex 20.357 20.4096 4
      vertex 19.9134 20.6194 4
    endloop
  endfacet
  facet normal -0.427543 -0.903995 -0
    outer loop
      vertex 20.357 20.4096 4
      vertex 19.9134 20.6194 -4
      vertex 20.357 20.4096 -4
    endloop
  endfacet
  facet normal 0.80329 0.595588 0
    outer loop
      vertex 14.1349 12.828 4
      vertex 13.8427 13.2221 -4
      vertex 13.8427 13.2221 4
    endloop
  endfacet
  facet normal 0.80329 0.595588 0
    outer loop
      vertex 13.8427 13.2221 -4
      vertex 14.1349 12.828 4
      vertex 14.1349 12.828 -4
    endloop
  endfacet
  facet normal 0.336879 -0.941548 0
    outer loop
      vertex 16.0866 20.6194 -4
      vertex 16.5486 20.7847 4
      vertex 16.0866 20.6194 4
    endloop
  endfacet
  facet normal 0.336879 -0.941548 0
    outer loop
      vertex 16.5486 20.7847 4
      vertex 16.0866 20.6194 -4
      vertex 16.5486 20.7847 -4
    endloop
  endfacet
  facet normal 0.989177 0.146726 0
    outer loop
      vertex 13.0961 15.0245 4
      vertex 13.0241 15.5099 -4
      vertex 13.0241 15.5099 4
    endloop
  endfacet
  facet normal 0.989177 0.146726 0
    outer loop
      vertex 13.0241 15.5099 -4
      vertex 13.0961 15.0245 4
      vertex 13.0961 15.0245 -4
    endloop
  endfacet
  facet normal -0.80329 0.595588 0
    outer loop
      vertex 21.8651 12.828 -4
      vertex 22.1573 13.2221 4
      vertex 22.1573 13.2221 -4
    endloop
  endfacet
  facet normal -0.80329 0.595588 0
    outer loop
      vertex 22.1573 13.2221 4
      vertex 21.8651 12.828 -4
      vertex 21.8651 12.828 4
    endloop
  endfacet
  facet normal 0.998793 -0.0491143 0
    outer loop
      vertex 13 16 4
      vertex 13.0241 16.4901 -4
      vertex 13.0241 16.4901 4
    endloop
  endfacet
  facet normal 0.998793 -0.0491143 0
    outer loop
      vertex 13.0241 16.4901 -4
      vertex 13 16 4
      vertex 13 16 -4
    endloop
  endfacet
  facet normal -0.970034 0.242967 0
    outer loop
      vertex 22.7847 14.5486 -4
      vertex 22.9039 15.0245 4
      vertex 22.9039 15.0245 -4
    endloop
  endfacet
  facet normal -0.970034 0.242967 0
    outer loop
      vertex 22.9039 15.0245 4
      vertex 22.7847 14.5486 -4
      vertex 22.7847 14.5486 4
    endloop
  endfacet
  facet normal -0.970034 -0.242967 0
    outer loop
      vertex 22.9039 16.9755 -4
      vertex 22.7847 17.4514 4
      vertex 22.7847 17.4514 -4
    endloop
  endfacet
  facet normal -0.970034 -0.242967 0
    outer loop
      vertex 22.7847 17.4514 4
      vertex 22.9039 16.9755 -4
      vertex 22.9039 16.9755 4
    endloop
  endfacet
  facet normal -0.740806 0.671719 0
    outer loop
      vertex 21.5355 12.4645 -4
      vertex 21.8651 12.828 4
      vertex 21.8651 12.828 -4
    endloop
  endfacet
  facet normal -0.740806 0.671719 0
    outer loop
      vertex 21.8651 12.828 4
      vertex 21.5355 12.4645 -4
      vertex 21.5355 12.4645 4
    endloop
  endfacet
  facet normal -0.595588 0.80329 0
    outer loop
      vertex 21.172 12.1349 -4
      vertex 20.7779 11.8427 4
      vertex 21.172 12.1349 4
    endloop
  endfacet
  facet normal -0.595588 0.80329 0
    outer loop
      vertex 20.7779 11.8427 4
      vertex 21.172 12.1349 -4
      vertex 20.7779 11.8427 -4
    endloop
  endfacet
  facet normal -0.514136 0.857709 0
    outer loop
      vertex 20.7779 11.8427 -4
      vertex 20.357 11.5904 4
      vertex 20.7779 11.8427 4
    endloop
  endfacet
  facet normal -0.514136 0.857709 0
    outer loop
      vertex 20.357 11.5904 4
      vertex 20.7779 11.8427 -4
      vertex 20.357 11.5904 -4
    endloop
  endfacet
  facet normal 0.941548 0.336879 0
    outer loop
      vertex 13.3806 14.0866 4
      vertex 13.2153 14.5486 -4
      vertex 13.2153 14.5486 4
    endloop
  endfacet
  facet normal 0.941548 0.336879 0
    outer loop
      vertex 13.2153 14.5486 -4
      vertex 13.3806 14.0866 4
      vertex 13.3806 14.0866 -4
    endloop
  endfacet
  facet normal -0.595588 -0.80329 0
    outer loop
      vertex 20.7779 20.1573 -4
      vertex 21.172 19.8651 4
      vertex 20.7779 20.1573 4
    endloop
  endfacet
  facet normal -0.595588 -0.80329 -0
    outer loop
      vertex 21.172 19.8651 4
      vertex 20.7779 20.1573 -4
      vertex 21.172 19.8651 -4
    endloop
  endfacet
  facet normal 0.989177 -0.146726 0
    outer loop
      vertex 13.0241 16.4901 4
      vertex 13.0961 16.9755 -4
      vertex 13.0961 16.9755 4
    endloop
  endfacet
  facet normal 0.989177 -0.146726 0
    outer loop
      vertex 13.0961 16.9755 -4
      vertex 13.0241 16.4901 4
      vertex 13.0241 16.4901 -4
    endloop
  endfacet
  facet normal -0.0491143 0.998793 0
    outer loop
      vertex 18.4901 11.0241 -4
      vertex 18 11 4
      vertex 18.4901 11.0241 4
    endloop
  endfacet
  facet normal -0.0491143 0.998793 0
    outer loop
      vertex 18 11 4
      vertex 18.4901 11.0241 -4
      vertex 18 11 -4
    endloop
  endfacet
  facet normal -0.857709 -0.514136 0
    outer loop
      vertex 22.4096 18.357 -4
      vertex 22.1573 18.7779 4
      vertex 22.1573 18.7779 -4
    endloop
  endfacet
  facet normal -0.857709 -0.514136 0
    outer loop
      vertex 22.1573 18.7779 4
      vertex 22.4096 18.357 -4
      vertex 22.4096 18.357 4
    endloop
  endfacet
  facet normal 0.740806 0.671719 0
    outer loop
      vertex 14.4645 12.4645 4
      vertex 14.1349 12.828 -4
      vertex 14.1349 12.828 4
    endloop
  endfacet
  facet normal 0.740806 0.671719 0
    outer loop
      vertex 14.1349 12.828 -4
      vertex 14.4645 12.4645 4
      vertex 14.4645 12.4645 -4
    endloop
  endfacet
  facet normal -0.514136 -0.857709 0
    outer loop
      vertex 20.357 20.4096 -4
      vertex 20.7779 20.1573 4
      vertex 20.357 20.4096 4
    endloop
  endfacet
  facet normal -0.514136 -0.857709 -0
    outer loop
      vertex 20.7779 20.1573 4
      vertex 20.357 20.4096 -4
      vertex 20.7779 20.1573 -4
    endloop
  endfacet
  facet normal -0.998793 0.0491143 0
    outer loop
      vertex 22.9759 15.5099 -4
      vertex 23 16 4
      vertex 23 16 -4
    endloop
  endfacet
  facet normal -0.998793 0.0491143 0
    outer loop
      vertex 23 16 4
      vertex 22.9759 15.5099 -4
      vertex 22.9759 15.5099 4
    endloop
  endfacet
  facet normal 0.0491143 -0.998793 0
    outer loop
      vertex 17.5099 20.9759 -4
      vertex 18 21 4
      vertex 17.5099 20.9759 4
    endloop
  endfacet
  facet normal 0.0491143 -0.998793 0
    outer loop
      vertex 18 21 4
      vertex 17.5099 20.9759 -4
      vertex 18 21 -4
    endloop
  endfacet
  facet normal -0.242967 0.970034 0
    outer loop
      vertex 19.4514 11.2153 -4
      vertex 18.9755 11.0961 4
      vertex 19.4514 11.2153 4
    endloop
  endfacet
  facet normal -0.242967 0.970034 0
    outer loop
      vertex 18.9755 11.0961 4
      vertex 19.4514 11.2153 -4
      vertex 18.9755 11.0961 -4
    endloop
  endfacet
  facet normal 0.80329 -0.595588 0
    outer loop
      vertex 13.8427 18.7779 4
      vertex 14.1349 19.172 -4
      vertex 14.1349 19.172 4
    endloop
  endfacet
  facet normal 0.80329 -0.595588 0
    outer loop
      vertex 14.1349 19.172 -4
      vertex 13.8427 18.7779 4
      vertex 13.8427 18.7779 -4
    endloop
  endfacet
  facet normal 0.998793 0.0491143 0
    outer loop
      vertex 13.0241 15.5099 4
      vertex 13 16 -4
      vertex 13 16 4
    endloop
  endfacet
  facet normal 0.998793 0.0491143 0
    outer loop
      vertex 13 16 -4
      vertex 13.0241 15.5099 4
      vertex 13.0241 15.5099 -4
    endloop
  endfacet
  facet normal 0.970034 -0.242967 0
    outer loop
      vertex 13.0961 16.9755 4
      vertex 13.2153 17.4514 -4
      vertex 13.2153 17.4514 4
    endloop
  endfacet
  facet normal 0.970034 -0.242967 0
    outer loop
      vertex 13.2153 17.4514 -4
      vertex 13.0961 16.9755 4
      vertex 13.0961 16.9755 -4
    endloop
  endfacet
  facet normal -0.903995 -0.427543 0
    outer loop
      vertex 22.6194 17.9134 -4
      vertex 22.4096 18.357 4
      vertex 22.4096 18.357 -4
    endloop
  endfacet
  facet normal -0.903995 -0.427543 0
    outer loop
      vertex 22.4096 18.357 4
      vertex 22.6194 17.9134 -4
      vertex 22.6194 17.9134 4
    endloop
  endfacet
  facet normal -0.80329 -0.595588 0
    outer loop
      vertex 22.1573 18.7779 -4
      vertex 21.8651 19.172 4
      vertex 21.8651 19.172 -4
    endloop
  endfacet
  facet normal -0.80329 -0.595588 0
    outer loop
      vertex 21.8651 19.172 4
      vertex 22.1573 18.7779 -4
      vertex 22.1573 18.7779 4
    endloop
  endfacet
  facet normal 0.740806 -0.671719 0
    outer loop
      vertex 14.1349 19.172 4
      vertex 14.4645 19.5355 -4
      vertex 14.4645 19.5355 4
    endloop
  endfacet
  facet normal 0.740806 -0.671719 0
    outer loop
      vertex 14.4645 19.5355 -4
      vertex 14.1349 19.172 4
      vertex 14.1349 19.172 -4
    endloop
  endfacet
  facet normal 0.671719 -0.740806 0
    outer loop
      vertex 14.4645 19.5355 -4
      vertex 14.828 19.8651 4
      vertex 14.4645 19.5355 4
    endloop
  endfacet
  facet normal 0.671719 -0.740806 0
    outer loop
      vertex 14.828 19.8651 4
      vertex 14.4645 19.5355 -4
      vertex 14.828 19.8651 -4
    endloop
  endfacet
  facet normal -0.671719 -0.740806 0
    outer loop
      vertex 21.172 19.8651 -4
      vertex 21.5355 19.5355 4
      vertex 21.172 19.8651 4
    endloop
  endfacet
  facet normal -0.671719 -0.740806 -0
    outer loop
      vertex 21.5355 19.5355 4
      vertex 21.172 19.8651 -4
      vertex 21.5355 19.5355 -4
    endloop
  endfacet
  facet normal -0.146726 -0.989177 0
    outer loop
      vertex 18.4901 20.9759 -4
      vertex 18.9755 20.9039 4
      vertex 18.4901 20.9759 4
    endloop
  endfacet
  facet normal -0.146726 -0.989177 -0
    outer loop
      vertex 18.9755 20.9039 4
      vertex 18.4901 20.9759 -4
      vertex 18.9755 20.9039 -4
    endloop
  endfacet
  facet normal 0.146726 0.989177 -0
    outer loop
      vertex 17.5099 11.0241 -4
      vertex 17.0245 11.0961 4
      vertex 17.5099 11.0241 4
    endloop
  endfacet
  facet normal 0.146726 0.989177 0
    outer loop
      vertex 17.0245 11.0961 4
      vertex 17.5099 11.0241 -4
      vertex 17.0245 11.0961 -4
    endloop
  endfacet
  facet normal 0.970034 0.242967 0
    outer loop
      vertex 13.2153 14.5486 4
      vertex 13.0961 15.0245 -4
      vertex 13.0961 15.0245 4
    endloop
  endfacet
  facet normal 0.970034 0.242967 0
    outer loop
      vertex 13.0961 15.0245 -4
      vertex 13.2153 14.5486 4
      vertex 13.2153 14.5486 -4
    endloop
  endfacet
  facet normal -0.242967 -0.970034 0
    outer loop
      vertex 18.9755 20.9039 -4
      vertex 19.4514 20.7847 4
      vertex 18.9755 20.9039 4
    endloop
  endfacet
  facet normal -0.242967 -0.970034 -0
    outer loop
      vertex 19.4514 20.7847 4
      vertex 18.9755 20.9039 -4
      vertex 19.4514 20.7847 -4
    endloop
  endfacet
  facet normal 0.941548 -0.336879 0
    outer loop
      vertex 13.2153 17.4514 4
      vertex 13.3806 17.9134 -4
      vertex 13.3806 17.9134 4
    endloop
  endfacet
  facet normal 0.941548 -0.336879 0
    outer loop
      vertex 13.3806 17.9134 -4
      vertex 13.2153 17.4514 4
      vertex 13.2153 17.4514 -4
    endloop
  endfacet
  facet normal 0.903995 0.427543 0
    outer loop
      vertex 13.5904 13.643 4
      vertex 13.3806 14.0866 -4
      vertex 13.3806 14.0866 4
    endloop
  endfacet
  facet normal 0.903995 0.427543 0
    outer loop
      vertex 13.3806 14.0866 -4
      vertex 13.5904 13.643 4
      vertex 13.5904 13.643 -4
    endloop
  endfacet
  facet normal 0.242967 0.970034 -0
    outer loop
      vertex 17.0245 11.0961 -4
      vertex 16.5486 11.2153 4
      vertex 17.0245 11.0961 4
    endloop
  endfacet
  facet normal 0.242967 0.970034 0
    outer loop
      vertex 16.5486 11.2153 4
      vertex 17.0245 11.0961 -4
      vertex 16.5486 11.2153 -4
    endloop
  endfacet
  facet normal -0.336879 0.941548 0
    outer loop
      vertex 19.9134 11.3806 -4
      vertex 19.4514 11.2153 4
      vertex 19.9134 11.3806 4
    endloop
  endfacet
  facet normal -0.336879 0.941548 0
    outer loop
      vertex 19.4514 11.2153 4
      vertex 19.9134 11.3806 -4
      vertex 19.4514 11.2153 -4
    endloop
  endfacet
  facet normal -0.427543 0.903995 0
    outer loop
      vertex 20.357 11.5904 -4
      vertex 19.9134 11.3806 4
      vertex 20.357 11.5904 4
    endloop
  endfacet
  facet normal -0.427543 0.903995 0
    outer loop
      vertex 19.9134 11.3806 4
      vertex 20.357 11.5904 -4
      vertex 19.9134 11.3806 -4
    endloop
  endfacet
  facet normal 0.857709 -0.514136 0
    outer loop
      vertex 13.5904 18.357 4
      vertex 13.8427 18.7779 -4
      vertex 13.8427 18.7779 4
    endloop
  endfacet
  facet normal 0.857709 -0.514136 0
    outer loop
      vertex 13.8427 18.7779 -4
      vertex 13.5904 18.357 4
      vertex 13.5904 18.357 -4
    endloop
  endfacet
  facet normal 0.903995 -0.427543 0
    outer loop
      vertex 13.3806 17.9134 4
      vertex 13.5904 18.357 -4
      vertex 13.5904 18.357 4
    endloop
  endfacet
  facet normal 0.903995 -0.427543 0
    outer loop
      vertex 13.5904 18.357 -4
      vertex 13.3806 17.9134 4
      vertex 13.3806 17.9134 -4
    endloop
  endfacet
  facet normal -0.671719 0.740806 0
    outer loop
      vertex 21.5355 12.4645 -4
      vertex 21.172 12.1349 4
      vertex 21.5355 12.4645 4
    endloop
  endfacet
  facet normal -0.671719 0.740806 0
    outer loop
      vertex 21.172 12.1349 4
      vertex 21.5355 12.4645 -4
      vertex 21.172 12.1349 -4
    endloop
  endfacet
  facet normal 0.595588 0.80329 -0
    outer loop
      vertex 15.2221 11.8427 -4
      vertex 14.828 12.1349 4
      vertex 15.2221 11.8427 4
    endloop
  endfacet
  facet normal 0.595588 0.80329 0
    outer loop
      vertex 14.828 12.1349 4
      vertex 15.2221 11.8427 -4
      vertex 14.828 12.1349 -4
    endloop
  endfacet
  facet normal 0.857709 0.514136 0
    outer loop
      vertex 13.8427 13.2221 4
      vertex 13.5904 13.643 -4
      vertex 13.5904 13.643 4
    endloop
  endfacet
  facet normal 0.857709 0.514136 0
    outer loop
      vertex 13.5904 13.643 -4
      vertex 13.8427 13.2221 4
      vertex 13.8427 13.2221 -4
    endloop
  endfacet
  facet normal 0.514136 -0.857709 0
    outer loop
      vertex 15.2221 20.1573 -4
      vertex 15.643 20.4096 4
      vertex 15.2221 20.1573 4
    endloop
  endfacet
  facet normal 0.514136 -0.857709 0
    outer loop
      vertex 15.643 20.4096 4
      vertex 15.2221 20.1573 -4
      vertex 15.643 20.4096 -4
    endloop
  endfacet
  facet normal 0.0491143 0.998793 -0
    outer loop
      vertex 18 11 -4
      vertex 17.5099 11.0241 4
      vertex 18 11 4
    endloop
  endfacet
  facet normal 0.0491143 0.998793 0
    outer loop
      vertex 17.5099 11.0241 4
      vertex 18 11 -4
      vertex 17.5099 11.0241 -4
    endloop
  endfacet
  facet normal -0.903995 0.427543 0
    outer loop
      vertex 22.4096 13.643 -4
      vertex 22.6194 14.0866 4
      vertex 22.6194 14.0866 -4
    endloop
  endfacet
  facet normal -0.903995 0.427543 0
    outer loop
      vertex 22.6194 14.0866 4
      vertex 22.4096 13.643 -4
      vertex 22.4096 13.643 4
    endloop
  endfacet
  facet normal 0.427543 0.903995 -0
    outer loop
      vertex 16.0866 11.3806 -4
      vertex 15.643 11.5904 4
      vertex 16.0866 11.3806 4
    endloop
  endfacet
  facet normal 0.427543 0.903995 0
    outer loop
      vertex 15.643 11.5904 4
      vertex 16.0866 11.3806 -4
      vertex 15.643 11.5904 -4
    endloop
  endfacet
  facet normal 0.0489209 0.998803 -0
    outer loop
      vertex 30 -22.5 -4
      vertex 29.755 -22.488 4
      vertex 30 -22.5 4
    endloop
  endfacet
  facet normal 0.0489209 0.998803 0
    outer loop
      vertex 29.755 -22.488 4
      vertex 30 -22.5 -4
      vertex 29.755 -22.488 -4
    endloop
  endfacet
  facet normal 0.741101 0.671394 0
    outer loop
      vertex 28.2322 -21.7678 4
      vertex 28.0675 -21.586 -4
      vertex 28.0675 -21.586 4
    endloop
  endfacet
  facet normal 0.741101 0.671394 0
    outer loop
      vertex 28.0675 -21.586 -4
      vertex 28.2322 -21.7678 4
      vertex 28.2322 -21.7678 -4
    endloop
  endfacet
  facet normal 0.671394 0.741101 -0
    outer loop
      vertex 28.414 -21.9325 -4
      vertex 28.2322 -21.7678 4
      vertex 28.414 -21.9325 4
    endloop
  endfacet
  facet normal 0.671394 0.741101 0
    outer loop
      vertex 28.2322 -21.7678 4
      vertex 28.414 -21.9325 -4
      vertex 28.2322 -21.7678 -4
    endloop
  endfacet
  facet normal 0.0489209 -0.998803 0
    outer loop
      vertex 29.755 -17.512 -4
      vertex 30 -17.5 4
      vertex 29.755 -17.512 4
    endloop
  endfacet
  facet normal 0.0489209 -0.998803 0
    outer loop
      vertex 30 -17.5 4
      vertex 29.755 -17.512 -4
      vertex 30 -17.5 -4
    endloop
  endfacet
  facet normal 0.941483 0.337059 0
    outer loop
      vertex 27.6903 -20.9567 4
      vertex 27.6076 -20.7257 -4
      vertex 27.6076 -20.7257 4
    endloop
  endfacet
  facet normal 0.941483 0.337059 0
    outer loop
      vertex 27.6076 -20.7257 -4
      vertex 27.6903 -20.9567 4
      vertex 27.6903 -20.9567 -4
    endloop
  endfacet
  facet normal 0.242919 -0.970047 0
    outer loop
      vertex 29.2743 -17.6076 -4
      vertex 29.5123 -17.548 4
      vertex 29.2743 -17.6076 4
    endloop
  endfacet
  facet normal 0.242919 -0.970047 0
    outer loop
      vertex 29.5123 -17.548 4
      vertex 29.2743 -17.6076 -4
      vertex 29.5123 -17.548 -4
    endloop
  endfacet
  facet normal 0.243303 0.96995 -0
    outer loop
      vertex 29.5123 -22.452 -4
      vertex 29.2743 -22.3923 4
      vertex 29.5123 -22.452 4
    endloop
  endfacet
  facet normal 0.243303 0.96995 0
    outer loop
      vertex 29.2743 -22.3923 4
      vertex 29.5123 -22.452 -4
      vertex 29.2743 -22.3923 -4
    endloop
  endfacet
  facet normal 0.146726 -0.989177 0
    outer loop
      vertex 29.5123 -17.548 -4
      vertex 29.755 -17.512 4
      vertex 29.5123 -17.548 4
    endloop
  endfacet
  facet normal 0.146726 -0.989177 0
    outer loop
      vertex 29.755 -17.512 4
      vertex 29.5123 -17.548 -4
      vertex 29.755 -17.512 -4
    endloop
  endfacet
  facet normal 0.337059 -0.941483 0
    outer loop
      vertex 29.0433 -17.6903 -4
      vertex 29.2743 -17.6076 4
      vertex 29.0433 -17.6903 4
    endloop
  endfacet
  facet normal 0.337059 -0.941483 0
    outer loop
      vertex 29.2743 -17.6076 4
      vertex 29.0433 -17.6903 -4
      vertex 29.2743 -17.6076 -4
    endloop
  endfacet
  facet normal -0.147684 0.989035 0
    outer loop
      vertex 30.3113 -22.4781 -4
      vertex 30.245 -22.488 4
      vertex 30.3113 -22.4781 4
    endloop
  endfacet
  facet normal -0.147684 0.989035 0
    outer loop
      vertex 30.245 -22.488 4
      vertex 30.3113 -22.4781 -4
      vertex 30.245 -22.488 -4
    endloop
  endfacet
  facet normal 0.741101 -0.671394 0
    outer loop
      vertex 28.0675 -18.414 4
      vertex 28.2322 -18.2322 -4
      vertex 28.2322 -18.2322 4
    endloop
  endfacet
  facet normal 0.741101 -0.671394 0
    outer loop
      vertex 28.2322 -18.2322 -4
      vertex 28.0675 -18.414 4
      vertex 28.0675 -18.414 -4
    endloop
  endfacet
  facet normal 0.595754 -0.803167 0
    outer loop
      vertex 28.414 -18.0675 -4
      vertex 28.6111 -17.9213 4
      vertex 28.414 -18.0675 4
    endloop
  endfacet
  facet normal 0.595754 -0.803167 0
    outer loop
      vertex 28.6111 -17.9213 4
      vertex 28.414 -18.0675 -4
      vertex 28.6111 -17.9213 -4
    endloop
  endfacet
  facet normal 0.427543 0.903995 -0
    outer loop
      vertex 29.0433 -22.3097 -4
      vertex 28.8215 -22.2048 4
      vertex 29.0433 -22.3097 4
    endloop
  endfacet
  facet normal 0.427543 0.903995 0
    outer loop
      vertex 28.8215 -22.2048 4
      vertex 29.0433 -22.3097 -4
      vertex 28.8215 -22.2048 -4
    endloop
  endfacet
  facet normal 0.989177 -0.146726 0
    outer loop
      vertex 27.512 -19.755 4
      vertex 27.548 -19.5123 -4
      vertex 27.548 -19.5123 4
    endloop
  endfacet
  facet normal 0.989177 -0.146726 0
    outer loop
      vertex 27.548 -19.5123 -4
      vertex 27.512 -19.755 4
      vertex 27.512 -19.755 -4
    endloop
  endfacet
  facet normal 0.336698 0.941613 -0
    outer loop
      vertex 29.2743 -22.3923 -4
      vertex 29.0433 -22.3097 4
      vertex 29.2743 -22.3923 4
    endloop
  endfacet
  facet normal 0.336698 0.941613 0
    outer loop
      vertex 29.0433 -22.3097 4
      vertex 29.2743 -22.3923 -4
      vertex 29.0433 -22.3097 -4
    endloop
  endfacet
  facet normal -0.0489209 -0.998803 0
    outer loop
      vertex 30 -17.5 -4
      vertex 30.245 -17.512 4
      vertex 30 -17.5 4
    endloop
  endfacet
  facet normal -0.0489209 -0.998803 -0
    outer loop
      vertex 30.245 -17.512 4
      vertex 30 -17.5 -4
      vertex 30.245 -17.512 -4
    endloop
  endfacet
  facet normal 0.970047 0.242919 0
    outer loop
      vertex 27.6076 -20.7257 4
      vertex 27.548 -20.4877 -4
      vertex 27.548 -20.4877 4
    endloop
  endfacet
  facet normal 0.970047 0.242919 0
    outer loop
      vertex 27.548 -20.4877 -4
      vertex 27.6076 -20.7257 4
      vertex 27.6076 -20.7257 -4
    endloop
  endfacet
  facet normal 0.803167 0.595754 0
    outer loop
      vertex 28.0675 -21.586 4
      vertex 27.9213 -21.3889 -4
      vertex 27.9213 -21.3889 4
    endloop
  endfacet
  facet normal 0.803167 0.595754 0
    outer loop
      vertex 27.9213 -21.3889 -4
      vertex 28.0675 -21.586 4
      vertex 28.0675 -21.586 -4
    endloop
  endfacet
  facet normal 0.998803 0.0489209 0
    outer loop
      vertex 27.512 -20.245 4
      vertex 27.5 -20 -4
      vertex 27.5 -20 4
    endloop
  endfacet
  facet normal 0.998803 0.0489209 0
    outer loop
      vertex 27.5 -20 -4
      vertex 27.512 -20.245 4
      vertex 27.512 -20.245 -4
    endloop
  endfacet
  facet normal 0.903995 -0.427543 0
    outer loop
      vertex 27.6903 -19.0433 4
      vertex 27.7952 -18.8215 -4
      vertex 27.7952 -18.8215 4
    endloop
  endfacet
  facet normal 0.903995 -0.427543 0
    outer loop
      vertex 27.7952 -18.8215 -4
      vertex 27.6903 -19.0433 4
      vertex 27.6903 -19.0433 -4
    endloop
  endfacet
  facet normal 0.998803 -0.0489209 0
    outer loop
      vertex 27.5 -20 4
      vertex 27.512 -19.755 -4
      vertex 27.512 -19.755 4
    endloop
  endfacet
  facet normal 0.998803 -0.0489209 0
    outer loop
      vertex 27.512 -19.755 -4
      vertex 27.5 -20 4
      vertex 27.5 -20 -4
    endloop
  endfacet
  facet normal 0.671394 -0.741101 0
    outer loop
      vertex 28.2322 -18.2322 -4
      vertex 28.414 -18.0675 4
      vertex 28.2322 -18.2322 4
    endloop
  endfacet
  facet normal 0.671394 -0.741101 0
    outer loop
      vertex 28.414 -18.0675 4
      vertex 28.2322 -18.2322 -4
      vertex 28.414 -18.0675 -4
    endloop
  endfacet
  facet normal 0.989177 0.146726 0
    outer loop
      vertex 27.548 -20.4877 4
      vertex 27.512 -20.245 -4
      vertex 27.512 -20.245 4
    endloop
  endfacet
  facet normal 0.989177 0.146726 0
    outer loop
      vertex 27.512 -20.245 -4
      vertex 27.548 -20.4877 4
      vertex 27.548 -20.4877 -4
    endloop
  endfacet
  facet normal -0.147684 -0.989035 0
    outer loop
      vertex 30.245 -17.512 -4
      vertex 30.3113 -17.5219 4
      vertex 30.245 -17.512 4
    endloop
  endfacet
  facet normal -0.147684 -0.989035 -0
    outer loop
      vertex 30.3113 -17.5219 4
      vertex 30.245 -17.512 -4
      vertex 30.3113 -17.5219 -4
    endloop
  endfacet
  facet normal 0.427543 -0.903995 0
    outer loop
      vertex 28.8215 -17.7952 -4
      vertex 29.0433 -17.6903 4
      vertex 28.8215 -17.7952 4
    endloop
  endfacet
  facet normal 0.427543 -0.903995 0
    outer loop
      vertex 29.0433 -17.6903 4
      vertex 28.8215 -17.7952 -4
      vertex 29.0433 -17.6903 -4
    endloop
  endfacet
  facet normal -0.0489209 0.998803 0
    outer loop
      vertex 30.245 -22.488 -4
      vertex 30 -22.5 4
      vertex 30.245 -22.488 4
    endloop
  endfacet
  facet normal -0.0489209 0.998803 0
    outer loop
      vertex 30 -22.5 4
      vertex 30.245 -22.488 -4
      vertex 30 -22.5 -4
    endloop
  endfacet
  facet normal 0.857745 0.514076 0
    outer loop
      vertex 27.9213 -21.3889 4
      vertex 27.7952 -21.1785 -4
      vertex 27.7952 -21.1785 4
    endloop
  endfacet
  facet normal 0.857745 0.514076 0
    outer loop
      vertex 27.7952 -21.1785 -4
      vertex 27.9213 -21.3889 4
      vertex 27.9213 -21.3889 -4
    endloop
  endfacet
  facet normal 0.970047 -0.242919 0
    outer loop
      vertex 27.548 -19.5123 4
      vertex 27.6076 -19.2743 -4
      vertex 27.6076 -19.2743 4
    endloop
  endfacet
  facet normal 0.970047 -0.242919 0
    outer loop
      vertex 27.6076 -19.2743 -4
      vertex 27.548 -19.5123 4
      vertex 27.548 -19.5123 -4
    endloop
  endfacet
  facet normal 0.857745 -0.514076 0
    outer loop
      vertex 27.7952 -18.8215 4
      vertex 27.9213 -18.6111 -4
      vertex 27.9213 -18.6111 4
    endloop
  endfacet
  facet normal 0.857745 -0.514076 0
    outer loop
      vertex 27.9213 -18.6111 -4
      vertex 27.7952 -18.8215 4
      vertex 27.7952 -18.8215 -4
    endloop
  endfacet
  facet normal 0.903995 0.427543 0
    outer loop
      vertex 27.7952 -21.1785 4
      vertex 27.6903 -20.9567 -4
      vertex 27.6903 -20.9567 4
    endloop
  endfacet
  facet normal 0.903995 0.427543 0
    outer loop
      vertex 27.6903 -20.9567 -4
      vertex 27.7952 -21.1785 4
      vertex 27.7952 -21.1785 -4
    endloop
  endfacet
  facet normal 0.146726 0.989177 -0
    outer loop
      vertex 29.755 -22.488 -4
      vertex 29.5123 -22.452 4
      vertex 29.755 -22.488 4
    endloop
  endfacet
  facet normal 0.146726 0.989177 0
    outer loop
      vertex 29.5123 -22.452 4
      vertex 29.755 -22.488 -4
      vertex 29.5123 -22.452 -4
    endloop
  endfacet
  facet normal 0.514076 -0.857745 0
    outer loop
      vertex 28.6111 -17.9213 -4
      vertex 28.8215 -17.7952 4
      vertex 28.6111 -17.9213 4
    endloop
  endfacet
  facet normal 0.514076 -0.857745 0
    outer loop
      vertex 28.8215 -17.7952 4
      vertex 28.6111 -17.9213 -4
      vertex 28.8215 -17.7952 -4
    endloop
  endfacet
  facet normal 0.803167 -0.595754 0
    outer loop
      vertex 27.9213 -18.6111 4
      vertex 28.0675 -18.414 -4
      vertex 28.0675 -18.414 4
    endloop
  endfacet
  facet normal 0.803167 -0.595754 0
    outer loop
      vertex 28.0675 -18.414 -4
      vertex 27.9213 -18.6111 4
      vertex 27.9213 -18.6111 -4
    endloop
  endfacet
  facet normal 0.595754 0.803167 -0
    outer loop
      vertex 28.6111 -22.0787 -4
      vertex 28.414 -21.9325 4
      vertex 28.6111 -22.0787 4
    endloop
  endfacet
  facet normal 0.595754 0.803167 0
    outer loop
      vertex 28.414 -21.9325 4
      vertex 28.6111 -22.0787 -4
      vertex 28.414 -21.9325 -4
    endloop
  endfacet
  facet normal 0.941483 -0.337059 0
    outer loop
      vertex 27.6076 -19.2743 4
      vertex 27.6903 -19.0433 -4
      vertex 27.6903 -19.0433 4
    endloop
  endfacet
  facet normal 0.941483 -0.337059 0
    outer loop
      vertex 27.6903 -19.0433 -4
      vertex 27.6076 -19.2743 4
      vertex 27.6076 -19.2743 -4
    endloop
  endfacet
  facet normal 0.514076 0.857745 -0
    outer loop
      vertex 28.8215 -22.2048 -4
      vertex 28.6111 -22.0787 4
      vertex 28.8215 -22.2048 4
    endloop
  endfacet
  facet normal 0.514076 0.857745 0
    outer loop
      vertex 28.6111 -22.0787 4
      vertex 28.8215 -22.2048 -4
      vertex 28.6111 -22.0787 -4
    endloop
  endfacet
  facet normal 0.337059 0.941483 -0
    outer loop
      vertex 29.2743 17.6076 -4
      vertex 29.0433 17.6903 4
      vertex 29.2743 17.6076 4
    endloop
  endfacet
  facet normal 0.337059 0.941483 0
    outer loop
      vertex 29.0433 17.6903 4
      vertex 29.2743 17.6076 -4
      vertex 29.0433 17.6903 -4
    endloop
  endfacet
  facet normal 0.989177 -0.146726 0
    outer loop
      vertex 27.512 20.245 4
      vertex 27.548 20.4877 -4
      vertex 27.548 20.4877 4
    endloop
  endfacet
  facet normal 0.989177 -0.146726 0
    outer loop
      vertex 27.548 20.4877 -4
      vertex 27.512 20.245 4
      vertex 27.512 20.245 -4
    endloop
  endfacet
  facet normal 0.242919 0.970047 -0
    outer loop
      vertex 29.5123 17.548 -4
      vertex 29.2743 17.6076 4
      vertex 29.5123 17.548 4
    endloop
  endfacet
  facet normal 0.242919 0.970047 0
    outer loop
      vertex 29.2743 17.6076 4
      vertex 29.5123 17.548 -4
      vertex 29.2743 17.6076 -4
    endloop
  endfacet
  facet normal 0.514076 -0.857745 0
    outer loop
      vertex 28.6111 22.0787 -4
      vertex 28.8215 22.2048 4
      vertex 28.6111 22.0787 4
    endloop
  endfacet
  facet normal 0.514076 -0.857745 0
    outer loop
      vertex 28.8215 22.2048 4
      vertex 28.6111 22.0787 -4
      vertex 28.8215 22.2048 -4
    endloop
  endfacet
  facet normal 0.903995 0.427543 0
    outer loop
      vertex 27.7952 18.8215 4
      vertex 27.6903 19.0433 -4
      vertex 27.6903 19.0433 4
    endloop
  endfacet
  facet normal 0.903995 0.427543 0
    outer loop
      vertex 27.6903 19.0433 -4
      vertex 27.7952 18.8215 4
      vertex 27.7952 18.8215 -4
    endloop
  endfacet
  facet normal 0.243303 -0.96995 0
    outer loop
      vertex 29.2743 22.3923 -4
      vertex 29.5123 22.452 4
      vertex 29.2743 22.3923 4
    endloop
  endfacet
  facet normal 0.243303 -0.96995 0
    outer loop
      vertex 29.5123 22.452 4
      vertex 29.2743 22.3923 -4
      vertex 29.5123 22.452 -4
    endloop
  endfacet
  facet normal 0.857745 0.514076 0
    outer loop
      vertex 27.9213 18.6111 4
      vertex 27.7952 18.8215 -4
      vertex 27.7952 18.8215 4
    endloop
  endfacet
  facet normal 0.857745 0.514076 0
    outer loop
      vertex 27.7952 18.8215 -4
      vertex 27.9213 18.6111 4
      vertex 27.9213 18.6111 -4
    endloop
  endfacet
  facet normal 0.595754 0.803167 -0
    outer loop
      vertex 28.6111 17.9213 -4
      vertex 28.414 18.0675 4
      vertex 28.6111 17.9213 4
    endloop
  endfacet
  facet normal 0.595754 0.803167 0
    outer loop
      vertex 28.414 18.0675 4
      vertex 28.6111 17.9213 -4
      vertex 28.414 18.0675 -4
    endloop
  endfacet
  facet normal -0.147684 -0.989035 0
    outer loop
      vertex 30.245 22.488 -4
      vertex 30.3113 22.4781 4
      vertex 30.245 22.488 4
    endloop
  endfacet
  facet normal -0.147684 -0.989035 -0
    outer loop
      vertex 30.3113 22.4781 4
      vertex 30.245 22.488 -4
      vertex 30.3113 22.4781 -4
    endloop
  endfacet
  facet normal 0.595754 -0.803167 0
    outer loop
      vertex 28.414 21.9325 -4
      vertex 28.6111 22.0787 4
      vertex 28.414 21.9325 4
    endloop
  endfacet
  facet normal 0.595754 -0.803167 0
    outer loop
      vertex 28.6111 22.0787 4
      vertex 28.414 21.9325 -4
      vertex 28.6111 22.0787 -4
    endloop
  endfacet
  facet normal 0.803167 -0.595754 0
    outer loop
      vertex 27.9213 21.3889 4
      vertex 28.0675 21.586 -4
      vertex 28.0675 21.586 4
    endloop
  endfacet
  facet normal 0.803167 -0.595754 0
    outer loop
      vertex 28.0675 21.586 -4
      vertex 27.9213 21.3889 4
      vertex 27.9213 21.3889 -4
    endloop
  endfacet
  facet normal 0.941483 -0.337059 0
    outer loop
      vertex 27.6076 20.7257 4
      vertex 27.6903 20.9567 -4
      vertex 27.6903 20.9567 4
    endloop
  endfacet
  facet normal 0.941483 -0.337059 0
    outer loop
      vertex 27.6903 20.9567 -4
      vertex 27.6076 20.7257 4
      vertex 27.6076 20.7257 -4
    endloop
  endfacet
  facet normal 0.941483 0.337059 0
    outer loop
      vertex 27.6903 19.0433 4
      vertex 27.6076 19.2743 -4
      vertex 27.6076 19.2743 4
    endloop
  endfacet
  facet normal 0.941483 0.337059 0
    outer loop
      vertex 27.6076 19.2743 -4
      vertex 27.6903 19.0433 4
      vertex 27.6903 19.0433 -4
    endloop
  endfacet
  facet normal 0.0489209 -0.998803 0
    outer loop
      vertex 29.755 22.488 -4
      vertex 30 22.5 4
      vertex 29.755 22.488 4
    endloop
  endfacet
  facet normal 0.0489209 -0.998803 0
    outer loop
      vertex 30 22.5 4
      vertex 29.755 22.488 -4
      vertex 30 22.5 -4
    endloop
  endfacet
  facet normal 0.427543 -0.903995 0
    outer loop
      vertex 28.8215 22.2048 -4
      vertex 29.0433 22.3097 4
      vertex 28.8215 22.2048 4
    endloop
  endfacet
  facet normal 0.427543 -0.903995 0
    outer loop
      vertex 29.0433 22.3097 4
      vertex 28.8215 22.2048 -4
      vertex 29.0433 22.3097 -4
    endloop
  endfacet
  facet normal 0.671394 -0.741101 0
    outer loop
      vertex 28.2322 21.7678 -4
      vertex 28.414 21.9325 4
      vertex 28.2322 21.7678 4
    endloop
  endfacet
  facet normal 0.671394 -0.741101 0
    outer loop
      vertex 28.414 21.9325 4
      vertex 28.2322 21.7678 -4
      vertex 28.414 21.9325 -4
    endloop
  endfacet
  facet normal 0.336698 -0.941613 0
    outer loop
      vertex 29.0433 22.3097 -4
      vertex 29.2743 22.3923 4
      vertex 29.0433 22.3097 4
    endloop
  endfacet
  facet normal 0.336698 -0.941613 0
    outer loop
      vertex 29.2743 22.3923 4
      vertex 29.0433 22.3097 -4
      vertex 29.2743 22.3923 -4
    endloop
  endfacet
  facet normal 0.857745 -0.514076 0
    outer loop
      vertex 27.7952 21.1785 4
      vertex 27.9213 21.3889 -4
      vertex 27.9213 21.3889 4
    endloop
  endfacet
  facet normal 0.857745 -0.514076 0
    outer loop
      vertex 27.9213 21.3889 -4
      vertex 27.7952 21.1785 4
      vertex 27.7952 21.1785 -4
    endloop
  endfacet
  facet normal 0.514076 0.857745 -0
    outer loop
      vertex 28.8215 17.7952 -4
      vertex 28.6111 17.9213 4
      vertex 28.8215 17.7952 4
    endloop
  endfacet
  facet normal 0.514076 0.857745 0
    outer loop
      vertex 28.6111 17.9213 4
      vertex 28.8215 17.7952 -4
      vertex 28.6111 17.9213 -4
    endloop
  endfacet
  facet normal -0.147684 0.989035 0
    outer loop
      vertex 30.3113 17.5219 -4
      vertex 30.245 17.512 4
      vertex 30.3113 17.5219 4
    endloop
  endfacet
  facet normal -0.147684 0.989035 0
    outer loop
      vertex 30.245 17.512 4
      vertex 30.3113 17.5219 -4
      vertex 30.245 17.512 -4
    endloop
  endfacet
  facet normal 0.998803 0.0489209 0
    outer loop
      vertex 27.512 19.755 4
      vertex 27.5 20 -4
      vertex 27.5 20 4
    endloop
  endfacet
  facet normal 0.998803 0.0489209 0
    outer loop
      vertex 27.5 20 -4
      vertex 27.512 19.755 4
      vertex 27.512 19.755 -4
    endloop
  endfacet
  facet normal 0.146726 -0.989177 0
    outer loop
      vertex 29.5123 22.452 -4
      vertex 29.755 22.488 4
      vertex 29.5123 22.452 4
    endloop
  endfacet
  facet normal 0.146726 -0.989177 0
    outer loop
      vertex 29.755 22.488 4
      vertex 29.5123 22.452 -4
      vertex 29.755 22.488 -4
    endloop
  endfacet
  facet normal -0.0489209 -0.998803 0
    outer loop
      vertex 30 22.5 -4
      vertex 30.245 22.488 4
      vertex 30 22.5 4
    endloop
  endfacet
  facet normal -0.0489209 -0.998803 -0
    outer loop
      vertex 30.245 22.488 4
      vertex 30 22.5 -4
      vertex 30.245 22.488 -4
    endloop
  endfacet
  facet normal 0.146726 0.989177 -0
    outer loop
      vertex 29.755 17.512 -4
      vertex 29.5123 17.548 4
      vertex 29.755 17.512 4
    endloop
  endfacet
  facet normal 0.146726 0.989177 0
    outer loop
      vertex 29.5123 17.548 4
      vertex 29.755 17.512 -4
      vertex 29.5123 17.548 -4
    endloop
  endfacet
  facet normal 0.0489209 0.998803 -0
    outer loop
      vertex 30 17.5 -4
      vertex 29.755 17.512 4
      vertex 30 17.5 4
    endloop
  endfacet
  facet normal 0.0489209 0.998803 0
    outer loop
      vertex 29.755 17.512 4
      vertex 30 17.5 -4
      vertex 29.755 17.512 -4
    endloop
  endfacet
  facet normal 0.741101 -0.671394 0
    outer loop
      vertex 28.0675 21.586 4
      vertex 28.2322 21.7678 -4
      vertex 28.2322 21.7678 4
    endloop
  endfacet
  facet normal 0.741101 -0.671394 0
    outer loop
      vertex 28.2322 21.7678 -4
      vertex 28.0675 21.586 4
      vertex 28.0675 21.586 -4
    endloop
  endfacet
  facet normal 0.903995 -0.427543 0
    outer loop
      vertex 27.6903 20.9567 4
      vertex 27.7952 21.1785 -4
      vertex 27.7952 21.1785 4
    endloop
  endfacet
  facet normal 0.903995 -0.427543 0
    outer loop
      vertex 27.7952 21.1785 -4
      vertex 27.6903 20.9567 4
      vertex 27.6903 20.9567 -4
    endloop
  endfacet
  facet normal 0.671394 0.741101 -0
    outer loop
      vertex 28.414 18.0675 -4
      vertex 28.2322 18.2322 4
      vertex 28.414 18.0675 4
    endloop
  endfacet
  facet normal 0.671394 0.741101 0
    outer loop
      vertex 28.2322 18.2322 4
      vertex 28.414 18.0675 -4
      vertex 28.2322 18.2322 -4
    endloop
  endfacet
  facet normal 0.970047 -0.242919 0
    outer loop
      vertex 27.548 20.4877 4
      vertex 27.6076 20.7257 -4
      vertex 27.6076 20.7257 4
    endloop
  endfacet
  facet normal 0.970047 -0.242919 0
    outer loop
      vertex 27.6076 20.7257 -4
      vertex 27.548 20.4877 4
      vertex 27.548 20.4877 -4
    endloop
  endfacet
  facet normal 0.970047 0.242919 0
    outer loop
      vertex 27.6076 19.2743 4
      vertex 27.548 19.5123 -4
      vertex 27.548 19.5123 4
    endloop
  endfacet
  facet normal 0.970047 0.242919 0
    outer loop
      vertex 27.548 19.5123 -4
      vertex 27.6076 19.2743 4
      vertex 27.6076 19.2743 -4
    endloop
  endfacet
  facet normal 0.427543 0.903995 -0
    outer loop
      vertex 29.0433 17.6903 -4
      vertex 28.8215 17.7952 4
      vertex 29.0433 17.6903 4
    endloop
  endfacet
  facet normal 0.427543 0.903995 0
    outer loop
      vertex 28.8215 17.7952 4
      vertex 29.0433 17.6903 -4
      vertex 28.8215 17.7952 -4
    endloop
  endfacet
  facet normal 0.741101 0.671394 0
    outer loop
      vertex 28.2322 18.2322 4
      vertex 28.0675 18.414 -4
      vertex 28.0675 18.414 4
    endloop
  endfacet
  facet normal 0.741101 0.671394 0
    outer loop
      vertex 28.0675 18.414 -4
      vertex 28.2322 18.2322 4
      vertex 28.2322 18.2322 -4
    endloop
  endfacet
  facet normal -0.0489209 0.998803 0
    outer loop
      vertex 30.245 17.512 -4
      vertex 30 17.5 4
      vertex 30.245 17.512 4
    endloop
  endfacet
  facet normal -0.0489209 0.998803 0
    outer loop
      vertex 30 17.5 4
      vertex 30.245 17.512 -4
      vertex 30 17.5 -4
    endloop
  endfacet
  facet normal 0.989177 0.146726 0
    outer loop
      vertex 27.548 19.5123 4
      vertex 27.512 19.755 -4
      vertex 27.512 19.755 4
    endloop
  endfacet
  facet normal 0.989177 0.146726 0
    outer loop
      vertex 27.512 19.755 -4
      vertex 27.548 19.5123 4
      vertex 27.548 19.5123 -4
    endloop
  endfacet
  facet normal 0.803167 0.595754 0
    outer loop
      vertex 28.0675 18.414 4
      vertex 27.9213 18.6111 -4
      vertex 27.9213 18.6111 4
    endloop
  endfacet
  facet normal 0.803167 0.595754 0
    outer loop
      vertex 27.9213 18.6111 -4
      vertex 28.0675 18.414 4
      vertex 28.0675 18.414 -4
    endloop
  endfacet
  facet normal 0.998803 -0.0489209 0
    outer loop
      vertex 27.5 20 4
      vertex 27.512 20.245 -4
      vertex 27.512 20.245 4
    endloop
  endfacet
  facet normal 0.998803 -0.0489209 0
    outer loop
      vertex 27.512 20.245 -4
      vertex 27.5 20 4
      vertex 27.5 20 -4
    endloop
  endfacet
  facet normal 1 -0 0
    outer loop
      vertex 32 23 4
      vertex 32 26 -4
      vertex 32 26 4
    endloop
  endfacet
  facet normal 1 0 0
    outer loop
      vertex 32 26 -4
      vertex 32 23 4
      vertex 32 23 -4
    endloop
  endfacet
  facet normal 1 -0 0
    outer loop
      vertex 32 -26 4
      vertex 32 -23 -4
      vertex 32 -23 4
    endloop
  endfacet
  facet normal 1 0 0
    outer loop
      vertex 32 -23 -4
      vertex 32 -26 4
      vertex 32 -26 -4
    endloop
  endfacet
  facet normal 1 -0 0
    outer loop
      vertex 32 -17 4
      vertex 32 17 -4
      vertex 32 17 4
    endloop
  endfacet
  facet normal 1 0 0
    outer loop
      vertex 32 17 -4
      vertex 32 -17 4
      vertex 32 -17 -4
    endloop
  endfacet
  facet normal -1 0 0
    outer loop
      vertex -32 -26 -4
      vertex -32 26 4
      vertex -32 26 -4
    endloop
  endfacet
  facet normal -1 -0 0
    outer loop
      vertex -32 26 4
      vertex -32 -26 -4
      vertex -32 -26 4
    endloop
  endfacet
  facet normal 0 1 -0
    outer loop
      vertex 32 26 -4
      vertex -32 26 4
      vertex 32 26 4
    endloop
  endfacet
  facet normal 0 1 0
    outer loop
      vertex -32 26 4
      vertex 32 26 -4
      vertex -32 26 -4
    endloop
  endfacet
  facet normal 0 -1 0
    outer loop
      vertex -32 -26 -4
      vertex 32 -26 4
      vertex -32 -26 4
    endloop
  endfacet
  facet normal 0 -1 -0
    outer loop
      vertex 32 -26 4
      vertex -32 -26 -4
      vertex 32 -26 -4
    endloop
  endfacet
  facet normal -1 0 0
    outer loop
      vertex 15 3.99259 -4
      vertex 15 10 4
      vertex 15 10 -4
    endloop
  endfacet
  facet normal -1 -0 0
    outer loop
      vertex 15 10 4
      vertex 15 3.99259 -4
      vertex 15 3.99259 4
    endloop
  endfacet
  facet normal -1 0 0
    outer loop
      vertex 15 -10 -4
      vertex 15 -3.99259 4
      vertex 15 -3.99259 -4
    endloop
  endfacet
  facet normal -1 -0 0
    outer loop
      vertex 15 -3.99259 4
      vertex 15 -10 -4
      vertex 15 -10 4
    endloop
  endfacet
  facet normal 1 -0 0
    outer loop
      vertex -15 3.99259 4
      vertex -15 10 -4
      vertex -15 10 4
    endloop
  endfacet
  facet normal 1 0 0
    outer loop
      vertex -15 10 -4
      vertex -15 3.99259 4
      vertex -15 3.99259 -4
    endloop
  endfacet
  facet normal 1 -0 0
    outer loop
      vertex -15 -10 4
      vertex -15 -3.99259 -4
      vertex -15 -3.99259 4
    endloop
  endfacet
  facet normal 1 0 0
    outer loop
      vertex -15 -3.99259 -4
      vertex -15 -10 4
      vertex -15 -10 -4
    endloop
  endfacet
  facet normal 0 -1 0
    outer loop
      vertex -15 10 -4
      vertex 15 10 4
      vertex -15 10 4
    endloop
  endfacet
  facet normal 0 -1 -0
    outer loop
      vertex 15 10 4
      vertex -15 10 -4
      vertex 15 10 -4
    endloop
  endfacet
  facet normal 0 1 -0
    outer loop
      vertex 15 -10 -4
      vertex -15 -10 4
      vertex 15 -10 4
    endloop
  endfacet
  facet normal 0 1 0
    outer loop
      vertex -15 -10 4
      vertex 15 -10 -4
      vertex -15 -10 -4
    endloop
  endfacet
  facet normal 0.595699 0.803208 -0
    outer loop
      vertex 33.9032 -17.681 -5
      vertex 33.6667 -17.5056 5
      vertex 33.9032 -17.681 5
    endloop
  endfacet
  facet normal 0.595699 0.803208 0
    outer loop
      vertex 33.6667 -17.5056 5
      vertex 33.9032 -17.681 -5
      vertex 33.6667 -17.5056 -5
    endloop
  endfacet
  facet normal -0.969982 0.243175 0
    outer loop
      vertex 29.0576 -19.4147 -5
      vertex 29.1292 -19.1291 5
      vertex 29.1292 -19.1291 -5
    endloop
  endfacet
  facet normal -0.969982 0.243175 0
    outer loop
      vertex 29.1292 -19.1291 5
      vertex 29.0576 -19.4147 -5
      vertex 29.0576 -19.4147 5
    endloop
  endfacet
  facet normal 0.337047 -0.941488 0
    outer loop
      vertex 32.8709 -22.8708 -5
      vertex 33.148 -22.7716 5
      vertex 32.8709 -22.8708 5
    endloop
  endfacet
  facet normal 0.337047 -0.941488 0
    outer loop
      vertex 33.148 -22.7716 5
      vertex 32.8709 -22.8708 -5
      vertex 33.148 -22.7716 -5
    endloop
  endfacet
  facet normal -0.941488 -0.337047 0
    outer loop
      vertex 29.2284 -21.148 -5
      vertex 29.1292 -20.8709 5
      vertex 29.1292 -20.8709 -5
    endloop
  endfacet
  facet normal -0.941488 -0.337047 0
    outer loop
      vertex 29.1292 -20.8709 5
      vertex 29.2284 -21.148 -5
      vertex 29.2284 -21.148 5
    endloop
  endfacet
  facet normal 0.514246 0.857643 -0
    outer loop
      vertex 33.6667 -17.5056 -5
      vertex 33.4142 -17.3542 5
      vertex 33.6667 -17.5056 5
    endloop
  endfacet
  facet normal 0.514246 0.857643 0
    outer loop
      vertex 33.4142 -17.3542 5
      vertex 33.6667 -17.5056 -5
      vertex 33.4142 -17.3542 -5
    endloop
  endfacet
  facet normal 0.904125 -0.427269 0
    outer loop
      vertex 34.6458 -21.4142 5
      vertex 34.7716 -21.148 -5
      vertex 34.7716 -21.148 5
    endloop
  endfacet
  facet normal 0.904125 -0.427269 0
    outer loop
      vertex 34.7716 -21.148 -5
      vertex 34.6458 -21.4142 5
      vertex 34.6458 -21.4142 -5
    endloop
  endfacet
  facet normal -0.904063 0.4274 0
    outer loop
      vertex 29.2284 -18.8519 -5
      vertex 29.3542 -18.5858 5
      vertex 29.3542 -18.5858 -5
    endloop
  endfacet
  facet normal -0.904063 0.4274 0
    outer loop
      vertex 29.3542 -18.5858 5
      vertex 29.2284 -18.8519 -5
      vertex 29.2284 -18.8519 5
    endloop
  endfacet
  facet normal 0.989174 0.146746 0
    outer loop
      vertex 34.9856 -19.7059 5
      vertex 34.9424 -19.4147 -5
      vertex 34.9424 -19.4147 5
    endloop
  endfacet
  facet normal 0.989174 0.146746 0
    outer loop
      vertex 34.9424 -19.4147 -5
      vertex 34.9856 -19.7059 5
      vertex 34.9856 -19.7059 -5
    endloop
  endfacet
  facet normal -0.969982 -0.243175 0
    outer loop
      vertex 29.1292 -20.8709 -5
      vertex 29.0576 -20.5853 5
      vertex 29.0576 -20.5853 -5
    endloop
  endfacet
  facet normal -0.969982 -0.243175 0
    outer loop
      vertex 29.0576 -20.5853 5
      vertex 29.1292 -20.8709 -5
      vertex 29.1292 -20.8709 5
    endloop
  endfacet
  facet normal 0.969982 0.243175 0
    outer loop
      vertex 34.9424 -19.4147 5
      vertex 34.8708 -19.1291 -5
      vertex 34.8708 -19.1291 5
    endloop
  endfacet
  facet normal 0.969982 0.243175 0
    outer loop
      vertex 34.8708 -19.1291 -5
      vertex 34.9424 -19.4147 5
      vertex 34.9424 -19.4147 -5
    endloop
  endfacet
  facet normal 0.803208 -0.595699 0
    outer loop
      vertex 34.319 -21.9032 5
      vertex 34.4944 -21.6667 -5
      vertex 34.4944 -21.6667 5
    endloop
  endfacet
  facet normal 0.803208 -0.595699 0
    outer loop
      vertex 34.4944 -21.6667 -5
      vertex 34.319 -21.9032 5
      vertex 34.319 -21.9032 -5
    endloop
  endfacet
  facet normal 0.146746 -0.989174 0
    outer loop
      vertex 32.2941 -22.9856 -5
      vertex 32.5853 -22.9424 5
      vertex 32.2941 -22.9856 5
    endloop
  endfacet
  facet normal 0.146746 -0.989174 0
    outer loop
      vertex 32.5853 -22.9424 5
      vertex 32.2941 -22.9856 -5
      vertex 32.5853 -22.9424 -5
    endloop
  endfacet
  facet normal -0.0489044 -0.998803 0
    outer loop
      vertex 31.7059 -22.9856 -5
      vertex 32 -23 -4
      vertex 31.7059 -22.9856 -4
    endloop
  endfacet
  facet normal -0.0489044 -0.998803 -0
    outer loop
      vertex 32 -23 -4
      vertex 31.7059 -22.9856 -5
      vertex 32 -23 -5
    endloop
  endfacet
  facet normal -0.0489044 -0.998803 0
    outer loop
      vertex 31.7059 -22.9856 4
      vertex 32 -23 5
      vertex 31.7059 -22.9856 5
    endloop
  endfacet
  facet normal -0.0489044 -0.998803 -0
    outer loop
      vertex 32 -23 5
      vertex 31.7059 -22.9856 4
      vertex 32 -23 4
    endloop
  endfacet
  facet normal 0.0489044 -0.998803 0
    outer loop
      vertex 32 -23 4
      vertex 32.2941 -22.9856 5
      vertex 32 -23 5
    endloop
  endfacet
  facet normal 0.0489044 -0.998803 0
    outer loop
      vertex 32 -23 -4
      vertex 32.2941 -22.9856 5
      vertex 32 -23 4
    endloop
  endfacet
  facet normal 0.0489044 -0.998803 0
    outer loop
      vertex 32.2941 -22.9856 -5
      vertex 32 -23 -4
      vertex 32 -23 -5
    endloop
  endfacet
  facet normal 0.0489044 -0.998803 0
    outer loop
      vertex 32 -23 -4
      vertex 32.2941 -22.9856 -5
      vertex 32.2941 -22.9856 5
    endloop
  endfacet
  facet normal 0.941527 0.336939 0
    outer loop
      vertex 34.8708 -19.1291 5
      vertex 34.7716 -18.8519 -5
      vertex 34.7716 -18.8519 5
    endloop
  endfacet
  facet normal 0.941527 0.336939 0
    outer loop
      vertex 34.7716 -18.8519 -5
      vertex 34.8708 -19.1291 5
      vertex 34.8708 -19.1291 -5
    endloop
  endfacet
  facet normal 0.998803 0.0489044 0
    outer loop
      vertex 35 -20 5
      vertex 34.9856 -19.7059 -5
      vertex 34.9856 -19.7059 5
    endloop
  endfacet
  facet normal 0.998803 0.0489044 0
    outer loop
      vertex 34.9856 -19.7059 -5
      vertex 35 -20 5
      vertex 35 -20 -5
    endloop
  endfacet
  facet normal -0.336939 0.941527 0
    outer loop
      vertex 31.1291 -17.1292 4
      vertex 30.8519 -17.2284 5
      vertex 31.1291 -17.1292 5
    endloop
  endfacet
  facet normal -0.336939 0.941527 0
    outer loop
      vertex 30.8519 -17.2284 5
      vertex 31.1291 -17.1292 4
      vertex 30.8519 -17.2284 4
    endloop
  endfacet
  facet normal -0.336939 0.941527 0
    outer loop
      vertex 31.1291 -17.1292 -5
      vertex 30.8519 -17.2284 -4
      vertex 31.1291 -17.1292 -4
    endloop
  endfacet
  facet normal -0.336939 0.941527 0
    outer loop
      vertex 30.8519 -17.2284 -4
      vertex 31.1291 -17.1292 -5
      vertex 30.8519 -17.2284 -5
    endloop
  endfacet
  facet normal -0.941527 0.336939 0
    outer loop
      vertex 29.1292 -19.1291 -5
      vertex 29.2284 -18.8519 5
      vertex 29.2284 -18.8519 -5
    endloop
  endfacet
  facet normal -0.941527 0.336939 0
    outer loop
      vertex 29.2284 -18.8519 5
      vertex 29.1292 -19.1291 -5
      vertex 29.1292 -19.1291 5
    endloop
  endfacet
  facet normal 0.146746 0.989174 -0
    outer loop
      vertex 32.5853 -17.0576 -5
      vertex 32.2941 -17.0144 5
      vertex 32.5853 -17.0576 5
    endloop
  endfacet
  facet normal 0.146746 0.989174 0
    outer loop
      vertex 32.2941 -17.0144 5
      vertex 32.5853 -17.0576 -5
      vertex 32.2941 -17.0144 -5
    endloop
  endfacet
  facet normal 0.857643 0.514246 0
    outer loop
      vertex 34.6458 -18.5858 5
      vertex 34.4944 -18.3333 -5
      vertex 34.4944 -18.3333 5
    endloop
  endfacet
  facet normal 0.857643 0.514246 0
    outer loop
      vertex 34.4944 -18.3333 -5
      vertex 34.6458 -18.5858 5
      vertex 34.6458 -18.5858 -5
    endloop
  endfacet
  facet normal -0.514246 -0.857643 0
    outer loop
      vertex 30.3333 -22.4944 4
      vertex 30.5858 -22.6458 5
      vertex 30.3333 -22.4944 5
    endloop
  endfacet
  facet normal -0.514246 -0.857643 -0
    outer loop
      vertex 30.5858 -22.6458 5
      vertex 30.3333 -22.4944 4
      vertex 30.5858 -22.6458 4
    endloop
  endfacet
  facet normal -0.514246 -0.857643 0
    outer loop
      vertex 30.3333 -22.4944 -5
      vertex 30.5858 -22.6458 -4
      vertex 30.3333 -22.4944 -4
    endloop
  endfacet
  facet normal -0.514246 -0.857643 -0
    outer loop
      vertex 30.5858 -22.6458 -4
      vertex 30.3333 -22.4944 -5
      vertex 30.5858 -22.6458 -5
    endloop
  endfacet
  facet normal 0.998803 -0.0489044 0
    outer loop
      vertex 34.9856 -20.2941 5
      vertex 35 -20 -5
      vertex 35 -20 5
    endloop
  endfacet
  facet normal 0.998803 -0.0489044 0
    outer loop
      vertex 35 -20 -5
      vertex 34.9856 -20.2941 5
      vertex 34.9856 -20.2941 -5
    endloop
  endfacet
  facet normal 0.803208 0.595699 0
    outer loop
      vertex 34.4944 -18.3333 5
      vertex 34.319 -18.0968 -5
      vertex 34.319 -18.0968 5
    endloop
  endfacet
  facet normal 0.803208 0.595699 0
    outer loop
      vertex 34.319 -18.0968 -5
      vertex 34.4944 -18.3333 5
      vertex 34.4944 -18.3333 -5
    endloop
  endfacet
  facet normal -0.595315 0.803492 0
    outer loop
      vertex 30.3333 -17.5056 -4
      vertex 30.3333 -17.5056 -5
      vertex 30.3113 -17.5219 -4
    endloop
  endfacet
  facet normal -0.595315 0.803492 0
    outer loop
      vertex 30.3113 -17.5219 4
      vertex 30.3333 -17.5056 5
      vertex 30.3333 -17.5056 4
    endloop
  endfacet
  facet normal -0.595699 0.803208 1.30755e-05
    outer loop
      vertex 30.3333 -17.5056 5
      vertex 30.3113 -17.5219 4
      vertex 30.0968 -17.681 5
    endloop
  endfacet
  facet normal -0.595738 0.803179 0
    outer loop
      vertex 30.3113 -17.5219 -4
      vertex 30.0968 -17.681 5
      vertex 30.3113 -17.5219 4
    endloop
  endfacet
  facet normal -0.595699 0.803208 -1.30755e-05
    outer loop
      vertex 30.0968 -17.681 -5
      vertex 30.3113 -17.5219 -4
      vertex 30.3333 -17.5056 -5
    endloop
  endfacet
  facet normal -0.595738 0.803179 0
    outer loop
      vertex 30.3113 -17.5219 -4
      vertex 30.0968 -17.681 -5
      vertex 30.0968 -17.681 5
    endloop
  endfacet
  facet normal 0.427269 0.904125 -0
    outer loop
      vertex 33.4142 -17.3542 -5
      vertex 33.148 -17.2284 5
      vertex 33.4142 -17.3542 5
    endloop
  endfacet
  facet normal 0.427269 0.904125 0
    outer loop
      vertex 33.148 -17.2284 5
      vertex 33.4142 -17.3542 -5
      vertex 33.148 -17.2284 -5
    endloop
  endfacet
  facet normal 0.969982 -0.243175 0
    outer loop
      vertex 34.8708 -20.8709 5
      vertex 34.9424 -20.5853 -5
      vertex 34.9424 -20.5853 5
    endloop
  endfacet
  facet normal 0.969982 -0.243175 0
    outer loop
      vertex 34.9424 -20.5853 -5
      vertex 34.8708 -20.8709 5
      vertex 34.8708 -20.8709 -5
    endloop
  endfacet
  facet normal 0.0489044 0.998803 0
    outer loop
      vertex 32.2941 -17.0144 5
      vertex 32 -17 4
      vertex 32 -17 5
    endloop
  endfacet
  facet normal 0.0489044 0.998803 0
    outer loop
      vertex 32.2941 -17.0144 5
      vertex 32 -17 -4
      vertex 32 -17 4
    endloop
  endfacet
  facet normal 0.0489044 0.998803 -0
    outer loop
      vertex 32.2941 -17.0144 -5
      vertex 32 -17 -4
      vertex 32.2941 -17.0144 5
    endloop
  endfacet
  facet normal 0.0489044 0.998803 0
    outer loop
      vertex 32 -17 -4
      vertex 32.2941 -17.0144 -5
      vertex 32 -17 -5
    endloop
  endfacet
  facet normal -0.0489044 0.998803 0
    outer loop
      vertex 32 -17 4
      vertex 31.7059 -17.0144 5
      vertex 32 -17 5
    endloop
  endfacet
  facet normal -0.0489044 0.998803 0
    outer loop
      vertex 31.7059 -17.0144 5
      vertex 32 -17 4
      vertex 31.7059 -17.0144 4
    endloop
  endfacet
  facet normal -0.0489044 0.998803 0
    outer loop
      vertex 32 -17 -5
      vertex 31.7059 -17.0144 -4
      vertex 32 -17 -4
    endloop
  endfacet
  facet normal -0.0489044 0.998803 0
    outer loop
      vertex 31.7059 -17.0144 -4
      vertex 32 -17 -5
      vertex 31.7059 -17.0144 -5
    endloop
  endfacet
  facet normal -0.4274 0.904063 0
    outer loop
      vertex 30.8519 -17.2284 4
      vertex 30.5858 -17.3542 5
      vertex 30.8519 -17.2284 5
    endloop
  endfacet
  facet normal -0.4274 0.904063 0
    outer loop
      vertex 30.5858 -17.3542 5
      vertex 30.8519 -17.2284 4
      vertex 30.5858 -17.3542 4
    endloop
  endfacet
  facet normal -0.4274 0.904063 0
    outer loop
      vertex 30.8519 -17.2284 -5
      vertex 30.5858 -17.3542 -4
      vertex 30.8519 -17.2284 -4
    endloop
  endfacet
  facet normal -0.4274 0.904063 0
    outer loop
      vertex 30.5858 -17.3542 -4
      vertex 30.8519 -17.2284 -5
      vertex 30.5858 -17.3542 -5
    endloop
  endfacet
  facet normal -0.336939 -0.941527 0
    outer loop
      vertex 30.8519 -22.7716 -5
      vertex 31.1291 -22.8708 -4
      vertex 30.8519 -22.7716 -4
    endloop
  endfacet
  facet normal -0.336939 -0.941527 -0
    outer loop
      vertex 31.1291 -22.8708 -4
      vertex 30.8519 -22.7716 -5
      vertex 31.1291 -22.8708 -5
    endloop
  endfacet
  facet normal -0.336939 -0.941527 0
    outer loop
      vertex 30.8519 -22.7716 4
      vertex 31.1291 -22.8708 5
      vertex 30.8519 -22.7716 5
    endloop
  endfacet
  facet normal -0.336939 -0.941527 -0
    outer loop
      vertex 31.1291 -22.8708 5
      vertex 30.8519 -22.7716 4
      vertex 31.1291 -22.8708 4
    endloop
  endfacet
  facet normal -0.803208 0.595699 0
    outer loop
      vertex 29.5056 -18.3333 -5
      vertex 29.681 -18.0968 5
      vertex 29.681 -18.0968 -5
    endloop
  endfacet
  facet normal -0.803208 0.595699 0
    outer loop
      vertex 29.681 -18.0968 5
      vertex 29.5056 -18.3333 -5
      vertex 29.5056 -18.3333 5
    endloop
  endfacet
  facet normal 0.595699 -0.803208 0
    outer loop
      vertex 33.6667 -22.4944 -5
      vertex 33.9032 -22.319 5
      vertex 33.6667 -22.4944 5
    endloop
  endfacet
  facet normal 0.595699 -0.803208 0
    outer loop
      vertex 33.9032 -22.319 5
      vertex 33.6667 -22.4944 -5
      vertex 33.9032 -22.319 -5
    endloop
  endfacet
  facet normal 0.740908 0.671607 0
    outer loop
      vertex 34.319 -18.0968 5
      vertex 34.1213 -17.8787 -5
      vertex 34.1213 -17.8787 5
    endloop
  endfacet
  facet normal 0.740908 0.671607 0
    outer loop
      vertex 34.1213 -17.8787 -5
      vertex 34.319 -18.0968 5
      vertex 34.319 -18.0968 -5
    endloop
  endfacet
  facet normal -0.514246 0.857643 0
    outer loop
      vertex 30.5858 -17.3542 4
      vertex 30.3333 -17.5056 5
      vertex 30.5858 -17.3542 5
    endloop
  endfacet
  facet normal -0.514246 0.857643 0
    outer loop
      vertex 30.3333 -17.5056 5
      vertex 30.5858 -17.3542 4
      vertex 30.3333 -17.5056 4
    endloop
  endfacet
  facet normal -0.514246 0.857643 0
    outer loop
      vertex 30.5858 -17.3542 -5
      vertex 30.3333 -17.5056 -4
      vertex 30.5858 -17.3542 -4
    endloop
  endfacet
  facet normal -0.514246 0.857643 0
    outer loop
      vertex 30.3333 -17.5056 -4
      vertex 30.5858 -17.3542 -5
      vertex 30.3333 -17.5056 -5
    endloop
  endfacet
  facet normal 0.337047 0.941488 -0
    outer loop
      vertex 33.148 -17.2284 -5
      vertex 32.8709 -17.1292 5
      vertex 33.148 -17.2284 5
    endloop
  endfacet
  facet normal 0.337047 0.941488 0
    outer loop
      vertex 32.8709 -17.1292 5
      vertex 33.148 -17.2284 -5
      vertex 32.8709 -17.1292 -5
    endloop
  endfacet
  facet normal 0.671607 -0.740908 0
    outer loop
      vertex 33.9032 -22.319 -5
      vertex 34.1213 -22.1213 5
      vertex 33.9032 -22.319 5
    endloop
  endfacet
  facet normal 0.671607 -0.740908 0
    outer loop
      vertex 34.1213 -22.1213 5
      vertex 33.9032 -22.319 -5
      vertex 34.1213 -22.1213 -5
    endloop
  endfacet
  facet normal 0.427269 -0.904125 0
    outer loop
      vertex 33.148 -22.7716 -5
      vertex 33.4142 -22.6458 5
      vertex 33.148 -22.7716 5
    endloop
  endfacet
  facet normal 0.427269 -0.904125 0
    outer loop
      vertex 33.4142 -22.6458 5
      vertex 33.148 -22.7716 -5
      vertex 33.4142 -22.6458 -5
    endloop
  endfacet
  facet normal -0.998803 -0.0489044 0
    outer loop
      vertex 29.0144 -20.2941 -5
      vertex 29 -20 5
      vertex 29 -20 -5
    endloop
  endfacet
  facet normal -0.998803 -0.0489044 0
    outer loop
      vertex 29 -20 5
      vertex 29.0144 -20.2941 -5
      vertex 29.0144 -20.2941 5
    endloop
  endfacet
  facet normal -0.243175 0.969982 0
    outer loop
      vertex 31.4147 -17.0576 4
      vertex 31.1291 -17.1292 5
      vertex 31.4147 -17.0576 5
    endloop
  endfacet
  facet normal -0.243175 0.969982 0
    outer loop
      vertex 31.1291 -17.1292 5
      vertex 31.4147 -17.0576 4
      vertex 31.1291 -17.1292 4
    endloop
  endfacet
  facet normal -0.243175 0.969982 0
    outer loop
      vertex 31.4147 -17.0576 -5
      vertex 31.1291 -17.1292 -4
      vertex 31.4147 -17.0576 -4
    endloop
  endfacet
  facet normal -0.243175 0.969982 0
    outer loop
      vertex 31.1291 -17.1292 -4
      vertex 31.4147 -17.0576 -5
      vertex 31.1291 -17.1292 -5
    endloop
  endfacet
  facet normal 0.904063 0.4274 0
    outer loop
      vertex 34.7716 -18.8519 5
      vertex 34.6458 -18.5858 -5
      vertex 34.6458 -18.5858 5
    endloop
  endfacet
  facet normal 0.904063 0.4274 0
    outer loop
      vertex 34.6458 -18.5858 -5
      vertex 34.7716 -18.8519 5
      vertex 34.7716 -18.8519 -5
    endloop
  endfacet
  facet normal -0.671607 0.740908 0
    outer loop
      vertex 30.0968 -17.681 -5
      vertex 29.8787 -17.8787 5
      vertex 30.0968 -17.681 5
    endloop
  endfacet
  facet normal -0.671607 0.740908 0
    outer loop
      vertex 29.8787 -17.8787 5
      vertex 30.0968 -17.681 -5
      vertex 29.8787 -17.8787 -5
    endloop
  endfacet
  facet normal -0.989174 -0.146746 0
    outer loop
      vertex 29.0576 -20.5853 -5
      vertex 29.0144 -20.2941 5
      vertex 29.0144 -20.2941 -5
    endloop
  endfacet
  facet normal -0.989174 -0.146746 0
    outer loop
      vertex 29.0144 -20.2941 5
      vertex 29.0576 -20.5853 -5
      vertex 29.0576 -20.5853 5
    endloop
  endfacet
  facet normal -0.740908 0.671607 0
    outer loop
      vertex 29.681 -18.0968 -5
      vertex 29.8787 -17.8787 5
      vertex 29.8787 -17.8787 -5
    endloop
  endfacet
  facet normal -0.740908 0.671607 0
    outer loop
      vertex 29.8787 -17.8787 5
      vertex 29.681 -18.0968 -5
      vertex 29.681 -18.0968 5
    endloop
  endfacet
  facet normal -0.740908 -0.671607 0
    outer loop
      vertex 29.8787 -22.1213 -5
      vertex 29.681 -21.9032 5
      vertex 29.681 -21.9032 -5
    endloop
  endfacet
  facet normal -0.740908 -0.671607 0
    outer loop
      vertex 29.681 -21.9032 5
      vertex 29.8787 -22.1213 -5
      vertex 29.8787 -22.1213 5
    endloop
  endfacet
  facet normal -0.998803 0.0489044 0
    outer loop
      vertex 29 -20 -5
      vertex 29.0144 -19.7059 5
      vertex 29.0144 -19.7059 -5
    endloop
  endfacet
  facet normal -0.998803 0.0489044 0
    outer loop
      vertex 29.0144 -19.7059 5
      vertex 29 -20 -5
      vertex 29 -20 5
    endloop
  endfacet
  facet normal -0.146746 0.989174 0
    outer loop
      vertex 31.7059 -17.0144 4
      vertex 31.4147 -17.0576 5
      vertex 31.7059 -17.0144 5
    endloop
  endfacet
  facet normal -0.146746 0.989174 0
    outer loop
      vertex 31.4147 -17.0576 5
      vertex 31.7059 -17.0144 4
      vertex 31.4147 -17.0576 4
    endloop
  endfacet
  facet normal -0.146746 0.989174 0
    outer loop
      vertex 31.7059 -17.0144 -5
      vertex 31.4147 -17.0576 -4
      vertex 31.7059 -17.0144 -4
    endloop
  endfacet
  facet normal -0.146746 0.989174 0
    outer loop
      vertex 31.4147 -17.0576 -4
      vertex 31.7059 -17.0144 -5
      vertex 31.4147 -17.0576 -5
    endloop
  endfacet
  facet normal 0.989174 -0.146746 0
    outer loop
      vertex 34.9424 -20.5853 5
      vertex 34.9856 -20.2941 -5
      vertex 34.9856 -20.2941 5
    endloop
  endfacet
  facet normal 0.989174 -0.146746 0
    outer loop
      vertex 34.9856 -20.2941 -5
      vertex 34.9424 -20.5853 5
      vertex 34.9424 -20.5853 -5
    endloop
  endfacet
  facet normal 0.857643 -0.514246 0
    outer loop
      vertex 34.4944 -21.6667 5
      vertex 34.6458 -21.4142 -5
      vertex 34.6458 -21.4142 5
    endloop
  endfacet
  facet normal 0.857643 -0.514246 0
    outer loop
      vertex 34.6458 -21.4142 -5
      vertex 34.4944 -21.6667 5
      vertex 34.4944 -21.6667 -5
    endloop
  endfacet
  facet normal 0.671607 0.740908 -0
    outer loop
      vertex 34.1213 -17.8787 -5
      vertex 33.9032 -17.681 5
      vertex 34.1213 -17.8787 5
    endloop
  endfacet
  facet normal 0.671607 0.740908 0
    outer loop
      vertex 33.9032 -17.681 5
      vertex 34.1213 -17.8787 -5
      vertex 33.9032 -17.681 -5
    endloop
  endfacet
  facet normal -0.857643 0.514246 0
    outer loop
      vertex 29.3542 -18.5858 -5
      vertex 29.5056 -18.3333 5
      vertex 29.5056 -18.3333 -5
    endloop
  endfacet
  facet normal -0.857643 0.514246 0
    outer loop
      vertex 29.5056 -18.3333 5
      vertex 29.3542 -18.5858 -5
      vertex 29.3542 -18.5858 5
    endloop
  endfacet
  facet normal 0.941488 -0.337047 0
    outer loop
      vertex 34.7716 -21.148 5
      vertex 34.8708 -20.8709 -5
      vertex 34.8708 -20.8709 5
    endloop
  endfacet
  facet normal 0.941488 -0.337047 0
    outer loop
      vertex 34.8708 -20.8709 -5
      vertex 34.7716 -21.148 5
      vertex 34.7716 -21.148 -5
    endloop
  endfacet
  facet normal -0.904125 -0.427269 0
    outer loop
      vertex 29.3542 -21.4142 -5
      vertex 29.2284 -21.148 5
      vertex 29.2284 -21.148 -5
    endloop
  endfacet
  facet normal -0.904125 -0.427269 0
    outer loop
      vertex 29.2284 -21.148 5
      vertex 29.3542 -21.4142 -5
      vertex 29.3542 -21.4142 5
    endloop
  endfacet
  facet normal -0.857643 -0.514246 0
    outer loop
      vertex 29.5056 -21.6667 -5
      vertex 29.3542 -21.4142 5
      vertex 29.3542 -21.4142 -5
    endloop
  endfacet
  facet normal -0.857643 -0.514246 0
    outer loop
      vertex 29.3542 -21.4142 5
      vertex 29.5056 -21.6667 -5
      vertex 29.5056 -21.6667 5
    endloop
  endfacet
  facet normal -0.803208 -0.595699 0
    outer loop
      vertex 29.681 -21.9032 -5
      vertex 29.5056 -21.6667 5
      vertex 29.5056 -21.6667 -5
    endloop
  endfacet
  facet normal -0.803208 -0.595699 0
    outer loop
      vertex 29.5056 -21.6667 5
      vertex 29.681 -21.9032 -5
      vertex 29.681 -21.9032 5
    endloop
  endfacet
  facet normal 0.740908 -0.671607 0
    outer loop
      vertex 34.1213 -22.1213 5
      vertex 34.319 -21.9032 -5
      vertex 34.319 -21.9032 5
    endloop
  endfacet
  facet normal 0.740908 -0.671607 0
    outer loop
      vertex 34.319 -21.9032 -5
      vertex 34.1213 -22.1213 5
      vertex 34.1213 -22.1213 -5
    endloop
  endfacet
  facet normal 0.243175 -0.969982 0
    outer loop
      vertex 32.5853 -22.9424 -5
      vertex 32.8709 -22.8708 5
      vertex 32.5853 -22.9424 5
    endloop
  endfacet
  facet normal 0.243175 -0.969982 0
    outer loop
      vertex 32.8709 -22.8708 5
      vertex 32.5853 -22.9424 -5
      vertex 32.8709 -22.8708 -5
    endloop
  endfacet
  facet normal -0.146746 -0.989174 0
    outer loop
      vertex 31.4147 -22.9424 -5
      vertex 31.7059 -22.9856 -4
      vertex 31.4147 -22.9424 -4
    endloop
  endfacet
  facet normal -0.146746 -0.989174 -0
    outer loop
      vertex 31.7059 -22.9856 -4
      vertex 31.4147 -22.9424 -5
      vertex 31.7059 -22.9856 -5
    endloop
  endfacet
  facet normal -0.146746 -0.989174 0
    outer loop
      vertex 31.4147 -22.9424 4
      vertex 31.7059 -22.9856 5
      vertex 31.4147 -22.9424 5
    endloop
  endfacet
  facet normal -0.146746 -0.989174 -0
    outer loop
      vertex 31.7059 -22.9856 5
      vertex 31.4147 -22.9424 4
      vertex 31.7059 -22.9856 4
    endloop
  endfacet
  facet normal -0.989174 0.146746 0
    outer loop
      vertex 29.0144 -19.7059 -5
      vertex 29.0576 -19.4147 5
      vertex 29.0576 -19.4147 -5
    endloop
  endfacet
  facet normal -0.989174 0.146746 0
    outer loop
      vertex 29.0576 -19.4147 5
      vertex 29.0144 -19.7059 -5
      vertex 29.0144 -19.7059 5
    endloop
  endfacet
  facet normal 0 0 1
    outer loop
      vertex 34.9856 -19.7059 5
      vertex 34.9856 -20.2941 5
      vertex 35 -20 5
    endloop
  endfacet
  facet normal 0 0 1
    outer loop
      vertex 34.9424 -19.4147 5
      vertex 34.9856 -20.2941 5
      vertex 34.9856 -19.7059 5
    endloop
  endfacet
  facet normal 0 0 1
    outer loop
      vertex 34.9424 -19.4147 5
      vertex 34.9424 -20.5853 5
      vertex 34.9856 -20.2941 5
    endloop
  endfacet
  facet normal 0 0 1
    outer loop
      vertex 34.8708 -19.1291 5
      vertex 34.9424 -20.5853 5
      vertex 34.9424 -19.4147 5
    endloop
  endfacet
  facet normal 0 0 1
    outer loop
      vertex 34.8708 -19.1291 5
      vertex 34.8708 -20.8709 5
      vertex 34.9424 -20.5853 5
    endloop
  endfacet
  facet normal 0 0 1
    outer loop
      vertex 34.7716 -18.8519 5
      vertex 34.8708 -20.8709 5
      vertex 34.8708 -19.1291 5
    endloop
  endfacet
  facet normal 0 0 1
    outer loop
      vertex 34.7716 -18.8519 5
      vertex 34.7716 -21.148 5
      vertex 34.8708 -20.8709 5
    endloop
  endfacet
  facet normal 0 0 1
    outer loop
      vertex 34.6458 -18.5858 5
      vertex 34.7716 -21.148 5
      vertex 34.7716 -18.8519 5
    endloop
  endfacet
  facet normal 0 0 1
    outer loop
      vertex 34.6458 -18.5858 5
      vertex 34.6458 -21.4142 5
      vertex 34.7716 -21.148 5
    endloop
  endfacet
  facet normal 0 0 1
    outer loop
      vertex 34.4944 -18.3333 5
      vertex 34.6458 -21.4142 5
      vertex 34.6458 -18.5858 5
    endloop
  endfacet
  facet normal 0 0 1
    outer loop
      vertex 34.4944 -18.3333 5
      vertex 34.4944 -21.6667 5
      vertex 34.6458 -21.4142 5
    endloop
  endfacet
  facet normal 0 0 1
    outer loop
      vertex 34.319 -18.0968 5
      vertex 34.4944 -21.6667 5
      vertex 34.4944 -18.3333 5
    endloop
  endfacet
  facet normal 0 0 1
    outer loop
      vertex 34.319 -18.0968 5
      vertex 34.319 -21.9032 5
      vertex 34.4944 -21.6667 5
    endloop
  endfacet
  facet normal 0 0 1
    outer loop
      vertex 34.1213 -17.8787 5
      vertex 34.319 -21.9032 5
      vertex 34.319 -18.0968 5
    endloop
  endfacet
  facet normal 0 0 1
    outer loop
      vertex 34.1213 -17.8787 5
      vertex 34.1213 -22.1213 5
      vertex 34.319 -21.9032 5
    endloop
  endfacet
  facet normal 0 0 1
    outer loop
      vertex 33.9032 -17.681 5
      vertex 34.1213 -22.1213 5
      vertex 34.1213 -17.8787 5
    endloop
  endfacet
  facet normal 0 0 1
    outer loop
      vertex 33.9032 -17.681 5
      vertex 33.9032 -22.319 5
      vertex 34.1213 -22.1213 5
    endloop
  endfacet
  facet normal 0 0 1
    outer loop
      vertex 33.6667 -17.5056 5
      vertex 33.9032 -22.319 5
      vertex 33.9032 -17.681 5
    endloop
  endfacet
  facet normal 0 0 1
    outer loop
      vertex 33.6667 -17.5056 5
      vertex 33.6667 -22.4944 5
      vertex 33.9032 -22.319 5
    endloop
  endfacet
  facet normal 0 0 1
    outer loop
      vertex 33.4142 -17.3542 5
      vertex 33.6667 -22.4944 5
      vertex 33.6667 -17.5056 5
    endloop
  endfacet
  facet normal 0 0 1
    outer loop
      vertex 33.4142 -17.3542 5
      vertex 33.4142 -22.6458 5
      vertex 33.6667 -22.4944 5
    endloop
  endfacet
  facet normal 0 0 1
    outer loop
      vertex 33.148 -17.2284 5
      vertex 33.4142 -22.6458 5
      vertex 33.4142 -17.3542 5
    endloop
  endfacet
  facet normal 0 0 1
    outer loop
      vertex 33.148 -17.2284 5
      vertex 33.148 -22.7716 5
      vertex 33.4142 -22.6458 5
    endloop
  endfacet
  facet normal 0 0 1
    outer loop
      vertex 32.8709 -17.1292 5
      vertex 33.148 -22.7716 5
      vertex 33.148 -17.2284 5
    endloop
  endfacet
  facet normal 0 0 1
    outer loop
      vertex 32.8709 -17.1292 5
      vertex 32.8709 -22.8708 5
      vertex 33.148 -22.7716 5
    endloop
  endfacet
  facet normal 0 0 1
    outer loop
      vertex 32.5853 -17.0576 5
      vertex 32.8709 -22.8708 5
      vertex 32.8709 -17.1292 5
    endloop
  endfacet
  facet normal 0 0 1
    outer loop
      vertex 32.5853 -17.0576 5
      vertex 32.5853 -22.9424 5
      vertex 32.8709 -22.8708 5
    endloop
  endfacet
  facet normal 0 0 1
    outer loop
      vertex 32.2941 -17.0144 5
      vertex 32.5853 -22.9424 5
      vertex 32.5853 -17.0576 5
    endloop
  endfacet
  facet normal 0 0 1
    outer loop
      vertex 32.2941 -17.0144 5
      vertex 32.2941 -22.9856 5
      vertex 32.5853 -22.9424 5
    endloop
  endfacet
  facet normal 0 0 1
    outer loop
      vertex 32 -17 5
      vertex 32.2941 -22.9856 5
      vertex 32.2941 -17.0144 5
    endloop
  endfacet
  facet normal 0 0 1
    outer loop
      vertex 32 -17 5
      vertex 32 -23 5
      vertex 32.2941 -22.9856 5
    endloop
  endfacet
  facet normal -0 0 1
    outer loop
      vertex 31.7059 -17.0144 5
      vertex 32 -23 5
      vertex 32 -17 5
    endloop
  endfacet
  facet normal 0 0 1
    outer loop
      vertex 31.7059 -17.0144 5
      vertex 31.7059 -22.9856 5
      vertex 32 -23 5
    endloop
  endfacet
  facet normal -0 0 1
    outer loop
      vertex 31.4147 -17.0576 5
      vertex 31.7059 -22.9856 5
      vertex 31.7059 -17.0144 5
    endloop
  endfacet
  facet normal 0 0 1
    outer loop
      vertex 31.4147 -17.0576 5
      vertex 31.4147 -22.9424 5
      vertex 31.7059 -22.9856 5
    endloop
  endfacet
  facet normal -0 0 1
    outer loop
      vertex 31.1291 -17.1292 5
      vertex 31.4147 -22.9424 5
      vertex 31.4147 -17.0576 5
    endloop
  endfacet
  facet normal 0 0 1
    outer loop
      vertex 31.1291 -17.1292 5
      vertex 31.1291 -22.8708 5
      vertex 31.4147 -22.9424 5
    endloop
  endfacet
  facet normal -0 0 1
    outer loop
      vertex 30.8519 -17.2284 5
      vertex 31.1291 -22.8708 5
      vertex 31.1291 -17.1292 5
    endloop
  endfacet
  facet normal 0 0 1
    outer loop
      vertex 30.8519 -17.2284 5
      vertex 30.8519 -22.7716 5
      vertex 31.1291 -22.8708 5
    endloop
  endfacet
  facet normal -0 0 1
    outer loop
      vertex 30.5858 -17.3542 5
      vertex 30.8519 -22.7716 5
      vertex 30.8519 -17.2284 5
    endloop
  endfacet
  facet normal 0 0 1
    outer loop
      vertex 30.5858 -17.3542 5
      vertex 30.5858 -22.6458 5
      vertex 30.8519 -22.7716 5
    endloop
  endfacet
  facet normal -0 0 1
    outer loop
      vertex 30.3333 -17.5056 5
      vertex 30.5858 -22.6458 5
      vertex 30.5858 -17.3542 5
    endloop
  endfacet
  facet normal 0 0 1
    outer loop
      vertex 30.3333 -17.5056 5
      vertex 30.3333 -22.4944 5
      vertex 30.5858 -22.6458 5
    endloop
  endfacet
  facet normal -0 0 1
    outer loop
      vertex 30.0968 -17.681 5
      vertex 30.3333 -22.4944 5
      vertex 30.3333 -17.5056 5
    endloop
  endfacet
  facet normal 0 0 1
    outer loop
      vertex 30.0968 -17.681 5
      vertex 30.0968 -22.319 5
      vertex 30.3333 -22.4944 5
    endloop
  endfacet
  facet normal -0 0 1
    outer loop
      vertex 29.8787 -17.8787 5
      vertex 30.0968 -22.319 5
      vertex 30.0968 -17.681 5
    endloop
  endfacet
  facet normal 0 0 1
    outer loop
      vertex 29.8787 -17.8787 5
      vertex 29.8787 -22.1213 5
      vertex 30.0968 -22.319 5
    endloop
  endfacet
  facet normal -0 0 1
    outer loop
      vertex 29.681 -18.0968 5
      vertex 29.8787 -22.1213 5
      vertex 29.8787 -17.8787 5
    endloop
  endfacet
  facet normal 0 0 1
    outer loop
      vertex 29.681 -18.0968 5
      vertex 29.681 -21.9032 5
      vertex 29.8787 -22.1213 5
    endloop
  endfacet
  facet normal -0 0 1
    outer loop
      vertex 29.5056 -18.3333 5
      vertex 29.681 -21.9032 5
      vertex 29.681 -18.0968 5
    endloop
  endfacet
  facet normal 0 0 1
    outer loop
      vertex 29.5056 -18.3333 5
      vertex 29.5056 -21.6667 5
      vertex 29.681 -21.9032 5
    endloop
  endfacet
  facet normal -0 0 1
    outer loop
      vertex 29.3542 -18.5858 5
      vertex 29.5056 -21.6667 5
      vertex 29.5056 -18.3333 5
    endloop
  endfacet
  facet normal 0 0 1
    outer loop
      vertex 29.3542 -18.5858 5
      vertex 29.3542 -21.4142 5
      vertex 29.5056 -21.6667 5
    endloop
  endfacet
  facet normal -0 0 1
    outer loop
      vertex 29.2284 -18.8519 5
      vertex 29.3542 -21.4142 5
      vertex 29.3542 -18.5858 5
    endloop
  endfacet
  facet normal 0 0 1
    outer loop
      vertex 29.2284 -18.8519 5
      vertex 29.2284 -21.148 5
      vertex 29.3542 -21.4142 5
    endloop
  endfacet
  facet normal -0 0 1
    outer loop
      vertex 29.1292 -19.1291 5
      vertex 29.2284 -21.148 5
      vertex 29.2284 -18.8519 5
    endloop
  endfacet
  facet normal 0 0 1
    outer loop
      vertex 29.1292 -19.1291 5
      vertex 29.1292 -20.8709 5
      vertex 29.2284 -21.148 5
    endloop
  endfacet
  facet normal -0 0 1
    outer loop
      vertex 29.0576 -19.4147 5
      vertex 29.1292 -20.8709 5
      vertex 29.1292 -19.1291 5
    endloop
  endfacet
  facet normal 0 0 1
    outer loop
      vertex 29.0576 -19.4147 5
      vertex 29.0576 -20.5853 5
      vertex 29.1292 -20.8709 5
    endloop
  endfacet
  facet normal -0 0 1
    outer loop
      vertex 29.0144 -19.7059 5
      vertex 29.0576 -20.5853 5
      vertex 29.0576 -19.4147 5
    endloop
  endfacet
  facet normal 0 0 1
    outer loop
      vertex 29.0144 -19.7059 5
      vertex 29.0144 -20.2941 5
      vertex 29.0576 -20.5853 5
    endloop
  endfacet
  facet normal 0 -0 1
    outer loop
      vertex 29.0144 -20.2941 5
      vertex 29.0144 -19.7059 5
      vertex 29 -20 5
    endloop
  endfacet
  facet normal -0.671607 -0.740908 0
    outer loop
      vertex 29.8787 -22.1213 -5
      vertex 30.0968 -22.319 5
      vertex 29.8787 -22.1213 5
    endloop
  endfacet
  facet normal -0.671607 -0.740908 -0
    outer loop
      vertex 30.0968 -22.319 5
      vertex 29.8787 -22.1213 -5
      vertex 30.0968 -22.319 -5
    endloop
  endfacet
  facet normal 0.514246 -0.857643 0
    outer loop
      vertex 33.4142 -22.6458 -5
      vertex 33.6667 -22.4944 5
      vertex 33.4142 -22.6458 5
    endloop
  endfacet
  facet normal 0.514246 -0.857643 0
    outer loop
      vertex 33.6667 -22.4944 5
      vertex 33.4142 -22.6458 -5
      vertex 33.6667 -22.4944 -5
    endloop
  endfacet
  facet normal -0.4274 -0.904063 0
    outer loop
      vertex 30.5858 -22.6458 4
      vertex 30.8519 -22.7716 5
      vertex 30.5858 -22.6458 5
    endloop
  endfacet
  facet normal -0.4274 -0.904063 -0
    outer loop
      vertex 30.8519 -22.7716 5
      vertex 30.5858 -22.6458 4
      vertex 30.8519 -22.7716 4
    endloop
  endfacet
  facet normal -0.4274 -0.904063 0
    outer loop
      vertex 30.5858 -22.6458 -5
      vertex 30.8519 -22.7716 -4
      vertex 30.5858 -22.6458 -4
    endloop
  endfacet
  facet normal -0.4274 -0.904063 -0
    outer loop
      vertex 30.8519 -22.7716 -4
      vertex 30.5858 -22.6458 -5
      vertex 30.8519 -22.7716 -5
    endloop
  endfacet
  facet normal -0.243175 -0.969982 0
    outer loop
      vertex 31.1291 -22.8708 -5
      vertex 31.4147 -22.9424 -4
      vertex 31.1291 -22.8708 -4
    endloop
  endfacet
  facet normal -0.243175 -0.969982 -0
    outer loop
      vertex 31.4147 -22.9424 -4
      vertex 31.1291 -22.8708 -5
      vertex 31.4147 -22.9424 -5
    endloop
  endfacet
  facet normal -0.243175 -0.969982 0
    outer loop
      vertex 31.1291 -22.8708 4
      vertex 31.4147 -22.9424 5
      vertex 31.1291 -22.8708 5
    endloop
  endfacet
  facet normal -0.243175 -0.969982 -0
    outer loop
      vertex 31.4147 -22.9424 5
      vertex 31.1291 -22.8708 4
      vertex 31.4147 -22.9424 4
    endloop
  endfacet
  facet normal 0.243175 0.969982 -0
    outer loop
      vertex 32.8709 -17.1292 -5
      vertex 32.5853 -17.0576 5
      vertex 32.8709 -17.1292 5
    endloop
  endfacet
  facet normal 0.243175 0.969982 0
    outer loop
      vertex 32.5853 -17.0576 5
      vertex 32.8709 -17.1292 -5
      vertex 32.5853 -17.0576 -5
    endloop
  endfacet
  facet normal 0 0 -1
    outer loop
      vertex 34.9856 -20.2941 -5
      vertex 34.9856 -19.7059 -5
      vertex 35 -20 -5
    endloop
  endfacet
  facet normal 0 0 -1
    outer loop
      vertex 34.9424 -20.5853 -5
      vertex 34.9856 -19.7059 -5
      vertex 34.9856 -20.2941 -5
    endloop
  endfacet
  facet normal 0 0 -1
    outer loop
      vertex 34.9424 -20.5853 -5
      vertex 34.9424 -19.4147 -5
      vertex 34.9856 -19.7059 -5
    endloop
  endfacet
  facet normal 0 0 -1
    outer loop
      vertex 34.8708 -20.8709 -5
      vertex 34.9424 -19.4147 -5
      vertex 34.9424 -20.5853 -5
    endloop
  endfacet
  facet normal 0 0 -1
    outer loop
      vertex 34.8708 -20.8709 -5
      vertex 34.8708 -19.1291 -5
      vertex 34.9424 -19.4147 -5
    endloop
  endfacet
  facet normal 0 0 -1
    outer loop
      vertex 34.7716 -21.148 -5
      vertex 34.8708 -19.1291 -5
      vertex 34.8708 -20.8709 -5
    endloop
  endfacet
  facet normal 0 0 -1
    outer loop
      vertex 34.7716 -21.148 -5
      vertex 34.7716 -18.8519 -5
      vertex 34.8708 -19.1291 -5
    endloop
  endfacet
  facet normal 0 0 -1
    outer loop
      vertex 34.6458 -21.4142 -5
      vertex 34.7716 -18.8519 -5
      vertex 34.7716 -21.148 -5
    endloop
  endfacet
  facet normal 0 0 -1
    outer loop
      vertex 34.6458 -21.4142 -5
      vertex 34.6458 -18.5858 -5
      vertex 34.7716 -18.8519 -5
    endloop
  endfacet
  facet normal 0 0 -1
    outer loop
      vertex 34.4944 -21.6667 -5
      vertex 34.6458 -18.5858 -5
      vertex 34.6458 -21.4142 -5
    endloop
  endfacet
  facet normal 0 0 -1
    outer loop
      vertex 34.4944 -21.6667 -5
      vertex 34.4944 -18.3333 -5
      vertex 34.6458 -18.5858 -5
    endloop
  endfacet
  facet normal 0 0 -1
    outer loop
      vertex 34.319 -21.9032 -5
      vertex 34.4944 -18.3333 -5
      vertex 34.4944 -21.6667 -5
    endloop
  endfacet
  facet normal 0 0 -1
    outer loop
      vertex 34.319 -21.9032 -5
      vertex 34.319 -18.0968 -5
      vertex 34.4944 -18.3333 -5
    endloop
  endfacet
  facet normal 0 0 -1
    outer loop
      vertex 34.1213 -22.1213 -5
      vertex 34.319 -18.0968 -5
      vertex 34.319 -21.9032 -5
    endloop
  endfacet
  facet normal 0 0 -1
    outer loop
      vertex 34.1213 -22.1213 -5
      vertex 34.1213 -17.8787 -5
      vertex 34.319 -18.0968 -5
    endloop
  endfacet
  facet normal 0 0 -1
    outer loop
      vertex 33.9032 -22.319 -5
      vertex 34.1213 -17.8787 -5
      vertex 34.1213 -22.1213 -5
    endloop
  endfacet
  facet normal 0 0 -1
    outer loop
      vertex 33.9032 -22.319 -5
      vertex 33.9032 -17.681 -5
      vertex 34.1213 -17.8787 -5
    endloop
  endfacet
  facet normal 0 0 -1
    outer loop
      vertex 33.6667 -22.4944 -5
      vertex 33.9032 -17.681 -5
      vertex 33.9032 -22.319 -5
    endloop
  endfacet
  facet normal 0 0 -1
    outer loop
      vertex 33.6667 -22.4944 -5
      vertex 33.6667 -17.5056 -5
      vertex 33.9032 -17.681 -5
    endloop
  endfacet
  facet normal 0 0 -1
    outer loop
      vertex 33.4142 -22.6458 -5
      vertex 33.6667 -17.5056 -5
      vertex 33.6667 -22.4944 -5
    endloop
  endfacet
  facet normal 0 0 -1
    outer loop
      vertex 33.4142 -22.6458 -5
      vertex 33.4142 -17.3542 -5
      vertex 33.6667 -17.5056 -5
    endloop
  endfacet
  facet normal 0 0 -1
    outer loop
      vertex 33.148 -22.7716 -5
      vertex 33.4142 -17.3542 -5
      vertex 33.4142 -22.6458 -5
    endloop
  endfacet
  facet normal 0 0 -1
    outer loop
      vertex 33.148 -22.7716 -5
      vertex 33.148 -17.2284 -5
      vertex 33.4142 -17.3542 -5
    endloop
  endfacet
  facet normal 0 0 -1
    outer loop
      vertex 32.8709 -22.8708 -5
      vertex 33.148 -17.2284 -5
      vertex 33.148 -22.7716 -5
    endloop
  endfacet
  facet normal 0 0 -1
    outer loop
      vertex 32.8709 -22.8708 -5
      vertex 32.8709 -17.1292 -5
      vertex 33.148 -17.2284 -5
    endloop
  endfacet
  facet normal 0 0 -1
    outer loop
      vertex 32.5853 -22.9424 -5
      vertex 32.8709 -17.1292 -5
      vertex 32.8709 -22.8708 -5
    endloop
  endfacet
  facet normal 0 0 -1
    outer loop
      vertex 32.5853 -22.9424 -5
      vertex 32.5853 -17.0576 -5
      vertex 32.8709 -17.1292 -5
    endloop
  endfacet
  facet normal 0 0 -1
    outer loop
      vertex 32.2941 -22.9856 -5
      vertex 32.5853 -17.0576 -5
      vertex 32.5853 -22.9424 -5
    endloop
  endfacet
  facet normal 0 0 -1
    outer loop
      vertex 32.2941 -22.9856 -5
      vertex 32.2941 -17.0144 -5
      vertex 32.5853 -17.0576 -5
    endloop
  endfacet
  facet normal 0 0 -1
    outer loop
      vertex 32 -23 -5
      vertex 32.2941 -17.0144 -5
      vertex 32.2941 -22.9856 -5
    endloop
  endfacet
  facet normal 0 0 -1
    outer loop
      vertex 32 -23 -5
      vertex 32 -17 -5
      vertex 32.2941 -17.0144 -5
    endloop
  endfacet
  facet normal 0 0 -1
    outer loop
      vertex 31.7059 -22.9856 -5
      vertex 32 -17 -5
      vertex 32 -23 -5
    endloop
  endfacet
  facet normal 0 0 -1
    outer loop
      vertex 31.7059 -22.9856 -5
      vertex 31.7059 -17.0144 -5
      vertex 32 -17 -5
    endloop
  endfacet
  facet normal 0 0 -1
    outer loop
      vertex 31.4147 -22.9424 -5
      vertex 31.7059 -17.0144 -5
      vertex 31.7059 -22.9856 -5
    endloop
  endfacet
  facet normal 0 0 -1
    outer loop
      vertex 31.4147 -22.9424 -5
      vertex 31.4147 -17.0576 -5
      vertex 31.7059 -17.0144 -5
    endloop
  endfacet
  facet normal 0 0 -1
    outer loop
      vertex 31.1291 -22.8708 -5
      vertex 31.4147 -17.0576 -5
      vertex 31.4147 -22.9424 -5
    endloop
  endfacet
  facet normal 0 0 -1
    outer loop
      vertex 31.1291 -22.8708 -5
      vertex 31.1291 -17.1292 -5
      vertex 31.4147 -17.0576 -5
    endloop
  endfacet
  facet normal 0 0 -1
    outer loop
      vertex 30.8519 -22.7716 -5
      vertex 31.1291 -17.1292 -5
      vertex 31.1291 -22.8708 -5
    endloop
  endfacet
  facet normal 0 0 -1
    outer loop
      vertex 30.8519 -22.7716 -5
      vertex 30.8519 -17.2284 -5
      vertex 31.1291 -17.1292 -5
    endloop
  endfacet
  facet normal 0 0 -1
    outer loop
      vertex 30.5858 -22.6458 -5
      vertex 30.8519 -17.2284 -5
      vertex 30.8519 -22.7716 -5
    endloop
  endfacet
  facet normal 0 0 -1
    outer loop
      vertex 30.5858 -22.6458 -5
      vertex 30.5858 -17.3542 -5
      vertex 30.8519 -17.2284 -5
    endloop
  endfacet
  facet normal 0 0 -1
    outer loop
      vertex 30.3333 -22.4944 -5
      vertex 30.5858 -17.3542 -5
      vertex 30.5858 -22.6458 -5
    endloop
  endfacet
  facet normal 0 0 -1
    outer loop
      vertex 30.3333 -22.4944 -5
      vertex 30.3333 -17.5056 -5
      vertex 30.5858 -17.3542 -5
    endloop
  endfacet
  facet normal 0 0 -1
    outer loop
      vertex 30.0968 -22.319 -5
      vertex 30.3333 -17.5056 -5
      vertex 30.3333 -22.4944 -5
    endloop
  endfacet
  facet normal 0 0 -1
    outer loop
      vertex 30.0968 -22.319 -5
      vertex 30.0968 -17.681 -5
      vertex 30.3333 -17.5056 -5
    endloop
  endfacet
  facet normal 0 0 -1
    outer loop
      vertex 29.8787 -22.1213 -5
      vertex 30.0968 -17.681 -5
      vertex 30.0968 -22.319 -5
    endloop
  endfacet
  facet normal 0 0 -1
    outer loop
      vertex 29.8787 -22.1213 -5
      vertex 29.8787 -17.8787 -5
      vertex 30.0968 -17.681 -5
    endloop
  endfacet
  facet normal 0 0 -1
    outer loop
      vertex 29.681 -21.9032 -5
      vertex 29.8787 -17.8787 -5
      vertex 29.8787 -22.1213 -5
    endloop
  endfacet
  facet normal 0 0 -1
    outer loop
      vertex 29.681 -21.9032 -5
      vertex 29.681 -18.0968 -5
      vertex 29.8787 -17.8787 -5
    endloop
  endfacet
  facet normal 0 0 -1
    outer loop
      vertex 29.5056 -21.6667 -5
      vertex 29.681 -18.0968 -5
      vertex 29.681 -21.9032 -5
    endloop
  endfacet
  facet normal 0 0 -1
    outer loop
      vertex 29.5056 -21.6667 -5
      vertex 29.5056 -18.3333 -5
      vertex 29.681 -18.0968 -5
    endloop
  endfacet
  facet normal 0 0 -1
    outer loop
      vertex 29.3542 -21.4142 -5
      vertex 29.5056 -18.3333 -5
      vertex 29.5056 -21.6667 -5
    endloop
  endfacet
  facet normal 0 0 -1
    outer loop
      vertex 29.3542 -21.4142 -5
      vertex 29.3542 -18.5858 -5
      vertex 29.5056 -18.3333 -5
    endloop
  endfacet
  facet normal 0 0 -1
    outer loop
      vertex 29.2284 -21.148 -5
      vertex 29.3542 -18.5858 -5
      vertex 29.3542 -21.4142 -5
    endloop
  endfacet
  facet normal 0 0 -1
    outer loop
      vertex 29.2284 -21.148 -5
      vertex 29.2284 -18.8519 -5
      vertex 29.3542 -18.5858 -5
    endloop
  endfacet
  facet normal 0 0 -1
    outer loop
      vertex 29.1292 -20.8709 -5
      vertex 29.2284 -18.8519 -5
      vertex 29.2284 -21.148 -5
    endloop
  endfacet
  facet normal 0 0 -1
    outer loop
      vertex 29.1292 -20.8709 -5
      vertex 29.1292 -19.1291 -5
      vertex 29.2284 -18.8519 -5
    endloop
  endfacet
  facet normal 0 0 -1
    outer loop
      vertex 29.0576 -20.5853 -5
      vertex 29.1292 -19.1291 -5
      vertex 29.1292 -20.8709 -5
    endloop
  endfacet
  facet normal 0 0 -1
    outer loop
      vertex 29.0576 -20.5853 -5
      vertex 29.0576 -19.4147 -5
      vertex 29.1292 -19.1291 -5
    endloop
  endfacet
  facet normal 0 0 -1
    outer loop
      vertex 29.0144 -20.2941 -5
      vertex 29.0576 -19.4147 -5
      vertex 29.0576 -20.5853 -5
    endloop
  endfacet
  facet normal 0 0 -1
    outer loop
      vertex 29.0144 -20.2941 -5
      vertex 29.0144 -19.7059 -5
      vertex 29.0576 -19.4147 -5
    endloop
  endfacet
  facet normal 0 -0 -1
    outer loop
      vertex 29.0144 -19.7059 -5
      vertex 29.0144 -20.2941 -5
      vertex 29 -20 -5
    endloop
  endfacet
  facet normal -0.595699 -0.803208 1.30755e-05
    outer loop
      vertex 30.0968 -22.319 5
      vertex 30.3113 -22.4781 4
      vertex 30.3333 -22.4944 5
    endloop
  endfacet
  facet normal -0.595738 -0.803179 0
    outer loop
      vertex 30.0968 -22.319 5
      vertex 30.3113 -22.4781 -4
      vertex 30.3113 -22.4781 4
    endloop
  endfacet
  facet normal -0.595738 -0.803179 0
    outer loop
      vertex 30.0968 -22.319 -5
      vertex 30.3113 -22.4781 -4
      vertex 30.0968 -22.319 5
    endloop
  endfacet
  facet normal -0.595699 -0.803208 -1.30755e-05
    outer loop
      vertex 30.3333 -22.4944 -5
      vertex 30.3113 -22.4781 -4
      vertex 30.0968 -22.319 -5
    endloop
  endfacet
  facet normal -0.595315 -0.803492 0
    outer loop
      vertex 30.3113 -22.4781 -4
      vertex 30.3333 -22.4944 -5
      vertex 30.3333 -22.4944 -4
    endloop
  endfacet
  facet normal -0.595315 -0.803492 -0
    outer loop
      vertex 30.3333 -22.4944 5
      vertex 30.3113 -22.4781 4
      vertex 30.3333 -22.4944 4
    endloop
  endfacet
  facet normal 0.989174 0.146746 0
    outer loop
      vertex 34.9856 20.2941 5
      vertex 34.9424 20.5853 -5
      vertex 34.9424 20.5853 5
    endloop
  endfacet
  facet normal 0.989174 0.146746 0
    outer loop
      vertex 34.9424 20.5853 -5
      vertex 34.9856 20.2941 5
      vertex 34.9856 20.2941 -5
    endloop
  endfacet
  facet normal -0.0489044 -0.998803 0
    outer loop
      vertex 31.7059 17.0144 4
      vertex 32 17 5
      vertex 31.7059 17.0144 5
    endloop
  endfacet
  facet normal -0.0489044 -0.998803 -0
    outer loop
      vertex 32 17 5
      vertex 31.7059 17.0144 4
      vertex 32 17 4
    endloop
  endfacet
  facet normal -0.0489044 -0.998803 0
    outer loop
      vertex 31.7059 17.0144 -5
      vertex 32 17 -4
      vertex 31.7059 17.0144 -4
    endloop
  endfacet
  facet normal -0.0489044 -0.998803 -0
    outer loop
      vertex 32 17 -4
      vertex 31.7059 17.0144 -5
      vertex 32 17 -5
    endloop
  endfacet
  facet normal 0.740908 0.671607 0
    outer loop
      vertex 34.319 21.9032 5
      vertex 34.1213 22.1213 -5
      vertex 34.1213 22.1213 5
    endloop
  endfacet
  facet normal 0.740908 0.671607 0
    outer loop
      vertex 34.1213 22.1213 -5
      vertex 34.319 21.9032 5
      vertex 34.319 21.9032 -5
    endloop
  endfacet
  facet normal 0.243175 -0.969982 0
    outer loop
      vertex 32.5853 17.0576 -5
      vertex 32.8709 17.1292 5
      vertex 32.5853 17.0576 5
    endloop
  endfacet
  facet normal 0.243175 -0.969982 0
    outer loop
      vertex 32.8709 17.1292 5
      vertex 32.5853 17.0576 -5
      vertex 32.8709 17.1292 -5
    endloop
  endfacet
  facet normal 0.803208 -0.595699 0
    outer loop
      vertex 34.319 18.0968 5
      vertex 34.4944 18.3333 -5
      vertex 34.4944 18.3333 5
    endloop
  endfacet
  facet normal 0.803208 -0.595699 0
    outer loop
      vertex 34.4944 18.3333 -5
      vertex 34.319 18.0968 5
      vertex 34.319 18.0968 -5
    endloop
  endfacet
  facet normal 0.595699 -0.803208 0
    outer loop
      vertex 33.6667 17.5056 -5
      vertex 33.9032 17.681 5
      vertex 33.6667 17.5056 5
    endloop
  endfacet
  facet normal 0.595699 -0.803208 0
    outer loop
      vertex 33.9032 17.681 5
      vertex 33.6667 17.5056 -5
      vertex 33.9032 17.681 -5
    endloop
  endfacet
  facet normal -0.803208 0.595699 0
    outer loop
      vertex 29.5056 21.6667 -5
      vertex 29.681 21.9032 5
      vertex 29.681 21.9032 -5
    endloop
  endfacet
  facet normal -0.803208 0.595699 0
    outer loop
      vertex 29.681 21.9032 5
      vertex 29.5056 21.6667 -5
      vertex 29.5056 21.6667 5
    endloop
  endfacet
  facet normal 0.941488 0.337047 0
    outer loop
      vertex 34.8708 20.8709 5
      vertex 34.7716 21.148 -5
      vertex 34.7716 21.148 5
    endloop
  endfacet
  facet normal 0.941488 0.337047 0
    outer loop
      vertex 34.7716 21.148 -5
      vertex 34.8708 20.8709 5
      vertex 34.8708 20.8709 -5
    endloop
  endfacet
  facet normal -0.941527 -0.336939 0
    outer loop
      vertex 29.2284 18.8519 -5
      vertex 29.1292 19.1291 5
      vertex 29.1292 19.1291 -5
    endloop
  endfacet
  facet normal -0.941527 -0.336939 0
    outer loop
      vertex 29.1292 19.1291 5
      vertex 29.2284 18.8519 -5
      vertex 29.2284 18.8519 5
    endloop
  endfacet
  facet normal 0.337047 0.941488 -0
    outer loop
      vertex 33.148 22.7716 -5
      vertex 32.8709 22.8708 5
      vertex 33.148 22.7716 5
    endloop
  endfacet
  facet normal 0.337047 0.941488 0
    outer loop
      vertex 32.8709 22.8708 5
      vertex 33.148 22.7716 -5
      vertex 32.8709 22.8708 -5
    endloop
  endfacet
  facet normal 0.671607 -0.740908 0
    outer loop
      vertex 33.9032 17.681 -5
      vertex 34.1213 17.8787 5
      vertex 33.9032 17.681 5
    endloop
  endfacet
  facet normal 0.671607 -0.740908 0
    outer loop
      vertex 34.1213 17.8787 5
      vertex 33.9032 17.681 -5
      vertex 34.1213 17.8787 -5
    endloop
  endfacet
  facet normal 0.989174 -0.146746 0
    outer loop
      vertex 34.9424 19.4147 5
      vertex 34.9856 19.7059 -5
      vertex 34.9856 19.7059 5
    endloop
  endfacet
  facet normal 0.989174 -0.146746 0
    outer loop
      vertex 34.9856 19.7059 -5
      vertex 34.9424 19.4147 5
      vertex 34.9424 19.4147 -5
    endloop
  endfacet
  facet normal -0.740908 -0.671607 0
    outer loop
      vertex 29.8787 17.8787 -5
      vertex 29.681 18.0968 5
      vertex 29.681 18.0968 -5
    endloop
  endfacet
  facet normal -0.740908 -0.671607 0
    outer loop
      vertex 29.681 18.0968 5
      vertex 29.8787 17.8787 -5
      vertex 29.8787 17.8787 5
    endloop
  endfacet
  facet normal 0.904063 -0.4274 0
    outer loop
      vertex 34.6458 18.5858 5
      vertex 34.7716 18.8519 -5
      vertex 34.7716 18.8519 5
    endloop
  endfacet
  facet normal 0.904063 -0.4274 0
    outer loop
      vertex 34.7716 18.8519 -5
      vertex 34.6458 18.5858 5
      vertex 34.6458 18.5858 -5
    endloop
  endfacet
  facet normal -0.0489044 0.998803 0
    outer loop
      vertex 32 23 4
      vertex 31.7059 22.9856 5
      vertex 32 23 5
    endloop
  endfacet
  facet normal -0.0489044 0.998803 0
    outer loop
      vertex 31.7059 22.9856 5
      vertex 32 23 4
      vertex 31.7059 22.9856 4
    endloop
  endfacet
  facet normal -0.0489044 0.998803 0
    outer loop
      vertex 32 23 -5
      vertex 31.7059 22.9856 -4
      vertex 32 23 -4
    endloop
  endfacet
  facet normal -0.0489044 0.998803 0
    outer loop
      vertex 31.7059 22.9856 -4
      vertex 32 23 -5
      vertex 31.7059 22.9856 -5
    endloop
  endfacet
  facet normal -0.857643 -0.514246 0
    outer loop
      vertex 29.5056 18.3333 -5
      vertex 29.3542 18.5858 5
      vertex 29.3542 18.5858 -5
    endloop
  endfacet
  facet normal -0.857643 -0.514246 0
    outer loop
      vertex 29.3542 18.5858 5
      vertex 29.5056 18.3333 -5
      vertex 29.5056 18.3333 5
    endloop
  endfacet
  facet normal 0.998803 0.0489044 0
    outer loop
      vertex 35 20 5
      vertex 34.9856 20.2941 -5
      vertex 34.9856 20.2941 5
    endloop
  endfacet
  facet normal 0.998803 0.0489044 0
    outer loop
      vertex 34.9856 20.2941 -5
      vertex 35 20 5
      vertex 35 20 -5
    endloop
  endfacet
  facet normal 0.969982 0.243175 0
    outer loop
      vertex 34.9424 20.5853 5
      vertex 34.8708 20.8709 -5
      vertex 34.8708 20.8709 5
    endloop
  endfacet
  facet normal 0.969982 0.243175 0
    outer loop
      vertex 34.8708 20.8709 -5
      vertex 34.9424 20.5853 5
      vertex 34.9424 20.5853 -5
    endloop
  endfacet
  facet normal -0.146746 0.989174 0
    outer loop
      vertex 31.7059 22.9856 -5
      vertex 31.4147 22.9424 -4
      vertex 31.7059 22.9856 -4
    endloop
  endfacet
  facet normal -0.146746 0.989174 0
    outer loop
      vertex 31.4147 22.9424 -4
      vertex 31.7059 22.9856 -5
      vertex 31.4147 22.9424 -5
    endloop
  endfacet
  facet normal -0.146746 0.989174 0
    outer loop
      vertex 31.7059 22.9856 4
      vertex 31.4147 22.9424 5
      vertex 31.7059 22.9856 5
    endloop
  endfacet
  facet normal -0.146746 0.989174 0
    outer loop
      vertex 31.4147 22.9424 5
      vertex 31.7059 22.9856 4
      vertex 31.4147 22.9424 4
    endloop
  endfacet
  facet normal -0.243175 0.969982 0
    outer loop
      vertex 31.4147 22.9424 4
      vertex 31.1291 22.8708 5
      vertex 31.4147 22.9424 5
    endloop
  endfacet
  facet normal -0.243175 0.969982 0
    outer loop
      vertex 31.1291 22.8708 5
      vertex 31.4147 22.9424 4
      vertex 31.1291 22.8708 4
    endloop
  endfacet
  facet normal -0.243175 0.969982 0
    outer loop
      vertex 31.4147 22.9424 -5
      vertex 31.1291 22.8708 -4
      vertex 31.4147 22.9424 -4
    endloop
  endfacet
  facet normal -0.243175 0.969982 0
    outer loop
      vertex 31.1291 22.8708 -4
      vertex 31.4147 22.9424 -5
      vertex 31.1291 22.8708 -5
    endloop
  endfacet
  facet normal 0.0489044 -0.998803 0
    outer loop
      vertex 32 17 4
      vertex 32.2941 17.0144 5
      vertex 32 17 5
    endloop
  endfacet
  facet normal 0.0489044 -0.998803 0
    outer loop
      vertex 32 17 -4
      vertex 32.2941 17.0144 5
      vertex 32 17 4
    endloop
  endfacet
  facet normal 0.0489044 -0.998803 0
    outer loop
      vertex 32.2941 17.0144 -5
      vertex 32 17 -4
      vertex 32 17 -5
    endloop
  endfacet
  facet normal 0.0489044 -0.998803 0
    outer loop
      vertex 32 17 -4
      vertex 32.2941 17.0144 -5
      vertex 32.2941 17.0144 5
    endloop
  endfacet
  facet normal -0.336939 -0.941527 0
    outer loop
      vertex 30.8519 17.2284 -5
      vertex 31.1291 17.1292 -4
      vertex 30.8519 17.2284 -4
    endloop
  endfacet
  facet normal -0.336939 -0.941527 -0
    outer loop
      vertex 31.1291 17.1292 -4
      vertex 30.8519 17.2284 -5
      vertex 31.1291 17.1292 -5
    endloop
  endfacet
  facet normal -0.336939 -0.941527 0
    outer loop
      vertex 30.8519 17.2284 4
      vertex 31.1291 17.1292 5
      vertex 30.8519 17.2284 5
    endloop
  endfacet
  facet normal -0.336939 -0.941527 -0
    outer loop
      vertex 31.1291 17.1292 5
      vertex 30.8519 17.2284 4
      vertex 31.1291 17.1292 4
    endloop
  endfacet
  facet normal 0.671607 0.740908 -0
    outer loop
      vertex 34.1213 22.1213 -5
      vertex 33.9032 22.319 5
      vertex 34.1213 22.1213 5
    endloop
  endfacet
  facet normal 0.671607 0.740908 0
    outer loop
      vertex 33.9032 22.319 5
      vertex 34.1213 22.1213 -5
      vertex 33.9032 22.319 -5
    endloop
  endfacet
  facet normal 0.514246 0.857643 -0
    outer loop
      vertex 33.6667 22.4944 -5
      vertex 33.4142 22.6458 5
      vertex 33.6667 22.4944 5
    endloop
  endfacet
  facet normal 0.514246 0.857643 0
    outer loop
      vertex 33.4142 22.6458 5
      vertex 33.6667 22.4944 -5
      vertex 33.4142 22.6458 -5
    endloop
  endfacet
  facet normal 0.904125 0.427269 0
    outer loop
      vertex 34.7716 21.148 5
      vertex 34.6458 21.4142 -5
      vertex 34.6458 21.4142 5
    endloop
  endfacet
  facet normal 0.904125 0.427269 0
    outer loop
      vertex 34.6458 21.4142 -5
      vertex 34.7716 21.148 5
      vertex 34.7716 21.148 -5
    endloop
  endfacet
  facet normal -0.336939 0.941527 0
    outer loop
      vertex 31.1291 22.8708 4
      vertex 30.8519 22.7716 5
      vertex 31.1291 22.8708 5
    endloop
  endfacet
  facet normal -0.336939 0.941527 0
    outer loop
      vertex 30.8519 22.7716 5
      vertex 31.1291 22.8708 4
      vertex 30.8519 22.7716 4
    endloop
  endfacet
  facet normal -0.336939 0.941527 0
    outer loop
      vertex 31.1291 22.8708 -5
      vertex 30.8519 22.7716 -4
      vertex 31.1291 22.8708 -4
    endloop
  endfacet
  facet normal -0.336939 0.941527 0
    outer loop
      vertex 30.8519 22.7716 -4
      vertex 31.1291 22.8708 -5
      vertex 30.8519 22.7716 -5
    endloop
  endfacet
  facet normal -0.671607 -0.740908 0
    outer loop
      vertex 29.8787 17.8787 -5
      vertex 30.0968 17.681 5
      vertex 29.8787 17.8787 5
    endloop
  endfacet
  facet normal -0.671607 -0.740908 -0
    outer loop
      vertex 30.0968 17.681 5
      vertex 29.8787 17.8787 -5
      vertex 30.0968 17.681 -5
    endloop
  endfacet
  facet normal -0.998803 0.0489044 0
    outer loop
      vertex 29 20 -5
      vertex 29.0144 20.2941 5
      vertex 29.0144 20.2941 -5
    endloop
  endfacet
  facet normal -0.998803 0.0489044 0
    outer loop
      vertex 29.0144 20.2941 5
      vertex 29 20 -5
      vertex 29 20 5
    endloop
  endfacet
  facet normal -0.740908 0.671607 0
    outer loop
      vertex 29.681 21.9032 -5
      vertex 29.8787 22.1213 5
      vertex 29.8787 22.1213 -5
    endloop
  endfacet
  facet normal -0.740908 0.671607 0
    outer loop
      vertex 29.8787 22.1213 5
      vertex 29.681 21.9032 -5
      vertex 29.681 21.9032 5
    endloop
  endfacet
  facet normal 0.0489044 0.998803 0
    outer loop
      vertex 32.2941 22.9856 5
      vertex 32 23 4
      vertex 32 23 5
    endloop
  endfacet
  facet normal 0.0489044 0.998803 0
    outer loop
      vertex 32.2941 22.9856 5
      vertex 32 23 -4
      vertex 32 23 4
    endloop
  endfacet
  facet normal 0.0489044 0.998803 -0
    outer loop
      vertex 32.2941 22.9856 -5
      vertex 32 23 -4
      vertex 32.2941 22.9856 5
    endloop
  endfacet
  facet normal 0.0489044 0.998803 0
    outer loop
      vertex 32 23 -4
      vertex 32.2941 22.9856 -5
      vertex 32 23 -5
    endloop
  endfacet
  facet normal 0.998803 -0.0489044 0
    outer loop
      vertex 34.9856 19.7059 5
      vertex 35 20 -5
      vertex 35 20 5
    endloop
  endfacet
  facet normal 0.998803 -0.0489044 0
    outer loop
      vertex 35 20 -5
      vertex 34.9856 19.7059 5
      vertex 34.9856 19.7059 -5
    endloop
  endfacet
  facet normal 0.337047 -0.941488 0
    outer loop
      vertex 32.8709 17.1292 -5
      vertex 33.148 17.2284 5
      vertex 32.8709 17.1292 5
    endloop
  endfacet
  facet normal 0.337047 -0.941488 0
    outer loop
      vertex 33.148 17.2284 5
      vertex 32.8709 17.1292 -5
      vertex 33.148 17.2284 -5
    endloop
  endfacet
  facet normal -0.803208 -0.595699 0
    outer loop
      vertex 29.681 18.0968 -5
      vertex 29.5056 18.3333 5
      vertex 29.5056 18.3333 -5
    endloop
  endfacet
  facet normal -0.803208 -0.595699 0
    outer loop
      vertex 29.5056 18.3333 5
      vertex 29.681 18.0968 -5
      vertex 29.681 18.0968 5
    endloop
  endfacet
  facet normal 0.427269 0.904125 -0
    outer loop
      vertex 33.4142 22.6458 -5
      vertex 33.148 22.7716 5
      vertex 33.4142 22.6458 5
    endloop
  endfacet
  facet normal 0.427269 0.904125 0
    outer loop
      vertex 33.148 22.7716 5
      vertex 33.4142 22.6458 -5
      vertex 33.148 22.7716 -5
    endloop
  endfacet
  facet normal 0.595699 0.803208 -0
    outer loop
      vertex 33.9032 22.319 -5
      vertex 33.6667 22.4944 5
      vertex 33.9032 22.319 5
    endloop
  endfacet
  facet normal 0.595699 0.803208 0
    outer loop
      vertex 33.6667 22.4944 5
      vertex 33.9032 22.319 -5
      vertex 33.6667 22.4944 -5
    endloop
  endfacet
  facet normal 0.857643 -0.514246 0
    outer loop
      vertex 34.4944 18.3333 5
      vertex 34.6458 18.5858 -5
      vertex 34.6458 18.5858 5
    endloop
  endfacet
  facet normal 0.857643 -0.514246 0
    outer loop
      vertex 34.6458 18.5858 -5
      vertex 34.4944 18.3333 5
      vertex 34.4944 18.3333 -5
    endloop
  endfacet
  facet normal -0.595315 0.803492 0
    outer loop
      vertex 30.3333 22.4944 -4
      vertex 30.3333 22.4944 -5
      vertex 30.3113 22.4781 -4
    endloop
  endfacet
  facet normal -0.595315 0.803492 0
    outer loop
      vertex 30.3113 22.4781 4
      vertex 30.3333 22.4944 5
      vertex 30.3333 22.4944 4
    endloop
  endfacet
  facet normal -0.595699 0.803208 1.30755e-05
    outer loop
      vertex 30.3333 22.4944 5
      vertex 30.3113 22.4781 4
      vertex 30.0968 22.319 5
    endloop
  endfacet
  facet normal -0.595738 0.803179 0
    outer loop
      vertex 30.3113 22.4781 -4
      vertex 30.0968 22.319 5
      vertex 30.3113 22.4781 4
    endloop
  endfacet
  facet normal -0.595699 0.803208 -1.30755e-05
    outer loop
      vertex 30.0968 22.319 -5
      vertex 30.3113 22.4781 -4
      vertex 30.3333 22.4944 -5
    endloop
  endfacet
  facet normal -0.595738 0.803179 0
    outer loop
      vertex 30.3113 22.4781 -4
      vertex 30.0968 22.319 -5
      vertex 30.0968 22.319 5
    endloop
  endfacet
  facet normal -0.998803 -0.0489044 0
    outer loop
      vertex 29.0144 19.7059 -5
      vertex 29 20 5
      vertex 29 20 -5
    endloop
  endfacet
  facet normal -0.998803 -0.0489044 0
    outer loop
      vertex 29 20 5
      vertex 29.0144 19.7059 -5
      vertex 29.0144 19.7059 5
    endloop
  endfacet
  facet normal -0.989174 -0.146746 0
    outer loop
      vertex 29.0576 19.4147 -5
      vertex 29.0144 19.7059 5
      vertex 29.0144 19.7059 -5
    endloop
  endfacet
  facet normal -0.989174 -0.146746 0
    outer loop
      vertex 29.0144 19.7059 5
      vertex 29.0576 19.4147 -5
      vertex 29.0576 19.4147 5
    endloop
  endfacet
  facet normal 0.146746 -0.989174 0
    outer loop
      vertex 32.2941 17.0144 -5
      vertex 32.5853 17.0576 5
      vertex 32.2941 17.0144 5
    endloop
  endfacet
  facet normal 0.146746 -0.989174 0
    outer loop
      vertex 32.5853 17.0576 5
      vertex 32.2941 17.0144 -5
      vertex 32.5853 17.0576 -5
    endloop
  endfacet
  facet normal -0.4274 -0.904063 0
    outer loop
      vertex 30.5858 17.3542 -5
      vertex 30.8519 17.2284 -4
      vertex 30.5858 17.3542 -4
    endloop
  endfacet
  facet normal -0.4274 -0.904063 -0
    outer loop
      vertex 30.8519 17.2284 -4
      vertex 30.5858 17.3542 -5
      vertex 30.8519 17.2284 -5
    endloop
  endfacet
  facet normal -0.4274 -0.904063 0
    outer loop
      vertex 30.5858 17.3542 4
      vertex 30.8519 17.2284 5
      vertex 30.5858 17.3542 5
    endloop
  endfacet
  facet normal -0.4274 -0.904063 -0
    outer loop
      vertex 30.8519 17.2284 5
      vertex 30.5858 17.3542 4
      vertex 30.8519 17.2284 4
    endloop
  endfacet
  facet normal 0 0 -1
    outer loop
      vertex 34.9856 19.7059 -5
      vertex 34.9856 20.2941 -5
      vertex 35 20 -5
    endloop
  endfacet
  facet normal 0 0 -1
    outer loop
      vertex 34.9424 19.4147 -5
      vertex 34.9856 20.2941 -5
      vertex 34.9856 19.7059 -5
    endloop
  endfacet
  facet normal 0 0 -1
    outer loop
      vertex 34.9424 19.4147 -5
      vertex 34.9424 20.5853 -5
      vertex 34.9856 20.2941 -5
    endloop
  endfacet
  facet normal 0 0 -1
    outer loop
      vertex 34.8708 19.1291 -5
      vertex 34.9424 20.5853 -5
      vertex 34.9424 19.4147 -5
    endloop
  endfacet
  facet normal 0 0 -1
    outer loop
      vertex 34.8708 19.1291 -5
      vertex 34.8708 20.8709 -5
      vertex 34.9424 20.5853 -5
    endloop
  endfacet
  facet normal 0 0 -1
    outer loop
      vertex 34.7716 18.8519 -5
      vertex 34.8708 20.8709 -5
      vertex 34.8708 19.1291 -5
    endloop
  endfacet
  facet normal 0 0 -1
    outer loop
      vertex 34.7716 18.8519 -5
      vertex 34.7716 21.148 -5
      vertex 34.8708 20.8709 -5
    endloop
  endfacet
  facet normal 0 0 -1
    outer loop
      vertex 34.6458 18.5858 -5
      vertex 34.7716 21.148 -5
      vertex 34.7716 18.8519 -5
    endloop
  endfacet
  facet normal 0 0 -1
    outer loop
      vertex 34.6458 18.5858 -5
      vertex 34.6458 21.4142 -5
      vertex 34.7716 21.148 -5
    endloop
  endfacet
  facet normal 0 0 -1
    outer loop
      vertex 34.4944 18.3333 -5
      vertex 34.6458 21.4142 -5
      vertex 34.6458 18.5858 -5
    endloop
  endfacet
  facet normal 0 0 -1
    outer loop
      vertex 34.4944 18.3333 -5
      vertex 34.4944 21.6667 -5
      vertex 34.6458 21.4142 -5
    endloop
  endfacet
  facet normal 0 0 -1
    outer loop
      vertex 34.319 18.0968 -5
      vertex 34.4944 21.6667 -5
      vertex 34.4944 18.3333 -5
    endloop
  endfacet
  facet normal 0 0 -1
    outer loop
      vertex 34.319 18.0968 -5
      vertex 34.319 21.9032 -5
      vertex 34.4944 21.6667 -5
    endloop
  endfacet
  facet normal 0 0 -1
    outer loop
      vertex 34.1213 17.8787 -5
      vertex 34.319 21.9032 -5
      vertex 34.319 18.0968 -5
    endloop
  endfacet
  facet normal 0 0 -1
    outer loop
      vertex 34.1213 17.8787 -5
      vertex 34.1213 22.1213 -5
      vertex 34.319 21.9032 -5
    endloop
  endfacet
  facet normal 0 0 -1
    outer loop
      vertex 33.9032 17.681 -5
      vertex 34.1213 22.1213 -5
      vertex 34.1213 17.8787 -5
    endloop
  endfacet
  facet normal 0 0 -1
    outer loop
      vertex 33.9032 17.681 -5
      vertex 33.9032 22.319 -5
      vertex 34.1213 22.1213 -5
    endloop
  endfacet
  facet normal 0 0 -1
    outer loop
      vertex 33.6667 17.5056 -5
      vertex 33.9032 22.319 -5
      vertex 33.9032 17.681 -5
    endloop
  endfacet
  facet normal 0 0 -1
    outer loop
      vertex 33.6667 17.5056 -5
      vertex 33.6667 22.4944 -5
      vertex 33.9032 22.319 -5
    endloop
  endfacet
  facet normal 0 0 -1
    outer loop
      vertex 33.4142 17.3542 -5
      vertex 33.6667 22.4944 -5
      vertex 33.6667 17.5056 -5
    endloop
  endfacet
  facet normal 0 0 -1
    outer loop
      vertex 33.4142 17.3542 -5
      vertex 33.4142 22.6458 -5
      vertex 33.6667 22.4944 -5
    endloop
  endfacet
  facet normal 0 0 -1
    outer loop
      vertex 33.148 17.2284 -5
      vertex 33.4142 22.6458 -5
      vertex 33.4142 17.3542 -5
    endloop
  endfacet
  facet normal 0 0 -1
    outer loop
      vertex 33.148 17.2284 -5
      vertex 33.148 22.7716 -5
      vertex 33.4142 22.6458 -5
    endloop
  endfacet
  facet normal 0 0 -1
    outer loop
      vertex 32.8709 17.1292 -5
      vertex 33.148 22.7716 -5
      vertex 33.148 17.2284 -5
    endloop
  endfacet
  facet normal 0 0 -1
    outer loop
      vertex 32.8709 17.1292 -5
      vertex 32.8709 22.8708 -5
      vertex 33.148 22.7716 -5
    endloop
  endfacet
  facet normal 0 0 -1
    outer loop
      vertex 32.5853 17.0576 -5
      vertex 32.8709 22.8708 -5
      vertex 32.8709 17.1292 -5
    endloop
  endfacet
  facet normal 0 0 -1
    outer loop
      vertex 32.5853 17.0576 -5
      vertex 32.5853 22.9424 -5
      vertex 32.8709 22.8708 -5
    endloop
  endfacet
  facet normal 0 0 -1
    outer loop
      vertex 32.2941 17.0144 -5
      vertex 32.5853 22.9424 -5
      vertex 32.5853 17.0576 -5
    endloop
  endfacet
  facet normal 0 0 -1
    outer loop
      vertex 32.2941 17.0144 -5
      vertex 32.2941 22.9856 -5
      vertex 32.5853 22.9424 -5
    endloop
  endfacet
  facet normal 0 0 -1
    outer loop
      vertex 32 17 -5
      vertex 32.2941 22.9856 -5
      vertex 32.2941 17.0144 -5
    endloop
  endfacet
  facet normal 0 0 -1
    outer loop
      vertex 32 17 -5
      vertex 32 23 -5
      vertex 32.2941 22.9856 -5
    endloop
  endfacet
  facet normal 0 0 -1
    outer loop
      vertex 31.7059 17.0144 -5
      vertex 32 23 -5
      vertex 32 17 -5
    endloop
  endfacet
  facet normal 0 0 -1
    outer loop
      vertex 31.7059 17.0144 -5
      vertex 31.7059 22.9856 -5
      vertex 32 23 -5
    endloop
  endfacet
  facet normal 0 0 -1
    outer loop
      vertex 31.4147 17.0576 -5
      vertex 31.7059 22.9856 -5
      vertex 31.7059 17.0144 -5
    endloop
  endfacet
  facet normal 0 0 -1
    outer loop
      vertex 31.4147 17.0576 -5
      vertex 31.4147 22.9424 -5
      vertex 31.7059 22.9856 -5
    endloop
  endfacet
  facet normal 0 0 -1
    outer loop
      vertex 31.1291 17.1292 -5
      vertex 31.4147 22.9424 -5
      vertex 31.4147 17.0576 -5
    endloop
  endfacet
  facet normal 0 0 -1
    outer loop
      vertex 31.1291 17.1292 -5
      vertex 31.1291 22.8708 -5
      vertex 31.4147 22.9424 -5
    endloop
  endfacet
  facet normal 0 0 -1
    outer loop
      vertex 30.8519 17.2284 -5
      vertex 31.1291 22.8708 -5
      vertex 31.1291 17.1292 -5
    endloop
  endfacet
  facet normal 0 0 -1
    outer loop
      vertex 30.8519 17.2284 -5
      vertex 30.8519 22.7716 -5
      vertex 31.1291 22.8708 -5
    endloop
  endfacet
  facet normal 0 0 -1
    outer loop
      vertex 30.5858 17.3542 -5
      vertex 30.8519 22.7716 -5
      vertex 30.8519 17.2284 -5
    endloop
  endfacet
  facet normal 0 0 -1
    outer loop
      vertex 30.5858 17.3542 -5
      vertex 30.5858 22.6458 -5
      vertex 30.8519 22.7716 -5
    endloop
  endfacet
  facet normal 0 0 -1
    outer loop
      vertex 30.3333 17.5056 -5
      vertex 30.5858 22.6458 -5
      vertex 30.5858 17.3542 -5
    endloop
  endfacet
  facet normal 0 0 -1
    outer loop
      vertex 30.3333 17.5056 -5
      vertex 30.3333 22.4944 -5
      vertex 30.5858 22.6458 -5
    endloop
  endfacet
  facet normal 0 0 -1
    outer loop
      vertex 30.0968 17.681 -5
      vertex 30.3333 22.4944 -5
      vertex 30.3333 17.5056 -5
    endloop
  endfacet
  facet normal 0 0 -1
    outer loop
      vertex 30.0968 17.681 -5
      vertex 30.0968 22.319 -5
      vertex 30.3333 22.4944 -5
    endloop
  endfacet
  facet normal 0 0 -1
    outer loop
      vertex 29.8787 17.8787 -5
      vertex 30.0968 22.319 -5
      vertex 30.0968 17.681 -5
    endloop
  endfacet
  facet normal 0 0 -1
    outer loop
      vertex 29.8787 17.8787 -5
      vertex 29.8787 22.1213 -5
      vertex 30.0968 22.319 -5
    endloop
  endfacet
  facet normal 0 0 -1
    outer loop
      vertex 29.681 18.0968 -5
      vertex 29.8787 22.1213 -5
      vertex 29.8787 17.8787 -5
    endloop
  endfacet
  facet normal 0 0 -1
    outer loop
      vertex 29.681 18.0968 -5
      vertex 29.681 21.9032 -5
      vertex 29.8787 22.1213 -5
    endloop
  endfacet
  facet normal 0 0 -1
    outer loop
      vertex 29.5056 18.3333 -5
      vertex 29.681 21.9032 -5
      vertex 29.681 18.0968 -5
    endloop
  endfacet
  facet normal 0 0 -1
    outer loop
      vertex 29.5056 18.3333 -5
      vertex 29.5056 21.6667 -5
      vertex 29.681 21.9032 -5
    endloop
  endfacet
  facet normal 0 0 -1
    outer loop
      vertex 29.3542 18.5858 -5
      vertex 29.5056 21.6667 -5
      vertex 29.5056 18.3333 -5
    endloop
  endfacet
  facet normal 0 0 -1
    outer loop
      vertex 29.3542 18.5858 -5
      vertex 29.3542 21.4142 -5
      vertex 29.5056 21.6667 -5
    endloop
  endfacet
  facet normal 0 0 -1
    outer loop
      vertex 29.2284 18.8519 -5
      vertex 29.3542 21.4142 -5
      vertex 29.3542 18.5858 -5
    endloop
  endfacet
  facet normal 0 0 -1
    outer loop
      vertex 29.2284 18.8519 -5
      vertex 29.2284 21.148 -5
      vertex 29.3542 21.4142 -5
    endloop
  endfacet
  facet normal 0 0 -1
    outer loop
      vertex 29.1292 19.1291 -5
      vertex 29.2284 21.148 -5
      vertex 29.2284 18.8519 -5
    endloop
  endfacet
  facet normal 0 0 -1
    outer loop
      vertex 29.1292 19.1291 -5
      vertex 29.1292 20.8709 -5
      vertex 29.2284 21.148 -5
    endloop
  endfacet
  facet normal 0 0 -1
    outer loop
      vertex 29.0576 19.4147 -5
      vertex 29.1292 20.8709 -5
      vertex 29.1292 19.1291 -5
    endloop
  endfacet
  facet normal 0 0 -1
    outer loop
      vertex 29.0576 19.4147 -5
      vertex 29.0576 20.5853 -5
      vertex 29.1292 20.8709 -5
    endloop
  endfacet
  facet normal 0 0 -1
    outer loop
      vertex 29.0144 19.7059 -5
      vertex 29.0576 20.5853 -5
      vertex 29.0576 19.4147 -5
    endloop
  endfacet
  facet normal 0 0 -1
    outer loop
      vertex 29.0144 19.7059 -5
      vertex 29.0144 20.2941 -5
      vertex 29.0576 20.5853 -5
    endloop
  endfacet
  facet normal 0 -0 -1
    outer loop
      vertex 29.0144 20.2941 -5
      vertex 29.0144 19.7059 -5
      vertex 29 20 -5
    endloop
  endfacet
  facet normal 0.803208 0.595699 0
    outer loop
      vertex 34.4944 21.6667 5
      vertex 34.319 21.9032 -5
      vertex 34.319 21.9032 5
    endloop
  endfacet
  facet normal 0.803208 0.595699 0
    outer loop
      vertex 34.319 21.9032 -5
      vertex 34.4944 21.6667 5
      vertex 34.4944 21.6667 -5
    endloop
  endfacet
  facet normal 0.969982 -0.243175 0
    outer loop
      vertex 34.8708 19.1291 5
      vertex 34.9424 19.4147 -5
      vertex 34.9424 19.4147 5
    endloop
  endfacet
  facet normal 0.969982 -0.243175 0
    outer loop
      vertex 34.9424 19.4147 -5
      vertex 34.8708 19.1291 5
      vertex 34.8708 19.1291 -5
    endloop
  endfacet
  facet normal 0.941527 -0.336939 0
    outer loop
      vertex 34.7716 18.8519 5
      vertex 34.8708 19.1291 -5
      vertex 34.8708 19.1291 5
    endloop
  endfacet
  facet normal 0.941527 -0.336939 0
    outer loop
      vertex 34.8708 19.1291 -5
      vertex 34.7716 18.8519 5
      vertex 34.7716 18.8519 -5
    endloop
  endfacet
  facet normal -0.595699 -0.803208 1.30755e-05
    outer loop
      vertex 30.0968 17.681 5
      vertex 30.3113 17.5219 4
      vertex 30.3333 17.5056 5
    endloop
  endfacet
  facet normal -0.595738 -0.803179 0
    outer loop
      vertex 30.0968 17.681 5
      vertex 30.3113 17.5219 -4
      vertex 30.3113 17.5219 4
    endloop
  endfacet
  facet normal -0.595738 -0.803179 0
    outer loop
      vertex 30.0968 17.681 -5
      vertex 30.3113 17.5219 -4
      vertex 30.0968 17.681 5
    endloop
  endfacet
  facet normal -0.595699 -0.803208 -1.30755e-05
    outer loop
      vertex 30.3333 17.5056 -5
      vertex 30.3113 17.5219 -4
      vertex 30.0968 17.681 -5
    endloop
  endfacet
  facet normal -0.595315 -0.803492 0
    outer loop
      vertex 30.3113 17.5219 -4
      vertex 30.3333 17.5056 -5
      vertex 30.3333 17.5056 -4
    endloop
  endfacet
  facet normal -0.595315 -0.803492 -0
    outer loop
      vertex 30.3333 17.5056 5
      vertex 30.3113 17.5219 4
      vertex 30.3333 17.5056 4
    endloop
  endfacet
  facet normal 0.857643 0.514246 0
    outer loop
      vertex 34.6458 21.4142 5
      vertex 34.4944 21.6667 -5
      vertex 34.4944 21.6667 5
    endloop
  endfacet
  facet normal 0.857643 0.514246 0
    outer loop
      vertex 34.4944 21.6667 -5
      vertex 34.6458 21.4142 5
      vertex 34.6458 21.4142 -5
    endloop
  endfacet
  facet normal -0.989174 0.146746 0
    outer loop
      vertex 29.0144 20.2941 -5
      vertex 29.0576 20.5853 5
      vertex 29.0576 20.5853 -5
    endloop
  endfacet
  facet normal -0.989174 0.146746 0
    outer loop
      vertex 29.0576 20.5853 5
      vertex 29.0144 20.2941 -5
      vertex 29.0144 20.2941 5
    endloop
  endfacet
  facet normal -0.243175 -0.969982 0
    outer loop
      vertex 31.1291 17.1292 -5
      vertex 31.4147 17.0576 -4
      vertex 31.1291 17.1292 -4
    endloop
  endfacet
  facet normal -0.243175 -0.969982 -0
    outer loop
      vertex 31.4147 17.0576 -4
      vertex 31.1291 17.1292 -5
      vertex 31.4147 17.0576 -5
    endloop
  endfacet
  facet normal -0.243175 -0.969982 0
    outer loop
      vertex 31.1291 17.1292 4
      vertex 31.4147 17.0576 5
      vertex 31.1291 17.1292 5
    endloop
  endfacet
  facet normal -0.243175 -0.969982 -0
    outer loop
      vertex 31.4147 17.0576 5
      vertex 31.1291 17.1292 4
      vertex 31.4147 17.0576 4
    endloop
  endfacet
  facet normal -0.671607 0.740908 0
    outer loop
      vertex 30.0968 22.319 -5
      vertex 29.8787 22.1213 5
      vertex 30.0968 22.319 5
    endloop
  endfacet
  facet normal -0.671607 0.740908 0
    outer loop
      vertex 29.8787 22.1213 5
      vertex 30.0968 22.319 -5
      vertex 29.8787 22.1213 -5
    endloop
  endfacet
  facet normal -0.904063 -0.4274 0
    outer loop
      vertex 29.3542 18.5858 -5
      vertex 29.2284 18.8519 5
      vertex 29.2284 18.8519 -5
    endloop
  endfacet
  facet normal -0.904063 -0.4274 0
    outer loop
      vertex 29.2284 18.8519 5
      vertex 29.3542 18.5858 -5
      vertex 29.3542 18.5858 5
    endloop
  endfacet
  facet normal 0.146746 0.989174 -0
    outer loop
      vertex 32.5853 22.9424 -5
      vertex 32.2941 22.9856 5
      vertex 32.5853 22.9424 5
    endloop
  endfacet
  facet normal 0.146746 0.989174 0
    outer loop
      vertex 32.2941 22.9856 5
      vertex 32.5853 22.9424 -5
      vertex 32.2941 22.9856 -5
    endloop
  endfacet
  facet normal -0.857643 0.514246 0
    outer loop
      vertex 29.3542 21.4142 -5
      vertex 29.5056 21.6667 5
      vertex 29.5056 21.6667 -5
    endloop
  endfacet
  facet normal -0.857643 0.514246 0
    outer loop
      vertex 29.5056 21.6667 5
      vertex 29.3542 21.4142 -5
      vertex 29.3542 21.4142 5
    endloop
  endfacet
  facet normal -0.969982 0.243175 0
    outer loop
      vertex 29.0576 20.5853 -5
      vertex 29.1292 20.8709 5
      vertex 29.1292 20.8709 -5
    endloop
  endfacet
  facet normal -0.969982 0.243175 0
    outer loop
      vertex 29.1292 20.8709 5
      vertex 29.0576 20.5853 -5
      vertex 29.0576 20.5853 5
    endloop
  endfacet
  facet normal -0.146746 -0.989174 0
    outer loop
      vertex 31.4147 17.0576 4
      vertex 31.7059 17.0144 5
      vertex 31.4147 17.0576 5
    endloop
  endfacet
  facet normal -0.146746 -0.989174 -0
    outer loop
      vertex 31.7059 17.0144 5
      vertex 31.4147 17.0576 4
      vertex 31.7059 17.0144 4
    endloop
  endfacet
  facet normal -0.146746 -0.989174 0
    outer loop
      vertex 31.4147 17.0576 -5
      vertex 31.7059 17.0144 -4
      vertex 31.4147 17.0576 -4
    endloop
  endfacet
  facet normal -0.146746 -0.989174 -0
    outer loop
      vertex 31.7059 17.0144 -4
      vertex 31.4147 17.0576 -5
      vertex 31.7059 17.0144 -5
    endloop
  endfacet
  facet normal -0.4274 0.904063 0
    outer loop
      vertex 30.8519 22.7716 -5
      vertex 30.5858 22.6458 -4
      vertex 30.8519 22.7716 -4
    endloop
  endfacet
  facet normal -0.4274 0.904063 0
    outer loop
      vertex 30.5858 22.6458 -4
      vertex 30.8519 22.7716 -5
      vertex 30.5858 22.6458 -5
    endloop
  endfacet
  facet normal -0.4274 0.904063 0
    outer loop
      vertex 30.8519 22.7716 4
      vertex 30.5858 22.6458 5
      vertex 30.8519 22.7716 5
    endloop
  endfacet
  facet normal -0.4274 0.904063 0
    outer loop
      vertex 30.5858 22.6458 5
      vertex 30.8519 22.7716 4
      vertex 30.5858 22.6458 4
    endloop
  endfacet
  facet normal 0.740908 -0.671607 0
    outer loop
      vertex 34.1213 17.8787 5
      vertex 34.319 18.0968 -5
      vertex 34.319 18.0968 5
    endloop
  endfacet
  facet normal 0.740908 -0.671607 0
    outer loop
      vertex 34.319 18.0968 -5
      vertex 34.1213 17.8787 5
      vertex 34.1213 17.8787 -5
    endloop
  endfacet
  facet normal -0.941488 0.337047 0
    outer loop
      vertex 29.1292 20.8709 -5
      vertex 29.2284 21.148 5
      vertex 29.2284 21.148 -5
    endloop
  endfacet
  facet normal -0.941488 0.337047 0
    outer loop
      vertex 29.2284 21.148 5
      vertex 29.1292 20.8709 -5
      vertex 29.1292 20.8709 5
    endloop
  endfacet
  facet normal -0.969982 -0.243175 0
    outer loop
      vertex 29.1292 19.1291 -5
      vertex 29.0576 19.4147 5
      vertex 29.0576 19.4147 -5
    endloop
  endfacet
  facet normal -0.969982 -0.243175 0
    outer loop
      vertex 29.0576 19.4147 5
      vertex 29.1292 19.1291 -5
      vertex 29.1292 19.1291 5
    endloop
  endfacet
  facet normal 0.243175 0.969982 -0
    outer loop
      vertex 32.8709 22.8708 -5
      vertex 32.5853 22.9424 5
      vertex 32.8709 22.8708 5
    endloop
  endfacet
  facet normal 0.243175 0.969982 0
    outer loop
      vertex 32.5853 22.9424 5
      vertex 32.8709 22.8708 -5
      vertex 32.5853 22.9424 -5
    endloop
  endfacet
  facet normal 0.427269 -0.904125 0
    outer loop
      vertex 33.148 17.2284 -5
      vertex 33.4142 17.3542 5
      vertex 33.148 17.2284 5
    endloop
  endfacet
  facet normal 0.427269 -0.904125 0
    outer loop
      vertex 33.4142 17.3542 5
      vertex 33.148 17.2284 -5
      vertex 33.4142 17.3542 -5
    endloop
  endfacet
  facet normal 0.514246 -0.857643 0
    outer loop
      vertex 33.4142 17.3542 -5
      vertex 33.6667 17.5056 5
      vertex 33.4142 17.3542 5
    endloop
  endfacet
  facet normal 0.514246 -0.857643 0
    outer loop
      vertex 33.6667 17.5056 5
      vertex 33.4142 17.3542 -5
      vertex 33.6667 17.5056 -5
    endloop
  endfacet
  facet normal -0.514246 0.857643 0
    outer loop
      vertex 30.5858 22.6458 -5
      vertex 30.3333 22.4944 -4
      vertex 30.5858 22.6458 -4
    endloop
  endfacet
  facet normal -0.514246 0.857643 0
    outer loop
      vertex 30.3333 22.4944 -4
      vertex 30.5858 22.6458 -5
      vertex 30.3333 22.4944 -5
    endloop
  endfacet
  facet normal -0.514246 0.857643 0
    outer loop
      vertex 30.5858 22.6458 4
      vertex 30.3333 22.4944 5
      vertex 30.5858 22.6458 5
    endloop
  endfacet
  facet normal -0.514246 0.857643 0
    outer loop
      vertex 30.3333 22.4944 5
      vertex 30.5858 22.6458 4
      vertex 30.3333 22.4944 4
    endloop
  endfacet
  facet normal 0 0 1
    outer loop
      vertex 34.9856 20.2941 5
      vertex 34.9856 19.7059 5
      vertex 35 20 5
    endloop
  endfacet
  facet normal 0 0 1
    outer loop
      vertex 34.9424 20.5853 5
      vertex 34.9856 19.7059 5
      vertex 34.9856 20.2941 5
    endloop
  endfacet
  facet normal 0 0 1
    outer loop
      vertex 34.9424 20.5853 5
      vertex 34.9424 19.4147 5
      vertex 34.9856 19.7059 5
    endloop
  endfacet
  facet normal 0 0 1
    outer loop
      vertex 34.8708 20.8709 5
      vertex 34.9424 19.4147 5
      vertex 34.9424 20.5853 5
    endloop
  endfacet
  facet normal 0 0 1
    outer loop
      vertex 34.8708 20.8709 5
      vertex 34.8708 19.1291 5
      vertex 34.9424 19.4147 5
    endloop
  endfacet
  facet normal 0 0 1
    outer loop
      vertex 34.7716 21.148 5
      vertex 34.8708 19.1291 5
      vertex 34.8708 20.8709 5
    endloop
  endfacet
  facet normal 0 0 1
    outer loop
      vertex 34.7716 21.148 5
      vertex 34.7716 18.8519 5
      vertex 34.8708 19.1291 5
    endloop
  endfacet
  facet normal 0 0 1
    outer loop
      vertex 34.6458 21.4142 5
      vertex 34.7716 18.8519 5
      vertex 34.7716 21.148 5
    endloop
  endfacet
  facet normal 0 0 1
    outer loop
      vertex 34.6458 21.4142 5
      vertex 34.6458 18.5858 5
      vertex 34.7716 18.8519 5
    endloop
  endfacet
  facet normal 0 0 1
    outer loop
      vertex 34.4944 21.6667 5
      vertex 34.6458 18.5858 5
      vertex 34.6458 21.4142 5
    endloop
  endfacet
  facet normal 0 0 1
    outer loop
      vertex 34.4944 21.6667 5
      vertex 34.4944 18.3333 5
      vertex 34.6458 18.5858 5
    endloop
  endfacet
  facet normal 0 0 1
    outer loop
      vertex 34.319 21.9032 5
      vertex 34.4944 18.3333 5
      vertex 34.4944 21.6667 5
    endloop
  endfacet
  facet normal 0 0 1
    outer loop
      vertex 34.319 21.9032 5
      vertex 34.319 18.0968 5
      vertex 34.4944 18.3333 5
    endloop
  endfacet
  facet normal 0 0 1
    outer loop
      vertex 34.1213 22.1213 5
      vertex 34.319 18.0968 5
      vertex 34.319 21.9032 5
    endloop
  endfacet
  facet normal 0 0 1
    outer loop
      vertex 34.1213 22.1213 5
      vertex 34.1213 17.8787 5
      vertex 34.319 18.0968 5
    endloop
  endfacet
  facet normal 0 0 1
    outer loop
      vertex 33.9032 22.319 5
      vertex 34.1213 17.8787 5
      vertex 34.1213 22.1213 5
    endloop
  endfacet
  facet normal 0 0 1
    outer loop
      vertex 33.9032 22.319 5
      vertex 33.9032 17.681 5
      vertex 34.1213 17.8787 5
    endloop
  endfacet
  facet normal 0 0 1
    outer loop
      vertex 33.6667 22.4944 5
      vertex 33.9032 17.681 5
      vertex 33.9032 22.319 5
    endloop
  endfacet
  facet normal 0 0 1
    outer loop
      vertex 33.6667 22.4944 5
      vertex 33.6667 17.5056 5
      vertex 33.9032 17.681 5
    endloop
  endfacet
  facet normal 0 0 1
    outer loop
      vertex 33.4142 22.6458 5
      vertex 33.6667 17.5056 5
      vertex 33.6667 22.4944 5
    endloop
  endfacet
  facet normal 0 0 1
    outer loop
      vertex 33.4142 22.6458 5
      vertex 33.4142 17.3542 5
      vertex 33.6667 17.5056 5
    endloop
  endfacet
  facet normal 0 0 1
    outer loop
      vertex 33.148 22.7716 5
      vertex 33.4142 17.3542 5
      vertex 33.4142 22.6458 5
    endloop
  endfacet
  facet normal 0 0 1
    outer loop
      vertex 33.148 22.7716 5
      vertex 33.148 17.2284 5
      vertex 33.4142 17.3542 5
    endloop
  endfacet
  facet normal 0 0 1
    outer loop
      vertex 32.8709 22.8708 5
      vertex 33.148 17.2284 5
      vertex 33.148 22.7716 5
    endloop
  endfacet
  facet normal 0 0 1
    outer loop
      vertex 32.8709 22.8708 5
      vertex 32.8709 17.1292 5
      vertex 33.148 17.2284 5
    endloop
  endfacet
  facet normal 0 0 1
    outer loop
      vertex 32.5853 22.9424 5
      vertex 32.8709 17.1292 5
      vertex 32.8709 22.8708 5
    endloop
  endfacet
  facet normal 0 0 1
    outer loop
      vertex 32.5853 22.9424 5
      vertex 32.5853 17.0576 5
      vertex 32.8709 17.1292 5
    endloop
  endfacet
  facet normal 0 0 1
    outer loop
      vertex 32.2941 22.9856 5
      vertex 32.5853 17.0576 5
      vertex 32.5853 22.9424 5
    endloop
  endfacet
  facet normal 0 0 1
    outer loop
      vertex 32.2941 22.9856 5
      vertex 32.2941 17.0144 5
      vertex 32.5853 17.0576 5
    endloop
  endfacet
  facet normal 0 0 1
    outer loop
      vertex 32 23 5
      vertex 32.2941 17.0144 5
      vertex 32.2941 22.9856 5
    endloop
  endfacet
  facet normal 0 0 1
    outer loop
      vertex 32 23 5
      vertex 32 17 5
      vertex 32.2941 17.0144 5
    endloop
  endfacet
  facet normal -0 0 1
    outer loop
      vertex 31.7059 22.9856 5
      vertex 32 17 5
      vertex 32 23 5
    endloop
  endfacet
  facet normal 0 0 1
    outer loop
      vertex 31.7059 22.9856 5
      vertex 31.7059 17.0144 5
      vertex 32 17 5
    endloop
  endfacet
  facet normal -0 0 1
    outer loop
      vertex 31.4147 22.9424 5
      vertex 31.7059 17.0144 5
      vertex 31.7059 22.9856 5
    endloop
  endfacet
  facet normal 0 0 1
    outer loop
      vertex 31.4147 22.9424 5
      vertex 31.4147 17.0576 5
      vertex 31.7059 17.0144 5
    endloop
  endfacet
  facet normal -0 0 1
    outer loop
      vertex 31.1291 22.8708 5
      vertex 31.4147 17.0576 5
      vertex 31.4147 22.9424 5
    endloop
  endfacet
  facet normal 0 0 1
    outer loop
      vertex 31.1291 22.8708 5
      vertex 31.1291 17.1292 5
      vertex 31.4147 17.0576 5
    endloop
  endfacet
  facet normal -0 0 1
    outer loop
      vertex 30.8519 22.7716 5
      vertex 31.1291 17.1292 5
      vertex 31.1291 22.8708 5
    endloop
  endfacet
  facet normal 0 0 1
    outer loop
      vertex 30.8519 22.7716 5
      vertex 30.8519 17.2284 5
      vertex 31.1291 17.1292 5
    endloop
  endfacet
  facet normal -0 0 1
    outer loop
      vertex 30.5858 22.6458 5
      vertex 30.8519 17.2284 5
      vertex 30.8519 22.7716 5
    endloop
  endfacet
  facet normal 0 0 1
    outer loop
      vertex 30.5858 22.6458 5
      vertex 30.5858 17.3542 5
      vertex 30.8519 17.2284 5
    endloop
  endfacet
  facet normal -0 0 1
    outer loop
      vertex 30.3333 22.4944 5
      vertex 30.5858 17.3542 5
      vertex 30.5858 22.6458 5
    endloop
  endfacet
  facet normal 0 0 1
    outer loop
      vertex 30.3333 22.4944 5
      vertex 30.3333 17.5056 5
      vertex 30.5858 17.3542 5
    endloop
  endfacet
  facet normal -0 0 1
    outer loop
      vertex 30.0968 22.319 5
      vertex 30.3333 17.5056 5
      vertex 30.3333 22.4944 5
    endloop
  endfacet
  facet normal 0 0 1
    outer loop
      vertex 30.0968 22.319 5
      vertex 30.0968 17.681 5
      vertex 30.3333 17.5056 5
    endloop
  endfacet
  facet normal -0 0 1
    outer loop
      vertex 29.8787 22.1213 5
      vertex 30.0968 17.681 5
      vertex 30.0968 22.319 5
    endloop
  endfacet
  facet normal 0 0 1
    outer loop
      vertex 29.8787 22.1213 5
      vertex 29.8787 17.8787 5
      vertex 30.0968 17.681 5
    endloop
  endfacet
  facet normal -0 0 1
    outer loop
      vertex 29.681 21.9032 5
      vertex 29.8787 17.8787 5
      vertex 29.8787 22.1213 5
    endloop
  endfacet
  facet normal 0 0 1
    outer loop
      vertex 29.681 21.9032 5
      vertex 29.681 18.0968 5
      vertex 29.8787 17.8787 5
    endloop
  endfacet
  facet normal -0 0 1
    outer loop
      vertex 29.5056 21.6667 5
      vertex 29.681 18.0968 5
      vertex 29.681 21.9032 5
    endloop
  endfacet
  facet normal 0 0 1
    outer loop
      vertex 29.5056 21.6667 5
      vertex 29.5056 18.3333 5
      vertex 29.681 18.0968 5
    endloop
  endfacet
  facet normal -0 0 1
    outer loop
      vertex 29.3542 21.4142 5
      vertex 29.5056 18.3333 5
      vertex 29.5056 21.6667 5
    endloop
  endfacet
  facet normal 0 0 1
    outer loop
      vertex 29.3542 21.4142 5
      vertex 29.3542 18.5858 5
      vertex 29.5056 18.3333 5
    endloop
  endfacet
  facet normal -0 0 1
    outer loop
      vertex 29.2284 21.148 5
      vertex 29.3542 18.5858 5
      vertex 29.3542 21.4142 5
    endloop
  endfacet
  facet normal 0 0 1
    outer loop
      vertex 29.2284 21.148 5
      vertex 29.2284 18.8519 5
      vertex 29.3542 18.5858 5
    endloop
  endfacet
  facet normal -0 0 1
    outer loop
      vertex 29.1292 20.8709 5
      vertex 29.2284 18.8519 5
      vertex 29.2284 21.148 5
    endloop
  endfacet
  facet normal 0 0 1
    outer loop
      vertex 29.1292 20.8709 5
      vertex 29.1292 19.1291 5
      vertex 29.2284 18.8519 5
    endloop
  endfacet
  facet normal -0 0 1
    outer loop
      vertex 29.0576 20.5853 5
      vertex 29.1292 19.1291 5
      vertex 29.1292 20.8709 5
    endloop
  endfacet
  facet normal 0 0 1
    outer loop
      vertex 29.0576 20.5853 5
      vertex 29.0576 19.4147 5
      vertex 29.1292 19.1291 5
    endloop
  endfacet
  facet normal -0 0 1
    outer loop
      vertex 29.0144 20.2941 5
      vertex 29.0576 19.4147 5
      vertex 29.0576 20.5853 5
    endloop
  endfacet
  facet normal 0 0 1
    outer loop
      vertex 29.0144 20.2941 5
      vertex 29.0144 19.7059 5
      vertex 29.0576 19.4147 5
    endloop
  endfacet
  facet normal 0 -0 1
    outer loop
      vertex 29.0144 19.7059 5
      vertex 29.0144 20.2941 5
      vertex 29 20 5
    endloop
  endfacet
  facet normal -0.904125 0.427269 0
    outer loop
      vertex 29.2284 21.148 -5
      vertex 29.3542 21.4142 5
      vertex 29.3542 21.4142 -5
    endloop
  endfacet
  facet normal -0.904125 0.427269 0
    outer loop
      vertex 29.3542 21.4142 5
      vertex 29.2284 21.148 -5
      vertex 29.2284 21.148 5
    endloop
  endfacet
  facet normal -0.514246 -0.857643 0
    outer loop
      vertex 30.3333 17.5056 -5
      vertex 30.5858 17.3542 -4
      vertex 30.3333 17.5056 -4
    endloop
  endfacet
  facet normal -0.514246 -0.857643 -0
    outer loop
      vertex 30.5858 17.3542 -4
      vertex 30.3333 17.5056 -5
      vertex 30.5858 17.3542 -5
    endloop
  endfacet
  facet normal -0.514246 -0.857643 0
    outer loop
      vertex 30.3333 17.5056 4
      vertex 30.5858 17.3542 5
      vertex 30.3333 17.5056 5
    endloop
  endfacet
  facet normal -0.514246 -0.857643 -0
    outer loop
      vertex 30.5858 17.3542 5
      vertex 30.3333 17.5056 4
      vertex 30.5858 17.3542 4
    endloop
  endfacet
endsolid OpenSCAD_Model
