solid OpenSCAD_Model
  facet normal -0.740944 0 0.671567
    outer loop
      vertex -37.1045 -1.5 30.4509
      vertex -33.9411 1.5 33.9411
      vertex -37.1045 1.5 30.4509
    endloop
  endfacet
  facet normal -0.740944 0 0.671567
    outer loop
      vertex -33.9411 1.5 33.9411
      vertex -37.1045 -1.5 30.4509
      vertex -33.9411 -1.5 33.9411
    endloop
  endfacet
  facet normal 0.989176 -0 0.146736
    outer loop
      vertex 47.0777 -1.5 9.36434
      vertex 47.7689 1.5 4.70482
      vertex 47.0777 1.5 9.36434
    endloop
  endfacet
  facet normal 0.989176 0 0.146736
    outer loop
      vertex 47.7689 1.5 4.70482
      vertex 47.0777 -1.5 9.36434
      vertex 47.7689 -1.5 4.70482
    endloop
  endfacet
  facet normal -0.242987 0 0.97003
    outer loop
      vertex -13.9337 1.5 45.9331
      vertex -9.36434 -1.5 47.0777
      vertex -9.36434 1.5 47.0777
    endloop
  endfacet
  facet normal -0.242987 0 0.97003
    outer loop
      vertex -9.36434 -1.5 47.0777
      vertex -13.9337 1.5 45.9331
      vertex -13.9337 -1.5 45.9331
    endloop
  endfacet
  facet normal -0.857731 0 -0.514099
    outer loop
      vertex -39.9105 -1.5 -26.6674
      vertex -42.3322 1.5 -22.627
      vertex -39.9105 1.5 -26.6674
    endloop
  endfacet
  facet normal -0.857731 -0 -0.514099
    outer loop
      vertex -42.3322 1.5 -22.627
      vertex -39.9105 -1.5 -26.6674
      vertex -42.3322 -1.5 -22.627
    endloop
  endfacet
  facet normal 0.146736 0 -0.989176
    outer loop
      vertex 4.70482 -1.5 -47.7689
      vertex 9.36434 1.5 -47.0777
      vertex 9.36434 -1.5 -47.0777
    endloop
  endfacet
  facet normal 0.146736 0 -0.989176
    outer loop
      vertex 9.36434 1.5 -47.0777
      vertex 4.70482 -1.5 -47.7689
      vertex 4.70482 1.5 -47.7689
    endloop
  endfacet
  facet normal 0.514099 0 -0.857731
    outer loop
      vertex 22.627 -1.5 -42.3322
      vertex 26.6674 1.5 -39.9105
      vertex 26.6674 -1.5 -39.9105
    endloop
  endfacet
  facet normal 0.514099 0 -0.857731
    outer loop
      vertex 26.6674 1.5 -39.9105
      vertex 22.627 -1.5 -42.3322
      vertex 22.627 1.5 -42.3322
    endloop
  endfacet
  facet normal -0.941544 0 0.336889
    outer loop
      vertex -45.9331 -1.5 13.9337
      vertex -44.3462 1.5 18.3688
      vertex -45.9331 1.5 13.9337
    endloop
  endfacet
  facet normal -0.941544 0 0.336889
    outer loop
      vertex -44.3462 1.5 18.3688
      vertex -45.9331 -1.5 13.9337
      vertex -44.3462 -1.5 18.3688
    endloop
  endfacet
  facet normal 0.941544 -0 0.336889
    outer loop
      vertex 44.3462 -1.5 18.3688
      vertex 45.9331 1.5 13.9337
      vertex 44.3462 1.5 18.3688
    endloop
  endfacet
  facet normal 0.941544 0 0.336889
    outer loop
      vertex 45.9331 1.5 13.9337
      vertex 44.3462 -1.5 18.3688
      vertex 45.9331 -1.5 13.9337
    endloop
  endfacet
  facet normal -0.0490607 0 -0.998796
    outer loop
      vertex -4.70482 -1.5 -47.7689
      vertex 0 1.5 -48
      vertex 0 -1.5 -48
    endloop
  endfacet
  facet normal -0.0490607 0 -0.998796
    outer loop
      vertex 0 1.5 -48
      vertex -4.70482 -1.5 -47.7689
      vertex -4.70482 1.5 -47.7689
    endloop
  endfacet
  facet normal -0.989176 0 -0.146736
    outer loop
      vertex -47.0777 -1.5 -9.36434
      vertex -47.7689 1.5 -4.70482
      vertex -47.0777 1.5 -9.36434
    endloop
  endfacet
  facet normal -0.989176 -0 -0.146736
    outer loop
      vertex -47.7689 1.5 -4.70482
      vertex -47.0777 -1.5 -9.36434
      vertex -47.7689 -1.5 -4.70482
    endloop
  endfacet
  facet normal -0.595695 0 0.803211
    outer loop
      vertex -30.4509 1.5 37.1045
      vertex -26.6674 -1.5 39.9105
      vertex -26.6674 1.5 39.9105
    endloop
  endfacet
  facet normal -0.595695 0 0.803211
    outer loop
      vertex -26.6674 -1.5 39.9105
      vertex -30.4509 1.5 37.1045
      vertex -30.4509 -1.5 37.1045
    endloop
  endfacet
  facet normal 0.514099 0 0.857731
    outer loop
      vertex 22.627 1.5 42.3322
      vertex 26.6674 -1.5 39.9105
      vertex 26.6674 1.5 39.9105
    endloop
  endfacet
  facet normal 0.514099 0 0.857731
    outer loop
      vertex 26.6674 -1.5 39.9105
      vertex 22.627 1.5 42.3322
      vertex 22.627 -1.5 42.3322
    endloop
  endfacet
  facet normal 0.989176 0 -0.146736
    outer loop
      vertex 47.7689 -1.5 -4.70482
      vertex 47.0777 1.5 -9.36434
      vertex 47.7689 1.5 -4.70482
    endloop
  endfacet
  facet normal 0.989176 0 -0.146736
    outer loop
      vertex 47.0777 1.5 -9.36434
      vertex 47.7689 -1.5 -4.70482
      vertex 47.0777 -1.5 -9.36434
    endloop
  endfacet
  facet normal -0.803211 0 -0.595695
    outer loop
      vertex -37.1045 -1.5 -30.4509
      vertex -39.9105 1.5 -26.6674
      vertex -37.1045 1.5 -30.4509
    endloop
  endfacet
  facet normal -0.803211 -0 -0.595695
    outer loop
      vertex -39.9105 1.5 -26.6674
      vertex -37.1045 -1.5 -30.4509
      vertex -39.9105 -1.5 -26.6674
    endloop
  endfacet
  facet normal 0.998796 -0 0.0490607
    outer loop
      vertex 47.7689 -1.5 4.70482
      vertex 48 1.5 0
      vertex 47.7689 1.5 4.70482
    endloop
  endfacet
  facet normal 0.998796 0 0.0490607
    outer loop
      vertex 48 1.5 0
      vertex 47.7689 -1.5 4.70482
      vertex 48 -1.5 0
    endloop
  endfacet
  facet normal 0.97003 -0 0.242987
    outer loop
      vertex 45.9331 -1.5 13.9337
      vertex 47.0777 1.5 9.36434
      vertex 45.9331 1.5 13.9337
    endloop
  endfacet
  facet normal 0.97003 0 0.242987
    outer loop
      vertex 47.0777 1.5 9.36434
      vertex 45.9331 -1.5 13.9337
      vertex 47.0777 -1.5 9.36434
    endloop
  endfacet
  facet normal 0.903988 0 -0.427559
    outer loop
      vertex 44.3462 -1.5 -18.3688
      vertex 42.3322 1.5 -22.627
      vertex 44.3462 1.5 -18.3688
    endloop
  endfacet
  facet normal 0.903988 0 -0.427559
    outer loop
      vertex 42.3322 1.5 -22.627
      vertex 44.3462 -1.5 -18.3688
      vertex 42.3322 -1.5 -22.627
    endloop
  endfacet
  facet normal -0.903988 0 0.427559
    outer loop
      vertex -44.3462 -1.5 18.3688
      vertex -42.3322 1.5 22.627
      vertex -44.3462 1.5 18.3688
    endloop
  endfacet
  facet normal -0.903988 0 0.427559
    outer loop
      vertex -42.3322 1.5 22.627
      vertex -44.3462 -1.5 18.3688
      vertex -42.3322 -1.5 22.627
    endloop
  endfacet
  facet normal -0.97003 0 -0.242987
    outer loop
      vertex -45.9331 -1.5 -13.9337
      vertex -47.0777 1.5 -9.36434
      vertex -45.9331 1.5 -13.9337
    endloop
  endfacet
  facet normal -0.97003 -0 -0.242987
    outer loop
      vertex -47.0777 1.5 -9.36434
      vertex -45.9331 -1.5 -13.9337
      vertex -47.0777 -1.5 -9.36434
    endloop
  endfacet
  facet normal -0.740944 0 -0.671567
    outer loop
      vertex -33.9411 -1.5 -33.9411
      vertex -37.1045 1.5 -30.4509
      vertex -33.9411 1.5 -33.9411
    endloop
  endfacet
  facet normal -0.740944 -0 -0.671567
    outer loop
      vertex -37.1045 1.5 -30.4509
      vertex -33.9411 -1.5 -33.9411
      vertex -37.1045 -1.5 -30.4509
    endloop
  endfacet
  facet normal 0.903988 -0 0.427559
    outer loop
      vertex 42.3322 -1.5 22.627
      vertex 44.3462 1.5 18.3688
      vertex 42.3322 1.5 22.627
    endloop
  endfacet
  facet normal 0.903988 0 0.427559
    outer loop
      vertex 44.3462 1.5 18.3688
      vertex 42.3322 -1.5 22.627
      vertex 44.3462 -1.5 18.3688
    endloop
  endfacet
  facet normal 0.0490607 0 0.998796
    outer loop
      vertex 0 1.5 48
      vertex 4.70482 -1.5 47.7689
      vertex 4.70482 1.5 47.7689
    endloop
  endfacet
  facet normal 0.0490607 0 0.998796
    outer loop
      vertex 4.70482 -1.5 47.7689
      vertex 0 1.5 48
      vertex 0 -1.5 48
    endloop
  endfacet
  facet normal -0.857731 0 0.514099
    outer loop
      vertex -42.3322 -1.5 22.627
      vertex -39.9105 1.5 26.6674
      vertex -42.3322 1.5 22.627
    endloop
  endfacet
  facet normal -0.857731 0 0.514099
    outer loop
      vertex -39.9105 1.5 26.6674
      vertex -42.3322 -1.5 22.627
      vertex -39.9105 -1.5 26.6674
    endloop
  endfacet
  facet normal -0.998796 0 0.0490607
    outer loop
      vertex -48 -1.5 0
      vertex -47.7689 1.5 4.70482
      vertex -48 1.5 0
    endloop
  endfacet
  facet normal -0.998796 0 0.0490607
    outer loop
      vertex -47.7689 1.5 4.70482
      vertex -48 -1.5 0
      vertex -47.7689 -1.5 4.70482
    endloop
  endfacet
  facet normal 0.427559 0 0.903988
    outer loop
      vertex 18.3688 1.5 44.3462
      vertex 22.627 -1.5 42.3322
      vertex 22.627 1.5 42.3322
    endloop
  endfacet
  facet normal 0.427559 0 0.903988
    outer loop
      vertex 22.627 -1.5 42.3322
      vertex 18.3688 1.5 44.3462
      vertex 18.3688 -1.5 44.3462
    endloop
  endfacet
  facet normal 0.671567 0 0.740944
    outer loop
      vertex 30.4509 1.5 37.1045
      vertex 33.9411 -1.5 33.9411
      vertex 33.9411 1.5 33.9411
    endloop
  endfacet
  facet normal 0.671567 0 0.740944
    outer loop
      vertex 33.9411 -1.5 33.9411
      vertex 30.4509 1.5 37.1045
      vertex 30.4509 -1.5 37.1045
    endloop
  endfacet
  facet normal 0.998796 0 -0.0490607
    outer loop
      vertex 48 -1.5 0
      vertex 47.7689 1.5 -4.70482
      vertex 48 1.5 0
    endloop
  endfacet
  facet normal 0.998796 0 -0.0490607
    outer loop
      vertex 47.7689 1.5 -4.70482
      vertex 48 -1.5 0
      vertex 47.7689 -1.5 -4.70482
    endloop
  endfacet
  facet normal -0.146736 0 0.989176
    outer loop
      vertex -9.36434 1.5 47.0777
      vertex -4.70482 -1.5 47.7689
      vertex -4.70482 1.5 47.7689
    endloop
  endfacet
  facet normal -0.146736 0 0.989176
    outer loop
      vertex -4.70482 -1.5 47.7689
      vertex -9.36434 1.5 47.0777
      vertex -9.36434 -1.5 47.0777
    endloop
  endfacet
  facet normal -0.671567 0 -0.740944
    outer loop
      vertex -33.9411 -1.5 -33.9411
      vertex -30.4509 1.5 -37.1045
      vertex -30.4509 -1.5 -37.1045
    endloop
  endfacet
  facet normal -0.671567 0 -0.740944
    outer loop
      vertex -30.4509 1.5 -37.1045
      vertex -33.9411 -1.5 -33.9411
      vertex -33.9411 1.5 -33.9411
    endloop
  endfacet
  facet normal 0.740944 0 -0.671567
    outer loop
      vertex 37.1045 -1.5 -30.4509
      vertex 33.9411 1.5 -33.9411
      vertex 37.1045 1.5 -30.4509
    endloop
  endfacet
  facet normal 0.740944 0 -0.671567
    outer loop
      vertex 33.9411 1.5 -33.9411
      vertex 37.1045 -1.5 -30.4509
      vertex 33.9411 -1.5 -33.9411
    endloop
  endfacet
  facet normal 0.595695 0 0.803211
    outer loop
      vertex 26.6674 1.5 39.9105
      vertex 30.4509 -1.5 37.1045
      vertex 30.4509 1.5 37.1045
    endloop
  endfacet
  facet normal 0.595695 0 0.803211
    outer loop
      vertex 30.4509 -1.5 37.1045
      vertex 26.6674 1.5 39.9105
      vertex 26.6674 -1.5 39.9105
    endloop
  endfacet
  facet normal -0.0490607 0 0.998796
    outer loop
      vertex -4.70482 1.5 47.7689
      vertex 0 -1.5 48
      vertex 0 1.5 48
    endloop
  endfacet
  facet normal -0.0490607 0 0.998796
    outer loop
      vertex 0 -1.5 48
      vertex -4.70482 1.5 47.7689
      vertex -4.70482 -1.5 47.7689
    endloop
  endfacet
  facet normal 0.242987 0 -0.97003
    outer loop
      vertex 9.36434 -1.5 -47.0777
      vertex 13.9337 1.5 -45.9331
      vertex 13.9337 -1.5 -45.9331
    endloop
  endfacet
  facet normal 0.242987 0 -0.97003
    outer loop
      vertex 13.9337 1.5 -45.9331
      vertex 9.36434 -1.5 -47.0777
      vertex 9.36434 1.5 -47.0777
    endloop
  endfacet
  facet normal -0.989176 0 0.146736
    outer loop
      vertex -47.7689 -1.5 4.70482
      vertex -47.0777 1.5 9.36434
      vertex -47.7689 1.5 4.70482
    endloop
  endfacet
  facet normal -0.989176 0 0.146736
    outer loop
      vertex -47.0777 1.5 9.36434
      vertex -47.7689 -1.5 4.70482
      vertex -47.0777 -1.5 9.36434
    endloop
  endfacet
  facet normal 0.857731 0 -0.514099
    outer loop
      vertex 42.3322 -1.5 -22.627
      vertex 39.9105 1.5 -26.6674
      vertex 42.3322 1.5 -22.627
    endloop
  endfacet
  facet normal 0.857731 0 -0.514099
    outer loop
      vertex 39.9105 1.5 -26.6674
      vertex 42.3322 -1.5 -22.627
      vertex 39.9105 -1.5 -26.6674
    endloop
  endfacet
  facet normal -0.336889 0 0.941544
    outer loop
      vertex -18.3688 1.5 44.3462
      vertex -13.9337 -1.5 45.9331
      vertex -13.9337 1.5 45.9331
    endloop
  endfacet
  facet normal -0.336889 0 0.941544
    outer loop
      vertex -13.9337 -1.5 45.9331
      vertex -18.3688 1.5 44.3462
      vertex -18.3688 -1.5 44.3462
    endloop
  endfacet
  facet normal 0.0490607 0 -0.998796
    outer loop
      vertex 0 -1.5 -48
      vertex 4.70482 1.5 -47.7689
      vertex 4.70482 -1.5 -47.7689
    endloop
  endfacet
  facet normal 0.0490607 0 -0.998796
    outer loop
      vertex 4.70482 1.5 -47.7689
      vertex 0 -1.5 -48
      vertex 0 1.5 -48
    endloop
  endfacet
  facet normal -0.671567 0 0.740944
    outer loop
      vertex -33.9411 1.5 33.9411
      vertex -30.4509 -1.5 37.1045
      vertex -30.4509 1.5 37.1045
    endloop
  endfacet
  facet normal -0.671567 0 0.740944
    outer loop
      vertex -30.4509 -1.5 37.1045
      vertex -33.9411 1.5 33.9411
      vertex -33.9411 -1.5 33.9411
    endloop
  endfacet
  facet normal -0.242987 0 -0.97003
    outer loop
      vertex -13.9337 -1.5 -45.9331
      vertex -9.36434 1.5 -47.0777
      vertex -9.36434 -1.5 -47.0777
    endloop
  endfacet
  facet normal -0.242987 0 -0.97003
    outer loop
      vertex -9.36434 1.5 -47.0777
      vertex -13.9337 -1.5 -45.9331
      vertex -13.9337 1.5 -45.9331
    endloop
  endfacet
  facet normal 0.595695 0 -0.803211
    outer loop
      vertex 26.6674 -1.5 -39.9105
      vertex 30.4509 1.5 -37.1045
      vertex 30.4509 -1.5 -37.1045
    endloop
  endfacet
  facet normal 0.595695 0 -0.803211
    outer loop
      vertex 30.4509 1.5 -37.1045
      vertex 26.6674 -1.5 -39.9105
      vertex 26.6674 1.5 -39.9105
    endloop
  endfacet
  facet normal 0.803211 -0 0.595695
    outer loop
      vertex 37.1045 -1.5 30.4509
      vertex 39.9105 1.5 26.6674
      vertex 37.1045 1.5 30.4509
    endloop
  endfacet
  facet normal 0.803211 0 0.595695
    outer loop
      vertex 39.9105 1.5 26.6674
      vertex 37.1045 -1.5 30.4509
      vertex 39.9105 -1.5 26.6674
    endloop
  endfacet
  facet normal -0.97003 0 0.242987
    outer loop
      vertex -47.0777 -1.5 9.36434
      vertex -45.9331 1.5 13.9337
      vertex -47.0777 1.5 9.36434
    endloop
  endfacet
  facet normal -0.97003 0 0.242987
    outer loop
      vertex -45.9331 1.5 13.9337
      vertex -47.0777 -1.5 9.36434
      vertex -45.9331 -1.5 13.9337
    endloop
  endfacet
  facet normal 0.336889 0 0.941544
    outer loop
      vertex 13.9337 1.5 45.9331
      vertex 18.3688 -1.5 44.3462
      vertex 18.3688 1.5 44.3462
    endloop
  endfacet
  facet normal 0.336889 0 0.941544
    outer loop
      vertex 18.3688 -1.5 44.3462
      vertex 13.9337 1.5 45.9331
      vertex 13.9337 -1.5 45.9331
    endloop
  endfacet
  facet normal 0.97003 0 -0.242987
    outer loop
      vertex 47.0777 -1.5 -9.36434
      vertex 45.9331 1.5 -13.9337
      vertex 47.0777 1.5 -9.36434
    endloop
  endfacet
  facet normal 0.97003 0 -0.242987
    outer loop
      vertex 45.9331 1.5 -13.9337
      vertex 47.0777 -1.5 -9.36434
      vertex 45.9331 -1.5 -13.9337
    endloop
  endfacet
  facet normal 0.857731 -0 0.514099
    outer loop
      vertex 39.9105 -1.5 26.6674
      vertex 42.3322 1.5 22.627
      vertex 39.9105 1.5 26.6674
    endloop
  endfacet
  facet normal 0.857731 0 0.514099
    outer loop
      vertex 42.3322 1.5 22.627
      vertex 39.9105 -1.5 26.6674
      vertex 42.3322 -1.5 22.627
    endloop
  endfacet
  facet normal 0.671567 0 -0.740944
    outer loop
      vertex 30.4509 -1.5 -37.1045
      vertex 33.9411 1.5 -33.9411
      vertex 33.9411 -1.5 -33.9411
    endloop
  endfacet
  facet normal 0.671567 0 -0.740944
    outer loop
      vertex 33.9411 1.5 -33.9411
      vertex 30.4509 -1.5 -37.1045
      vertex 30.4509 1.5 -37.1045
    endloop
  endfacet
  facet normal 0.740944 -0 0.671567
    outer loop
      vertex 33.9411 -1.5 33.9411
      vertex 37.1045 1.5 30.4509
      vertex 33.9411 1.5 33.9411
    endloop
  endfacet
  facet normal 0.740944 0 0.671567
    outer loop
      vertex 37.1045 1.5 30.4509
      vertex 33.9411 -1.5 33.9411
      vertex 37.1045 -1.5 30.4509
    endloop
  endfacet
  facet normal 0.242987 0 0.97003
    outer loop
      vertex 9.36434 1.5 47.0777
      vertex 13.9337 -1.5 45.9331
      vertex 13.9337 1.5 45.9331
    endloop
  endfacet
  facet normal 0.242987 0 0.97003
    outer loop
      vertex 13.9337 -1.5 45.9331
      vertex 9.36434 1.5 47.0777
      vertex 9.36434 -1.5 47.0777
    endloop
  endfacet
  facet normal 0.941544 0 -0.336889
    outer loop
      vertex 45.9331 -1.5 -13.9337
      vertex 44.3462 1.5 -18.3688
      vertex 45.9331 1.5 -13.9337
    endloop
  endfacet
  facet normal 0.941544 0 -0.336889
    outer loop
      vertex 44.3462 1.5 -18.3688
      vertex 45.9331 -1.5 -13.9337
      vertex 44.3462 -1.5 -18.3688
    endloop
  endfacet
  facet normal -0.514099 0 0.857731
    outer loop
      vertex -26.6674 1.5 39.9105
      vertex -22.627 -1.5 42.3322
      vertex -22.627 1.5 42.3322
    endloop
  endfacet
  facet normal -0.514099 0 0.857731
    outer loop
      vertex -22.627 -1.5 42.3322
      vertex -26.6674 1.5 39.9105
      vertex -26.6674 -1.5 39.9105
    endloop
  endfacet
  facet normal -0.998796 0 -0.0490607
    outer loop
      vertex -47.7689 -1.5 -4.70482
      vertex -48 1.5 0
      vertex -47.7689 1.5 -4.70482
    endloop
  endfacet
  facet normal -0.998796 -0 -0.0490607
    outer loop
      vertex -48 1.5 0
      vertex -47.7689 -1.5 -4.70482
      vertex -48 -1.5 0
    endloop
  endfacet
  facet normal 0.146736 0 0.989176
    outer loop
      vertex 4.70482 1.5 47.7689
      vertex 9.36434 -1.5 47.0777
      vertex 9.36434 1.5 47.0777
    endloop
  endfacet
  facet normal 0.146736 0 0.989176
    outer loop
      vertex 9.36434 -1.5 47.0777
      vertex 4.70482 1.5 47.7689
      vertex 4.70482 -1.5 47.7689
    endloop
  endfacet
  facet normal 0 1 0
    outer loop
      vertex 0 1.5 44
      vertex 0 1.5 48
      vertex 4.70482 1.5 47.7689
    endloop
  endfacet
  facet normal 0 1 0
    outer loop
      vertex 4.31275 1.5 43.7881
      vertex 4.70482 1.5 47.7689
      vertex 9.36434 1.5 47.0777
    endloop
  endfacet
  facet normal 0 1 0
    outer loop
      vertex 0 1.5 48
      vertex 0 1.5 44
      vertex -4.70482 1.5 47.7689
    endloop
  endfacet
  facet normal 0 1 0
    outer loop
      vertex 8.58397 1.5 43.1546
      vertex 9.36434 1.5 47.0777
      vertex 13.9337 1.5 45.9331
    endloop
  endfacet
  facet normal 0 1 -0
    outer loop
      vertex -4.31275 1.5 43.7881
      vertex -4.70482 1.5 47.7689
      vertex 0 1.5 44
    endloop
  endfacet
  facet normal 0 1 0
    outer loop
      vertex 12.7725 1.5 42.1054
      vertex 13.9337 1.5 45.9331
      vertex 18.3688 1.5 44.3462
    endloop
  endfacet
  facet normal 0 1 0
    outer loop
      vertex -4.70482 1.5 47.7689
      vertex -4.31275 1.5 43.7881
      vertex -9.36434 1.5 47.0777
    endloop
  endfacet
  facet normal 0 1 -0
    outer loop
      vertex -8.58397 1.5 43.1546
      vertex -9.36434 1.5 47.0777
      vertex -4.31275 1.5 43.7881
    endloop
  endfacet
  facet normal 0 1 0
    outer loop
      vertex 4.70482 1.5 47.7689
      vertex 4.31275 1.5 43.7881
      vertex 0 1.5 44
    endloop
  endfacet
  facet normal 0 1 0
    outer loop
      vertex 9.36434 1.5 47.0777
      vertex 8.58397 1.5 43.1546
      vertex 4.31275 1.5 43.7881
    endloop
  endfacet
  facet normal 0 1 0
    outer loop
      vertex 16.8381 1.5 40.6507
      vertex 18.3688 1.5 44.3462
      vertex 22.627 1.5 42.3322
    endloop
  endfacet
  facet normal 0 1 0
    outer loop
      vertex 13.9337 1.5 45.9331
      vertex 12.7725 1.5 42.1054
      vertex 8.58397 1.5 43.1546
    endloop
  endfacet
  facet normal 0 1 0
    outer loop
      vertex 18.3688 1.5 44.3462
      vertex 16.8381 1.5 40.6507
      vertex 12.7725 1.5 42.1054
    endloop
  endfacet
  facet normal 0 1 0
    outer loop
      vertex 20.7415 1.5 38.8045
      vertex 22.627 1.5 42.3322
      vertex 26.6674 1.5 39.9105
    endloop
  endfacet
  facet normal 0 1 0
    outer loop
      vertex 22.627 1.5 42.3322
      vertex 20.7415 1.5 38.8045
      vertex 16.8381 1.5 40.6507
    endloop
  endfacet
  facet normal 0 1 0
    outer loop
      vertex 24.4451 1.5 36.5847
      vertex 26.6674 1.5 39.9105
      vertex 30.4509 1.5 37.1045
    endloop
  endfacet
  facet normal 0 1 0
    outer loop
      vertex 26.6674 1.5 39.9105
      vertex 24.4451 1.5 36.5847
      vertex 20.7415 1.5 38.8045
    endloop
  endfacet
  facet normal 0 1 0
    outer loop
      vertex 30.4509 1.5 37.1045
      vertex 27.9133 1.5 34.0125
      vertex 24.4451 1.5 36.5847
    endloop
  endfacet
  facet normal 0 1 0
    outer loop
      vertex 33.9411 1.5 33.9411
      vertex 27.9133 1.5 34.0125
      vertex 30.4509 1.5 37.1045
    endloop
  endfacet
  facet normal 0 1 0
    outer loop
      vertex 33.9411 1.5 33.9411
      vertex 31.1127 1.5 31.1127
      vertex 27.9133 1.5 34.0125
    endloop
  endfacet
  facet normal 0 1 0
    outer loop
      vertex 37.1045 1.5 30.4509
      vertex 31.1127 1.5 31.1127
      vertex 33.9411 1.5 33.9411
    endloop
  endfacet
  facet normal 0 1 0
    outer loop
      vertex 37.1045 1.5 30.4509
      vertex 34.0125 1.5 27.9133
      vertex 31.1127 1.5 31.1127
    endloop
  endfacet
  facet normal 0 1 0
    outer loop
      vertex 39.9105 1.5 26.6674
      vertex 34.0125 1.5 27.9133
      vertex 37.1045 1.5 30.4509
    endloop
  endfacet
  facet normal 0 1 0
    outer loop
      vertex 39.9105 1.5 26.6674
      vertex 36.5847 1.5 24.4451
      vertex 34.0125 1.5 27.9133
    endloop
  endfacet
  facet normal 0 1 0
    outer loop
      vertex 42.3322 1.5 22.627
      vertex 36.5847 1.5 24.4451
      vertex 39.9105 1.5 26.6674
    endloop
  endfacet
  facet normal 0 1 0
    outer loop
      vertex 42.3322 1.5 22.627
      vertex 38.8045 1.5 20.7415
      vertex 36.5847 1.5 24.4451
    endloop
  endfacet
  facet normal 0 1 0
    outer loop
      vertex 44.3462 1.5 18.3688
      vertex 38.8045 1.5 20.7415
      vertex 42.3322 1.5 22.627
    endloop
  endfacet
  facet normal 0 1 0
    outer loop
      vertex 44.3462 1.5 18.3688
      vertex 40.6507 1.5 16.8381
      vertex 38.8045 1.5 20.7415
    endloop
  endfacet
  facet normal 0 1 0
    outer loop
      vertex 45.9331 1.5 13.9337
      vertex 40.6507 1.5 16.8381
      vertex 44.3462 1.5 18.3688
    endloop
  endfacet
  facet normal 0 1 0
    outer loop
      vertex 45.9331 1.5 13.9337
      vertex 42.1054 1.5 12.7725
      vertex 40.6507 1.5 16.8381
    endloop
  endfacet
  facet normal 0 1 0
    outer loop
      vertex 47.0777 1.5 9.36434
      vertex 42.1054 1.5 12.7725
      vertex 45.9331 1.5 13.9337
    endloop
  endfacet
  facet normal 0 1 0
    outer loop
      vertex 47.0777 1.5 9.36434
      vertex 43.1546 1.5 8.58397
      vertex 42.1054 1.5 12.7725
    endloop
  endfacet
  facet normal 0 1 0
    outer loop
      vertex 47.7689 1.5 4.70482
      vertex 43.1546 1.5 8.58397
      vertex 47.0777 1.5 9.36434
    endloop
  endfacet
  facet normal 0 1 0
    outer loop
      vertex 47.7689 1.5 4.70482
      vertex 43.7881 1.5 4.31275
      vertex 43.1546 1.5 8.58397
    endloop
  endfacet
  facet normal 0 1 0
    outer loop
      vertex 48 1.5 0
      vertex 43.7881 1.5 4.31275
      vertex 47.7689 1.5 4.70482
    endloop
  endfacet
  facet normal 0 1 0
    outer loop
      vertex 48 1.5 0
      vertex 44 1.5 0
      vertex 43.7881 1.5 4.31275
    endloop
  endfacet
  facet normal 0 1 0
    outer loop
      vertex 48 1.5 0
      vertex 43.7881 1.5 -4.31275
      vertex 44 1.5 0
    endloop
  endfacet
  facet normal 0 1 -0
    outer loop
      vertex 47.7689 1.5 -4.70482
      vertex 43.7881 1.5 -4.31275
      vertex 48 1.5 0
    endloop
  endfacet
  facet normal 0 1 0
    outer loop
      vertex 47.7689 1.5 -4.70482
      vertex 43.1546 1.5 -8.58397
      vertex 43.7881 1.5 -4.31275
    endloop
  endfacet
  facet normal 0 1 -0
    outer loop
      vertex 47.0777 1.5 -9.36434
      vertex 43.1546 1.5 -8.58397
      vertex 47.7689 1.5 -4.70482
    endloop
  endfacet
  facet normal 0 1 0
    outer loop
      vertex 47.0777 1.5 -9.36434
      vertex 42.1054 1.5 -12.7725
      vertex 43.1546 1.5 -8.58397
    endloop
  endfacet
  facet normal 0 1 -0
    outer loop
      vertex 45.9331 1.5 -13.9337
      vertex 42.1054 1.5 -12.7725
      vertex 47.0777 1.5 -9.36434
    endloop
  endfacet
  facet normal 0 1 0
    outer loop
      vertex 45.9331 1.5 -13.9337
      vertex 40.6507 1.5 -16.8381
      vertex 42.1054 1.5 -12.7725
    endloop
  endfacet
  facet normal 0 1 -0
    outer loop
      vertex 44.3462 1.5 -18.3688
      vertex 40.6507 1.5 -16.8381
      vertex 45.9331 1.5 -13.9337
    endloop
  endfacet
  facet normal 0 1 0
    outer loop
      vertex 44.3462 1.5 -18.3688
      vertex 38.8045 1.5 -20.7415
      vertex 40.6507 1.5 -16.8381
    endloop
  endfacet
  facet normal 0 1 -0
    outer loop
      vertex 42.3322 1.5 -22.627
      vertex 38.8045 1.5 -20.7415
      vertex 44.3462 1.5 -18.3688
    endloop
  endfacet
  facet normal 0 1 0
    outer loop
      vertex 42.3322 1.5 -22.627
      vertex 36.5847 1.5 -24.4451
      vertex 38.8045 1.5 -20.7415
    endloop
  endfacet
  facet normal 0 1 -0
    outer loop
      vertex 39.9105 1.5 -26.6674
      vertex 36.5847 1.5 -24.4451
      vertex 42.3322 1.5 -22.627
    endloop
  endfacet
  facet normal 0 1 0
    outer loop
      vertex 39.9105 1.5 -26.6674
      vertex 34.0125 1.5 -27.9133
      vertex 36.5847 1.5 -24.4451
    endloop
  endfacet
  facet normal 0 1 -0
    outer loop
      vertex 37.1045 1.5 -30.4509
      vertex 34.0125 1.5 -27.9133
      vertex 39.9105 1.5 -26.6674
    endloop
  endfacet
  facet normal 0 1 0
    outer loop
      vertex 37.1045 1.5 -30.4509
      vertex 31.1127 1.5 -31.1127
      vertex 34.0125 1.5 -27.9133
    endloop
  endfacet
  facet normal 0 1 -0
    outer loop
      vertex 33.9411 1.5 -33.9411
      vertex 31.1127 1.5 -31.1127
      vertex 37.1045 1.5 -30.4509
    endloop
  endfacet
  facet normal 0 1 0
    outer loop
      vertex 33.9411 1.5 -33.9411
      vertex 27.9133 1.5 -34.0125
      vertex 31.1127 1.5 -31.1127
    endloop
  endfacet
  facet normal 0 1 -0
    outer loop
      vertex 30.4509 1.5 -37.1045
      vertex 27.9133 1.5 -34.0125
      vertex 33.9411 1.5 -33.9411
    endloop
  endfacet
  facet normal 0 1 0
    outer loop
      vertex 27.9133 1.5 -34.0125
      vertex 30.4509 1.5 -37.1045
      vertex 24.4451 1.5 -36.5847
    endloop
  endfacet
  facet normal 0 1 -0
    outer loop
      vertex 26.6674 1.5 -39.9105
      vertex 24.4451 1.5 -36.5847
      vertex 30.4509 1.5 -37.1045
    endloop
  endfacet
  facet normal 0 1 0
    outer loop
      vertex 24.4451 1.5 -36.5847
      vertex 26.6674 1.5 -39.9105
      vertex 20.7415 1.5 -38.8045
    endloop
  endfacet
  facet normal 0 1 -0
    outer loop
      vertex 22.627 1.5 -42.3322
      vertex 20.7415 1.5 -38.8045
      vertex 26.6674 1.5 -39.9105
    endloop
  endfacet
  facet normal 0 1 0
    outer loop
      vertex 20.7415 1.5 -38.8045
      vertex 22.627 1.5 -42.3322
      vertex 16.8381 1.5 -40.6507
    endloop
  endfacet
  facet normal 0 1 -0
    outer loop
      vertex 18.3688 1.5 -44.3462
      vertex 16.8381 1.5 -40.6507
      vertex 22.627 1.5 -42.3322
    endloop
  endfacet
  facet normal 0 1 0
    outer loop
      vertex 16.8381 1.5 -40.6507
      vertex 18.3688 1.5 -44.3462
      vertex 12.7725 1.5 -42.1054
    endloop
  endfacet
  facet normal 0 1 -0
    outer loop
      vertex 13.9337 1.5 -45.9331
      vertex 12.7725 1.5 -42.1054
      vertex 18.3688 1.5 -44.3462
    endloop
  endfacet
  facet normal 0 1 -0
    outer loop
      vertex 9.36434 1.5 -47.0777
      vertex 8.58397 1.5 -43.1546
      vertex 13.9337 1.5 -45.9331
    endloop
  endfacet
  facet normal 0 1 0
    outer loop
      vertex 12.7725 1.5 -42.1054
      vertex 13.9337 1.5 -45.9331
      vertex 8.58397 1.5 -43.1546
    endloop
  endfacet
  facet normal 0 1 0
    outer loop
      vertex -9.36434 1.5 47.0777
      vertex -8.58397 1.5 43.1546
      vertex -13.9337 1.5 45.9331
    endloop
  endfacet
  facet normal 0 1 -0
    outer loop
      vertex -12.7725 1.5 42.1054
      vertex -13.9337 1.5 45.9331
      vertex -8.58397 1.5 43.1546
    endloop
  endfacet
  facet normal 0 1 0
    outer loop
      vertex -13.9337 1.5 45.9331
      vertex -12.7725 1.5 42.1054
      vertex -18.3688 1.5 44.3462
    endloop
  endfacet
  facet normal 0 1 -0
    outer loop
      vertex -16.8381 1.5 40.6507
      vertex -18.3688 1.5 44.3462
      vertex -12.7725 1.5 42.1054
    endloop
  endfacet
  facet normal 0 1 0
    outer loop
      vertex -18.3688 1.5 44.3462
      vertex -16.8381 1.5 40.6507
      vertex -22.627 1.5 42.3322
    endloop
  endfacet
  facet normal 0 1 -0
    outer loop
      vertex -20.7415 1.5 38.8045
      vertex -22.627 1.5 42.3322
      vertex -16.8381 1.5 40.6507
    endloop
  endfacet
  facet normal 0 1 0
    outer loop
      vertex -22.627 1.5 42.3322
      vertex -20.7415 1.5 38.8045
      vertex -26.6674 1.5 39.9105
    endloop
  endfacet
  facet normal 0 1 -0
    outer loop
      vertex -24.4451 1.5 36.5847
      vertex -26.6674 1.5 39.9105
      vertex -20.7415 1.5 38.8045
    endloop
  endfacet
  facet normal 0 1 0
    outer loop
      vertex -26.6674 1.5 39.9105
      vertex -24.4451 1.5 36.5847
      vertex -30.4509 1.5 37.1045
    endloop
  endfacet
  facet normal 0 1 -0
    outer loop
      vertex -27.9133 1.5 34.0125
      vertex -30.4509 1.5 37.1045
      vertex -24.4451 1.5 36.5847
    endloop
  endfacet
  facet normal 0 1 0
    outer loop
      vertex -27.9133 1.5 34.0125
      vertex -33.9411 1.5 33.9411
      vertex -30.4509 1.5 37.1045
    endloop
  endfacet
  facet normal 0 1 -0
    outer loop
      vertex -31.1127 1.5 31.1127
      vertex -33.9411 1.5 33.9411
      vertex -27.9133 1.5 34.0125
    endloop
  endfacet
  facet normal 0 1 0
    outer loop
      vertex -31.1127 1.5 31.1127
      vertex -37.1045 1.5 30.4509
      vertex -33.9411 1.5 33.9411
    endloop
  endfacet
  facet normal 0 1 -0
    outer loop
      vertex -34.0125 1.5 27.9133
      vertex -37.1045 1.5 30.4509
      vertex -31.1127 1.5 31.1127
    endloop
  endfacet
  facet normal 0 1 0
    outer loop
      vertex -34.0125 1.5 27.9133
      vertex -39.9105 1.5 26.6674
      vertex -37.1045 1.5 30.4509
    endloop
  endfacet
  facet normal 0 1 -0
    outer loop
      vertex -36.5847 1.5 24.4451
      vertex -39.9105 1.5 26.6674
      vertex -34.0125 1.5 27.9133
    endloop
  endfacet
  facet normal 0 1 0
    outer loop
      vertex -36.5847 1.5 24.4451
      vertex -42.3322 1.5 22.627
      vertex -39.9105 1.5 26.6674
    endloop
  endfacet
  facet normal 0 1 -0
    outer loop
      vertex -38.8045 1.5 20.7415
      vertex -42.3322 1.5 22.627
      vertex -36.5847 1.5 24.4451
    endloop
  endfacet
  facet normal 0 1 0
    outer loop
      vertex -38.8045 1.5 20.7415
      vertex -44.3462 1.5 18.3688
      vertex -42.3322 1.5 22.627
    endloop
  endfacet
  facet normal 0 1 -0
    outer loop
      vertex -40.6507 1.5 16.8381
      vertex -44.3462 1.5 18.3688
      vertex -38.8045 1.5 20.7415
    endloop
  endfacet
  facet normal 0 1 0
    outer loop
      vertex -40.6507 1.5 16.8381
      vertex -45.9331 1.5 13.9337
      vertex -44.3462 1.5 18.3688
    endloop
  endfacet
  facet normal 0 1 -0
    outer loop
      vertex -42.1054 1.5 12.7725
      vertex -45.9331 1.5 13.9337
      vertex -40.6507 1.5 16.8381
    endloop
  endfacet
  facet normal 0 1 0
    outer loop
      vertex -42.1054 1.5 12.7725
      vertex -47.0777 1.5 9.36434
      vertex -45.9331 1.5 13.9337
    endloop
  endfacet
  facet normal 0 1 -0
    outer loop
      vertex -43.1546 1.5 8.58397
      vertex -47.0777 1.5 9.36434
      vertex -42.1054 1.5 12.7725
    endloop
  endfacet
  facet normal 0 1 0
    outer loop
      vertex -43.1546 1.5 8.58397
      vertex -47.7689 1.5 4.70482
      vertex -47.0777 1.5 9.36434
    endloop
  endfacet
  facet normal 0 1 -0
    outer loop
      vertex -43.7881 1.5 4.31275
      vertex -47.7689 1.5 4.70482
      vertex -43.1546 1.5 8.58397
    endloop
  endfacet
  facet normal 0 1 -0
    outer loop
      vertex -44 1.5 0
      vertex -47.7689 1.5 4.70482
      vertex -43.7881 1.5 4.31275
    endloop
  endfacet
  facet normal 0 1 0
    outer loop
      vertex -44 1.5 0
      vertex -48 1.5 0
      vertex -47.7689 1.5 4.70482
    endloop
  endfacet
  facet normal 0 1 0
    outer loop
      vertex -43.7881 1.5 -4.31275
      vertex -48 1.5 0
      vertex -44 1.5 0
    endloop
  endfacet
  facet normal 0 1 0
    outer loop
      vertex -43.7881 1.5 -4.31275
      vertex -47.7689 1.5 -4.70482
      vertex -48 1.5 0
    endloop
  endfacet
  facet normal 0 1 0
    outer loop
      vertex -43.1546 1.5 -8.58397
      vertex -47.7689 1.5 -4.70482
      vertex -43.7881 1.5 -4.31275
    endloop
  endfacet
  facet normal 0 1 0
    outer loop
      vertex -43.1546 1.5 -8.58397
      vertex -47.0777 1.5 -9.36434
      vertex -47.7689 1.5 -4.70482
    endloop
  endfacet
  facet normal 0 1 0
    outer loop
      vertex -42.1054 1.5 -12.7725
      vertex -47.0777 1.5 -9.36434
      vertex -43.1546 1.5 -8.58397
    endloop
  endfacet
  facet normal 0 1 0
    outer loop
      vertex -42.1054 1.5 -12.7725
      vertex -45.9331 1.5 -13.9337
      vertex -47.0777 1.5 -9.36434
    endloop
  endfacet
  facet normal 0 1 0
    outer loop
      vertex -40.6507 1.5 -16.8381
      vertex -45.9331 1.5 -13.9337
      vertex -42.1054 1.5 -12.7725
    endloop
  endfacet
  facet normal 0 1 0
    outer loop
      vertex -40.6507 1.5 -16.8381
      vertex -44.3462 1.5 -18.3688
      vertex -45.9331 1.5 -13.9337
    endloop
  endfacet
  facet normal 0 1 0
    outer loop
      vertex -38.8045 1.5 -20.7415
      vertex -44.3462 1.5 -18.3688
      vertex -40.6507 1.5 -16.8381
    endloop
  endfacet
  facet normal 0 1 0
    outer loop
      vertex -38.8045 1.5 -20.7415
      vertex -42.3322 1.5 -22.627
      vertex -44.3462 1.5 -18.3688
    endloop
  endfacet
  facet normal 0 1 0
    outer loop
      vertex -36.5847 1.5 -24.4451
      vertex -42.3322 1.5 -22.627
      vertex -38.8045 1.5 -20.7415
    endloop
  endfacet
  facet normal 0 1 0
    outer loop
      vertex -36.5847 1.5 -24.4451
      vertex -39.9105 1.5 -26.6674
      vertex -42.3322 1.5 -22.627
    endloop
  endfacet
  facet normal 0 1 0
    outer loop
      vertex -34.0125 1.5 -27.9133
      vertex -39.9105 1.5 -26.6674
      vertex -36.5847 1.5 -24.4451
    endloop
  endfacet
  facet normal 0 1 0
    outer loop
      vertex -34.0125 1.5 -27.9133
      vertex -37.1045 1.5 -30.4509
      vertex -39.9105 1.5 -26.6674
    endloop
  endfacet
  facet normal 0 1 0
    outer loop
      vertex -31.1127 1.5 -31.1127
      vertex -37.1045 1.5 -30.4509
      vertex -34.0125 1.5 -27.9133
    endloop
  endfacet
  facet normal 0 1 0
    outer loop
      vertex -31.1127 1.5 -31.1127
      vertex -33.9411 1.5 -33.9411
      vertex -37.1045 1.5 -30.4509
    endloop
  endfacet
  facet normal 0 1 0
    outer loop
      vertex -27.9133 1.5 -34.0125
      vertex -33.9411 1.5 -33.9411
      vertex -31.1127 1.5 -31.1127
    endloop
  endfacet
  facet normal 0 1 0
    outer loop
      vertex -30.4509 1.5 -37.1045
      vertex -27.9133 1.5 -34.0125
      vertex -24.4451 1.5 -36.5847
    endloop
  endfacet
  facet normal 0 1 0
    outer loop
      vertex -27.9133 1.5 -34.0125
      vertex -30.4509 1.5 -37.1045
      vertex -33.9411 1.5 -33.9411
    endloop
  endfacet
  facet normal 0 1 0
    outer loop
      vertex -26.6674 1.5 -39.9105
      vertex -24.4451 1.5 -36.5847
      vertex -20.7415 1.5 -38.8045
    endloop
  endfacet
  facet normal 0 1 0
    outer loop
      vertex -24.4451 1.5 -36.5847
      vertex -26.6674 1.5 -39.9105
      vertex -30.4509 1.5 -37.1045
    endloop
  endfacet
  facet normal 0 1 0
    outer loop
      vertex -22.627 1.5 -42.3322
      vertex -20.7415 1.5 -38.8045
      vertex -16.8381 1.5 -40.6507
    endloop
  endfacet
  facet normal 0 1 0
    outer loop
      vertex -18.3688 1.5 -44.3462
      vertex -16.8381 1.5 -40.6507
      vertex -12.7725 1.5 -42.1054
    endloop
  endfacet
  facet normal 0 1 0
    outer loop
      vertex -20.7415 1.5 -38.8045
      vertex -22.627 1.5 -42.3322
      vertex -26.6674 1.5 -39.9105
    endloop
  endfacet
  facet normal 0 1 0
    outer loop
      vertex -13.9337 1.5 -45.9331
      vertex -12.7725 1.5 -42.1054
      vertex -8.58397 1.5 -43.1546
    endloop
  endfacet
  facet normal 0 1 0
    outer loop
      vertex -9.36434 1.5 -47.0777
      vertex -8.58397 1.5 -43.1546
      vertex -4.31275 1.5 -43.7881
    endloop
  endfacet
  facet normal 0 1 0
    outer loop
      vertex -16.8381 1.5 -40.6507
      vertex -18.3688 1.5 -44.3462
      vertex -22.627 1.5 -42.3322
    endloop
  endfacet
  facet normal 0 1 0
    outer loop
      vertex -4.70482 1.5 -47.7689
      vertex -4.31275 1.5 -43.7881
      vertex 0 1.5 -44
    endloop
  endfacet
  facet normal 0 1 0
    outer loop
      vertex 8.58397 1.5 -43.1546
      vertex 9.36434 1.5 -47.0777
      vertex 4.31275 1.5 -43.7881
    endloop
  endfacet
  facet normal 0 1 -0
    outer loop
      vertex 4.70482 1.5 -47.7689
      vertex 4.31275 1.5 -43.7881
      vertex 9.36434 1.5 -47.0777
    endloop
  endfacet
  facet normal 0 1 0
    outer loop
      vertex -12.7725 1.5 -42.1054
      vertex -13.9337 1.5 -45.9331
      vertex -18.3688 1.5 -44.3462
    endloop
  endfacet
  facet normal 0 1 0
    outer loop
      vertex 4.31275 1.5 -43.7881
      vertex 4.70482 1.5 -47.7689
      vertex 0 1.5 -44
    endloop
  endfacet
  facet normal 0 1 0
    outer loop
      vertex -8.58397 1.5 -43.1546
      vertex -9.36434 1.5 -47.0777
      vertex -13.9337 1.5 -45.9331
    endloop
  endfacet
  facet normal 0 1 0
    outer loop
      vertex 0 1.5 -48
      vertex 0 1.5 -44
      vertex 4.70482 1.5 -47.7689
    endloop
  endfacet
  facet normal 0 1 0
    outer loop
      vertex -4.31275 1.5 -43.7881
      vertex -4.70482 1.5 -47.7689
      vertex -9.36434 1.5 -47.0777
    endloop
  endfacet
  facet normal 0 1 0
    outer loop
      vertex 0 1.5 -44
      vertex 0 1.5 -48
      vertex -4.70482 1.5 -47.7689
    endloop
  endfacet
  facet normal -0.941544 0 -0.336889
    outer loop
      vertex -44.3462 -1.5 -18.3688
      vertex -45.9331 1.5 -13.9337
      vertex -44.3462 1.5 -18.3688
    endloop
  endfacet
  facet normal -0.941544 -0 -0.336889
    outer loop
      vertex -45.9331 1.5 -13.9337
      vertex -44.3462 -1.5 -18.3688
      vertex -45.9331 -1.5 -13.9337
    endloop
  endfacet
  facet normal -0.336889 0 -0.941544
    outer loop
      vertex -18.3688 -1.5 -44.3462
      vertex -13.9337 1.5 -45.9331
      vertex -13.9337 -1.5 -45.9331
    endloop
  endfacet
  facet normal -0.336889 0 -0.941544
    outer loop
      vertex -13.9337 1.5 -45.9331
      vertex -18.3688 -1.5 -44.3462
      vertex -18.3688 1.5 -44.3462
    endloop
  endfacet
  facet normal -0.595695 0 -0.803211
    outer loop
      vertex -30.4509 -1.5 -37.1045
      vertex -26.6674 1.5 -39.9105
      vertex -26.6674 -1.5 -39.9105
    endloop
  endfacet
  facet normal -0.595695 0 -0.803211
    outer loop
      vertex -26.6674 1.5 -39.9105
      vertex -30.4509 -1.5 -37.1045
      vertex -30.4509 1.5 -37.1045
    endloop
  endfacet
  facet normal 0.336889 0 -0.941544
    outer loop
      vertex 13.9337 -1.5 -45.9331
      vertex 18.3688 1.5 -44.3462
      vertex 18.3688 -1.5 -44.3462
    endloop
  endfacet
  facet normal 0.336889 0 -0.941544
    outer loop
      vertex 18.3688 1.5 -44.3462
      vertex 13.9337 -1.5 -45.9331
      vertex 13.9337 1.5 -45.9331
    endloop
  endfacet
  facet normal 0.803211 0 -0.595695
    outer loop
      vertex 39.9105 -1.5 -26.6674
      vertex 37.1045 1.5 -30.4509
      vertex 39.9105 1.5 -26.6674
    endloop
  endfacet
  facet normal 0.803211 0 -0.595695
    outer loop
      vertex 37.1045 1.5 -30.4509
      vertex 39.9105 -1.5 -26.6674
      vertex 37.1045 -1.5 -30.4509
    endloop
  endfacet
  facet normal 0.427559 0 -0.903988
    outer loop
      vertex 18.3688 -1.5 -44.3462
      vertex 22.627 1.5 -42.3322
      vertex 22.627 -1.5 -42.3322
    endloop
  endfacet
  facet normal 0.427559 0 -0.903988
    outer loop
      vertex 22.627 1.5 -42.3322
      vertex 18.3688 -1.5 -44.3462
      vertex 18.3688 1.5 -44.3462
    endloop
  endfacet
  facet normal -0.903988 0 -0.427559
    outer loop
      vertex -42.3322 -1.5 -22.627
      vertex -44.3462 1.5 -18.3688
      vertex -42.3322 1.5 -22.627
    endloop
  endfacet
  facet normal -0.903988 -0 -0.427559
    outer loop
      vertex -44.3462 1.5 -18.3688
      vertex -42.3322 -1.5 -22.627
      vertex -44.3462 -1.5 -18.3688
    endloop
  endfacet
  facet normal -0.427559 0 0.903988
    outer loop
      vertex -22.627 1.5 42.3322
      vertex -18.3688 -1.5 44.3462
      vertex -18.3688 1.5 44.3462
    endloop
  endfacet
  facet normal -0.427559 0 0.903988
    outer loop
      vertex -18.3688 -1.5 44.3462
      vertex -22.627 1.5 42.3322
      vertex -22.627 -1.5 42.3322
    endloop
  endfacet
  facet normal -0.427559 0 -0.903988
    outer loop
      vertex -22.627 -1.5 -42.3322
      vertex -18.3688 1.5 -44.3462
      vertex -18.3688 -1.5 -44.3462
    endloop
  endfacet
  facet normal -0.427559 0 -0.903988
    outer loop
      vertex -18.3688 1.5 -44.3462
      vertex -22.627 -1.5 -42.3322
      vertex -22.627 1.5 -42.3322
    endloop
  endfacet
  facet normal -0.146736 0 -0.989176
    outer loop
      vertex -9.36434 -1.5 -47.0777
      vertex -4.70482 1.5 -47.7689
      vertex -4.70482 -1.5 -47.7689
    endloop
  endfacet
  facet normal -0.146736 0 -0.989176
    outer loop
      vertex -4.70482 1.5 -47.7689
      vertex -9.36434 -1.5 -47.0777
      vertex -9.36434 1.5 -47.0777
    endloop
  endfacet
  facet normal 0 -1 0
    outer loop
      vertex 0 -1.5 44
      vertex 0 -1.5 48
      vertex -4.70482 -1.5 47.7689
    endloop
  endfacet
  facet normal 0 -1 0
    outer loop
      vertex -4.31275 -1.5 43.7881
      vertex -4.70482 -1.5 47.7689
      vertex -9.36434 -1.5 47.0777
    endloop
  endfacet
  facet normal 0 -1 0
    outer loop
      vertex 0 -1.5 48
      vertex 0 -1.5 44
      vertex 4.70482 -1.5 47.7689
    endloop
  endfacet
  facet normal 0 -1 0
    outer loop
      vertex -8.58397 -1.5 43.1546
      vertex -9.36434 -1.5 47.0777
      vertex -13.9337 -1.5 45.9331
    endloop
  endfacet
  facet normal 0 -1 0
    outer loop
      vertex 4.31275 -1.5 43.7881
      vertex 4.70482 -1.5 47.7689
      vertex 0 -1.5 44
    endloop
  endfacet
  facet normal 0 -1 0
    outer loop
      vertex -12.7725 -1.5 42.1054
      vertex -13.9337 -1.5 45.9331
      vertex -18.3688 -1.5 44.3462
    endloop
  endfacet
  facet normal 0 -1 -0
    outer loop
      vertex 4.70482 -1.5 47.7689
      vertex 4.31275 -1.5 43.7881
      vertex 9.36434 -1.5 47.0777
    endloop
  endfacet
  facet normal 0 -1 0
    outer loop
      vertex 8.58397 -1.5 43.1546
      vertex 9.36434 -1.5 47.0777
      vertex 4.31275 -1.5 43.7881
    endloop
  endfacet
  facet normal 0 -1 0
    outer loop
      vertex -4.70482 -1.5 47.7689
      vertex -4.31275 -1.5 43.7881
      vertex 0 -1.5 44
    endloop
  endfacet
  facet normal 0 -1 0
    outer loop
      vertex -9.36434 -1.5 47.0777
      vertex -8.58397 -1.5 43.1546
      vertex -4.31275 -1.5 43.7881
    endloop
  endfacet
  facet normal 0 -1 0
    outer loop
      vertex -16.8381 -1.5 40.6507
      vertex -18.3688 -1.5 44.3462
      vertex -22.627 -1.5 42.3322
    endloop
  endfacet
  facet normal 0 -1 0
    outer loop
      vertex -13.9337 -1.5 45.9331
      vertex -12.7725 -1.5 42.1054
      vertex -8.58397 -1.5 43.1546
    endloop
  endfacet
  facet normal 0 -1 0
    outer loop
      vertex -18.3688 -1.5 44.3462
      vertex -16.8381 -1.5 40.6507
      vertex -12.7725 -1.5 42.1054
    endloop
  endfacet
  facet normal 0 -1 0
    outer loop
      vertex -20.7415 -1.5 38.8045
      vertex -22.627 -1.5 42.3322
      vertex -26.6674 -1.5 39.9105
    endloop
  endfacet
  facet normal 0 -1 0
    outer loop
      vertex -22.627 -1.5 42.3322
      vertex -20.7415 -1.5 38.8045
      vertex -16.8381 -1.5 40.6507
    endloop
  endfacet
  facet normal 0 -1 0
    outer loop
      vertex -24.4451 -1.5 36.5847
      vertex -26.6674 -1.5 39.9105
      vertex -30.4509 -1.5 37.1045
    endloop
  endfacet
  facet normal 0 -1 0
    outer loop
      vertex -26.6674 -1.5 39.9105
      vertex -24.4451 -1.5 36.5847
      vertex -20.7415 -1.5 38.8045
    endloop
  endfacet
  facet normal 0 -1 0
    outer loop
      vertex -30.4509 -1.5 37.1045
      vertex -27.9133 -1.5 34.0125
      vertex -24.4451 -1.5 36.5847
    endloop
  endfacet
  facet normal 0 -1 0
    outer loop
      vertex -33.9411 -1.5 33.9411
      vertex -27.9133 -1.5 34.0125
      vertex -30.4509 -1.5 37.1045
    endloop
  endfacet
  facet normal 0 -1 0
    outer loop
      vertex -33.9411 -1.5 33.9411
      vertex -31.1127 -1.5 31.1127
      vertex -27.9133 -1.5 34.0125
    endloop
  endfacet
  facet normal 0 -1 0
    outer loop
      vertex -37.1045 -1.5 30.4509
      vertex -31.1127 -1.5 31.1127
      vertex -33.9411 -1.5 33.9411
    endloop
  endfacet
  facet normal 0 -1 0
    outer loop
      vertex -37.1045 -1.5 30.4509
      vertex -34.0125 -1.5 27.9133
      vertex -31.1127 -1.5 31.1127
    endloop
  endfacet
  facet normal 0 -1 0
    outer loop
      vertex -39.9105 -1.5 26.6674
      vertex -34.0125 -1.5 27.9133
      vertex -37.1045 -1.5 30.4509
    endloop
  endfacet
  facet normal 0 -1 0
    outer loop
      vertex -39.9105 -1.5 26.6674
      vertex -36.5847 -1.5 24.4451
      vertex -34.0125 -1.5 27.9133
    endloop
  endfacet
  facet normal 0 -1 0
    outer loop
      vertex -42.3322 -1.5 22.627
      vertex -36.5847 -1.5 24.4451
      vertex -39.9105 -1.5 26.6674
    endloop
  endfacet
  facet normal 0 -1 0
    outer loop
      vertex -42.3322 -1.5 22.627
      vertex -38.8045 -1.5 20.7415
      vertex -36.5847 -1.5 24.4451
    endloop
  endfacet
  facet normal 0 -1 0
    outer loop
      vertex -44.3462 -1.5 18.3688
      vertex -38.8045 -1.5 20.7415
      vertex -42.3322 -1.5 22.627
    endloop
  endfacet
  facet normal 0 -1 0
    outer loop
      vertex -44.3462 -1.5 18.3688
      vertex -40.6507 -1.5 16.8381
      vertex -38.8045 -1.5 20.7415
    endloop
  endfacet
  facet normal 0 -1 0
    outer loop
      vertex -45.9331 -1.5 13.9337
      vertex -40.6507 -1.5 16.8381
      vertex -44.3462 -1.5 18.3688
    endloop
  endfacet
  facet normal 0 -1 0
    outer loop
      vertex -45.9331 -1.5 13.9337
      vertex -42.1054 -1.5 12.7725
      vertex -40.6507 -1.5 16.8381
    endloop
  endfacet
  facet normal 0 -1 0
    outer loop
      vertex -47.0777 -1.5 9.36434
      vertex -42.1054 -1.5 12.7725
      vertex -45.9331 -1.5 13.9337
    endloop
  endfacet
  facet normal 0 -1 0
    outer loop
      vertex -47.0777 -1.5 9.36434
      vertex -43.1546 -1.5 8.58397
      vertex -42.1054 -1.5 12.7725
    endloop
  endfacet
  facet normal 0 -1 0
    outer loop
      vertex -47.7689 -1.5 4.70482
      vertex -43.1546 -1.5 8.58397
      vertex -47.0777 -1.5 9.36434
    endloop
  endfacet
  facet normal 0 -1 0
    outer loop
      vertex -47.7689 -1.5 4.70482
      vertex -43.7881 -1.5 4.31275
      vertex -43.1546 -1.5 8.58397
    endloop
  endfacet
  facet normal 0 -1 0
    outer loop
      vertex -48 -1.5 0
      vertex -43.7881 -1.5 4.31275
      vertex -47.7689 -1.5 4.70482
    endloop
  endfacet
  facet normal 0 -1 0
    outer loop
      vertex -48 -1.5 0
      vertex -44 -1.5 0
      vertex -43.7881 -1.5 4.31275
    endloop
  endfacet
  facet normal 0 -1 0
    outer loop
      vertex -48 -1.5 0
      vertex -43.7881 -1.5 -4.31275
      vertex -44 -1.5 0
    endloop
  endfacet
  facet normal 0 -1 0
    outer loop
      vertex -47.7689 -1.5 -4.70482
      vertex -43.7881 -1.5 -4.31275
      vertex -48 -1.5 0
    endloop
  endfacet
  facet normal 0 -1 0
    outer loop
      vertex -47.7689 -1.5 -4.70482
      vertex -43.1546 -1.5 -8.58397
      vertex -43.7881 -1.5 -4.31275
    endloop
  endfacet
  facet normal 0 -1 0
    outer loop
      vertex -47.0777 -1.5 -9.36434
      vertex -43.1546 -1.5 -8.58397
      vertex -47.7689 -1.5 -4.70482
    endloop
  endfacet
  facet normal 0 -1 0
    outer loop
      vertex -47.0777 -1.5 -9.36434
      vertex -42.1054 -1.5 -12.7725
      vertex -43.1546 -1.5 -8.58397
    endloop
  endfacet
  facet normal 0 -1 0
    outer loop
      vertex -45.9331 -1.5 -13.9337
      vertex -42.1054 -1.5 -12.7725
      vertex -47.0777 -1.5 -9.36434
    endloop
  endfacet
  facet normal 0 -1 0
    outer loop
      vertex -45.9331 -1.5 -13.9337
      vertex -40.6507 -1.5 -16.8381
      vertex -42.1054 -1.5 -12.7725
    endloop
  endfacet
  facet normal 0 -1 0
    outer loop
      vertex -44.3462 -1.5 -18.3688
      vertex -40.6507 -1.5 -16.8381
      vertex -45.9331 -1.5 -13.9337
    endloop
  endfacet
  facet normal 0 -1 0
    outer loop
      vertex -44.3462 -1.5 -18.3688
      vertex -38.8045 -1.5 -20.7415
      vertex -40.6507 -1.5 -16.8381
    endloop
  endfacet
  facet normal 0 -1 0
    outer loop
      vertex -42.3322 -1.5 -22.627
      vertex -38.8045 -1.5 -20.7415
      vertex -44.3462 -1.5 -18.3688
    endloop
  endfacet
  facet normal 0 -1 0
    outer loop
      vertex -42.3322 -1.5 -22.627
      vertex -36.5847 -1.5 -24.4451
      vertex -38.8045 -1.5 -20.7415
    endloop
  endfacet
  facet normal 0 -1 0
    outer loop
      vertex -39.9105 -1.5 -26.6674
      vertex -36.5847 -1.5 -24.4451
      vertex -42.3322 -1.5 -22.627
    endloop
  endfacet
  facet normal 0 -1 0
    outer loop
      vertex -39.9105 -1.5 -26.6674
      vertex -34.0125 -1.5 -27.9133
      vertex -36.5847 -1.5 -24.4451
    endloop
  endfacet
  facet normal 0 -1 0
    outer loop
      vertex -37.1045 -1.5 -30.4509
      vertex -34.0125 -1.5 -27.9133
      vertex -39.9105 -1.5 -26.6674
    endloop
  endfacet
  facet normal 0 -1 0
    outer loop
      vertex -37.1045 -1.5 -30.4509
      vertex -31.1127 -1.5 -31.1127
      vertex -34.0125 -1.5 -27.9133
    endloop
  endfacet
  facet normal 0 -1 0
    outer loop
      vertex -33.9411 -1.5 -33.9411
      vertex -31.1127 -1.5 -31.1127
      vertex -37.1045 -1.5 -30.4509
    endloop
  endfacet
  facet normal 0 -1 0
    outer loop
      vertex -33.9411 -1.5 -33.9411
      vertex -27.9133 -1.5 -34.0125
      vertex -31.1127 -1.5 -31.1127
    endloop
  endfacet
  facet normal 0 -1 0
    outer loop
      vertex -30.4509 -1.5 -37.1045
      vertex -27.9133 -1.5 -34.0125
      vertex -33.9411 -1.5 -33.9411
    endloop
  endfacet
  facet normal 0 -1 -0
    outer loop
      vertex -27.9133 -1.5 -34.0125
      vertex -30.4509 -1.5 -37.1045
      vertex -24.4451 -1.5 -36.5847
    endloop
  endfacet
  facet normal 0 -1 0
    outer loop
      vertex -26.6674 -1.5 -39.9105
      vertex -24.4451 -1.5 -36.5847
      vertex -30.4509 -1.5 -37.1045
    endloop
  endfacet
  facet normal 0 -1 -0
    outer loop
      vertex -24.4451 -1.5 -36.5847
      vertex -26.6674 -1.5 -39.9105
      vertex -20.7415 -1.5 -38.8045
    endloop
  endfacet
  facet normal 0 -1 0
    outer loop
      vertex -22.627 -1.5 -42.3322
      vertex -20.7415 -1.5 -38.8045
      vertex -26.6674 -1.5 -39.9105
    endloop
  endfacet
  facet normal 0 -1 -0
    outer loop
      vertex -20.7415 -1.5 -38.8045
      vertex -22.627 -1.5 -42.3322
      vertex -16.8381 -1.5 -40.6507
    endloop
  endfacet
  facet normal 0 -1 0
    outer loop
      vertex -18.3688 -1.5 -44.3462
      vertex -16.8381 -1.5 -40.6507
      vertex -22.627 -1.5 -42.3322
    endloop
  endfacet
  facet normal 0 -1 -0
    outer loop
      vertex -16.8381 -1.5 -40.6507
      vertex -18.3688 -1.5 -44.3462
      vertex -12.7725 -1.5 -42.1054
    endloop
  endfacet
  facet normal 0 -1 0
    outer loop
      vertex -13.9337 -1.5 -45.9331
      vertex -12.7725 -1.5 -42.1054
      vertex -18.3688 -1.5 -44.3462
    endloop
  endfacet
  facet normal 0 -1 0
    outer loop
      vertex -9.36434 -1.5 -47.0777
      vertex -8.58397 -1.5 -43.1546
      vertex -13.9337 -1.5 -45.9331
    endloop
  endfacet
  facet normal 0 -1 -0
    outer loop
      vertex -12.7725 -1.5 -42.1054
      vertex -13.9337 -1.5 -45.9331
      vertex -8.58397 -1.5 -43.1546
    endloop
  endfacet
  facet normal 0 -1 -0
    outer loop
      vertex 9.36434 -1.5 47.0777
      vertex 8.58397 -1.5 43.1546
      vertex 13.9337 -1.5 45.9331
    endloop
  endfacet
  facet normal 0 -1 0
    outer loop
      vertex 12.7725 -1.5 42.1054
      vertex 13.9337 -1.5 45.9331
      vertex 8.58397 -1.5 43.1546
    endloop
  endfacet
  facet normal 0 -1 -0
    outer loop
      vertex 13.9337 -1.5 45.9331
      vertex 12.7725 -1.5 42.1054
      vertex 18.3688 -1.5 44.3462
    endloop
  endfacet
  facet normal 0 -1 0
    outer loop
      vertex 16.8381 -1.5 40.6507
      vertex 18.3688 -1.5 44.3462
      vertex 12.7725 -1.5 42.1054
    endloop
  endfacet
  facet normal 0 -1 -0
    outer loop
      vertex 18.3688 -1.5 44.3462
      vertex 16.8381 -1.5 40.6507
      vertex 22.627 -1.5 42.3322
    endloop
  endfacet
  facet normal 0 -1 0
    outer loop
      vertex 20.7415 -1.5 38.8045
      vertex 22.627 -1.5 42.3322
      vertex 16.8381 -1.5 40.6507
    endloop
  endfacet
  facet normal 0 -1 -0
    outer loop
      vertex 22.627 -1.5 42.3322
      vertex 20.7415 -1.5 38.8045
      vertex 26.6674 -1.5 39.9105
    endloop
  endfacet
  facet normal 0 -1 0
    outer loop
      vertex 24.4451 -1.5 36.5847
      vertex 26.6674 -1.5 39.9105
      vertex 20.7415 -1.5 38.8045
    endloop
  endfacet
  facet normal 0 -1 -0
    outer loop
      vertex 26.6674 -1.5 39.9105
      vertex 24.4451 -1.5 36.5847
      vertex 30.4509 -1.5 37.1045
    endloop
  endfacet
  facet normal 0 -1 0
    outer loop
      vertex 27.9133 -1.5 34.0125
      vertex 30.4509 -1.5 37.1045
      vertex 24.4451 -1.5 36.5847
    endloop
  endfacet
  facet normal 0 -1 0
    outer loop
      vertex 27.9133 -1.5 34.0125
      vertex 33.9411 -1.5 33.9411
      vertex 30.4509 -1.5 37.1045
    endloop
  endfacet
  facet normal 0 -1 0
    outer loop
      vertex 31.1127 -1.5 31.1127
      vertex 33.9411 -1.5 33.9411
      vertex 27.9133 -1.5 34.0125
    endloop
  endfacet
  facet normal 0 -1 0
    outer loop
      vertex 31.1127 -1.5 31.1127
      vertex 37.1045 -1.5 30.4509
      vertex 33.9411 -1.5 33.9411
    endloop
  endfacet
  facet normal 0 -1 0
    outer loop
      vertex 34.0125 -1.5 27.9133
      vertex 37.1045 -1.5 30.4509
      vertex 31.1127 -1.5 31.1127
    endloop
  endfacet
  facet normal 0 -1 0
    outer loop
      vertex 34.0125 -1.5 27.9133
      vertex 39.9105 -1.5 26.6674
      vertex 37.1045 -1.5 30.4509
    endloop
  endfacet
  facet normal 0 -1 0
    outer loop
      vertex 36.5847 -1.5 24.4451
      vertex 39.9105 -1.5 26.6674
      vertex 34.0125 -1.5 27.9133
    endloop
  endfacet
  facet normal 0 -1 0
    outer loop
      vertex 36.5847 -1.5 24.4451
      vertex 42.3322 -1.5 22.627
      vertex 39.9105 -1.5 26.6674
    endloop
  endfacet
  facet normal 0 -1 0
    outer loop
      vertex 38.8045 -1.5 20.7415
      vertex 42.3322 -1.5 22.627
      vertex 36.5847 -1.5 24.4451
    endloop
  endfacet
  facet normal 0 -1 0
    outer loop
      vertex 38.8045 -1.5 20.7415
      vertex 44.3462 -1.5 18.3688
      vertex 42.3322 -1.5 22.627
    endloop
  endfacet
  facet normal 0 -1 0
    outer loop
      vertex 40.6507 -1.5 16.8381
      vertex 44.3462 -1.5 18.3688
      vertex 38.8045 -1.5 20.7415
    endloop
  endfacet
  facet normal 0 -1 0
    outer loop
      vertex 40.6507 -1.5 16.8381
      vertex 45.9331 -1.5 13.9337
      vertex 44.3462 -1.5 18.3688
    endloop
  endfacet
  facet normal 0 -1 0
    outer loop
      vertex 42.1054 -1.5 12.7725
      vertex 45.9331 -1.5 13.9337
      vertex 40.6507 -1.5 16.8381
    endloop
  endfacet
  facet normal 0 -1 0
    outer loop
      vertex 42.1054 -1.5 12.7725
      vertex 47.0777 -1.5 9.36434
      vertex 45.9331 -1.5 13.9337
    endloop
  endfacet
  facet normal 0 -1 0
    outer loop
      vertex 43.1546 -1.5 8.58397
      vertex 47.0777 -1.5 9.36434
      vertex 42.1054 -1.5 12.7725
    endloop
  endfacet
  facet normal 0 -1 0
    outer loop
      vertex 43.1546 -1.5 8.58397
      vertex 47.7689 -1.5 4.70482
      vertex 47.0777 -1.5 9.36434
    endloop
  endfacet
  facet normal 0 -1 0
    outer loop
      vertex 43.7881 -1.5 4.31275
      vertex 47.7689 -1.5 4.70482
      vertex 43.1546 -1.5 8.58397
    endloop
  endfacet
  facet normal 0 -1 0
    outer loop
      vertex 44 -1.5 0
      vertex 47.7689 -1.5 4.70482
      vertex 43.7881 -1.5 4.31275
    endloop
  endfacet
  facet normal 0 -1 0
    outer loop
      vertex 44 -1.5 0
      vertex 48 -1.5 0
      vertex 47.7689 -1.5 4.70482
    endloop
  endfacet
  facet normal 0 -1 0
    outer loop
      vertex 43.7881 -1.5 -4.31275
      vertex 48 -1.5 0
      vertex 44 -1.5 0
    endloop
  endfacet
  facet normal 0 -1 0
    outer loop
      vertex 43.7881 -1.5 -4.31275
      vertex 47.7689 -1.5 -4.70482
      vertex 48 -1.5 0
    endloop
  endfacet
  facet normal 0 -1 0
    outer loop
      vertex 43.1546 -1.5 -8.58397
      vertex 47.7689 -1.5 -4.70482
      vertex 43.7881 -1.5 -4.31275
    endloop
  endfacet
  facet normal 0 -1 0
    outer loop
      vertex 43.1546 -1.5 -8.58397
      vertex 47.0777 -1.5 -9.36434
      vertex 47.7689 -1.5 -4.70482
    endloop
  endfacet
  facet normal 0 -1 0
    outer loop
      vertex 42.1054 -1.5 -12.7725
      vertex 47.0777 -1.5 -9.36434
      vertex 43.1546 -1.5 -8.58397
    endloop
  endfacet
  facet normal 0 -1 0
    outer loop
      vertex 42.1054 -1.5 -12.7725
      vertex 45.9331 -1.5 -13.9337
      vertex 47.0777 -1.5 -9.36434
    endloop
  endfacet
  facet normal 0 -1 0
    outer loop
      vertex 40.6507 -1.5 -16.8381
      vertex 45.9331 -1.5 -13.9337
      vertex 42.1054 -1.5 -12.7725
    endloop
  endfacet
  facet normal 0 -1 0
    outer loop
      vertex 40.6507 -1.5 -16.8381
      vertex 44.3462 -1.5 -18.3688
      vertex 45.9331 -1.5 -13.9337
    endloop
  endfacet
  facet normal 0 -1 0
    outer loop
      vertex 38.8045 -1.5 -20.7415
      vertex 44.3462 -1.5 -18.3688
      vertex 40.6507 -1.5 -16.8381
    endloop
  endfacet
  facet normal 0 -1 0
    outer loop
      vertex 38.8045 -1.5 -20.7415
      vertex 42.3322 -1.5 -22.627
      vertex 44.3462 -1.5 -18.3688
    endloop
  endfacet
  facet normal 0 -1 0
    outer loop
      vertex 36.5847 -1.5 -24.4451
      vertex 42.3322 -1.5 -22.627
      vertex 38.8045 -1.5 -20.7415
    endloop
  endfacet
  facet normal 0 -1 0
    outer loop
      vertex 36.5847 -1.5 -24.4451
      vertex 39.9105 -1.5 -26.6674
      vertex 42.3322 -1.5 -22.627
    endloop
  endfacet
  facet normal 0 -1 0
    outer loop
      vertex 34.0125 -1.5 -27.9133
      vertex 39.9105 -1.5 -26.6674
      vertex 36.5847 -1.5 -24.4451
    endloop
  endfacet
  facet normal 0 -1 0
    outer loop
      vertex 34.0125 -1.5 -27.9133
      vertex 37.1045 -1.5 -30.4509
      vertex 39.9105 -1.5 -26.6674
    endloop
  endfacet
  facet normal 0 -1 0
    outer loop
      vertex 31.1127 -1.5 -31.1127
      vertex 37.1045 -1.5 -30.4509
      vertex 34.0125 -1.5 -27.9133
    endloop
  endfacet
  facet normal 0 -1 0
    outer loop
      vertex 31.1127 -1.5 -31.1127
      vertex 33.9411 -1.5 -33.9411
      vertex 37.1045 -1.5 -30.4509
    endloop
  endfacet
  facet normal 0 -1 0
    outer loop
      vertex 27.9133 -1.5 -34.0125
      vertex 33.9411 -1.5 -33.9411
      vertex 31.1127 -1.5 -31.1127
    endloop
  endfacet
  facet normal 0 -1 0
    outer loop
      vertex 30.4509 -1.5 -37.1045
      vertex 27.9133 -1.5 -34.0125
      vertex 24.4451 -1.5 -36.5847
    endloop
  endfacet
  facet normal 0 -1 0
    outer loop
      vertex 27.9133 -1.5 -34.0125
      vertex 30.4509 -1.5 -37.1045
      vertex 33.9411 -1.5 -33.9411
    endloop
  endfacet
  facet normal 0 -1 0
    outer loop
      vertex 26.6674 -1.5 -39.9105
      vertex 24.4451 -1.5 -36.5847
      vertex 20.7415 -1.5 -38.8045
    endloop
  endfacet
  facet normal 0 -1 0
    outer loop
      vertex 24.4451 -1.5 -36.5847
      vertex 26.6674 -1.5 -39.9105
      vertex 30.4509 -1.5 -37.1045
    endloop
  endfacet
  facet normal 0 -1 0
    outer loop
      vertex 22.627 -1.5 -42.3322
      vertex 20.7415 -1.5 -38.8045
      vertex 16.8381 -1.5 -40.6507
    endloop
  endfacet
  facet normal 0 -1 0
    outer loop
      vertex 18.3688 -1.5 -44.3462
      vertex 16.8381 -1.5 -40.6507
      vertex 12.7725 -1.5 -42.1054
    endloop
  endfacet
  facet normal 0 -1 0
    outer loop
      vertex 20.7415 -1.5 -38.8045
      vertex 22.627 -1.5 -42.3322
      vertex 26.6674 -1.5 -39.9105
    endloop
  endfacet
  facet normal 0 -1 0
    outer loop
      vertex 13.9337 -1.5 -45.9331
      vertex 12.7725 -1.5 -42.1054
      vertex 8.58397 -1.5 -43.1546
    endloop
  endfacet
  facet normal 0 -1 0
    outer loop
      vertex 9.36434 -1.5 -47.0777
      vertex 8.58397 -1.5 -43.1546
      vertex 4.31275 -1.5 -43.7881
    endloop
  endfacet
  facet normal 0 -1 0
    outer loop
      vertex 16.8381 -1.5 -40.6507
      vertex 18.3688 -1.5 -44.3462
      vertex 22.627 -1.5 -42.3322
    endloop
  endfacet
  facet normal 0 -1 0
    outer loop
      vertex 4.70482 -1.5 -47.7689
      vertex 4.31275 -1.5 -43.7881
      vertex 0 -1.5 -44
    endloop
  endfacet
  facet normal 0 -1 -0
    outer loop
      vertex -8.58397 -1.5 -43.1546
      vertex -9.36434 -1.5 -47.0777
      vertex -4.31275 -1.5 -43.7881
    endloop
  endfacet
  facet normal 0 -1 0
    outer loop
      vertex -4.70482 -1.5 -47.7689
      vertex -4.31275 -1.5 -43.7881
      vertex -9.36434 -1.5 -47.0777
    endloop
  endfacet
  facet normal 0 -1 0
    outer loop
      vertex 12.7725 -1.5 -42.1054
      vertex 13.9337 -1.5 -45.9331
      vertex 18.3688 -1.5 -44.3462
    endloop
  endfacet
  facet normal 0 -1 -0
    outer loop
      vertex -4.31275 -1.5 -43.7881
      vertex -4.70482 -1.5 -47.7689
      vertex 0 -1.5 -44
    endloop
  endfacet
  facet normal 0 -1 0
    outer loop
      vertex 8.58397 -1.5 -43.1546
      vertex 9.36434 -1.5 -47.0777
      vertex 13.9337 -1.5 -45.9331
    endloop
  endfacet
  facet normal 0 -1 0
    outer loop
      vertex 0 -1.5 -48
      vertex 0 -1.5 -44
      vertex -4.70482 -1.5 -47.7689
    endloop
  endfacet
  facet normal 0 -1 0
    outer loop
      vertex 4.31275 -1.5 -43.7881
      vertex 4.70482 -1.5 -47.7689
      vertex 9.36434 -1.5 -47.0777
    endloop
  endfacet
  facet normal 0 -1 0
    outer loop
      vertex 0 -1.5 -44
      vertex 0 -1.5 -48
      vertex 4.70482 -1.5 -47.7689
    endloop
  endfacet
  facet normal -0.803211 0 0.595695
    outer loop
      vertex -39.9105 -1.5 26.6674
      vertex -37.1045 1.5 30.4509
      vertex -39.9105 1.5 26.6674
    endloop
  endfacet
  facet normal -0.803211 0 0.595695
    outer loop
      vertex -37.1045 1.5 30.4509
      vertex -39.9105 -1.5 26.6674
      vertex -37.1045 -1.5 30.4509
    endloop
  endfacet
  facet normal -0.514099 0 -0.857731
    outer loop
      vertex -26.6674 -1.5 -39.9105
      vertex -22.627 1.5 -42.3322
      vertex -22.627 -1.5 -42.3322
    endloop
  endfacet
  facet normal -0.514099 0 -0.857731
    outer loop
      vertex -22.627 1.5 -42.3322
      vertex -26.6674 -1.5 -39.9105
      vertex -26.6674 1.5 -39.9105
    endloop
  endfacet
  facet normal 0.427561 0 -0.903987
    outer loop
      vertex -20.7415 -1.5 38.8045
      vertex -16.8381 1.5 40.6507
      vertex -16.8381 -1.5 40.6507
    endloop
  endfacet
  facet normal 0.427561 0 -0.903987
    outer loop
      vertex -16.8381 1.5 40.6507
      vertex -20.7415 -1.5 38.8045
      vertex -20.7415 1.5 38.8045
    endloop
  endfacet
  facet normal -0.989179 0 -0.146713
    outer loop
      vertex 43.7881 -1.5 4.31275
      vertex 43.1546 1.5 8.58397
      vertex 43.7881 1.5 4.31275
    endloop
  endfacet
  facet normal -0.989179 -0 -0.146713
    outer loop
      vertex 43.1546 1.5 8.58397
      vertex 43.7881 -1.5 4.31275
      vertex 43.1546 -1.5 8.58397
    endloop
  endfacet
  facet normal -0.998795 0 -0.0490742
    outer loop
      vertex 44 -1.5 0
      vertex 43.7881 1.5 4.31275
      vertex 44 1.5 0
    endloop
  endfacet
  facet normal -0.998795 -0 -0.0490742
    outer loop
      vertex 43.7881 1.5 4.31275
      vertex 44 -1.5 0
      vertex 43.7881 -1.5 4.31275
    endloop
  endfacet
  facet normal -0.97003 0 -0.242986
    outer loop
      vertex 43.1546 -1.5 8.58397
      vertex 42.1054 1.5 12.7725
      vertex 43.1546 1.5 8.58397
    endloop
  endfacet
  facet normal -0.97003 -0 -0.242986
    outer loop
      vertex 42.1054 1.5 12.7725
      vertex 43.1546 -1.5 8.58397
      vertex 42.1054 -1.5 12.7725
    endloop
  endfacet
  facet normal -0.336891 0 0.941544
    outer loop
      vertex 12.7725 1.5 -42.1054
      vertex 16.8381 -1.5 -40.6507
      vertex 16.8381 1.5 -40.6507
    endloop
  endfacet
  facet normal -0.336891 0 0.941544
    outer loop
      vertex 16.8381 -1.5 -40.6507
      vertex 12.7725 1.5 -42.1054
      vertex 12.7725 -1.5 -42.1054
    endloop
  endfacet
  facet normal 0.5957 0 -0.803207
    outer loop
      vertex -27.9133 -1.5 34.0125
      vertex -24.4451 1.5 36.5847
      vertex -24.4451 -1.5 36.5847
    endloop
  endfacet
  facet normal 0.5957 0 -0.803207
    outer loop
      vertex -24.4451 1.5 36.5847
      vertex -27.9133 -1.5 34.0125
      vertex -27.9133 1.5 34.0125
    endloop
  endfacet
  facet normal 0.857734 0 -0.514094
    outer loop
      vertex -36.5847 -1.5 24.4451
      vertex -38.8045 1.5 20.7415
      vertex -36.5847 1.5 24.4451
    endloop
  endfacet
  facet normal 0.857734 0 -0.514094
    outer loop
      vertex -38.8045 1.5 20.7415
      vertex -36.5847 -1.5 24.4451
      vertex -38.8045 -1.5 20.7415
    endloop
  endfacet
  facet normal -0.671563 0 -0.740947
    outer loop
      vertex 27.9133 -1.5 34.0125
      vertex 31.1127 1.5 31.1127
      vertex 31.1127 -1.5 31.1127
    endloop
  endfacet
  facet normal -0.671563 0 -0.740947
    outer loop
      vertex 31.1127 1.5 31.1127
      vertex 27.9133 -1.5 34.0125
      vertex 27.9133 1.5 34.0125
    endloop
  endfacet
  facet normal -0.427561 0 0.903987
    outer loop
      vertex 16.8381 1.5 -40.6507
      vertex 20.7415 -1.5 -38.8045
      vertex 20.7415 1.5 -38.8045
    endloop
  endfacet
  facet normal -0.427561 0 0.903987
    outer loop
      vertex 20.7415 -1.5 -38.8045
      vertex 16.8381 1.5 -40.6507
      vertex 16.8381 -1.5 -40.6507
    endloop
  endfacet
  facet normal -0.146713 0 -0.989179
    outer loop
      vertex 4.31275 -1.5 43.7881
      vertex 8.58397 1.5 43.1546
      vertex 8.58397 -1.5 43.1546
    endloop
  endfacet
  facet normal -0.146713 0 -0.989179
    outer loop
      vertex 8.58397 1.5 43.1546
      vertex 4.31275 -1.5 43.7881
      vertex 4.31275 1.5 43.7881
    endloop
  endfacet
  facet normal -0.0490742 0 -0.998795
    outer loop
      vertex 0 -1.5 44
      vertex 4.31275 1.5 43.7881
      vertex 4.31275 -1.5 43.7881
    endloop
  endfacet
  facet normal -0.0490742 0 -0.998795
    outer loop
      vertex 4.31275 1.5 43.7881
      vertex 0 -1.5 44
      vertex 0 1.5 44
    endloop
  endfacet
  facet normal -0.5957 0 0.803207
    outer loop
      vertex 24.4451 1.5 -36.5847
      vertex 27.9133 -1.5 -34.0125
      vertex 27.9133 1.5 -34.0125
    endloop
  endfacet
  facet normal -0.5957 0 0.803207
    outer loop
      vertex 27.9133 -1.5 -34.0125
      vertex 24.4451 1.5 -36.5847
      vertex 24.4451 -1.5 -36.5847
    endloop
  endfacet
  facet normal -0.146713 0 0.989179
    outer loop
      vertex 4.31275 1.5 -43.7881
      vertex 8.58397 -1.5 -43.1546
      vertex 8.58397 1.5 -43.1546
    endloop
  endfacet
  facet normal -0.146713 0 0.989179
    outer loop
      vertex 8.58397 -1.5 -43.1546
      vertex 4.31275 1.5 -43.7881
      vertex 4.31275 -1.5 -43.7881
    endloop
  endfacet
  facet normal -0.427561 0 -0.903987
    outer loop
      vertex 16.8381 -1.5 40.6507
      vertex 20.7415 1.5 38.8045
      vertex 20.7415 -1.5 38.8045
    endloop
  endfacet
  facet normal -0.427561 0 -0.903987
    outer loop
      vertex 20.7415 1.5 38.8045
      vertex 16.8381 -1.5 40.6507
      vertex 16.8381 1.5 40.6507
    endloop
  endfacet
  facet normal -0.514094 0 0.857734
    outer loop
      vertex 20.7415 1.5 -38.8045
      vertex 24.4451 -1.5 -36.5847
      vertex 24.4451 1.5 -36.5847
    endloop
  endfacet
  facet normal -0.514094 0 0.857734
    outer loop
      vertex 24.4451 -1.5 -36.5847
      vertex 20.7415 1.5 -38.8045
      vertex 20.7415 -1.5 -38.8045
    endloop
  endfacet
  facet normal -0.803207 0 0.5957
    outer loop
      vertex 34.0125 -1.5 -27.9133
      vertex 36.5847 1.5 -24.4451
      vertex 34.0125 1.5 -27.9133
    endloop
  endfacet
  facet normal -0.803207 0 0.5957
    outer loop
      vertex 36.5847 1.5 -24.4451
      vertex 34.0125 -1.5 -27.9133
      vertex 36.5847 -1.5 -24.4451
    endloop
  endfacet
  facet normal 0.740947 -0 0.671563
    outer loop
      vertex -34.0125 -1.5 -27.9133
      vertex -31.1127 1.5 -31.1127
      vertex -34.0125 1.5 -27.9133
    endloop
  endfacet
  facet normal 0.740947 0 0.671563
    outer loop
      vertex -31.1127 1.5 -31.1127
      vertex -34.0125 -1.5 -27.9133
      vertex -31.1127 -1.5 -31.1127
    endloop
  endfacet
  facet normal 0.514094 0 -0.857734
    outer loop
      vertex -24.4451 -1.5 36.5847
      vertex -20.7415 1.5 38.8045
      vertex -20.7415 -1.5 38.8045
    endloop
  endfacet
  facet normal 0.514094 0 -0.857734
    outer loop
      vertex -20.7415 1.5 38.8045
      vertex -24.4451 -1.5 36.5847
      vertex -24.4451 1.5 36.5847
    endloop
  endfacet
  facet normal -0.989179 0 0.146713
    outer loop
      vertex 43.1546 -1.5 -8.58397
      vertex 43.7881 1.5 -4.31275
      vertex 43.1546 1.5 -8.58397
    endloop
  endfacet
  facet normal -0.989179 0 0.146713
    outer loop
      vertex 43.7881 1.5 -4.31275
      vertex 43.1546 -1.5 -8.58397
      vertex 43.7881 -1.5 -4.31275
    endloop
  endfacet
  facet normal 0.146713 0 0.989179
    outer loop
      vertex -8.58397 1.5 -43.1546
      vertex -4.31275 -1.5 -43.7881
      vertex -4.31275 1.5 -43.7881
    endloop
  endfacet
  facet normal 0.146713 0 0.989179
    outer loop
      vertex -4.31275 -1.5 -43.7881
      vertex -8.58397 1.5 -43.1546
      vertex -8.58397 -1.5 -43.1546
    endloop
  endfacet
  facet normal 0.0490742 0 0.998795
    outer loop
      vertex -4.31275 1.5 -43.7881
      vertex 0 -1.5 -44
      vertex 0 1.5 -44
    endloop
  endfacet
  facet normal 0.0490742 0 0.998795
    outer loop
      vertex 0 -1.5 -44
      vertex -4.31275 1.5 -43.7881
      vertex -4.31275 -1.5 -43.7881
    endloop
  endfacet
  facet normal -0.5957 0 -0.803207
    outer loop
      vertex 24.4451 -1.5 36.5847
      vertex 27.9133 1.5 34.0125
      vertex 27.9133 -1.5 34.0125
    endloop
  endfacet
  facet normal -0.5957 0 -0.803207
    outer loop
      vertex 27.9133 1.5 34.0125
      vertex 24.4451 -1.5 36.5847
      vertex 24.4451 1.5 36.5847
    endloop
  endfacet
  facet normal -0.97003 0 0.242986
    outer loop
      vertex 42.1054 -1.5 -12.7725
      vertex 43.1546 1.5 -8.58397
      vertex 42.1054 1.5 -12.7725
    endloop
  endfacet
  facet normal -0.97003 0 0.242986
    outer loop
      vertex 43.1546 1.5 -8.58397
      vertex 42.1054 -1.5 -12.7725
      vertex 43.1546 -1.5 -8.58397
    endloop
  endfacet
  facet normal 0.941544 -0 0.336891
    outer loop
      vertex -42.1054 -1.5 -12.7725
      vertex -40.6507 1.5 -16.8381
      vertex -42.1054 1.5 -12.7725
    endloop
  endfacet
  facet normal 0.941544 0 0.336891
    outer loop
      vertex -40.6507 1.5 -16.8381
      vertex -42.1054 -1.5 -12.7725
      vertex -40.6507 -1.5 -16.8381
    endloop
  endfacet
  facet normal 0.146713 0 -0.989179
    outer loop
      vertex -8.58397 -1.5 43.1546
      vertex -4.31275 1.5 43.7881
      vertex -4.31275 -1.5 43.7881
    endloop
  endfacet
  facet normal 0.146713 0 -0.989179
    outer loop
      vertex -4.31275 1.5 43.7881
      vertex -8.58397 -1.5 43.1546
      vertex -8.58397 1.5 43.1546
    endloop
  endfacet
  facet normal -0.803207 0 -0.5957
    outer loop
      vertex 36.5847 -1.5 24.4451
      vertex 34.0125 1.5 27.9133
      vertex 36.5847 1.5 24.4451
    endloop
  endfacet
  facet normal -0.803207 -0 -0.5957
    outer loop
      vertex 34.0125 1.5 27.9133
      vertex 36.5847 -1.5 24.4451
      vertex 34.0125 -1.5 27.9133
    endloop
  endfacet
  facet normal 0.97003 -0 0.242986
    outer loop
      vertex -43.1546 -1.5 -8.58397
      vertex -42.1054 1.5 -12.7725
      vertex -43.1546 1.5 -8.58397
    endloop
  endfacet
  facet normal 0.97003 0 0.242986
    outer loop
      vertex -42.1054 1.5 -12.7725
      vertex -43.1546 -1.5 -8.58397
      vertex -42.1054 -1.5 -12.7725
    endloop
  endfacet
  facet normal 0.998795 -0 0.0490742
    outer loop
      vertex -44 -1.5 0
      vertex -43.7881 1.5 -4.31275
      vertex -44 1.5 0
    endloop
  endfacet
  facet normal 0.998795 0 0.0490742
    outer loop
      vertex -43.7881 1.5 -4.31275
      vertex -44 -1.5 0
      vertex -43.7881 -1.5 -4.31275
    endloop
  endfacet
  facet normal -0.903987 0 0.427561
    outer loop
      vertex 38.8045 -1.5 -20.7415
      vertex 40.6507 1.5 -16.8381
      vertex 38.8045 1.5 -20.7415
    endloop
  endfacet
  facet normal -0.903987 0 0.427561
    outer loop
      vertex 40.6507 1.5 -16.8381
      vertex 38.8045 -1.5 -20.7415
      vertex 40.6507 -1.5 -16.8381
    endloop
  endfacet
  facet normal -0.514094 0 -0.857734
    outer loop
      vertex 20.7415 -1.5 38.8045
      vertex 24.4451 1.5 36.5847
      vertex 24.4451 -1.5 36.5847
    endloop
  endfacet
  facet normal -0.514094 0 -0.857734
    outer loop
      vertex 24.4451 1.5 36.5847
      vertex 20.7415 -1.5 38.8045
      vertex 20.7415 1.5 38.8045
    endloop
  endfacet
  facet normal 0.903987 0 -0.427561
    outer loop
      vertex -38.8045 -1.5 20.7415
      vertex -40.6507 1.5 16.8381
      vertex -38.8045 1.5 20.7415
    endloop
  endfacet
  facet normal 0.903987 0 -0.427561
    outer loop
      vertex -40.6507 1.5 16.8381
      vertex -38.8045 -1.5 20.7415
      vertex -40.6507 -1.5 16.8381
    endloop
  endfacet
  facet normal -0.998795 0 0.0490742
    outer loop
      vertex 43.7881 -1.5 -4.31275
      vertex 44 1.5 0
      vertex 43.7881 1.5 -4.31275
    endloop
  endfacet
  facet normal -0.998795 0 0.0490742
    outer loop
      vertex 44 1.5 0
      vertex 43.7881 -1.5 -4.31275
      vertex 44 -1.5 0
    endloop
  endfacet
  facet normal 0.0490742 0 -0.998795
    outer loop
      vertex -4.31275 -1.5 43.7881
      vertex 0 1.5 44
      vertex 0 -1.5 44
    endloop
  endfacet
  facet normal 0.0490742 0 -0.998795
    outer loop
      vertex 0 1.5 44
      vertex -4.31275 -1.5 43.7881
      vertex -4.31275 1.5 43.7881
    endloop
  endfacet
  facet normal 0.740947 0 -0.671563
    outer loop
      vertex -31.1127 -1.5 31.1127
      vertex -34.0125 1.5 27.9133
      vertex -31.1127 1.5 31.1127
    endloop
  endfacet
  facet normal 0.740947 0 -0.671563
    outer loop
      vertex -34.0125 1.5 27.9133
      vertex -31.1127 -1.5 31.1127
      vertex -34.0125 -1.5 27.9133
    endloop
  endfacet
  facet normal 0.671563 0 0.740947
    outer loop
      vertex -31.1127 1.5 -31.1127
      vertex -27.9133 -1.5 -34.0125
      vertex -27.9133 1.5 -34.0125
    endloop
  endfacet
  facet normal 0.671563 0 0.740947
    outer loop
      vertex -27.9133 -1.5 -34.0125
      vertex -31.1127 1.5 -31.1127
      vertex -31.1127 -1.5 -31.1127
    endloop
  endfacet
  facet normal -0.0490742 0 0.998795
    outer loop
      vertex 0 1.5 -44
      vertex 4.31275 -1.5 -43.7881
      vertex 4.31275 1.5 -43.7881
    endloop
  endfacet
  facet normal -0.0490742 0 0.998795
    outer loop
      vertex 4.31275 -1.5 -43.7881
      vertex 0 1.5 -44
      vertex 0 -1.5 -44
    endloop
  endfacet
  facet normal -0.941544 0 -0.336891
    outer loop
      vertex 42.1054 -1.5 12.7725
      vertex 40.6507 1.5 16.8381
      vertex 42.1054 1.5 12.7725
    endloop
  endfacet
  facet normal -0.941544 -0 -0.336891
    outer loop
      vertex 40.6507 1.5 16.8381
      vertex 42.1054 -1.5 12.7725
      vertex 40.6507 -1.5 16.8381
    endloop
  endfacet
  facet normal -0.857734 0 0.514094
    outer loop
      vertex 36.5847 -1.5 -24.4451
      vertex 38.8045 1.5 -20.7415
      vertex 36.5847 1.5 -24.4451
    endloop
  endfacet
  facet normal -0.857734 0 0.514094
    outer loop
      vertex 38.8045 1.5 -20.7415
      vertex 36.5847 -1.5 -24.4451
      vertex 38.8045 -1.5 -20.7415
    endloop
  endfacet
  facet normal 0.242986 0 -0.97003
    outer loop
      vertex -12.7725 -1.5 42.1054
      vertex -8.58397 1.5 43.1546
      vertex -8.58397 -1.5 43.1546
    endloop
  endfacet
  facet normal 0.242986 0 -0.97003
    outer loop
      vertex -8.58397 1.5 43.1546
      vertex -12.7725 -1.5 42.1054
      vertex -12.7725 1.5 42.1054
    endloop
  endfacet
  facet normal -0.242986 0 0.97003
    outer loop
      vertex 8.58397 1.5 -43.1546
      vertex 12.7725 -1.5 -42.1054
      vertex 12.7725 1.5 -42.1054
    endloop
  endfacet
  facet normal -0.242986 0 0.97003
    outer loop
      vertex 12.7725 -1.5 -42.1054
      vertex 8.58397 1.5 -43.1546
      vertex 8.58397 -1.5 -43.1546
    endloop
  endfacet
  facet normal 0.242986 0 0.97003
    outer loop
      vertex -12.7725 1.5 -42.1054
      vertex -8.58397 -1.5 -43.1546
      vertex -8.58397 1.5 -43.1546
    endloop
  endfacet
  facet normal 0.242986 0 0.97003
    outer loop
      vertex -8.58397 -1.5 -43.1546
      vertex -12.7725 1.5 -42.1054
      vertex -12.7725 -1.5 -42.1054
    endloop
  endfacet
  facet normal -0.903987 0 -0.427561
    outer loop
      vertex 40.6507 -1.5 16.8381
      vertex 38.8045 1.5 20.7415
      vertex 40.6507 1.5 16.8381
    endloop
  endfacet
  facet normal -0.903987 -0 -0.427561
    outer loop
      vertex 38.8045 1.5 20.7415
      vertex 40.6507 -1.5 16.8381
      vertex 38.8045 -1.5 20.7415
    endloop
  endfacet
  facet normal 0.989179 0 -0.146713
    outer loop
      vertex -43.1546 -1.5 8.58397
      vertex -43.7881 1.5 4.31275
      vertex -43.1546 1.5 8.58397
    endloop
  endfacet
  facet normal 0.989179 0 -0.146713
    outer loop
      vertex -43.7881 1.5 4.31275
      vertex -43.1546 -1.5 8.58397
      vertex -43.7881 -1.5 4.31275
    endloop
  endfacet
  facet normal 0.671563 0 -0.740947
    outer loop
      vertex -31.1127 -1.5 31.1127
      vertex -27.9133 1.5 34.0125
      vertex -27.9133 -1.5 34.0125
    endloop
  endfacet
  facet normal 0.671563 0 -0.740947
    outer loop
      vertex -27.9133 1.5 34.0125
      vertex -31.1127 -1.5 31.1127
      vertex -31.1127 1.5 31.1127
    endloop
  endfacet
  facet normal -0.857734 0 -0.514094
    outer loop
      vertex 38.8045 -1.5 20.7415
      vertex 36.5847 1.5 24.4451
      vertex 38.8045 1.5 20.7415
    endloop
  endfacet
  facet normal -0.857734 -0 -0.514094
    outer loop
      vertex 36.5847 1.5 24.4451
      vertex 38.8045 -1.5 20.7415
      vertex 36.5847 -1.5 24.4451
    endloop
  endfacet
  facet normal -0.336891 0 -0.941544
    outer loop
      vertex 12.7725 -1.5 42.1054
      vertex 16.8381 1.5 40.6507
      vertex 16.8381 -1.5 40.6507
    endloop
  endfacet
  facet normal -0.336891 0 -0.941544
    outer loop
      vertex 16.8381 1.5 40.6507
      vertex 12.7725 -1.5 42.1054
      vertex 12.7725 1.5 42.1054
    endloop
  endfacet
  facet normal 0.336891 0 -0.941544
    outer loop
      vertex -16.8381 -1.5 40.6507
      vertex -12.7725 1.5 42.1054
      vertex -12.7725 -1.5 42.1054
    endloop
  endfacet
  facet normal 0.336891 0 -0.941544
    outer loop
      vertex -12.7725 1.5 42.1054
      vertex -16.8381 -1.5 40.6507
      vertex -16.8381 1.5 40.6507
    endloop
  endfacet
  facet normal 0.857734 -0 0.514094
    outer loop
      vertex -38.8045 -1.5 -20.7415
      vertex -36.5847 1.5 -24.4451
      vertex -38.8045 1.5 -20.7415
    endloop
  endfacet
  facet normal 0.857734 0 0.514094
    outer loop
      vertex -36.5847 1.5 -24.4451
      vertex -38.8045 -1.5 -20.7415
      vertex -36.5847 -1.5 -24.4451
    endloop
  endfacet
  facet normal 0.514094 0 0.857734
    outer loop
      vertex -24.4451 1.5 -36.5847
      vertex -20.7415 -1.5 -38.8045
      vertex -20.7415 1.5 -38.8045
    endloop
  endfacet
  facet normal 0.514094 0 0.857734
    outer loop
      vertex -20.7415 -1.5 -38.8045
      vertex -24.4451 1.5 -36.5847
      vertex -24.4451 -1.5 -36.5847
    endloop
  endfacet
  facet normal 0.427561 0 0.903987
    outer loop
      vertex -20.7415 1.5 -38.8045
      vertex -16.8381 -1.5 -40.6507
      vertex -16.8381 1.5 -40.6507
    endloop
  endfacet
  facet normal 0.427561 0 0.903987
    outer loop
      vertex -16.8381 -1.5 -40.6507
      vertex -20.7415 1.5 -38.8045
      vertex -20.7415 -1.5 -38.8045
    endloop
  endfacet
  facet normal -0.671563 0 0.740947
    outer loop
      vertex 27.9133 1.5 -34.0125
      vertex 31.1127 -1.5 -31.1127
      vertex 31.1127 1.5 -31.1127
    endloop
  endfacet
  facet normal -0.671563 0 0.740947
    outer loop
      vertex 31.1127 -1.5 -31.1127
      vertex 27.9133 1.5 -34.0125
      vertex 27.9133 -1.5 -34.0125
    endloop
  endfacet
  facet normal 0.97003 0 -0.242986
    outer loop
      vertex -42.1054 -1.5 12.7725
      vertex -43.1546 1.5 8.58397
      vertex -42.1054 1.5 12.7725
    endloop
  endfacet
  facet normal 0.97003 0 -0.242986
    outer loop
      vertex -43.1546 1.5 8.58397
      vertex -42.1054 -1.5 12.7725
      vertex -43.1546 -1.5 8.58397
    endloop
  endfacet
  facet normal -0.740947 0 -0.671563
    outer loop
      vertex 34.0125 -1.5 27.9133
      vertex 31.1127 1.5 31.1127
      vertex 34.0125 1.5 27.9133
    endloop
  endfacet
  facet normal -0.740947 -0 -0.671563
    outer loop
      vertex 31.1127 1.5 31.1127
      vertex 34.0125 -1.5 27.9133
      vertex 31.1127 -1.5 31.1127
    endloop
  endfacet
  facet normal 0.5957 0 0.803207
    outer loop
      vertex -27.9133 1.5 -34.0125
      vertex -24.4451 -1.5 -36.5847
      vertex -24.4451 1.5 -36.5847
    endloop
  endfacet
  facet normal 0.5957 0 0.803207
    outer loop
      vertex -24.4451 -1.5 -36.5847
      vertex -27.9133 1.5 -34.0125
      vertex -27.9133 -1.5 -34.0125
    endloop
  endfacet
  facet normal 0.803207 -0 0.5957
    outer loop
      vertex -36.5847 -1.5 -24.4451
      vertex -34.0125 1.5 -27.9133
      vertex -36.5847 1.5 -24.4451
    endloop
  endfacet
  facet normal 0.803207 0 0.5957
    outer loop
      vertex -34.0125 1.5 -27.9133
      vertex -36.5847 -1.5 -24.4451
      vertex -34.0125 -1.5 -27.9133
    endloop
  endfacet
  facet normal 0.989179 -0 0.146713
    outer loop
      vertex -43.7881 -1.5 -4.31275
      vertex -43.1546 1.5 -8.58397
      vertex -43.7881 1.5 -4.31275
    endloop
  endfacet
  facet normal 0.989179 0 0.146713
    outer loop
      vertex -43.1546 1.5 -8.58397
      vertex -43.7881 -1.5 -4.31275
      vertex -43.1546 -1.5 -8.58397
    endloop
  endfacet
  facet normal -0.941544 0 0.336891
    outer loop
      vertex 40.6507 -1.5 -16.8381
      vertex 42.1054 1.5 -12.7725
      vertex 40.6507 1.5 -16.8381
    endloop
  endfacet
  facet normal -0.941544 0 0.336891
    outer loop
      vertex 42.1054 1.5 -12.7725
      vertex 40.6507 -1.5 -16.8381
      vertex 42.1054 -1.5 -12.7725
    endloop
  endfacet
  facet normal 0.903987 -0 0.427561
    outer loop
      vertex -40.6507 -1.5 -16.8381
      vertex -38.8045 1.5 -20.7415
      vertex -40.6507 1.5 -16.8381
    endloop
  endfacet
  facet normal 0.903987 0 0.427561
    outer loop
      vertex -38.8045 1.5 -20.7415
      vertex -40.6507 -1.5 -16.8381
      vertex -38.8045 -1.5 -20.7415
    endloop
  endfacet
  facet normal 0.941544 0 -0.336891
    outer loop
      vertex -40.6507 -1.5 16.8381
      vertex -42.1054 1.5 12.7725
      vertex -40.6507 1.5 16.8381
    endloop
  endfacet
  facet normal 0.941544 0 -0.336891
    outer loop
      vertex -42.1054 1.5 12.7725
      vertex -40.6507 -1.5 16.8381
      vertex -42.1054 -1.5 12.7725
    endloop
  endfacet
  facet normal 0.803207 0 -0.5957
    outer loop
      vertex -34.0125 -1.5 27.9133
      vertex -36.5847 1.5 24.4451
      vertex -34.0125 1.5 27.9133
    endloop
  endfacet
  facet normal 0.803207 0 -0.5957
    outer loop
      vertex -36.5847 1.5 24.4451
      vertex -34.0125 -1.5 27.9133
      vertex -36.5847 -1.5 24.4451
    endloop
  endfacet
  facet normal 0.998795 0 -0.0490742
    outer loop
      vertex -43.7881 -1.5 4.31275
      vertex -44 1.5 0
      vertex -43.7881 1.5 4.31275
    endloop
  endfacet
  facet normal 0.998795 0 -0.0490742
    outer loop
      vertex -44 1.5 0
      vertex -43.7881 -1.5 4.31275
      vertex -44 -1.5 0
    endloop
  endfacet
  facet normal 0.336891 0 0.941544
    outer loop
      vertex -16.8381 1.5 -40.6507
      vertex -12.7725 -1.5 -42.1054
      vertex -12.7725 1.5 -42.1054
    endloop
  endfacet
  facet normal 0.336891 0 0.941544
    outer loop
      vertex -12.7725 -1.5 -42.1054
      vertex -16.8381 1.5 -40.6507
      vertex -16.8381 -1.5 -40.6507
    endloop
  endfacet
  facet normal -0.242986 0 -0.97003
    outer loop
      vertex 8.58397 -1.5 43.1546
      vertex 12.7725 1.5 42.1054
      vertex 12.7725 -1.5 42.1054
    endloop
  endfacet
  facet normal -0.242986 0 -0.97003
    outer loop
      vertex 12.7725 1.5 42.1054
      vertex 8.58397 -1.5 43.1546
      vertex 8.58397 1.5 43.1546
    endloop
  endfacet
  facet normal -0.740947 0 0.671563
    outer loop
      vertex 31.1127 -1.5 -31.1127
      vertex 34.0125 1.5 -27.9133
      vertex 31.1127 1.5 -31.1127
    endloop
  endfacet
  facet normal -0.740947 0 0.671563
    outer loop
      vertex 34.0125 1.5 -27.9133
      vertex 31.1127 -1.5 -31.1127
      vertex 34.0125 -1.5 -27.9133
    endloop
  endfacet
  facet normal 0.427491 0 0.90402
    outer loop
      vertex 22.574 1.5 1.38582
      vertex 22.7071 -1.5 1.32288
      vertex 22.7071 1.5 1.32288
    endloop
  endfacet
  facet normal 0.427491 0 0.90402
    outer loop
      vertex 22.7071 -1.5 1.32288
      vertex 22.574 1.5 1.38582
      vertex 22.574 -1.5 1.38582
    endloop
  endfacet
  facet normal 0.998803 0 -0.0489126
    outer loop
      vertex 23.5 -1.5 0
      vertex 23.4928 1.5 -0.147025
      vertex 23.5 1.5 0
    endloop
  endfacet
  facet normal 0.998803 0 -0.0489126
    outer loop
      vertex 23.4928 1.5 -0.147025
      vertex 23.5 -1.5 0
      vertex 23.4928 -1.5 -0.147025
    endloop
  endfacet
  facet normal -0.998803 0 0.0489126
    outer loop
      vertex 20.5 -1.5 0
      vertex 20.5072 1.5 0.147025
      vertex 20.5 1.5 0
    endloop
  endfacet
  facet normal -0.998803 0 0.0489126
    outer loop
      vertex 20.5072 1.5 0.147025
      vertex 20.5 -1.5 0
      vertex 20.5072 -1.5 0.147025
    endloop
  endfacet
  facet normal 0.427491 0 -0.90402
    outer loop
      vertex 22.574 -1.5 -1.38582
      vertex 22.7071 1.5 -1.32288
      vertex 22.7071 -1.5 -1.32288
    endloop
  endfacet
  facet normal 0.427491 0 -0.90402
    outer loop
      vertex 22.7071 1.5 -1.32288
      vertex 22.574 -1.5 -1.38582
      vertex 22.574 1.5 -1.38582
    endloop
  endfacet
  facet normal -0.857662 0 -0.514213
    outer loop
      vertex 20.7528 -1.5 -0.833355
      vertex 20.6771 1.5 -0.707094
      vertex 20.7528 1.5 -0.833355
    endloop
  endfacet
  facet normal -0.857662 -0 -0.514213
    outer loop
      vertex 20.6771 1.5 -0.707094
      vertex 20.7528 -1.5 -0.833355
      vertex 20.6771 -1.5 -0.707094
    endloop
  endfacet
  facet normal -0.595773 0 0.803153
    outer loop
      vertex 21.0484 1.5 1.15952
      vertex 21.1666 -1.5 1.2472
      vertex 21.1666 1.5 1.2472
    endloop
  endfacet
  facet normal -0.595773 0 0.803153
    outer loop
      vertex 21.1666 -1.5 1.2472
      vertex 21.0484 1.5 1.15952
      vertex 21.0484 -1.5 1.15952
    endloop
  endfacet
  facet normal -0.989176 0 0.146736
    outer loop
      vertex 20.5072 -1.5 0.147025
      vertex 20.5288 1.5 0.292635
      vertex 20.5072 1.5 0.147025
    endloop
  endfacet
  facet normal -0.989176 0 0.146736
    outer loop
      vertex 20.5288 1.5 0.292635
      vertex 20.5072 -1.5 0.147025
      vertex 20.5288 -1.5 0.292635
    endloop
  endfacet
  facet normal 0.989176 -0 0.146736
    outer loop
      vertex 23.4712 -1.5 0.292635
      vertex 23.4928 1.5 0.147025
      vertex 23.4712 1.5 0.292635
    endloop
  endfacet
  facet normal 0.989176 0 0.146736
    outer loop
      vertex 23.4928 1.5 0.147025
      vertex 23.4712 -1.5 0.292635
      vertex 23.4928 -1.5 0.147025
    endloop
  endfacet
  facet normal 0.146746 0 -0.989174
    outer loop
      vertex 22.147 -1.5 -1.49278
      vertex 22.2926 1.5 -1.47118
      vertex 22.2926 -1.5 -1.47118
    endloop
  endfacet
  facet normal 0.146746 0 -0.989174
    outer loop
      vertex 22.2926 1.5 -1.47118
      vertex 22.147 -1.5 -1.49278
      vertex 22.147 1.5 -1.49278
    endloop
  endfacet
  facet normal -0.336879 0 -0.941548
    outer loop
      vertex 21.426 -1.5 -1.38582
      vertex 21.5646 1.5 -1.43541
      vertex 21.5646 -1.5 -1.43541
    endloop
  endfacet
  facet normal -0.336879 0 -0.941548
    outer loop
      vertex 21.5646 1.5 -1.43541
      vertex 21.426 -1.5 -1.38582
      vertex 21.426 1.5 -1.38582
    endloop
  endfacet
  facet normal 0.741138 0 -0.671353
    outer loop
      vertex 23.1595 -1.5 -0.95159
      vertex 23.0607 1.5 -1.06066
      vertex 23.1595 1.5 -0.95159
    endloop
  endfacet
  facet normal 0.741138 0 -0.671353
    outer loop
      vertex 23.0607 1.5 -1.06066
      vertex 23.1595 -1.5 -0.95159
      vertex 23.0607 -1.5 -1.06066
    endloop
  endfacet
  facet normal 0.595773 0 0.803153
    outer loop
      vertex 22.8334 1.5 1.2472
      vertex 22.9516 -1.5 1.15952
      vertex 22.9516 1.5 1.15952
    endloop
  endfacet
  facet normal 0.595773 0 0.803153
    outer loop
      vertex 22.9516 -1.5 1.15952
      vertex 22.8334 1.5 1.2472
      vertex 22.8334 -1.5 1.2472
    endloop
  endfacet
  facet normal 0.904088 -0 0.427347
    outer loop
      vertex 23.3229 -1.5 0.707094
      vertex 23.3858 1.5 0.574024
      vertex 23.3229 1.5 0.707094
    endloop
  endfacet
  facet normal 0.904088 0 0.427347
    outer loop
      vertex 23.3858 1.5 0.574024
      vertex 23.3229 -1.5 0.707094
      vertex 23.3858 -1.5 0.574024
    endloop
  endfacet
  facet normal 0.969979 -0 0.243188
    outer loop
      vertex 23.4354 -1.5 0.435427
      vertex 23.4712 1.5 0.292635
      vertex 23.4354 1.5 0.435427
    endloop
  endfacet
  facet normal 0.969979 0 0.243188
    outer loop
      vertex 23.4712 1.5 0.292635
      vertex 23.4354 -1.5 0.435427
      vertex 23.4712 -1.5 0.292635
    endloop
  endfacet
  facet normal -0.242983 0 -0.970031
    outer loop
      vertex 21.5646 -1.5 -1.43541
      vertex 21.7074 1.5 -1.47118
      vertex 21.7074 -1.5 -1.47118
    endloop
  endfacet
  facet normal -0.242983 0 -0.970031
    outer loop
      vertex 21.7074 1.5 -1.47118
      vertex 21.5646 -1.5 -1.43541
      vertex 21.5646 1.5 -1.43541
    endloop
  endfacet
  facet normal -0.969979 0 -0.243188
    outer loop
      vertex 20.5646 -1.5 -0.435427
      vertex 20.5288 1.5 -0.292635
      vertex 20.5646 1.5 -0.435427
    endloop
  endfacet
  facet normal -0.969979 -0 -0.243188
    outer loop
      vertex 20.5288 1.5 -0.292635
      vertex 20.5646 -1.5 -0.435427
      vertex 20.5288 -1.5 -0.292635
    endloop
  endfacet
  facet normal 0.998803 -0 0.0489126
    outer loop
      vertex 23.4928 -1.5 0.147025
      vertex 23.5 1.5 0
      vertex 23.4928 1.5 0.147025
    endloop
  endfacet
  facet normal 0.998803 0 0.0489126
    outer loop
      vertex 23.5 1.5 0
      vertex 23.4928 -1.5 0.147025
      vertex 23.5 -1.5 0
    endloop
  endfacet
  facet normal -0.336879 0 0.941548
    outer loop
      vertex 21.426 1.5 1.38582
      vertex 21.5646 -1.5 1.43541
      vertex 21.5646 1.5 1.43541
    endloop
  endfacet
  facet normal -0.336879 0 0.941548
    outer loop
      vertex 21.5646 -1.5 1.43541
      vertex 21.426 1.5 1.38582
      vertex 21.426 -1.5 1.38582
    endloop
  endfacet
  facet normal 0.0490565 0 -0.998796
    outer loop
      vertex 22 -1.5 -1.5
      vertex 22.147 1.5 -1.49278
      vertex 22.147 -1.5 -1.49278
    endloop
  endfacet
  facet normal 0.0490565 0 -0.998796
    outer loop
      vertex 22.147 1.5 -1.49278
      vertex 22 -1.5 -1.5
      vertex 22 1.5 -1.5
    endloop
  endfacet
  facet normal -0.146746 0 0.989174
    outer loop
      vertex 21.7074 1.5 1.47118
      vertex 21.853 -1.5 1.49278
      vertex 21.853 1.5 1.49278
    endloop
  endfacet
  facet normal -0.146746 0 0.989174
    outer loop
      vertex 21.853 -1.5 1.49278
      vertex 21.7074 1.5 1.47118
      vertex 21.7074 -1.5 1.47118
    endloop
  endfacet
  facet normal 0.989176 0 -0.146736
    outer loop
      vertex 23.4928 -1.5 -0.147025
      vertex 23.4712 1.5 -0.292635
      vertex 23.4928 1.5 -0.147025
    endloop
  endfacet
  facet normal 0.989176 0 -0.146736
    outer loop
      vertex 23.4712 1.5 -0.292635
      vertex 23.4928 -1.5 -0.147025
      vertex 23.4712 -1.5 -0.292635
    endloop
  endfacet
  facet normal -0.671475 0 0.741027
    outer loop
      vertex 20.9393 1.5 1.06066
      vertex 21.0484 -1.5 1.15952
      vertex 21.0484 1.5 1.15952
    endloop
  endfacet
  facet normal -0.671475 0 0.741027
    outer loop
      vertex 21.0484 -1.5 1.15952
      vertex 20.9393 1.5 1.06066
      vertex 20.9393 -1.5 1.06066
    endloop
  endfacet
  facet normal -0.741138 0 0.671353
    outer loop
      vertex 20.8405 -1.5 0.95159
      vertex 20.9393 1.5 1.06066
      vertex 20.8405 1.5 0.95159
    endloop
  endfacet
  facet normal -0.741138 0 0.671353
    outer loop
      vertex 20.9393 1.5 1.06066
      vertex 20.8405 -1.5 0.95159
      vertex 20.9393 -1.5 1.06066
    endloop
  endfacet
  facet normal -0.998803 0 -0.0489126
    outer loop
      vertex 20.5072 -1.5 -0.147025
      vertex 20.5 1.5 0
      vertex 20.5072 1.5 -0.147025
    endloop
  endfacet
  facet normal -0.998803 -0 -0.0489126
    outer loop
      vertex 20.5 1.5 0
      vertex 20.5072 -1.5 -0.147025
      vertex 20.5 -1.5 0
    endloop
  endfacet
  facet normal -0.671475 0 -0.741027
    outer loop
      vertex 20.9393 -1.5 -1.06066
      vertex 21.0484 1.5 -1.15952
      vertex 21.0484 -1.5 -1.15952
    endloop
  endfacet
  facet normal -0.671475 0 -0.741027
    outer loop
      vertex 21.0484 1.5 -1.15952
      vertex 20.9393 -1.5 -1.06066
      vertex 20.9393 1.5 -1.06066
    endloop
  endfacet
  facet normal 0.857662 0 -0.514213
    outer loop
      vertex 23.3229 -1.5 -0.707094
      vertex 23.2472 1.5 -0.833355
      vertex 23.3229 1.5 -0.707094
    endloop
  endfacet
  facet normal 0.857662 0 -0.514213
    outer loop
      vertex 23.2472 1.5 -0.833355
      vertex 23.3229 -1.5 -0.707094
      vertex 23.2472 -1.5 -0.833355
    endloop
  endfacet
  facet normal 0 1 0
    outer loop
      vertex 22.147 1.5 1.49278
      vertex 21.853 1.5 1.49278
      vertex 22 1.5 1.5
    endloop
  endfacet
  facet normal 0 1 0
    outer loop
      vertex 22.2926 1.5 1.47118
      vertex 21.853 1.5 1.49278
      vertex 22.147 1.5 1.49278
    endloop
  endfacet
  facet normal 0 1 0
    outer loop
      vertex 22.2926 1.5 1.47118
      vertex 21.7074 1.5 1.47118
      vertex 21.853 1.5 1.49278
    endloop
  endfacet
  facet normal 0 1 0
    outer loop
      vertex 22.4354 1.5 1.43541
      vertex 21.7074 1.5 1.47118
      vertex 22.2926 1.5 1.47118
    endloop
  endfacet
  facet normal 0 1 0
    outer loop
      vertex 22.4354 1.5 1.43541
      vertex 21.5646 1.5 1.43541
      vertex 21.7074 1.5 1.47118
    endloop
  endfacet
  facet normal 0 1 0
    outer loop
      vertex 22.574 1.5 1.38582
      vertex 21.5646 1.5 1.43541
      vertex 22.4354 1.5 1.43541
    endloop
  endfacet
  facet normal 0 1 0
    outer loop
      vertex 22.574 1.5 1.38582
      vertex 21.426 1.5 1.38582
      vertex 21.5646 1.5 1.43541
    endloop
  endfacet
  facet normal 0 1 0
    outer loop
      vertex 22.7071 1.5 1.32288
      vertex 21.426 1.5 1.38582
      vertex 22.574 1.5 1.38582
    endloop
  endfacet
  facet normal 0 1 0
    outer loop
      vertex 22.7071 1.5 1.32288
      vertex 21.2929 1.5 1.32288
      vertex 21.426 1.5 1.38582
    endloop
  endfacet
  facet normal 0 1 0
    outer loop
      vertex 22.8334 1.5 1.2472
      vertex 21.2929 1.5 1.32288
      vertex 22.7071 1.5 1.32288
    endloop
  endfacet
  facet normal 0 1 0
    outer loop
      vertex 22.8334 1.5 1.2472
      vertex 21.1666 1.5 1.2472
      vertex 21.2929 1.5 1.32288
    endloop
  endfacet
  facet normal 0 1 0
    outer loop
      vertex 22.9516 1.5 1.15952
      vertex 21.1666 1.5 1.2472
      vertex 22.8334 1.5 1.2472
    endloop
  endfacet
  facet normal 0 1 0
    outer loop
      vertex 22.9516 1.5 1.15952
      vertex 21.0484 1.5 1.15952
      vertex 21.1666 1.5 1.2472
    endloop
  endfacet
  facet normal 0 1 0
    outer loop
      vertex 23.0607 1.5 1.06066
      vertex 21.0484 1.5 1.15952
      vertex 22.9516 1.5 1.15952
    endloop
  endfacet
  facet normal 0 1 0
    outer loop
      vertex 23.0607 1.5 1.06066
      vertex 20.9393 1.5 1.06066
      vertex 21.0484 1.5 1.15952
    endloop
  endfacet
  facet normal 0 1 0
    outer loop
      vertex 23.1595 1.5 0.95159
      vertex 20.9393 1.5 1.06066
      vertex 23.0607 1.5 1.06066
    endloop
  endfacet
  facet normal 0 1 0
    outer loop
      vertex 23.1595 1.5 0.95159
      vertex 20.8405 1.5 0.95159
      vertex 20.9393 1.5 1.06066
    endloop
  endfacet
  facet normal 0 1 0
    outer loop
      vertex 23.2472 1.5 0.833355
      vertex 20.8405 1.5 0.95159
      vertex 23.1595 1.5 0.95159
    endloop
  endfacet
  facet normal 0 1 0
    outer loop
      vertex 23.2472 1.5 0.833355
      vertex 20.7528 1.5 0.833355
      vertex 20.8405 1.5 0.95159
    endloop
  endfacet
  facet normal 0 1 0
    outer loop
      vertex 23.3229 1.5 0.707094
      vertex 20.7528 1.5 0.833355
      vertex 23.2472 1.5 0.833355
    endloop
  endfacet
  facet normal 0 1 0
    outer loop
      vertex 23.3229 1.5 0.707094
      vertex 20.6771 1.5 0.707094
      vertex 20.7528 1.5 0.833355
    endloop
  endfacet
  facet normal 0 1 0
    outer loop
      vertex 23.3858 1.5 0.574024
      vertex 20.6771 1.5 0.707094
      vertex 23.3229 1.5 0.707094
    endloop
  endfacet
  facet normal 0 1 0
    outer loop
      vertex 23.3858 1.5 0.574024
      vertex 20.6142 1.5 0.574024
      vertex 20.6771 1.5 0.707094
    endloop
  endfacet
  facet normal 0 1 0
    outer loop
      vertex 23.4354 1.5 0.435427
      vertex 20.6142 1.5 0.574024
      vertex 23.3858 1.5 0.574024
    endloop
  endfacet
  facet normal 0 1 0
    outer loop
      vertex 23.4354 1.5 0.435427
      vertex 20.5646 1.5 0.435427
      vertex 20.6142 1.5 0.574024
    endloop
  endfacet
  facet normal 0 1 0
    outer loop
      vertex 23.4712 1.5 0.292635
      vertex 20.5646 1.5 0.435427
      vertex 23.4354 1.5 0.435427
    endloop
  endfacet
  facet normal 0 1 0
    outer loop
      vertex 23.4712 1.5 0.292635
      vertex 20.5288 1.5 0.292635
      vertex 20.5646 1.5 0.435427
    endloop
  endfacet
  facet normal 0 1 0
    outer loop
      vertex 23.4928 1.5 0.147025
      vertex 20.5288 1.5 0.292635
      vertex 23.4712 1.5 0.292635
    endloop
  endfacet
  facet normal 0 1 0
    outer loop
      vertex 23.4928 1.5 0.147025
      vertex 20.5072 1.5 0.147025
      vertex 20.5288 1.5 0.292635
    endloop
  endfacet
  facet normal 0 1 0
    outer loop
      vertex 23.5 1.5 0
      vertex 20.5072 1.5 0.147025
      vertex 23.4928 1.5 0.147025
    endloop
  endfacet
  facet normal 0 1 0
    outer loop
      vertex 23.5 1.5 0
      vertex 20.5 1.5 0
      vertex 20.5072 1.5 0.147025
    endloop
  endfacet
  facet normal 0 1 -0
    outer loop
      vertex 23.4928 1.5 -0.147025
      vertex 20.5 1.5 0
      vertex 23.5 1.5 0
    endloop
  endfacet
  facet normal 0 1 0
    outer loop
      vertex 23.4928 1.5 -0.147025
      vertex 20.5072 1.5 -0.147025
      vertex 20.5 1.5 0
    endloop
  endfacet
  facet normal 0 1 -0
    outer loop
      vertex 23.4712 1.5 -0.292635
      vertex 20.5072 1.5 -0.147025
      vertex 23.4928 1.5 -0.147025
    endloop
  endfacet
  facet normal 0 1 0
    outer loop
      vertex 23.4712 1.5 -0.292635
      vertex 20.5288 1.5 -0.292635
      vertex 20.5072 1.5 -0.147025
    endloop
  endfacet
  facet normal 0 1 -0
    outer loop
      vertex 23.4354 1.5 -0.435427
      vertex 20.5288 1.5 -0.292635
      vertex 23.4712 1.5 -0.292635
    endloop
  endfacet
  facet normal 0 1 0
    outer loop
      vertex 23.4354 1.5 -0.435427
      vertex 20.5646 1.5 -0.435427
      vertex 20.5288 1.5 -0.292635
    endloop
  endfacet
  facet normal 0 1 -0
    outer loop
      vertex 23.3858 1.5 -0.574024
      vertex 20.5646 1.5 -0.435427
      vertex 23.4354 1.5 -0.435427
    endloop
  endfacet
  facet normal 0 1 0
    outer loop
      vertex 23.3858 1.5 -0.574024
      vertex 20.6142 1.5 -0.574024
      vertex 20.5646 1.5 -0.435427
    endloop
  endfacet
  facet normal 0 1 -0
    outer loop
      vertex 23.3229 1.5 -0.707094
      vertex 20.6142 1.5 -0.574024
      vertex 23.3858 1.5 -0.574024
    endloop
  endfacet
  facet normal 0 1 0
    outer loop
      vertex 23.3229 1.5 -0.707094
      vertex 20.6771 1.5 -0.707094
      vertex 20.6142 1.5 -0.574024
    endloop
  endfacet
  facet normal 0 1 -0
    outer loop
      vertex 23.2472 1.5 -0.833355
      vertex 20.6771 1.5 -0.707094
      vertex 23.3229 1.5 -0.707094
    endloop
  endfacet
  facet normal 0 1 0
    outer loop
      vertex 23.2472 1.5 -0.833355
      vertex 20.7528 1.5 -0.833355
      vertex 20.6771 1.5 -0.707094
    endloop
  endfacet
  facet normal 0 1 -0
    outer loop
      vertex 23.1595 1.5 -0.95159
      vertex 20.7528 1.5 -0.833355
      vertex 23.2472 1.5 -0.833355
    endloop
  endfacet
  facet normal 0 1 0
    outer loop
      vertex 23.1595 1.5 -0.95159
      vertex 20.8405 1.5 -0.95159
      vertex 20.7528 1.5 -0.833355
    endloop
  endfacet
  facet normal 0 1 -0
    outer loop
      vertex 23.0607 1.5 -1.06066
      vertex 20.8405 1.5 -0.95159
      vertex 23.1595 1.5 -0.95159
    endloop
  endfacet
  facet normal 0 1 0
    outer loop
      vertex 23.0607 1.5 -1.06066
      vertex 20.9393 1.5 -1.06066
      vertex 20.8405 1.5 -0.95159
    endloop
  endfacet
  facet normal 0 1 -0
    outer loop
      vertex 22.9516 1.5 -1.15952
      vertex 20.9393 1.5 -1.06066
      vertex 23.0607 1.5 -1.06066
    endloop
  endfacet
  facet normal 0 1 0
    outer loop
      vertex 22.9516 1.5 -1.15952
      vertex 21.0484 1.5 -1.15952
      vertex 20.9393 1.5 -1.06066
    endloop
  endfacet
  facet normal 0 1 -0
    outer loop
      vertex 22.8334 1.5 -1.2472
      vertex 21.0484 1.5 -1.15952
      vertex 22.9516 1.5 -1.15952
    endloop
  endfacet
  facet normal 0 1 0
    outer loop
      vertex 22.8334 1.5 -1.2472
      vertex 21.1666 1.5 -1.2472
      vertex 21.0484 1.5 -1.15952
    endloop
  endfacet
  facet normal 0 1 -0
    outer loop
      vertex 22.7071 1.5 -1.32288
      vertex 21.1666 1.5 -1.2472
      vertex 22.8334 1.5 -1.2472
    endloop
  endfacet
  facet normal 0 1 0
    outer loop
      vertex 22.7071 1.5 -1.32288
      vertex 21.2929 1.5 -1.32288
      vertex 21.1666 1.5 -1.2472
    endloop
  endfacet
  facet normal 0 1 -0
    outer loop
      vertex 22.574 1.5 -1.38582
      vertex 21.2929 1.5 -1.32288
      vertex 22.7071 1.5 -1.32288
    endloop
  endfacet
  facet normal 0 1 0
    outer loop
      vertex 22.574 1.5 -1.38582
      vertex 21.426 1.5 -1.38582
      vertex 21.2929 1.5 -1.32288
    endloop
  endfacet
  facet normal 0 1 -0
    outer loop
      vertex 22.4354 1.5 -1.43541
      vertex 21.426 1.5 -1.38582
      vertex 22.574 1.5 -1.38582
    endloop
  endfacet
  facet normal 0 1 0
    outer loop
      vertex 22.4354 1.5 -1.43541
      vertex 21.5646 1.5 -1.43541
      vertex 21.426 1.5 -1.38582
    endloop
  endfacet
  facet normal 0 1 -0
    outer loop
      vertex 22.2926 1.5 -1.47118
      vertex 21.5646 1.5 -1.43541
      vertex 22.4354 1.5 -1.43541
    endloop
  endfacet
  facet normal 0 1 0
    outer loop
      vertex 22.2926 1.5 -1.47118
      vertex 21.7074 1.5 -1.47118
      vertex 21.5646 1.5 -1.43541
    endloop
  endfacet
  facet normal 0 1 -0
    outer loop
      vertex 22.147 1.5 -1.49278
      vertex 21.7074 1.5 -1.47118
      vertex 22.2926 1.5 -1.47118
    endloop
  endfacet
  facet normal 0 1 0
    outer loop
      vertex 22.147 1.5 -1.49278
      vertex 21.853 1.5 -1.49278
      vertex 21.7074 1.5 -1.47118
    endloop
  endfacet
  facet normal -0 1 0
    outer loop
      vertex 21.853 1.5 -1.49278
      vertex 22.147 1.5 -1.49278
      vertex 22 1.5 -1.5
    endloop
  endfacet
  facet normal 0.671475 0 -0.741027
    outer loop
      vertex 22.9516 -1.5 -1.15952
      vertex 23.0607 1.5 -1.06066
      vertex 23.0607 -1.5 -1.06066
    endloop
  endfacet
  facet normal 0.671475 0 -0.741027
    outer loop
      vertex 23.0607 1.5 -1.06066
      vertex 22.9516 -1.5 -1.15952
      vertex 22.9516 1.5 -1.15952
    endloop
  endfacet
  facet normal -0.427491 0 -0.90402
    outer loop
      vertex 21.2929 -1.5 -1.32288
      vertex 21.426 1.5 -1.38582
      vertex 21.426 -1.5 -1.38582
    endloop
  endfacet
  facet normal -0.427491 0 -0.90402
    outer loop
      vertex 21.426 1.5 -1.38582
      vertex 21.2929 -1.5 -1.32288
      vertex 21.2929 1.5 -1.32288
    endloop
  endfacet
  facet normal 0.336879 0 -0.941548
    outer loop
      vertex 22.4354 -1.5 -1.43541
      vertex 22.574 1.5 -1.38582
      vertex 22.574 -1.5 -1.38582
    endloop
  endfacet
  facet normal 0.336879 0 -0.941548
    outer loop
      vertex 22.574 1.5 -1.38582
      vertex 22.4354 -1.5 -1.43541
      vertex 22.4354 1.5 -1.43541
    endloop
  endfacet
  facet normal 0.513996 0 -0.857792
    outer loop
      vertex 22.7071 -1.5 -1.32288
      vertex 22.8334 1.5 -1.2472
      vertex 22.8334 -1.5 -1.2472
    endloop
  endfacet
  facet normal 0.513996 0 -0.857792
    outer loop
      vertex 22.8334 1.5 -1.2472
      vertex 22.7071 -1.5 -1.32288
      vertex 22.7071 1.5 -1.32288
    endloop
  endfacet
  facet normal -0.242983 0 0.970031
    outer loop
      vertex 21.5646 1.5 1.43541
      vertex 21.7074 -1.5 1.47118
      vertex 21.7074 1.5 1.47118
    endloop
  endfacet
  facet normal -0.242983 0 0.970031
    outer loop
      vertex 21.7074 -1.5 1.47118
      vertex 21.5646 1.5 1.43541
      vertex 21.5646 -1.5 1.43541
    endloop
  endfacet
  facet normal -0.0490565 0 0.998796
    outer loop
      vertex 21.853 1.5 1.49278
      vertex 22 -1.5 1.5
      vertex 22 1.5 1.5
    endloop
  endfacet
  facet normal -0.0490565 0 0.998796
    outer loop
      vertex 22 -1.5 1.5
      vertex 21.853 1.5 1.49278
      vertex 21.853 -1.5 1.49278
    endloop
  endfacet
  facet normal 0.941524 0 -0.336945
    outer loop
      vertex 23.4354 -1.5 -0.435427
      vertex 23.3858 1.5 -0.574024
      vertex 23.4354 1.5 -0.435427
    endloop
  endfacet
  facet normal 0.941524 0 -0.336945
    outer loop
      vertex 23.3858 1.5 -0.574024
      vertex 23.4354 -1.5 -0.435427
      vertex 23.3858 -1.5 -0.574024
    endloop
  endfacet
  facet normal 0.0490565 0 0.998796
    outer loop
      vertex 22 1.5 1.5
      vertex 22.147 -1.5 1.49278
      vertex 22.147 1.5 1.49278
    endloop
  endfacet
  facet normal 0.0490565 0 0.998796
    outer loop
      vertex 22.147 -1.5 1.49278
      vertex 22 1.5 1.5
      vertex 22 -1.5 1.5
    endloop
  endfacet
  facet normal 0.146746 0 0.989174
    outer loop
      vertex 22.147 1.5 1.49278
      vertex 22.2926 -1.5 1.47118
      vertex 22.2926 1.5 1.47118
    endloop
  endfacet
  facet normal 0.146746 0 0.989174
    outer loop
      vertex 22.2926 -1.5 1.47118
      vertex 22.147 1.5 1.49278
      vertex 22.147 -1.5 1.49278
    endloop
  endfacet
  facet normal 0.336879 0 0.941548
    outer loop
      vertex 22.4354 1.5 1.43541
      vertex 22.574 -1.5 1.38582
      vertex 22.574 1.5 1.38582
    endloop
  endfacet
  facet normal 0.336879 0 0.941548
    outer loop
      vertex 22.574 -1.5 1.38582
      vertex 22.4354 1.5 1.43541
      vertex 22.4354 -1.5 1.43541
    endloop
  endfacet
  facet normal 0.857662 -0 0.514213
    outer loop
      vertex 23.2472 -1.5 0.833355
      vertex 23.3229 1.5 0.707094
      vertex 23.2472 1.5 0.833355
    endloop
  endfacet
  facet normal 0.857662 0 0.514213
    outer loop
      vertex 23.3229 1.5 0.707094
      vertex 23.2472 -1.5 0.833355
      vertex 23.3229 -1.5 0.707094
    endloop
  endfacet
  facet normal 0.803172 -0 0.595747
    outer loop
      vertex 23.1595 -1.5 0.95159
      vertex 23.2472 1.5 0.833355
      vertex 23.1595 1.5 0.95159
    endloop
  endfacet
  facet normal 0.803172 0 0.595747
    outer loop
      vertex 23.2472 1.5 0.833355
      vertex 23.1595 -1.5 0.95159
      vertex 23.2472 -1.5 0.833355
    endloop
  endfacet
  facet normal -0.969979 0 0.243188
    outer loop
      vertex 20.5288 -1.5 0.292635
      vertex 20.5646 1.5 0.435427
      vertex 20.5288 1.5 0.292635
    endloop
  endfacet
  facet normal -0.969979 0 0.243188
    outer loop
      vertex 20.5646 1.5 0.435427
      vertex 20.5288 -1.5 0.292635
      vertex 20.5646 -1.5 0.435427
    endloop
  endfacet
  facet normal 0.941524 -0 0.336945
    outer loop
      vertex 23.3858 -1.5 0.574024
      vertex 23.4354 1.5 0.435427
      vertex 23.3858 1.5 0.574024
    endloop
  endfacet
  facet normal 0.941524 0 0.336945
    outer loop
      vertex 23.4354 1.5 0.435427
      vertex 23.3858 -1.5 0.574024
      vertex 23.4354 -1.5 0.435427
    endloop
  endfacet
  facet normal 0.741138 -0 0.671353
    outer loop
      vertex 23.0607 -1.5 1.06066
      vertex 23.1595 1.5 0.95159
      vertex 23.0607 1.5 1.06066
    endloop
  endfacet
  facet normal 0.741138 0 0.671353
    outer loop
      vertex 23.1595 1.5 0.95159
      vertex 23.0607 -1.5 1.06066
      vertex 23.1595 -1.5 0.95159
    endloop
  endfacet
  facet normal -0.941524 0 0.336945
    outer loop
      vertex 20.5646 -1.5 0.435427
      vertex 20.6142 1.5 0.574024
      vertex 20.5646 1.5 0.435427
    endloop
  endfacet
  facet normal -0.941524 0 0.336945
    outer loop
      vertex 20.6142 1.5 0.574024
      vertex 20.5646 -1.5 0.435427
      vertex 20.6142 -1.5 0.574024
    endloop
  endfacet
  facet normal 0 -1 0
    outer loop
      vertex 21.853 -1.5 1.49278
      vertex 22.147 -1.5 1.49278
      vertex 22 -1.5 1.5
    endloop
  endfacet
  facet normal 0 -1 0
    outer loop
      vertex 21.7074 -1.5 1.47118
      vertex 22.147 -1.5 1.49278
      vertex 21.853 -1.5 1.49278
    endloop
  endfacet
  facet normal 0 -1 0
    outer loop
      vertex 21.7074 -1.5 1.47118
      vertex 22.2926 -1.5 1.47118
      vertex 22.147 -1.5 1.49278
    endloop
  endfacet
  facet normal 0 -1 0
    outer loop
      vertex 21.5646 -1.5 1.43541
      vertex 22.2926 -1.5 1.47118
      vertex 21.7074 -1.5 1.47118
    endloop
  endfacet
  facet normal 0 -1 0
    outer loop
      vertex 21.5646 -1.5 1.43541
      vertex 22.4354 -1.5 1.43541
      vertex 22.2926 -1.5 1.47118
    endloop
  endfacet
  facet normal 0 -1 0
    outer loop
      vertex 21.426 -1.5 1.38582
      vertex 22.4354 -1.5 1.43541
      vertex 21.5646 -1.5 1.43541
    endloop
  endfacet
  facet normal 0 -1 0
    outer loop
      vertex 21.426 -1.5 1.38582
      vertex 22.574 -1.5 1.38582
      vertex 22.4354 -1.5 1.43541
    endloop
  endfacet
  facet normal 0 -1 0
    outer loop
      vertex 21.2929 -1.5 1.32288
      vertex 22.574 -1.5 1.38582
      vertex 21.426 -1.5 1.38582
    endloop
  endfacet
  facet normal 0 -1 0
    outer loop
      vertex 21.2929 -1.5 1.32288
      vertex 22.7071 -1.5 1.32288
      vertex 22.574 -1.5 1.38582
    endloop
  endfacet
  facet normal 0 -1 0
    outer loop
      vertex 21.1666 -1.5 1.2472
      vertex 22.7071 -1.5 1.32288
      vertex 21.2929 -1.5 1.32288
    endloop
  endfacet
  facet normal 0 -1 0
    outer loop
      vertex 21.1666 -1.5 1.2472
      vertex 22.8334 -1.5 1.2472
      vertex 22.7071 -1.5 1.32288
    endloop
  endfacet
  facet normal 0 -1 0
    outer loop
      vertex 21.0484 -1.5 1.15952
      vertex 22.8334 -1.5 1.2472
      vertex 21.1666 -1.5 1.2472
    endloop
  endfacet
  facet normal 0 -1 0
    outer loop
      vertex 21.0484 -1.5 1.15952
      vertex 22.9516 -1.5 1.15952
      vertex 22.8334 -1.5 1.2472
    endloop
  endfacet
  facet normal 0 -1 0
    outer loop
      vertex 20.9393 -1.5 1.06066
      vertex 22.9516 -1.5 1.15952
      vertex 21.0484 -1.5 1.15952
    endloop
  endfacet
  facet normal 0 -1 0
    outer loop
      vertex 20.9393 -1.5 1.06066
      vertex 23.0607 -1.5 1.06066
      vertex 22.9516 -1.5 1.15952
    endloop
  endfacet
  facet normal 0 -1 0
    outer loop
      vertex 20.8405 -1.5 0.95159
      vertex 23.0607 -1.5 1.06066
      vertex 20.9393 -1.5 1.06066
    endloop
  endfacet
  facet normal 0 -1 0
    outer loop
      vertex 20.8405 -1.5 0.95159
      vertex 23.1595 -1.5 0.95159
      vertex 23.0607 -1.5 1.06066
    endloop
  endfacet
  facet normal 0 -1 0
    outer loop
      vertex 20.7528 -1.5 0.833355
      vertex 23.1595 -1.5 0.95159
      vertex 20.8405 -1.5 0.95159
    endloop
  endfacet
  facet normal 0 -1 0
    outer loop
      vertex 20.7528 -1.5 0.833355
      vertex 23.2472 -1.5 0.833355
      vertex 23.1595 -1.5 0.95159
    endloop
  endfacet
  facet normal 0 -1 0
    outer loop
      vertex 20.6771 -1.5 0.707094
      vertex 23.2472 -1.5 0.833355
      vertex 20.7528 -1.5 0.833355
    endloop
  endfacet
  facet normal 0 -1 0
    outer loop
      vertex 20.6771 -1.5 0.707094
      vertex 23.3229 -1.5 0.707094
      vertex 23.2472 -1.5 0.833355
    endloop
  endfacet
  facet normal 0 -1 0
    outer loop
      vertex 20.6142 -1.5 0.574024
      vertex 23.3229 -1.5 0.707094
      vertex 20.6771 -1.5 0.707094
    endloop
  endfacet
  facet normal 0 -1 0
    outer loop
      vertex 20.6142 -1.5 0.574024
      vertex 23.3858 -1.5 0.574024
      vertex 23.3229 -1.5 0.707094
    endloop
  endfacet
  facet normal 0 -1 0
    outer loop
      vertex 20.5646 -1.5 0.435427
      vertex 23.3858 -1.5 0.574024
      vertex 20.6142 -1.5 0.574024
    endloop
  endfacet
  facet normal 0 -1 0
    outer loop
      vertex 20.5646 -1.5 0.435427
      vertex 23.4354 -1.5 0.435427
      vertex 23.3858 -1.5 0.574024
    endloop
  endfacet
  facet normal 0 -1 0
    outer loop
      vertex 20.5288 -1.5 0.292635
      vertex 23.4354 -1.5 0.435427
      vertex 20.5646 -1.5 0.435427
    endloop
  endfacet
  facet normal 0 -1 0
    outer loop
      vertex 20.5288 -1.5 0.292635
      vertex 23.4712 -1.5 0.292635
      vertex 23.4354 -1.5 0.435427
    endloop
  endfacet
  facet normal 0 -1 0
    outer loop
      vertex 20.5072 -1.5 0.147025
      vertex 23.4712 -1.5 0.292635
      vertex 20.5288 -1.5 0.292635
    endloop
  endfacet
  facet normal 0 -1 0
    outer loop
      vertex 20.5072 -1.5 0.147025
      vertex 23.4928 -1.5 0.147025
      vertex 23.4712 -1.5 0.292635
    endloop
  endfacet
  facet normal 0 -1 0
    outer loop
      vertex 20.5 -1.5 0
      vertex 23.4928 -1.5 0.147025
      vertex 20.5072 -1.5 0.147025
    endloop
  endfacet
  facet normal 0 -1 0
    outer loop
      vertex 20.5 -1.5 0
      vertex 23.5 -1.5 0
      vertex 23.4928 -1.5 0.147025
    endloop
  endfacet
  facet normal 0 -1 0
    outer loop
      vertex 20.5072 -1.5 -0.147025
      vertex 23.5 -1.5 0
      vertex 20.5 -1.5 0
    endloop
  endfacet
  facet normal 0 -1 0
    outer loop
      vertex 20.5072 -1.5 -0.147025
      vertex 23.4928 -1.5 -0.147025
      vertex 23.5 -1.5 0
    endloop
  endfacet
  facet normal 0 -1 0
    outer loop
      vertex 20.5288 -1.5 -0.292635
      vertex 23.4928 -1.5 -0.147025
      vertex 20.5072 -1.5 -0.147025
    endloop
  endfacet
  facet normal 0 -1 0
    outer loop
      vertex 20.5288 -1.5 -0.292635
      vertex 23.4712 -1.5 -0.292635
      vertex 23.4928 -1.5 -0.147025
    endloop
  endfacet
  facet normal 0 -1 0
    outer loop
      vertex 20.5646 -1.5 -0.435427
      vertex 23.4712 -1.5 -0.292635
      vertex 20.5288 -1.5 -0.292635
    endloop
  endfacet
  facet normal 0 -1 0
    outer loop
      vertex 20.5646 -1.5 -0.435427
      vertex 23.4354 -1.5 -0.435427
      vertex 23.4712 -1.5 -0.292635
    endloop
  endfacet
  facet normal 0 -1 0
    outer loop
      vertex 20.6142 -1.5 -0.574024
      vertex 23.4354 -1.5 -0.435427
      vertex 20.5646 -1.5 -0.435427
    endloop
  endfacet
  facet normal 0 -1 0
    outer loop
      vertex 20.6142 -1.5 -0.574024
      vertex 23.3858 -1.5 -0.574024
      vertex 23.4354 -1.5 -0.435427
    endloop
  endfacet
  facet normal 0 -1 0
    outer loop
      vertex 20.6771 -1.5 -0.707094
      vertex 23.3858 -1.5 -0.574024
      vertex 20.6142 -1.5 -0.574024
    endloop
  endfacet
  facet normal 0 -1 0
    outer loop
      vertex 20.6771 -1.5 -0.707094
      vertex 23.3229 -1.5 -0.707094
      vertex 23.3858 -1.5 -0.574024
    endloop
  endfacet
  facet normal 0 -1 0
    outer loop
      vertex 20.7528 -1.5 -0.833355
      vertex 23.3229 -1.5 -0.707094
      vertex 20.6771 -1.5 -0.707094
    endloop
  endfacet
  facet normal 0 -1 0
    outer loop
      vertex 20.7528 -1.5 -0.833355
      vertex 23.2472 -1.5 -0.833355
      vertex 23.3229 -1.5 -0.707094
    endloop
  endfacet
  facet normal 0 -1 0
    outer loop
      vertex 20.8405 -1.5 -0.95159
      vertex 23.2472 -1.5 -0.833355
      vertex 20.7528 -1.5 -0.833355
    endloop
  endfacet
  facet normal 0 -1 0
    outer loop
      vertex 20.8405 -1.5 -0.95159
      vertex 23.1595 -1.5 -0.95159
      vertex 23.2472 -1.5 -0.833355
    endloop
  endfacet
  facet normal 0 -1 0
    outer loop
      vertex 20.9393 -1.5 -1.06066
      vertex 23.1595 -1.5 -0.95159
      vertex 20.8405 -1.5 -0.95159
    endloop
  endfacet
  facet normal 0 -1 0
    outer loop
      vertex 20.9393 -1.5 -1.06066
      vertex 23.0607 -1.5 -1.06066
      vertex 23.1595 -1.5 -0.95159
    endloop
  endfacet
  facet normal 0 -1 0
    outer loop
      vertex 21.0484 -1.5 -1.15952
      vertex 23.0607 -1.5 -1.06066
      vertex 20.9393 -1.5 -1.06066
    endloop
  endfacet
  facet normal 0 -1 0
    outer loop
      vertex 21.0484 -1.5 -1.15952
      vertex 22.9516 -1.5 -1.15952
      vertex 23.0607 -1.5 -1.06066
    endloop
  endfacet
  facet normal 0 -1 0
    outer loop
      vertex 21.1666 -1.5 -1.2472
      vertex 22.9516 -1.5 -1.15952
      vertex 21.0484 -1.5 -1.15952
    endloop
  endfacet
  facet normal 0 -1 0
    outer loop
      vertex 21.1666 -1.5 -1.2472
      vertex 22.8334 -1.5 -1.2472
      vertex 22.9516 -1.5 -1.15952
    endloop
  endfacet
  facet normal 0 -1 0
    outer loop
      vertex 21.2929 -1.5 -1.32288
      vertex 22.8334 -1.5 -1.2472
      vertex 21.1666 -1.5 -1.2472
    endloop
  endfacet
  facet normal 0 -1 0
    outer loop
      vertex 21.2929 -1.5 -1.32288
      vertex 22.7071 -1.5 -1.32288
      vertex 22.8334 -1.5 -1.2472
    endloop
  endfacet
  facet normal 0 -1 0
    outer loop
      vertex 21.426 -1.5 -1.38582
      vertex 22.7071 -1.5 -1.32288
      vertex 21.2929 -1.5 -1.32288
    endloop
  endfacet
  facet normal 0 -1 0
    outer loop
      vertex 21.426 -1.5 -1.38582
      vertex 22.574 -1.5 -1.38582
      vertex 22.7071 -1.5 -1.32288
    endloop
  endfacet
  facet normal 0 -1 0
    outer loop
      vertex 21.5646 -1.5 -1.43541
      vertex 22.574 -1.5 -1.38582
      vertex 21.426 -1.5 -1.38582
    endloop
  endfacet
  facet normal 0 -1 0
    outer loop
      vertex 21.5646 -1.5 -1.43541
      vertex 22.4354 -1.5 -1.43541
      vertex 22.574 -1.5 -1.38582
    endloop
  endfacet
  facet normal 0 -1 0
    outer loop
      vertex 21.7074 -1.5 -1.47118
      vertex 22.4354 -1.5 -1.43541
      vertex 21.5646 -1.5 -1.43541
    endloop
  endfacet
  facet normal 0 -1 0
    outer loop
      vertex 21.7074 -1.5 -1.47118
      vertex 22.2926 -1.5 -1.47118
      vertex 22.4354 -1.5 -1.43541
    endloop
  endfacet
  facet normal 0 -1 0
    outer loop
      vertex 21.853 -1.5 -1.49278
      vertex 22.2926 -1.5 -1.47118
      vertex 21.7074 -1.5 -1.47118
    endloop
  endfacet
  facet normal 0 -1 0
    outer loop
      vertex 21.853 -1.5 -1.49278
      vertex 22.147 -1.5 -1.49278
      vertex 22.2926 -1.5 -1.47118
    endloop
  endfacet
  facet normal -0 -1 0
    outer loop
      vertex 22.147 -1.5 -1.49278
      vertex 21.853 -1.5 -1.49278
      vertex 22 -1.5 -1.5
    endloop
  endfacet
  facet normal -0.741138 0 -0.671353
    outer loop
      vertex 20.9393 -1.5 -1.06066
      vertex 20.8405 1.5 -0.95159
      vertex 20.9393 1.5 -1.06066
    endloop
  endfacet
  facet normal -0.741138 -0 -0.671353
    outer loop
      vertex 20.8405 1.5 -0.95159
      vertex 20.9393 -1.5 -1.06066
      vertex 20.8405 -1.5 -0.95159
    endloop
  endfacet
  facet normal -0.595773 0 -0.803153
    outer loop
      vertex 21.0484 -1.5 -1.15952
      vertex 21.1666 1.5 -1.2472
      vertex 21.1666 -1.5 -1.2472
    endloop
  endfacet
  facet normal -0.595773 0 -0.803153
    outer loop
      vertex 21.1666 1.5 -1.2472
      vertex 21.0484 -1.5 -1.15952
      vertex 21.0484 1.5 -1.15952
    endloop
  endfacet
  facet normal 0.513996 0 0.857792
    outer loop
      vertex 22.7071 1.5 1.32288
      vertex 22.8334 -1.5 1.2472
      vertex 22.8334 1.5 1.2472
    endloop
  endfacet
  facet normal 0.513996 0 0.857792
    outer loop
      vertex 22.8334 -1.5 1.2472
      vertex 22.7071 1.5 1.32288
      vertex 22.7071 -1.5 1.32288
    endloop
  endfacet
  facet normal 0.242983 0 0.970031
    outer loop
      vertex 22.2926 1.5 1.47118
      vertex 22.4354 -1.5 1.43541
      vertex 22.4354 1.5 1.43541
    endloop
  endfacet
  facet normal 0.242983 0 0.970031
    outer loop
      vertex 22.4354 -1.5 1.43541
      vertex 22.2926 1.5 1.47118
      vertex 22.2926 -1.5 1.47118
    endloop
  endfacet
  facet normal -0.904088 0 0.427347
    outer loop
      vertex 20.6142 -1.5 0.574024
      vertex 20.6771 1.5 0.707094
      vertex 20.6142 1.5 0.574024
    endloop
  endfacet
  facet normal -0.904088 0 0.427347
    outer loop
      vertex 20.6771 1.5 0.707094
      vertex 20.6142 -1.5 0.574024
      vertex 20.6771 -1.5 0.707094
    endloop
  endfacet
  facet normal 0.803172 0 -0.595747
    outer loop
      vertex 23.2472 -1.5 -0.833355
      vertex 23.1595 1.5 -0.95159
      vertex 23.2472 1.5 -0.833355
    endloop
  endfacet
  facet normal 0.803172 0 -0.595747
    outer loop
      vertex 23.1595 1.5 -0.95159
      vertex 23.2472 -1.5 -0.833355
      vertex 23.1595 -1.5 -0.95159
    endloop
  endfacet
  facet normal -0.941524 0 -0.336945
    outer loop
      vertex 20.6142 -1.5 -0.574024
      vertex 20.5646 1.5 -0.435427
      vertex 20.6142 1.5 -0.574024
    endloop
  endfacet
  facet normal -0.941524 -0 -0.336945
    outer loop
      vertex 20.5646 1.5 -0.435427
      vertex 20.6142 -1.5 -0.574024
      vertex 20.5646 -1.5 -0.435427
    endloop
  endfacet
  facet normal 0.671475 0 0.741027
    outer loop
      vertex 22.9516 1.5 1.15952
      vertex 23.0607 -1.5 1.06066
      vertex 23.0607 1.5 1.06066
    endloop
  endfacet
  facet normal 0.671475 0 0.741027
    outer loop
      vertex 23.0607 -1.5 1.06066
      vertex 22.9516 1.5 1.15952
      vertex 22.9516 -1.5 1.15952
    endloop
  endfacet
  facet normal -0.0490565 0 -0.998796
    outer loop
      vertex 21.853 -1.5 -1.49278
      vertex 22 1.5 -1.5
      vertex 22 -1.5 -1.5
    endloop
  endfacet
  facet normal -0.0490565 0 -0.998796
    outer loop
      vertex 22 1.5 -1.5
      vertex 21.853 -1.5 -1.49278
      vertex 21.853 1.5 -1.49278
    endloop
  endfacet
  facet normal -0.427491 0 0.90402
    outer loop
      vertex 21.2929 1.5 1.32288
      vertex 21.426 -1.5 1.38582
      vertex 21.426 1.5 1.38582
    endloop
  endfacet
  facet normal -0.427491 0 0.90402
    outer loop
      vertex 21.426 -1.5 1.38582
      vertex 21.2929 1.5 1.32288
      vertex 21.2929 -1.5 1.32288
    endloop
  endfacet
  facet normal 0.242983 0 -0.970031
    outer loop
      vertex 22.2926 -1.5 -1.47118
      vertex 22.4354 1.5 -1.43541
      vertex 22.4354 -1.5 -1.43541
    endloop
  endfacet
  facet normal 0.242983 0 -0.970031
    outer loop
      vertex 22.4354 1.5 -1.43541
      vertex 22.2926 -1.5 -1.47118
      vertex 22.2926 1.5 -1.47118
    endloop
  endfacet
  facet normal -0.904088 0 -0.427347
    outer loop
      vertex 20.6771 -1.5 -0.707094
      vertex 20.6142 1.5 -0.574024
      vertex 20.6771 1.5 -0.707094
    endloop
  endfacet
  facet normal -0.904088 -0 -0.427347
    outer loop
      vertex 20.6142 1.5 -0.574024
      vertex 20.6771 -1.5 -0.707094
      vertex 20.6142 -1.5 -0.574024
    endloop
  endfacet
  facet normal 0.969979 0 -0.243188
    outer loop
      vertex 23.4712 -1.5 -0.292635
      vertex 23.4354 1.5 -0.435427
      vertex 23.4712 1.5 -0.292635
    endloop
  endfacet
  facet normal 0.969979 0 -0.243188
    outer loop
      vertex 23.4354 1.5 -0.435427
      vertex 23.4712 -1.5 -0.292635
      vertex 23.4354 -1.5 -0.435427
    endloop
  endfacet
  facet normal 0.904088 0 -0.427347
    outer loop
      vertex 23.3858 -1.5 -0.574024
      vertex 23.3229 1.5 -0.707094
      vertex 23.3858 1.5 -0.574024
    endloop
  endfacet
  facet normal 0.904088 0 -0.427347
    outer loop
      vertex 23.3229 1.5 -0.707094
      vertex 23.3858 -1.5 -0.574024
      vertex 23.3229 -1.5 -0.707094
    endloop
  endfacet
  facet normal -0.803172 0 -0.595747
    outer loop
      vertex 20.8405 -1.5 -0.95159
      vertex 20.7528 1.5 -0.833355
      vertex 20.8405 1.5 -0.95159
    endloop
  endfacet
  facet normal -0.803172 -0 -0.595747
    outer loop
      vertex 20.7528 1.5 -0.833355
      vertex 20.8405 -1.5 -0.95159
      vertex 20.7528 -1.5 -0.833355
    endloop
  endfacet
  facet normal 0.595773 0 -0.803153
    outer loop
      vertex 22.8334 -1.5 -1.2472
      vertex 22.9516 1.5 -1.15952
      vertex 22.9516 -1.5 -1.15952
    endloop
  endfacet
  facet normal 0.595773 0 -0.803153
    outer loop
      vertex 22.9516 1.5 -1.15952
      vertex 22.8334 -1.5 -1.2472
      vertex 22.8334 1.5 -1.2472
    endloop
  endfacet
  facet normal -0.989176 0 -0.146736
    outer loop
      vertex 20.5288 -1.5 -0.292635
      vertex 20.5072 1.5 -0.147025
      vertex 20.5288 1.5 -0.292635
    endloop
  endfacet
  facet normal -0.989176 -0 -0.146736
    outer loop
      vertex 20.5072 1.5 -0.147025
      vertex 20.5288 -1.5 -0.292635
      vertex 20.5072 -1.5 -0.147025
    endloop
  endfacet
  facet normal -0.857662 0 0.514213
    outer loop
      vertex 20.6771 -1.5 0.707094
      vertex 20.7528 1.5 0.833355
      vertex 20.6771 1.5 0.707094
    endloop
  endfacet
  facet normal -0.857662 0 0.514213
    outer loop
      vertex 20.7528 1.5 0.833355
      vertex 20.6771 -1.5 0.707094
      vertex 20.7528 -1.5 0.833355
    endloop
  endfacet
  facet normal -0.513996 0 0.857792
    outer loop
      vertex 21.1666 1.5 1.2472
      vertex 21.2929 -1.5 1.32288
      vertex 21.2929 1.5 1.32288
    endloop
  endfacet
  facet normal -0.513996 0 0.857792
    outer loop
      vertex 21.2929 -1.5 1.32288
      vertex 21.1666 1.5 1.2472
      vertex 21.1666 -1.5 1.2472
    endloop
  endfacet
  facet normal -0.146746 0 -0.989174
    outer loop
      vertex 21.7074 -1.5 -1.47118
      vertex 21.853 1.5 -1.49278
      vertex 21.853 -1.5 -1.49278
    endloop
  endfacet
  facet normal -0.146746 0 -0.989174
    outer loop
      vertex 21.853 1.5 -1.49278
      vertex 21.7074 -1.5 -1.47118
      vertex 21.7074 1.5 -1.47118
    endloop
  endfacet
  facet normal -0.803172 0 0.595747
    outer loop
      vertex 20.7528 -1.5 0.833355
      vertex 20.8405 1.5 0.95159
      vertex 20.7528 1.5 0.833355
    endloop
  endfacet
  facet normal -0.803172 0 0.595747
    outer loop
      vertex 20.8405 1.5 0.95159
      vertex 20.7528 -1.5 0.833355
      vertex 20.8405 -1.5 0.95159
    endloop
  endfacet
  facet normal -0.513996 0 -0.857792
    outer loop
      vertex 21.1666 -1.5 -1.2472
      vertex 21.2929 1.5 -1.32288
      vertex 21.2929 -1.5 -1.32288
    endloop
  endfacet
  facet normal -0.513996 0 -0.857792
    outer loop
      vertex 21.2929 1.5 -1.32288
      vertex 21.1666 -1.5 -1.2472
      vertex 21.1666 1.5 -1.2472
    endloop
  endfacet
  facet normal 0 0.989176 0.146736
    outer loop
      vertex 1.5 23.4928 0.147025
      vertex -1.5 23.4712 0.292635
      vertex 1.5 23.4712 0.292635
    endloop
  endfacet
  facet normal 0 0.989176 0.146736
    outer loop
      vertex -1.5 23.4712 0.292635
      vertex 1.5 23.4928 0.147025
      vertex -1.5 23.4928 0.147025
    endloop
  endfacet
  facet normal 0 0.998803 0.0489126
    outer loop
      vertex 1.5 23.5 0
      vertex -1.5 23.4928 0.147025
      vertex 1.5 23.4928 0.147025
    endloop
  endfacet
  facet normal 0 0.998803 0.0489126
    outer loop
      vertex -1.5 23.4928 0.147025
      vertex 1.5 23.5 0
      vertex -1.5 23.5 0
    endloop
  endfacet
  facet normal 0 0.969979 0.243188
    outer loop
      vertex 1.5 23.4712 0.292635
      vertex -1.5 23.4354 0.435427
      vertex 1.5 23.4354 0.435427
    endloop
  endfacet
  facet normal 0 0.969979 0.243188
    outer loop
      vertex -1.5 23.4354 0.435427
      vertex 1.5 23.4712 0.292635
      vertex -1.5 23.4712 0.292635
    endloop
  endfacet
  facet normal -0 0.146746 0.989174
    outer loop
      vertex -1.5 22.2926 1.47118
      vertex 1.5 22.147 1.49278
      vertex 1.5 22.2926 1.47118
    endloop
  endfacet
  facet normal 0 0.146746 0.989174
    outer loop
      vertex 1.5 22.147 1.49278
      vertex -1.5 22.2926 1.47118
      vertex -1.5 22.147 1.49278
    endloop
  endfacet
  facet normal 0 -0.146746 0.989174
    outer loop
      vertex -1.5 21.853 1.49278
      vertex 1.5 21.7074 1.47118
      vertex 1.5 21.853 1.49278
    endloop
  endfacet
  facet normal 0 -0.146746 0.989174
    outer loop
      vertex 1.5 21.7074 1.47118
      vertex -1.5 21.853 1.49278
      vertex -1.5 21.7074 1.47118
    endloop
  endfacet
  facet normal 0 0.803172 0.595747
    outer loop
      vertex 1.5 23.2472 0.833355
      vertex -1.5 23.1595 0.95159
      vertex 1.5 23.1595 0.95159
    endloop
  endfacet
  facet normal 0 0.803172 0.595747
    outer loop
      vertex -1.5 23.1595 0.95159
      vertex 1.5 23.2472 0.833355
      vertex -1.5 23.2472 0.833355
    endloop
  endfacet
  facet normal 0 0.595773 -0.803153
    outer loop
      vertex -1.5 22.8334 -1.2472
      vertex 1.5 22.9516 -1.15952
      vertex 1.5 22.8334 -1.2472
    endloop
  endfacet
  facet normal 0 0.595773 -0.803153
    outer loop
      vertex 1.5 22.9516 -1.15952
      vertex -1.5 22.8334 -1.2472
      vertex -1.5 22.9516 -1.15952
    endloop
  endfacet
  facet normal -0 0.595773 0.803153
    outer loop
      vertex -1.5 22.9516 1.15952
      vertex 1.5 22.8334 1.2472
      vertex 1.5 22.9516 1.15952
    endloop
  endfacet
  facet normal 0 0.595773 0.803153
    outer loop
      vertex 1.5 22.8334 1.2472
      vertex -1.5 22.9516 1.15952
      vertex -1.5 22.8334 1.2472
    endloop
  endfacet
  facet normal 0 0.998803 -0.0489126
    outer loop
      vertex 1.5 23.4928 -0.147025
      vertex -1.5 23.5 0
      vertex 1.5 23.5 0
    endloop
  endfacet
  facet normal 0 0.998803 -0.0489126
    outer loop
      vertex -1.5 23.5 0
      vertex 1.5 23.4928 -0.147025
      vertex -1.5 23.4928 -0.147025
    endloop
  endfacet
  facet normal 0 -0.242983 0.970031
    outer loop
      vertex -1.5 21.7074 1.47118
      vertex 1.5 21.5646 1.43541
      vertex 1.5 21.7074 1.47118
    endloop
  endfacet
  facet normal 0 -0.242983 0.970031
    outer loop
      vertex 1.5 21.5646 1.43541
      vertex -1.5 21.7074 1.47118
      vertex -1.5 21.5646 1.43541
    endloop
  endfacet
  facet normal -0 0.427491 0.90402
    outer loop
      vertex -1.5 22.7071 1.32288
      vertex 1.5 22.574 1.38582
      vertex 1.5 22.7071 1.32288
    endloop
  endfacet
  facet normal 0 0.427491 0.90402
    outer loop
      vertex 1.5 22.574 1.38582
      vertex -1.5 22.7071 1.32288
      vertex -1.5 22.574 1.38582
    endloop
  endfacet
  facet normal 1 0 0
    outer loop
      vertex 1.5 23.4928 0.147025
      vertex 1.5 23.4928 -0.147025
      vertex 1.5 23.5 0
    endloop
  endfacet
  facet normal 1 0 0
    outer loop
      vertex 1.5 23.4712 0.292635
      vertex 1.5 23.4928 -0.147025
      vertex 1.5 23.4928 0.147025
    endloop
  endfacet
  facet normal 1 0 0
    outer loop
      vertex 1.5 23.4712 0.292635
      vertex 1.5 23.4712 -0.292635
      vertex 1.5 23.4928 -0.147025
    endloop
  endfacet
  facet normal 1 0 0
    outer loop
      vertex 1.5 23.4354 0.435427
      vertex 1.5 23.4712 -0.292635
      vertex 1.5 23.4712 0.292635
    endloop
  endfacet
  facet normal 1 0 0
    outer loop
      vertex 1.5 23.4354 0.435427
      vertex 1.5 23.4354 -0.435427
      vertex 1.5 23.4712 -0.292635
    endloop
  endfacet
  facet normal 1 0 0
    outer loop
      vertex 1.5 23.3858 0.574024
      vertex 1.5 23.4354 -0.435427
      vertex 1.5 23.4354 0.435427
    endloop
  endfacet
  facet normal 1 0 0
    outer loop
      vertex 1.5 23.3858 0.574024
      vertex 1.5 23.3858 -0.574024
      vertex 1.5 23.4354 -0.435427
    endloop
  endfacet
  facet normal 1 0 0
    outer loop
      vertex 1.5 23.3229 0.707094
      vertex 1.5 23.3858 -0.574024
      vertex 1.5 23.3858 0.574024
    endloop
  endfacet
  facet normal 1 0 0
    outer loop
      vertex 1.5 23.3229 0.707094
      vertex 1.5 23.3229 -0.707094
      vertex 1.5 23.3858 -0.574024
    endloop
  endfacet
  facet normal 1 0 0
    outer loop
      vertex 1.5 23.2472 0.833355
      vertex 1.5 23.3229 -0.707094
      vertex 1.5 23.3229 0.707094
    endloop
  endfacet
  facet normal 1 0 0
    outer loop
      vertex 1.5 23.2472 0.833355
      vertex 1.5 23.2472 -0.833355
      vertex 1.5 23.3229 -0.707094
    endloop
  endfacet
  facet normal 1 0 0
    outer loop
      vertex 1.5 23.1595 0.95159
      vertex 1.5 23.2472 -0.833355
      vertex 1.5 23.2472 0.833355
    endloop
  endfacet
  facet normal 1 0 0
    outer loop
      vertex 1.5 23.1595 0.95159
      vertex 1.5 23.1595 -0.95159
      vertex 1.5 23.2472 -0.833355
    endloop
  endfacet
  facet normal 1 0 0
    outer loop
      vertex 1.5 23.0607 1.06066
      vertex 1.5 23.1595 -0.95159
      vertex 1.5 23.1595 0.95159
    endloop
  endfacet
  facet normal 1 0 0
    outer loop
      vertex 1.5 23.0607 1.06066
      vertex 1.5 23.0607 -1.06066
      vertex 1.5 23.1595 -0.95159
    endloop
  endfacet
  facet normal 1 0 0
    outer loop
      vertex 1.5 22.9516 1.15952
      vertex 1.5 23.0607 -1.06066
      vertex 1.5 23.0607 1.06066
    endloop
  endfacet
  facet normal 1 0 0
    outer loop
      vertex 1.5 22.9516 1.15952
      vertex 1.5 22.9516 -1.15952
      vertex 1.5 23.0607 -1.06066
    endloop
  endfacet
  facet normal 1 0 0
    outer loop
      vertex 1.5 22.8334 1.2472
      vertex 1.5 22.9516 -1.15952
      vertex 1.5 22.9516 1.15952
    endloop
  endfacet
  facet normal 1 0 0
    outer loop
      vertex 1.5 22.8334 1.2472
      vertex 1.5 22.8334 -1.2472
      vertex 1.5 22.9516 -1.15952
    endloop
  endfacet
  facet normal 1 0 0
    outer loop
      vertex 1.5 22.7071 1.32288
      vertex 1.5 22.8334 -1.2472
      vertex 1.5 22.8334 1.2472
    endloop
  endfacet
  facet normal 1 0 0
    outer loop
      vertex 1.5 22.7071 1.32288
      vertex 1.5 22.7071 -1.32288
      vertex 1.5 22.8334 -1.2472
    endloop
  endfacet
  facet normal 1 0 0
    outer loop
      vertex 1.5 22.574 1.38582
      vertex 1.5 22.7071 -1.32288
      vertex 1.5 22.7071 1.32288
    endloop
  endfacet
  facet normal 1 0 0
    outer loop
      vertex 1.5 22.574 1.38582
      vertex 1.5 22.574 -1.38582
      vertex 1.5 22.7071 -1.32288
    endloop
  endfacet
  facet normal 1 0 0
    outer loop
      vertex 1.5 22.4354 1.43541
      vertex 1.5 22.574 -1.38582
      vertex 1.5 22.574 1.38582
    endloop
  endfacet
  facet normal 1 0 0
    outer loop
      vertex 1.5 22.4354 1.43541
      vertex 1.5 22.4354 -1.43541
      vertex 1.5 22.574 -1.38582
    endloop
  endfacet
  facet normal 1 0 0
    outer loop
      vertex 1.5 22.2926 1.47118
      vertex 1.5 22.4354 -1.43541
      vertex 1.5 22.4354 1.43541
    endloop
  endfacet
  facet normal 1 0 0
    outer loop
      vertex 1.5 22.2926 1.47118
      vertex 1.5 22.2926 -1.47118
      vertex 1.5 22.4354 -1.43541
    endloop
  endfacet
  facet normal 1 0 0
    outer loop
      vertex 1.5 22.147 1.49278
      vertex 1.5 22.2926 -1.47118
      vertex 1.5 22.2926 1.47118
    endloop
  endfacet
  facet normal 1 0 0
    outer loop
      vertex 1.5 22.147 1.49278
      vertex 1.5 22.147 -1.49278
      vertex 1.5 22.2926 -1.47118
    endloop
  endfacet
  facet normal 1 0 0
    outer loop
      vertex 1.5 22 1.5
      vertex 1.5 22.147 -1.49278
      vertex 1.5 22.147 1.49278
    endloop
  endfacet
  facet normal 1 0 0
    outer loop
      vertex 1.5 22 1.5
      vertex 1.5 22 -1.5
      vertex 1.5 22.147 -1.49278
    endloop
  endfacet
  facet normal 1 -0 0
    outer loop
      vertex 1.5 21.853 1.49278
      vertex 1.5 22 -1.5
      vertex 1.5 22 1.5
    endloop
  endfacet
  facet normal 1 0 0
    outer loop
      vertex 1.5 21.853 1.49278
      vertex 1.5 21.853 -1.49278
      vertex 1.5 22 -1.5
    endloop
  endfacet
  facet normal 1 -0 0
    outer loop
      vertex 1.5 21.7074 1.47118
      vertex 1.5 21.853 -1.49278
      vertex 1.5 21.853 1.49278
    endloop
  endfacet
  facet normal 1 0 0
    outer loop
      vertex 1.5 21.7074 1.47118
      vertex 1.5 21.7074 -1.47118
      vertex 1.5 21.853 -1.49278
    endloop
  endfacet
  facet normal 1 -0 0
    outer loop
      vertex 1.5 21.5646 1.43541
      vertex 1.5 21.7074 -1.47118
      vertex 1.5 21.7074 1.47118
    endloop
  endfacet
  facet normal 1 0 0
    outer loop
      vertex 1.5 21.5646 1.43541
      vertex 1.5 21.5646 -1.43541
      vertex 1.5 21.7074 -1.47118
    endloop
  endfacet
  facet normal 1 -0 0
    outer loop
      vertex 1.5 21.426 1.38582
      vertex 1.5 21.5646 -1.43541
      vertex 1.5 21.5646 1.43541
    endloop
  endfacet
  facet normal 1 0 0
    outer loop
      vertex 1.5 21.426 1.38582
      vertex 1.5 21.426 -1.38582
      vertex 1.5 21.5646 -1.43541
    endloop
  endfacet
  facet normal 1 -0 0
    outer loop
      vertex 1.5 21.2929 1.32288
      vertex 1.5 21.426 -1.38582
      vertex 1.5 21.426 1.38582
    endloop
  endfacet
  facet normal 1 0 0
    outer loop
      vertex 1.5 21.2929 1.32288
      vertex 1.5 21.2929 -1.32288
      vertex 1.5 21.426 -1.38582
    endloop
  endfacet
  facet normal 1 -0 0
    outer loop
      vertex 1.5 21.1666 1.2472
      vertex 1.5 21.2929 -1.32288
      vertex 1.5 21.2929 1.32288
    endloop
  endfacet
  facet normal 1 0 0
    outer loop
      vertex 1.5 21.1666 1.2472
      vertex 1.5 21.1666 -1.2472
      vertex 1.5 21.2929 -1.32288
    endloop
  endfacet
  facet normal 1 -0 0
    outer loop
      vertex 1.5 21.0484 1.15952
      vertex 1.5 21.1666 -1.2472
      vertex 1.5 21.1666 1.2472
    endloop
  endfacet
  facet normal 1 0 0
    outer loop
      vertex 1.5 21.0484 1.15952
      vertex 1.5 21.0484 -1.15952
      vertex 1.5 21.1666 -1.2472
    endloop
  endfacet
  facet normal 1 -0 0
    outer loop
      vertex 1.5 20.9393 1.06066
      vertex 1.5 21.0484 -1.15952
      vertex 1.5 21.0484 1.15952
    endloop
  endfacet
  facet normal 1 0 0
    outer loop
      vertex 1.5 20.9393 1.06066
      vertex 1.5 20.9393 -1.06066
      vertex 1.5 21.0484 -1.15952
    endloop
  endfacet
  facet normal 1 -0 0
    outer loop
      vertex 1.5 20.8405 0.95159
      vertex 1.5 20.9393 -1.06066
      vertex 1.5 20.9393 1.06066
    endloop
  endfacet
  facet normal 1 0 0
    outer loop
      vertex 1.5 20.8405 0.95159
      vertex 1.5 20.8405 -0.95159
      vertex 1.5 20.9393 -1.06066
    endloop
  endfacet
  facet normal 1 -0 0
    outer loop
      vertex 1.5 20.7528 0.833355
      vertex 1.5 20.8405 -0.95159
      vertex 1.5 20.8405 0.95159
    endloop
  endfacet
  facet normal 1 0 0
    outer loop
      vertex 1.5 20.7528 0.833355
      vertex 1.5 20.7528 -0.833355
      vertex 1.5 20.8405 -0.95159
    endloop
  endfacet
  facet normal 1 -0 0
    outer loop
      vertex 1.5 20.6771 0.707094
      vertex 1.5 20.7528 -0.833355
      vertex 1.5 20.7528 0.833355
    endloop
  endfacet
  facet normal 1 0 0
    outer loop
      vertex 1.5 20.6771 0.707094
      vertex 1.5 20.6771 -0.707094
      vertex 1.5 20.7528 -0.833355
    endloop
  endfacet
  facet normal 1 -0 0
    outer loop
      vertex 1.5 20.6142 0.574024
      vertex 1.5 20.6771 -0.707094
      vertex 1.5 20.6771 0.707094
    endloop
  endfacet
  facet normal 1 0 0
    outer loop
      vertex 1.5 20.6142 0.574024
      vertex 1.5 20.6142 -0.574024
      vertex 1.5 20.6771 -0.707094
    endloop
  endfacet
  facet normal 1 -0 0
    outer loop
      vertex 1.5 20.5646 0.435427
      vertex 1.5 20.6142 -0.574024
      vertex 1.5 20.6142 0.574024
    endloop
  endfacet
  facet normal 1 0 0
    outer loop
      vertex 1.5 20.5646 0.435427
      vertex 1.5 20.5646 -0.435427
      vertex 1.5 20.6142 -0.574024
    endloop
  endfacet
  facet normal 1 -0 0
    outer loop
      vertex 1.5 20.5288 0.292635
      vertex 1.5 20.5646 -0.435427
      vertex 1.5 20.5646 0.435427
    endloop
  endfacet
  facet normal 1 0 0
    outer loop
      vertex 1.5 20.5288 0.292635
      vertex 1.5 20.5288 -0.292635
      vertex 1.5 20.5646 -0.435427
    endloop
  endfacet
  facet normal 1 -0 0
    outer loop
      vertex 1.5 20.5072 0.147025
      vertex 1.5 20.5288 -0.292635
      vertex 1.5 20.5288 0.292635
    endloop
  endfacet
  facet normal 1 0 0
    outer loop
      vertex 1.5 20.5072 0.147025
      vertex 1.5 20.5072 -0.147025
      vertex 1.5 20.5288 -0.292635
    endloop
  endfacet
  facet normal 1 0 -0
    outer loop
      vertex 1.5 20.5072 -0.147025
      vertex 1.5 20.5072 0.147025
      vertex 1.5 20.5 0
    endloop
  endfacet
  facet normal 0 -0.242983 -0.970031
    outer loop
      vertex -1.5 21.5646 -1.43541
      vertex 1.5 21.7074 -1.47118
      vertex 1.5 21.5646 -1.43541
    endloop
  endfacet
  facet normal -0 -0.242983 -0.970031
    outer loop
      vertex 1.5 21.7074 -1.47118
      vertex -1.5 21.5646 -1.43541
      vertex -1.5 21.7074 -1.47118
    endloop
  endfacet
  facet normal 0 -0.989176 -0.146736
    outer loop
      vertex -1.5 20.5288 -0.292635
      vertex 1.5 20.5072 -0.147025
      vertex -1.5 20.5072 -0.147025
    endloop
  endfacet
  facet normal 0 -0.989176 -0.146736
    outer loop
      vertex 1.5 20.5072 -0.147025
      vertex -1.5 20.5288 -0.292635
      vertex 1.5 20.5288 -0.292635
    endloop
  endfacet
  facet normal 0 -0.427491 0.90402
    outer loop
      vertex -1.5 21.426 1.38582
      vertex 1.5 21.2929 1.32288
      vertex 1.5 21.426 1.38582
    endloop
  endfacet
  facet normal 0 -0.427491 0.90402
    outer loop
      vertex 1.5 21.2929 1.32288
      vertex -1.5 21.426 1.38582
      vertex -1.5 21.2929 1.32288
    endloop
  endfacet
  facet normal -0 0.242983 0.970031
    outer loop
      vertex -1.5 22.4354 1.43541
      vertex 1.5 22.2926 1.47118
      vertex 1.5 22.4354 1.43541
    endloop
  endfacet
  facet normal 0 0.242983 0.970031
    outer loop
      vertex 1.5 22.2926 1.47118
      vertex -1.5 22.4354 1.43541
      vertex -1.5 22.2926 1.47118
    endloop
  endfacet
  facet normal 0 -0.513996 -0.857792
    outer loop
      vertex -1.5 21.1666 -1.2472
      vertex 1.5 21.2929 -1.32288
      vertex 1.5 21.1666 -1.2472
    endloop
  endfacet
  facet normal -0 -0.513996 -0.857792
    outer loop
      vertex 1.5 21.2929 -1.32288
      vertex -1.5 21.1666 -1.2472
      vertex -1.5 21.2929 -1.32288
    endloop
  endfacet
  facet normal 0 0.427491 -0.90402
    outer loop
      vertex -1.5 22.574 -1.38582
      vertex 1.5 22.7071 -1.32288
      vertex 1.5 22.574 -1.38582
    endloop
  endfacet
  facet normal 0 0.427491 -0.90402
    outer loop
      vertex 1.5 22.7071 -1.32288
      vertex -1.5 22.574 -1.38582
      vertex -1.5 22.7071 -1.32288
    endloop
  endfacet
  facet normal 0 -0.904088 0.427347
    outer loop
      vertex -1.5 20.6142 0.574024
      vertex 1.5 20.6771 0.707094
      vertex -1.5 20.6771 0.707094
    endloop
  endfacet
  facet normal 0 -0.904088 0.427347
    outer loop
      vertex 1.5 20.6771 0.707094
      vertex -1.5 20.6142 0.574024
      vertex 1.5 20.6142 0.574024
    endloop
  endfacet
  facet normal 0 -0.803172 -0.595747
    outer loop
      vertex -1.5 20.8405 -0.95159
      vertex 1.5 20.7528 -0.833355
      vertex -1.5 20.7528 -0.833355
    endloop
  endfacet
  facet normal 0 -0.803172 -0.595747
    outer loop
      vertex 1.5 20.7528 -0.833355
      vertex -1.5 20.8405 -0.95159
      vertex 1.5 20.8405 -0.95159
    endloop
  endfacet
  facet normal 0 0.336879 -0.941548
    outer loop
      vertex -1.5 22.4354 -1.43541
      vertex 1.5 22.574 -1.38582
      vertex 1.5 22.4354 -1.43541
    endloop
  endfacet
  facet normal 0 0.336879 -0.941548
    outer loop
      vertex 1.5 22.574 -1.38582
      vertex -1.5 22.4354 -1.43541
      vertex -1.5 22.574 -1.38582
    endloop
  endfacet
  facet normal 0 -0.336879 -0.941548
    outer loop
      vertex -1.5 21.426 -1.38582
      vertex 1.5 21.5646 -1.43541
      vertex 1.5 21.426 -1.38582
    endloop
  endfacet
  facet normal -0 -0.336879 -0.941548
    outer loop
      vertex 1.5 21.5646 -1.43541
      vertex -1.5 21.426 -1.38582
      vertex -1.5 21.5646 -1.43541
    endloop
  endfacet
  facet normal 0 -0.0490565 0.998796
    outer loop
      vertex -1.5 22 1.5
      vertex 1.5 21.853 1.49278
      vertex 1.5 22 1.5
    endloop
  endfacet
  facet normal 0 -0.0490565 0.998796
    outer loop
      vertex 1.5 21.853 1.49278
      vertex -1.5 22 1.5
      vertex -1.5 21.853 1.49278
    endloop
  endfacet
  facet normal 0 0.803172 -0.595747
    outer loop
      vertex 1.5 23.1595 -0.95159
      vertex -1.5 23.2472 -0.833355
      vertex 1.5 23.2472 -0.833355
    endloop
  endfacet
  facet normal 0 0.803172 -0.595747
    outer loop
      vertex -1.5 23.2472 -0.833355
      vertex 1.5 23.1595 -0.95159
      vertex -1.5 23.1595 -0.95159
    endloop
  endfacet
  facet normal 0 -0.513996 0.857792
    outer loop
      vertex -1.5 21.2929 1.32288
      vertex 1.5 21.1666 1.2472
      vertex 1.5 21.2929 1.32288
    endloop
  endfacet
  facet normal 0 -0.513996 0.857792
    outer loop
      vertex 1.5 21.1666 1.2472
      vertex -1.5 21.2929 1.32288
      vertex -1.5 21.1666 1.2472
    endloop
  endfacet
  facet normal 0 -0.427491 -0.90402
    outer loop
      vertex -1.5 21.2929 -1.32288
      vertex 1.5 21.426 -1.38582
      vertex 1.5 21.2929 -1.32288
    endloop
  endfacet
  facet normal -0 -0.427491 -0.90402
    outer loop
      vertex 1.5 21.426 -1.38582
      vertex -1.5 21.2929 -1.32288
      vertex -1.5 21.426 -1.38582
    endloop
  endfacet
  facet normal 0 -0.595773 -0.803153
    outer loop
      vertex -1.5 21.0484 -1.15952
      vertex 1.5 21.1666 -1.2472
      vertex 1.5 21.0484 -1.15952
    endloop
  endfacet
  facet normal -0 -0.595773 -0.803153
    outer loop
      vertex 1.5 21.1666 -1.2472
      vertex -1.5 21.0484 -1.15952
      vertex -1.5 21.1666 -1.2472
    endloop
  endfacet
  facet normal -0 0.336879 0.941548
    outer loop
      vertex -1.5 22.574 1.38582
      vertex 1.5 22.4354 1.43541
      vertex 1.5 22.574 1.38582
    endloop
  endfacet
  facet normal 0 0.336879 0.941548
    outer loop
      vertex 1.5 22.4354 1.43541
      vertex -1.5 22.574 1.38582
      vertex -1.5 22.4354 1.43541
    endloop
  endfacet
  facet normal 0 -0.741138 -0.671353
    outer loop
      vertex -1.5 20.9393 -1.06066
      vertex 1.5 20.8405 -0.95159
      vertex -1.5 20.8405 -0.95159
    endloop
  endfacet
  facet normal 0 -0.741138 -0.671353
    outer loop
      vertex 1.5 20.8405 -0.95159
      vertex -1.5 20.9393 -1.06066
      vertex 1.5 20.9393 -1.06066
    endloop
  endfacet
  facet normal 0 0.969979 -0.243188
    outer loop
      vertex 1.5 23.4354 -0.435427
      vertex -1.5 23.4712 -0.292635
      vertex 1.5 23.4712 -0.292635
    endloop
  endfacet
  facet normal 0 0.969979 -0.243188
    outer loop
      vertex -1.5 23.4712 -0.292635
      vertex 1.5 23.4354 -0.435427
      vertex -1.5 23.4354 -0.435427
    endloop
  endfacet
  facet normal 0 -0.336879 0.941548
    outer loop
      vertex -1.5 21.5646 1.43541
      vertex 1.5 21.426 1.38582
      vertex 1.5 21.5646 1.43541
    endloop
  endfacet
  facet normal 0 -0.336879 0.941548
    outer loop
      vertex 1.5 21.426 1.38582
      vertex -1.5 21.5646 1.43541
      vertex -1.5 21.426 1.38582
    endloop
  endfacet
  facet normal 0 -0.904088 -0.427347
    outer loop
      vertex -1.5 20.6771 -0.707094
      vertex 1.5 20.6142 -0.574024
      vertex -1.5 20.6142 -0.574024
    endloop
  endfacet
  facet normal 0 -0.904088 -0.427347
    outer loop
      vertex 1.5 20.6142 -0.574024
      vertex -1.5 20.6771 -0.707094
      vertex 1.5 20.6771 -0.707094
    endloop
  endfacet
  facet normal 0 -0.941524 -0.336945
    outer loop
      vertex -1.5 20.6142 -0.574024
      vertex 1.5 20.5646 -0.435427
      vertex -1.5 20.5646 -0.435427
    endloop
  endfacet
  facet normal 0 -0.941524 -0.336945
    outer loop
      vertex 1.5 20.5646 -0.435427
      vertex -1.5 20.6142 -0.574024
      vertex 1.5 20.6142 -0.574024
    endloop
  endfacet
  facet normal 0 0.904088 0.427347
    outer loop
      vertex 1.5 23.3858 0.574024
      vertex -1.5 23.3229 0.707094
      vertex 1.5 23.3229 0.707094
    endloop
  endfacet
  facet normal 0 0.904088 0.427347
    outer loop
      vertex -1.5 23.3229 0.707094
      vertex 1.5 23.3858 0.574024
      vertex -1.5 23.3858 0.574024
    endloop
  endfacet
  facet normal 0 -0.969979 -0.243188
    outer loop
      vertex -1.5 20.5646 -0.435427
      vertex 1.5 20.5288 -0.292635
      vertex -1.5 20.5288 -0.292635
    endloop
  endfacet
  facet normal 0 -0.969979 -0.243188
    outer loop
      vertex 1.5 20.5288 -0.292635
      vertex -1.5 20.5646 -0.435427
      vertex 1.5 20.5646 -0.435427
    endloop
  endfacet
  facet normal 0 -0.671475 -0.741027
    outer loop
      vertex -1.5 20.9393 -1.06066
      vertex 1.5 21.0484 -1.15952
      vertex 1.5 20.9393 -1.06066
    endloop
  endfacet
  facet normal -0 -0.671475 -0.741027
    outer loop
      vertex 1.5 21.0484 -1.15952
      vertex -1.5 20.9393 -1.06066
      vertex -1.5 21.0484 -1.15952
    endloop
  endfacet
  facet normal -0 0.671475 0.741027
    outer loop
      vertex -1.5 23.0607 1.06066
      vertex 1.5 22.9516 1.15952
      vertex 1.5 23.0607 1.06066
    endloop
  endfacet
  facet normal 0 0.671475 0.741027
    outer loop
      vertex 1.5 22.9516 1.15952
      vertex -1.5 23.0607 1.06066
      vertex -1.5 22.9516 1.15952
    endloop
  endfacet
  facet normal 0 0.741138 -0.671353
    outer loop
      vertex 1.5 23.0607 -1.06066
      vertex -1.5 23.1595 -0.95159
      vertex 1.5 23.1595 -0.95159
    endloop
  endfacet
  facet normal 0 0.741138 -0.671353
    outer loop
      vertex -1.5 23.1595 -0.95159
      vertex 1.5 23.0607 -1.06066
      vertex -1.5 23.0607 -1.06066
    endloop
  endfacet
  facet normal 0 -0.989176 0.146736
    outer loop
      vertex -1.5 20.5072 0.147025
      vertex 1.5 20.5288 0.292635
      vertex -1.5 20.5288 0.292635
    endloop
  endfacet
  facet normal 0 -0.989176 0.146736
    outer loop
      vertex 1.5 20.5288 0.292635
      vertex -1.5 20.5072 0.147025
      vertex 1.5 20.5072 0.147025
    endloop
  endfacet
  facet normal 0 -0.969979 0.243188
    outer loop
      vertex -1.5 20.5288 0.292635
      vertex 1.5 20.5646 0.435427
      vertex -1.5 20.5646 0.435427
    endloop
  endfacet
  facet normal 0 -0.969979 0.243188
    outer loop
      vertex 1.5 20.5646 0.435427
      vertex -1.5 20.5288 0.292635
      vertex 1.5 20.5288 0.292635
    endloop
  endfacet
  facet normal 0 0.146746 -0.989174
    outer loop
      vertex -1.5 22.147 -1.49278
      vertex 1.5 22.2926 -1.47118
      vertex 1.5 22.147 -1.49278
    endloop
  endfacet
  facet normal 0 0.146746 -0.989174
    outer loop
      vertex 1.5 22.2926 -1.47118
      vertex -1.5 22.147 -1.49278
      vertex -1.5 22.2926 -1.47118
    endloop
  endfacet
  facet normal 0 0.857662 -0.514213
    outer loop
      vertex 1.5 23.2472 -0.833355
      vertex -1.5 23.3229 -0.707094
      vertex 1.5 23.3229 -0.707094
    endloop
  endfacet
  facet normal 0 0.857662 -0.514213
    outer loop
      vertex -1.5 23.3229 -0.707094
      vertex 1.5 23.2472 -0.833355
      vertex -1.5 23.2472 -0.833355
    endloop
  endfacet
  facet normal 0 0.941524 0.336945
    outer loop
      vertex 1.5 23.4354 0.435427
      vertex -1.5 23.3858 0.574024
      vertex 1.5 23.3858 0.574024
    endloop
  endfacet
  facet normal 0 0.941524 0.336945
    outer loop
      vertex -1.5 23.3858 0.574024
      vertex 1.5 23.4354 0.435427
      vertex -1.5 23.4354 0.435427
    endloop
  endfacet
  facet normal 0 -0.857662 0.514213
    outer loop
      vertex -1.5 20.6771 0.707094
      vertex 1.5 20.7528 0.833355
      vertex -1.5 20.7528 0.833355
    endloop
  endfacet
  facet normal 0 -0.857662 0.514213
    outer loop
      vertex 1.5 20.7528 0.833355
      vertex -1.5 20.6771 0.707094
      vertex 1.5 20.6771 0.707094
    endloop
  endfacet
  facet normal 0 -0.595773 0.803153
    outer loop
      vertex -1.5 21.1666 1.2472
      vertex 1.5 21.0484 1.15952
      vertex 1.5 21.1666 1.2472
    endloop
  endfacet
  facet normal 0 -0.595773 0.803153
    outer loop
      vertex 1.5 21.0484 1.15952
      vertex -1.5 21.1666 1.2472
      vertex -1.5 21.0484 1.15952
    endloop
  endfacet
  facet normal -0 0.0490565 0.998796
    outer loop
      vertex -1.5 22.147 1.49278
      vertex 1.5 22 1.5
      vertex 1.5 22.147 1.49278
    endloop
  endfacet
  facet normal 0 0.0490565 0.998796
    outer loop
      vertex 1.5 22 1.5
      vertex -1.5 22.147 1.49278
      vertex -1.5 22 1.5
    endloop
  endfacet
  facet normal -0 0.513996 0.857792
    outer loop
      vertex -1.5 22.8334 1.2472
      vertex 1.5 22.7071 1.32288
      vertex 1.5 22.8334 1.2472
    endloop
  endfacet
  facet normal 0 0.513996 0.857792
    outer loop
      vertex 1.5 22.7071 1.32288
      vertex -1.5 22.8334 1.2472
      vertex -1.5 22.7071 1.32288
    endloop
  endfacet
  facet normal 0 0.989176 -0.146736
    outer loop
      vertex 1.5 23.4712 -0.292635
      vertex -1.5 23.4928 -0.147025
      vertex 1.5 23.4928 -0.147025
    endloop
  endfacet
  facet normal 0 0.989176 -0.146736
    outer loop
      vertex -1.5 23.4928 -0.147025
      vertex 1.5 23.4712 -0.292635
      vertex -1.5 23.4712 -0.292635
    endloop
  endfacet
  facet normal 0 0.857662 0.514213
    outer loop
      vertex 1.5 23.3229 0.707094
      vertex -1.5 23.2472 0.833355
      vertex 1.5 23.2472 0.833355
    endloop
  endfacet
  facet normal 0 0.857662 0.514213
    outer loop
      vertex -1.5 23.2472 0.833355
      vertex 1.5 23.3229 0.707094
      vertex -1.5 23.3229 0.707094
    endloop
  endfacet
  facet normal 0 0.513996 -0.857792
    outer loop
      vertex -1.5 22.7071 -1.32288
      vertex 1.5 22.8334 -1.2472
      vertex 1.5 22.7071 -1.32288
    endloop
  endfacet
  facet normal 0 0.513996 -0.857792
    outer loop
      vertex 1.5 22.8334 -1.2472
      vertex -1.5 22.7071 -1.32288
      vertex -1.5 22.8334 -1.2472
    endloop
  endfacet
  facet normal 0 -0.671475 0.741027
    outer loop
      vertex -1.5 21.0484 1.15952
      vertex 1.5 20.9393 1.06066
      vertex 1.5 21.0484 1.15952
    endloop
  endfacet
  facet normal 0 -0.671475 0.741027
    outer loop
      vertex 1.5 20.9393 1.06066
      vertex -1.5 21.0484 1.15952
      vertex -1.5 20.9393 1.06066
    endloop
  endfacet
  facet normal 0 0.671475 -0.741027
    outer loop
      vertex -1.5 22.9516 -1.15952
      vertex 1.5 23.0607 -1.06066
      vertex 1.5 22.9516 -1.15952
    endloop
  endfacet
  facet normal 0 0.671475 -0.741027
    outer loop
      vertex 1.5 23.0607 -1.06066
      vertex -1.5 22.9516 -1.15952
      vertex -1.5 23.0607 -1.06066
    endloop
  endfacet
  facet normal 0 -0.0490565 -0.998796
    outer loop
      vertex -1.5 21.853 -1.49278
      vertex 1.5 22 -1.5
      vertex 1.5 21.853 -1.49278
    endloop
  endfacet
  facet normal -0 -0.0490565 -0.998796
    outer loop
      vertex 1.5 22 -1.5
      vertex -1.5 21.853 -1.49278
      vertex -1.5 22 -1.5
    endloop
  endfacet
  facet normal 0 -0.741138 0.671353
    outer loop
      vertex -1.5 20.8405 0.95159
      vertex 1.5 20.9393 1.06066
      vertex -1.5 20.9393 1.06066
    endloop
  endfacet
  facet normal 0 -0.741138 0.671353
    outer loop
      vertex 1.5 20.9393 1.06066
      vertex -1.5 20.8405 0.95159
      vertex 1.5 20.8405 0.95159
    endloop
  endfacet
  facet normal 0 -0.941524 0.336945
    outer loop
      vertex -1.5 20.5646 0.435427
      vertex 1.5 20.6142 0.574024
      vertex -1.5 20.6142 0.574024
    endloop
  endfacet
  facet normal 0 -0.941524 0.336945
    outer loop
      vertex 1.5 20.6142 0.574024
      vertex -1.5 20.5646 0.435427
      vertex 1.5 20.5646 0.435427
    endloop
  endfacet
  facet normal 0 0.904088 -0.427347
    outer loop
      vertex 1.5 23.3229 -0.707094
      vertex -1.5 23.3858 -0.574024
      vertex 1.5 23.3858 -0.574024
    endloop
  endfacet
  facet normal 0 0.904088 -0.427347
    outer loop
      vertex -1.5 23.3858 -0.574024
      vertex 1.5 23.3229 -0.707094
      vertex -1.5 23.3229 -0.707094
    endloop
  endfacet
  facet normal 0 0.0490565 -0.998796
    outer loop
      vertex -1.5 22 -1.5
      vertex 1.5 22.147 -1.49278
      vertex 1.5 22 -1.5
    endloop
  endfacet
  facet normal 0 0.0490565 -0.998796
    outer loop
      vertex 1.5 22.147 -1.49278
      vertex -1.5 22 -1.5
      vertex -1.5 22.147 -1.49278
    endloop
  endfacet
  facet normal 0 0.941524 -0.336945
    outer loop
      vertex 1.5 23.3858 -0.574024
      vertex -1.5 23.4354 -0.435427
      vertex 1.5 23.4354 -0.435427
    endloop
  endfacet
  facet normal 0 0.941524 -0.336945
    outer loop
      vertex -1.5 23.4354 -0.435427
      vertex 1.5 23.3858 -0.574024
      vertex -1.5 23.3858 -0.574024
    endloop
  endfacet
  facet normal 0 -0.998803 0.0489126
    outer loop
      vertex -1.5 20.5 0
      vertex 1.5 20.5072 0.147025
      vertex -1.5 20.5072 0.147025
    endloop
  endfacet
  facet normal 0 -0.998803 0.0489126
    outer loop
      vertex 1.5 20.5072 0.147025
      vertex -1.5 20.5 0
      vertex 1.5 20.5 0
    endloop
  endfacet
  facet normal 0 0.741138 0.671353
    outer loop
      vertex 1.5 23.1595 0.95159
      vertex -1.5 23.0607 1.06066
      vertex 1.5 23.0607 1.06066
    endloop
  endfacet
  facet normal 0 0.741138 0.671353
    outer loop
      vertex -1.5 23.0607 1.06066
      vertex 1.5 23.1595 0.95159
      vertex -1.5 23.1595 0.95159
    endloop
  endfacet
  facet normal 0 0.242983 -0.970031
    outer loop
      vertex -1.5 22.2926 -1.47118
      vertex 1.5 22.4354 -1.43541
      vertex 1.5 22.2926 -1.47118
    endloop
  endfacet
  facet normal 0 0.242983 -0.970031
    outer loop
      vertex 1.5 22.4354 -1.43541
      vertex -1.5 22.2926 -1.47118
      vertex -1.5 22.4354 -1.43541
    endloop
  endfacet
  facet normal 0 -0.857662 -0.514213
    outer loop
      vertex -1.5 20.7528 -0.833355
      vertex 1.5 20.6771 -0.707094
      vertex -1.5 20.6771 -0.707094
    endloop
  endfacet
  facet normal 0 -0.857662 -0.514213
    outer loop
      vertex 1.5 20.6771 -0.707094
      vertex -1.5 20.7528 -0.833355
      vertex 1.5 20.7528 -0.833355
    endloop
  endfacet
  facet normal 0 -0.998803 -0.0489126
    outer loop
      vertex -1.5 20.5072 -0.147025
      vertex 1.5 20.5 0
      vertex -1.5 20.5 0
    endloop
  endfacet
  facet normal 0 -0.998803 -0.0489126
    outer loop
      vertex 1.5 20.5 0
      vertex -1.5 20.5072 -0.147025
      vertex 1.5 20.5072 -0.147025
    endloop
  endfacet
  facet normal 0 -0.146746 -0.989174
    outer loop
      vertex -1.5 21.7074 -1.47118
      vertex 1.5 21.853 -1.49278
      vertex 1.5 21.7074 -1.47118
    endloop
  endfacet
  facet normal -0 -0.146746 -0.989174
    outer loop
      vertex 1.5 21.853 -1.49278
      vertex -1.5 21.7074 -1.47118
      vertex -1.5 21.853 -1.49278
    endloop
  endfacet
  facet normal 0 -0.803172 0.595747
    outer loop
      vertex -1.5 20.7528 0.833355
      vertex 1.5 20.8405 0.95159
      vertex -1.5 20.8405 0.95159
    endloop
  endfacet
  facet normal 0 -0.803172 0.595747
    outer loop
      vertex 1.5 20.8405 0.95159
      vertex -1.5 20.7528 0.833355
      vertex 1.5 20.7528 0.833355
    endloop
  endfacet
  facet normal -1 0 0
    outer loop
      vertex -1.5 23.4928 -0.147025
      vertex -1.5 23.4928 0.147025
      vertex -1.5 23.5 0
    endloop
  endfacet
  facet normal -1 0 0
    outer loop
      vertex -1.5 23.4712 -0.292635
      vertex -1.5 23.4928 0.147025
      vertex -1.5 23.4928 -0.147025
    endloop
  endfacet
  facet normal -1 0 0
    outer loop
      vertex -1.5 23.4712 -0.292635
      vertex -1.5 23.4712 0.292635
      vertex -1.5 23.4928 0.147025
    endloop
  endfacet
  facet normal -1 0 0
    outer loop
      vertex -1.5 23.4354 -0.435427
      vertex -1.5 23.4712 0.292635
      vertex -1.5 23.4712 -0.292635
    endloop
  endfacet
  facet normal -1 0 0
    outer loop
      vertex -1.5 23.4354 -0.435427
      vertex -1.5 23.4354 0.435427
      vertex -1.5 23.4712 0.292635
    endloop
  endfacet
  facet normal -1 0 0
    outer loop
      vertex -1.5 23.3858 -0.574024
      vertex -1.5 23.4354 0.435427
      vertex -1.5 23.4354 -0.435427
    endloop
  endfacet
  facet normal -1 0 0
    outer loop
      vertex -1.5 23.3858 -0.574024
      vertex -1.5 23.3858 0.574024
      vertex -1.5 23.4354 0.435427
    endloop
  endfacet
  facet normal -1 0 0
    outer loop
      vertex -1.5 23.3229 -0.707094
      vertex -1.5 23.3858 0.574024
      vertex -1.5 23.3858 -0.574024
    endloop
  endfacet
  facet normal -1 0 0
    outer loop
      vertex -1.5 23.3229 -0.707094
      vertex -1.5 23.3229 0.707094
      vertex -1.5 23.3858 0.574024
    endloop
  endfacet
  facet normal -1 0 0
    outer loop
      vertex -1.5 23.2472 -0.833355
      vertex -1.5 23.3229 0.707094
      vertex -1.5 23.3229 -0.707094
    endloop
  endfacet
  facet normal -1 0 0
    outer loop
      vertex -1.5 23.2472 -0.833355
      vertex -1.5 23.2472 0.833355
      vertex -1.5 23.3229 0.707094
    endloop
  endfacet
  facet normal -1 0 0
    outer loop
      vertex -1.5 23.1595 -0.95159
      vertex -1.5 23.2472 0.833355
      vertex -1.5 23.2472 -0.833355
    endloop
  endfacet
  facet normal -1 0 0
    outer loop
      vertex -1.5 23.1595 -0.95159
      vertex -1.5 23.1595 0.95159
      vertex -1.5 23.2472 0.833355
    endloop
  endfacet
  facet normal -1 0 0
    outer loop
      vertex -1.5 23.0607 -1.06066
      vertex -1.5 23.1595 0.95159
      vertex -1.5 23.1595 -0.95159
    endloop
  endfacet
  facet normal -1 0 0
    outer loop
      vertex -1.5 23.0607 -1.06066
      vertex -1.5 23.0607 1.06066
      vertex -1.5 23.1595 0.95159
    endloop
  endfacet
  facet normal -1 0 0
    outer loop
      vertex -1.5 22.9516 -1.15952
      vertex -1.5 23.0607 1.06066
      vertex -1.5 23.0607 -1.06066
    endloop
  endfacet
  facet normal -1 0 0
    outer loop
      vertex -1.5 22.9516 -1.15952
      vertex -1.5 22.9516 1.15952
      vertex -1.5 23.0607 1.06066
    endloop
  endfacet
  facet normal -1 0 0
    outer loop
      vertex -1.5 22.8334 -1.2472
      vertex -1.5 22.9516 1.15952
      vertex -1.5 22.9516 -1.15952
    endloop
  endfacet
  facet normal -1 0 0
    outer loop
      vertex -1.5 22.8334 -1.2472
      vertex -1.5 22.8334 1.2472
      vertex -1.5 22.9516 1.15952
    endloop
  endfacet
  facet normal -1 0 0
    outer loop
      vertex -1.5 22.7071 -1.32288
      vertex -1.5 22.8334 1.2472
      vertex -1.5 22.8334 -1.2472
    endloop
  endfacet
  facet normal -1 0 0
    outer loop
      vertex -1.5 22.7071 -1.32288
      vertex -1.5 22.7071 1.32288
      vertex -1.5 22.8334 1.2472
    endloop
  endfacet
  facet normal -1 0 0
    outer loop
      vertex -1.5 22.574 -1.38582
      vertex -1.5 22.7071 1.32288
      vertex -1.5 22.7071 -1.32288
    endloop
  endfacet
  facet normal -1 0 0
    outer loop
      vertex -1.5 22.574 -1.38582
      vertex -1.5 22.574 1.38582
      vertex -1.5 22.7071 1.32288
    endloop
  endfacet
  facet normal -1 0 0
    outer loop
      vertex -1.5 22.4354 -1.43541
      vertex -1.5 22.574 1.38582
      vertex -1.5 22.574 -1.38582
    endloop
  endfacet
  facet normal -1 0 0
    outer loop
      vertex -1.5 22.4354 -1.43541
      vertex -1.5 22.4354 1.43541
      vertex -1.5 22.574 1.38582
    endloop
  endfacet
  facet normal -1 0 0
    outer loop
      vertex -1.5 22.2926 -1.47118
      vertex -1.5 22.4354 1.43541
      vertex -1.5 22.4354 -1.43541
    endloop
  endfacet
  facet normal -1 0 0
    outer loop
      vertex -1.5 22.2926 -1.47118
      vertex -1.5 22.2926 1.47118
      vertex -1.5 22.4354 1.43541
    endloop
  endfacet
  facet normal -1 0 0
    outer loop
      vertex -1.5 22.147 -1.49278
      vertex -1.5 22.2926 1.47118
      vertex -1.5 22.2926 -1.47118
    endloop
  endfacet
  facet normal -1 0 0
    outer loop
      vertex -1.5 22.147 -1.49278
      vertex -1.5 22.147 1.49278
      vertex -1.5 22.2926 1.47118
    endloop
  endfacet
  facet normal -1 0 0
    outer loop
      vertex -1.5 22 -1.5
      vertex -1.5 22.147 1.49278
      vertex -1.5 22.147 -1.49278
    endloop
  endfacet
  facet normal -1 0 0
    outer loop
      vertex -1.5 22 -1.5
      vertex -1.5 22 1.5
      vertex -1.5 22.147 1.49278
    endloop
  endfacet
  facet normal -1 0 0
    outer loop
      vertex -1.5 21.853 -1.49278
      vertex -1.5 22 1.5
      vertex -1.5 22 -1.5
    endloop
  endfacet
  facet normal -1 0 0
    outer loop
      vertex -1.5 21.853 -1.49278
      vertex -1.5 21.853 1.49278
      vertex -1.5 22 1.5
    endloop
  endfacet
  facet normal -1 0 0
    outer loop
      vertex -1.5 21.7074 -1.47118
      vertex -1.5 21.853 1.49278
      vertex -1.5 21.853 -1.49278
    endloop
  endfacet
  facet normal -1 0 0
    outer loop
      vertex -1.5 21.7074 -1.47118
      vertex -1.5 21.7074 1.47118
      vertex -1.5 21.853 1.49278
    endloop
  endfacet
  facet normal -1 0 0
    outer loop
      vertex -1.5 21.5646 -1.43541
      vertex -1.5 21.7074 1.47118
      vertex -1.5 21.7074 -1.47118
    endloop
  endfacet
  facet normal -1 0 0
    outer loop
      vertex -1.5 21.5646 -1.43541
      vertex -1.5 21.5646 1.43541
      vertex -1.5 21.7074 1.47118
    endloop
  endfacet
  facet normal -1 0 0
    outer loop
      vertex -1.5 21.426 -1.38582
      vertex -1.5 21.5646 1.43541
      vertex -1.5 21.5646 -1.43541
    endloop
  endfacet
  facet normal -1 0 0
    outer loop
      vertex -1.5 21.426 -1.38582
      vertex -1.5 21.426 1.38582
      vertex -1.5 21.5646 1.43541
    endloop
  endfacet
  facet normal -1 0 0
    outer loop
      vertex -1.5 21.2929 -1.32288
      vertex -1.5 21.426 1.38582
      vertex -1.5 21.426 -1.38582
    endloop
  endfacet
  facet normal -1 0 0
    outer loop
      vertex -1.5 21.2929 -1.32288
      vertex -1.5 21.2929 1.32288
      vertex -1.5 21.426 1.38582
    endloop
  endfacet
  facet normal -1 0 0
    outer loop
      vertex -1.5 21.1666 -1.2472
      vertex -1.5 21.2929 1.32288
      vertex -1.5 21.2929 -1.32288
    endloop
  endfacet
  facet normal -1 0 0
    outer loop
      vertex -1.5 21.1666 -1.2472
      vertex -1.5 21.1666 1.2472
      vertex -1.5 21.2929 1.32288
    endloop
  endfacet
  facet normal -1 0 0
    outer loop
      vertex -1.5 21.0484 -1.15952
      vertex -1.5 21.1666 1.2472
      vertex -1.5 21.1666 -1.2472
    endloop
  endfacet
  facet normal -1 0 0
    outer loop
      vertex -1.5 21.0484 -1.15952
      vertex -1.5 21.0484 1.15952
      vertex -1.5 21.1666 1.2472
    endloop
  endfacet
  facet normal -1 0 0
    outer loop
      vertex -1.5 20.9393 -1.06066
      vertex -1.5 21.0484 1.15952
      vertex -1.5 21.0484 -1.15952
    endloop
  endfacet
  facet normal -1 0 0
    outer loop
      vertex -1.5 20.9393 -1.06066
      vertex -1.5 20.9393 1.06066
      vertex -1.5 21.0484 1.15952
    endloop
  endfacet
  facet normal -1 0 0
    outer loop
      vertex -1.5 20.8405 -0.95159
      vertex -1.5 20.9393 1.06066
      vertex -1.5 20.9393 -1.06066
    endloop
  endfacet
  facet normal -1 0 0
    outer loop
      vertex -1.5 20.8405 -0.95159
      vertex -1.5 20.8405 0.95159
      vertex -1.5 20.9393 1.06066
    endloop
  endfacet
  facet normal -1 0 0
    outer loop
      vertex -1.5 20.7528 -0.833355
      vertex -1.5 20.8405 0.95159
      vertex -1.5 20.8405 -0.95159
    endloop
  endfacet
  facet normal -1 0 0
    outer loop
      vertex -1.5 20.7528 -0.833355
      vertex -1.5 20.7528 0.833355
      vertex -1.5 20.8405 0.95159
    endloop
  endfacet
  facet normal -1 0 0
    outer loop
      vertex -1.5 20.6771 -0.707094
      vertex -1.5 20.7528 0.833355
      vertex -1.5 20.7528 -0.833355
    endloop
  endfacet
  facet normal -1 0 0
    outer loop
      vertex -1.5 20.6771 -0.707094
      vertex -1.5 20.6771 0.707094
      vertex -1.5 20.7528 0.833355
    endloop
  endfacet
  facet normal -1 0 0
    outer loop
      vertex -1.5 20.6142 -0.574024
      vertex -1.5 20.6771 0.707094
      vertex -1.5 20.6771 -0.707094
    endloop
  endfacet
  facet normal -1 0 0
    outer loop
      vertex -1.5 20.6142 -0.574024
      vertex -1.5 20.6142 0.574024
      vertex -1.5 20.6771 0.707094
    endloop
  endfacet
  facet normal -1 0 0
    outer loop
      vertex -1.5 20.5646 -0.435427
      vertex -1.5 20.6142 0.574024
      vertex -1.5 20.6142 -0.574024
    endloop
  endfacet
  facet normal -1 0 0
    outer loop
      vertex -1.5 20.5646 -0.435427
      vertex -1.5 20.5646 0.435427
      vertex -1.5 20.6142 0.574024
    endloop
  endfacet
  facet normal -1 0 0
    outer loop
      vertex -1.5 20.5288 -0.292635
      vertex -1.5 20.5646 0.435427
      vertex -1.5 20.5646 -0.435427
    endloop
  endfacet
  facet normal -1 0 0
    outer loop
      vertex -1.5 20.5288 -0.292635
      vertex -1.5 20.5288 0.292635
      vertex -1.5 20.5646 0.435427
    endloop
  endfacet
  facet normal -1 0 0
    outer loop
      vertex -1.5 20.5072 -0.147025
      vertex -1.5 20.5288 0.292635
      vertex -1.5 20.5288 -0.292635
    endloop
  endfacet
  facet normal -1 0 0
    outer loop
      vertex -1.5 20.5072 -0.147025
      vertex -1.5 20.5072 0.147025
      vertex -1.5 20.5288 0.292635
    endloop
  endfacet
  facet normal -1 0 -0
    outer loop
      vertex -1.5 20.5072 0.147025
      vertex -1.5 20.5072 -0.147025
      vertex -1.5 20.5 0
    endloop
  endfacet
  facet normal -0.513996 0 -0.857792
    outer loop
      vertex -22.8334 -1.5 -1.2472
      vertex -22.7071 1.5 -1.32288
      vertex -22.7071 -1.5 -1.32288
    endloop
  endfacet
  facet normal -0.513996 0 -0.857792
    outer loop
      vertex -22.7071 1.5 -1.32288
      vertex -22.8334 -1.5 -1.2472
      vertex -22.8334 1.5 -1.2472
    endloop
  endfacet
  facet normal -0.857662 0 -0.514213
    outer loop
      vertex -23.2472 -1.5 -0.833355
      vertex -23.3229 1.5 -0.707094
      vertex -23.2472 1.5 -0.833355
    endloop
  endfacet
  facet normal -0.857662 -0 -0.514213
    outer loop
      vertex -23.3229 1.5 -0.707094
      vertex -23.2472 -1.5 -0.833355
      vertex -23.3229 -1.5 -0.707094
    endloop
  endfacet
  facet normal -0.336879 0 0.941548
    outer loop
      vertex -22.574 1.5 1.38582
      vertex -22.4354 -1.5 1.43541
      vertex -22.4354 1.5 1.43541
    endloop
  endfacet
  facet normal -0.336879 0 0.941548
    outer loop
      vertex -22.4354 -1.5 1.43541
      vertex -22.574 1.5 1.38582
      vertex -22.574 -1.5 1.38582
    endloop
  endfacet
  facet normal 0.427491 0 -0.90402
    outer loop
      vertex -21.426 -1.5 -1.38582
      vertex -21.2929 1.5 -1.32288
      vertex -21.2929 -1.5 -1.32288
    endloop
  endfacet
  facet normal 0.427491 0 -0.90402
    outer loop
      vertex -21.2929 1.5 -1.32288
      vertex -21.426 -1.5 -1.38582
      vertex -21.426 1.5 -1.38582
    endloop
  endfacet
  facet normal -0.941524 0 0.336945
    outer loop
      vertex -23.4354 -1.5 0.435427
      vertex -23.3858 1.5 0.574024
      vertex -23.4354 1.5 0.435427
    endloop
  endfacet
  facet normal -0.941524 0 0.336945
    outer loop
      vertex -23.3858 1.5 0.574024
      vertex -23.4354 -1.5 0.435427
      vertex -23.3858 -1.5 0.574024
    endloop
  endfacet
  facet normal 0.857662 -0 0.514213
    outer loop
      vertex -20.7528 -1.5 0.833355
      vertex -20.6771 1.5 0.707094
      vertex -20.7528 1.5 0.833355
    endloop
  endfacet
  facet normal 0.857662 0 0.514213
    outer loop
      vertex -20.6771 1.5 0.707094
      vertex -20.7528 -1.5 0.833355
      vertex -20.6771 -1.5 0.707094
    endloop
  endfacet
  facet normal -0.427491 0 0.90402
    outer loop
      vertex -22.7071 1.5 1.32288
      vertex -22.574 -1.5 1.38582
      vertex -22.574 1.5 1.38582
    endloop
  endfacet
  facet normal -0.427491 0 0.90402
    outer loop
      vertex -22.574 -1.5 1.38582
      vertex -22.7071 1.5 1.32288
      vertex -22.7071 -1.5 1.32288
    endloop
  endfacet
  facet normal 0 1 0
    outer loop
      vertex -21.853 1.5 1.49278
      vertex -22.147 1.5 1.49278
      vertex -22 1.5 1.5
    endloop
  endfacet
  facet normal 0 1 0
    outer loop
      vertex -21.7074 1.5 1.47118
      vertex -22.147 1.5 1.49278
      vertex -21.853 1.5 1.49278
    endloop
  endfacet
  facet normal 0 1 0
    outer loop
      vertex -21.7074 1.5 1.47118
      vertex -22.2926 1.5 1.47118
      vertex -22.147 1.5 1.49278
    endloop
  endfacet
  facet normal 0 1 0
    outer loop
      vertex -21.5646 1.5 1.43541
      vertex -22.2926 1.5 1.47118
      vertex -21.7074 1.5 1.47118
    endloop
  endfacet
  facet normal 0 1 0
    outer loop
      vertex -21.5646 1.5 1.43541
      vertex -22.4354 1.5 1.43541
      vertex -22.2926 1.5 1.47118
    endloop
  endfacet
  facet normal 0 1 0
    outer loop
      vertex -21.426 1.5 1.38582
      vertex -22.4354 1.5 1.43541
      vertex -21.5646 1.5 1.43541
    endloop
  endfacet
  facet normal 0 1 0
    outer loop
      vertex -21.426 1.5 1.38582
      vertex -22.574 1.5 1.38582
      vertex -22.4354 1.5 1.43541
    endloop
  endfacet
  facet normal 0 1 0
    outer loop
      vertex -21.2929 1.5 1.32288
      vertex -22.574 1.5 1.38582
      vertex -21.426 1.5 1.38582
    endloop
  endfacet
  facet normal 0 1 0
    outer loop
      vertex -21.2929 1.5 1.32288
      vertex -22.7071 1.5 1.32288
      vertex -22.574 1.5 1.38582
    endloop
  endfacet
  facet normal 0 1 0
    outer loop
      vertex -21.1666 1.5 1.2472
      vertex -22.7071 1.5 1.32288
      vertex -21.2929 1.5 1.32288
    endloop
  endfacet
  facet normal 0 1 0
    outer loop
      vertex -21.1666 1.5 1.2472
      vertex -22.8334 1.5 1.2472
      vertex -22.7071 1.5 1.32288
    endloop
  endfacet
  facet normal 0 1 0
    outer loop
      vertex -21.0484 1.5 1.15952
      vertex -22.8334 1.5 1.2472
      vertex -21.1666 1.5 1.2472
    endloop
  endfacet
  facet normal 0 1 0
    outer loop
      vertex -21.0484 1.5 1.15952
      vertex -22.9516 1.5 1.15952
      vertex -22.8334 1.5 1.2472
    endloop
  endfacet
  facet normal 0 1 0
    outer loop
      vertex -20.9393 1.5 1.06066
      vertex -22.9516 1.5 1.15952
      vertex -21.0484 1.5 1.15952
    endloop
  endfacet
  facet normal 0 1 0
    outer loop
      vertex -20.9393 1.5 1.06066
      vertex -23.0607 1.5 1.06066
      vertex -22.9516 1.5 1.15952
    endloop
  endfacet
  facet normal 0 1 0
    outer loop
      vertex -20.8405 1.5 0.95159
      vertex -23.0607 1.5 1.06066
      vertex -20.9393 1.5 1.06066
    endloop
  endfacet
  facet normal 0 1 0
    outer loop
      vertex -20.8405 1.5 0.95159
      vertex -23.1595 1.5 0.95159
      vertex -23.0607 1.5 1.06066
    endloop
  endfacet
  facet normal 0 1 0
    outer loop
      vertex -20.7528 1.5 0.833355
      vertex -23.1595 1.5 0.95159
      vertex -20.8405 1.5 0.95159
    endloop
  endfacet
  facet normal 0 1 0
    outer loop
      vertex -20.7528 1.5 0.833355
      vertex -23.2472 1.5 0.833355
      vertex -23.1595 1.5 0.95159
    endloop
  endfacet
  facet normal 0 1 0
    outer loop
      vertex -20.6771 1.5 0.707094
      vertex -23.2472 1.5 0.833355
      vertex -20.7528 1.5 0.833355
    endloop
  endfacet
  facet normal 0 1 0
    outer loop
      vertex -20.6771 1.5 0.707094
      vertex -23.3229 1.5 0.707094
      vertex -23.2472 1.5 0.833355
    endloop
  endfacet
  facet normal 0 1 0
    outer loop
      vertex -20.6142 1.5 0.574024
      vertex -23.3229 1.5 0.707094
      vertex -20.6771 1.5 0.707094
    endloop
  endfacet
  facet normal 0 1 0
    outer loop
      vertex -20.6142 1.5 0.574024
      vertex -23.3858 1.5 0.574024
      vertex -23.3229 1.5 0.707094
    endloop
  endfacet
  facet normal 0 1 0
    outer loop
      vertex -20.5646 1.5 0.435427
      vertex -23.3858 1.5 0.574024
      vertex -20.6142 1.5 0.574024
    endloop
  endfacet
  facet normal 0 1 0
    outer loop
      vertex -20.5646 1.5 0.435427
      vertex -23.4354 1.5 0.435427
      vertex -23.3858 1.5 0.574024
    endloop
  endfacet
  facet normal 0 1 0
    outer loop
      vertex -20.5288 1.5 0.292635
      vertex -23.4354 1.5 0.435427
      vertex -20.5646 1.5 0.435427
    endloop
  endfacet
  facet normal 0 1 0
    outer loop
      vertex -20.5288 1.5 0.292635
      vertex -23.4712 1.5 0.292635
      vertex -23.4354 1.5 0.435427
    endloop
  endfacet
  facet normal 0 1 0
    outer loop
      vertex -20.5072 1.5 0.147025
      vertex -23.4712 1.5 0.292635
      vertex -20.5288 1.5 0.292635
    endloop
  endfacet
  facet normal 0 1 0
    outer loop
      vertex -20.5072 1.5 0.147025
      vertex -23.4928 1.5 0.147025
      vertex -23.4712 1.5 0.292635
    endloop
  endfacet
  facet normal 0 1 0
    outer loop
      vertex -20.5 1.5 0
      vertex -23.4928 1.5 0.147025
      vertex -20.5072 1.5 0.147025
    endloop
  endfacet
  facet normal 0 1 0
    outer loop
      vertex -20.5 1.5 0
      vertex -23.5 1.5 0
      vertex -23.4928 1.5 0.147025
    endloop
  endfacet
  facet normal 0 1 -0
    outer loop
      vertex -20.5072 1.5 -0.147025
      vertex -23.5 1.5 0
      vertex -20.5 1.5 0
    endloop
  endfacet
  facet normal 0 1 0
    outer loop
      vertex -20.5072 1.5 -0.147025
      vertex -23.4928 1.5 -0.147025
      vertex -23.5 1.5 0
    endloop
  endfacet
  facet normal 0 1 -0
    outer loop
      vertex -20.5288 1.5 -0.292635
      vertex -23.4928 1.5 -0.147025
      vertex -20.5072 1.5 -0.147025
    endloop
  endfacet
  facet normal 0 1 0
    outer loop
      vertex -20.5288 1.5 -0.292635
      vertex -23.4712 1.5 -0.292635
      vertex -23.4928 1.5 -0.147025
    endloop
  endfacet
  facet normal 0 1 -0
    outer loop
      vertex -20.5646 1.5 -0.435427
      vertex -23.4712 1.5 -0.292635
      vertex -20.5288 1.5 -0.292635
    endloop
  endfacet
  facet normal 0 1 0
    outer loop
      vertex -20.5646 1.5 -0.435427
      vertex -23.4354 1.5 -0.435427
      vertex -23.4712 1.5 -0.292635
    endloop
  endfacet
  facet normal 0 1 -0
    outer loop
      vertex -20.6142 1.5 -0.574024
      vertex -23.4354 1.5 -0.435427
      vertex -20.5646 1.5 -0.435427
    endloop
  endfacet
  facet normal 0 1 0
    outer loop
      vertex -20.6142 1.5 -0.574024
      vertex -23.3858 1.5 -0.574024
      vertex -23.4354 1.5 -0.435427
    endloop
  endfacet
  facet normal 0 1 -0
    outer loop
      vertex -20.6771 1.5 -0.707094
      vertex -23.3858 1.5 -0.574024
      vertex -20.6142 1.5 -0.574024
    endloop
  endfacet
  facet normal 0 1 0
    outer loop
      vertex -20.6771 1.5 -0.707094
      vertex -23.3229 1.5 -0.707094
      vertex -23.3858 1.5 -0.574024
    endloop
  endfacet
  facet normal 0 1 -0
    outer loop
      vertex -20.7528 1.5 -0.833355
      vertex -23.3229 1.5 -0.707094
      vertex -20.6771 1.5 -0.707094
    endloop
  endfacet
  facet normal 0 1 0
    outer loop
      vertex -20.7528 1.5 -0.833355
      vertex -23.2472 1.5 -0.833355
      vertex -23.3229 1.5 -0.707094
    endloop
  endfacet
  facet normal 0 1 -0
    outer loop
      vertex -20.8405 1.5 -0.95159
      vertex -23.2472 1.5 -0.833355
      vertex -20.7528 1.5 -0.833355
    endloop
  endfacet
  facet normal 0 1 0
    outer loop
      vertex -20.8405 1.5 -0.95159
      vertex -23.1595 1.5 -0.95159
      vertex -23.2472 1.5 -0.833355
    endloop
  endfacet
  facet normal 0 1 -0
    outer loop
      vertex -20.9393 1.5 -1.06066
      vertex -23.1595 1.5 -0.95159
      vertex -20.8405 1.5 -0.95159
    endloop
  endfacet
  facet normal 0 1 0
    outer loop
      vertex -20.9393 1.5 -1.06066
      vertex -23.0607 1.5 -1.06066
      vertex -23.1595 1.5 -0.95159
    endloop
  endfacet
  facet normal 0 1 -0
    outer loop
      vertex -21.0484 1.5 -1.15952
      vertex -23.0607 1.5 -1.06066
      vertex -20.9393 1.5 -1.06066
    endloop
  endfacet
  facet normal 0 1 0
    outer loop
      vertex -21.0484 1.5 -1.15952
      vertex -22.9516 1.5 -1.15952
      vertex -23.0607 1.5 -1.06066
    endloop
  endfacet
  facet normal 0 1 -0
    outer loop
      vertex -21.1666 1.5 -1.2472
      vertex -22.9516 1.5 -1.15952
      vertex -21.0484 1.5 -1.15952
    endloop
  endfacet
  facet normal 0 1 0
    outer loop
      vertex -21.1666 1.5 -1.2472
      vertex -22.8334 1.5 -1.2472
      vertex -22.9516 1.5 -1.15952
    endloop
  endfacet
  facet normal 0 1 -0
    outer loop
      vertex -21.2929 1.5 -1.32288
      vertex -22.8334 1.5 -1.2472
      vertex -21.1666 1.5 -1.2472
    endloop
  endfacet
  facet normal 0 1 0
    outer loop
      vertex -21.2929 1.5 -1.32288
      vertex -22.7071 1.5 -1.32288
      vertex -22.8334 1.5 -1.2472
    endloop
  endfacet
  facet normal 0 1 -0
    outer loop
      vertex -21.426 1.5 -1.38582
      vertex -22.7071 1.5 -1.32288
      vertex -21.2929 1.5 -1.32288
    endloop
  endfacet
  facet normal 0 1 0
    outer loop
      vertex -21.426 1.5 -1.38582
      vertex -22.574 1.5 -1.38582
      vertex -22.7071 1.5 -1.32288
    endloop
  endfacet
  facet normal 0 1 -0
    outer loop
      vertex -21.5646 1.5 -1.43541
      vertex -22.574 1.5 -1.38582
      vertex -21.426 1.5 -1.38582
    endloop
  endfacet
  facet normal 0 1 0
    outer loop
      vertex -21.5646 1.5 -1.43541
      vertex -22.4354 1.5 -1.43541
      vertex -22.574 1.5 -1.38582
    endloop
  endfacet
  facet normal 0 1 -0
    outer loop
      vertex -21.7074 1.5 -1.47118
      vertex -22.4354 1.5 -1.43541
      vertex -21.5646 1.5 -1.43541
    endloop
  endfacet
  facet normal 0 1 0
    outer loop
      vertex -21.7074 1.5 -1.47118
      vertex -22.2926 1.5 -1.47118
      vertex -22.4354 1.5 -1.43541
    endloop
  endfacet
  facet normal 0 1 -0
    outer loop
      vertex -21.853 1.5 -1.49278
      vertex -22.2926 1.5 -1.47118
      vertex -21.7074 1.5 -1.47118
    endloop
  endfacet
  facet normal 0 1 0
    outer loop
      vertex -21.853 1.5 -1.49278
      vertex -22.147 1.5 -1.49278
      vertex -22.2926 1.5 -1.47118
    endloop
  endfacet
  facet normal -0 1 0
    outer loop
      vertex -22.147 1.5 -1.49278
      vertex -21.853 1.5 -1.49278
      vertex -22 1.5 -1.5
    endloop
  endfacet
  facet normal 0.857662 0 -0.514213
    outer loop
      vertex -20.6771 -1.5 -0.707094
      vertex -20.7528 1.5 -0.833355
      vertex -20.6771 1.5 -0.707094
    endloop
  endfacet
  facet normal 0.857662 0 -0.514213
    outer loop
      vertex -20.7528 1.5 -0.833355
      vertex -20.6771 -1.5 -0.707094
      vertex -20.7528 -1.5 -0.833355
    endloop
  endfacet
  facet normal 0.595773 0 0.803153
    outer loop
      vertex -21.1666 1.5 1.2472
      vertex -21.0484 -1.5 1.15952
      vertex -21.0484 1.5 1.15952
    endloop
  endfacet
  facet normal 0.595773 0 0.803153
    outer loop
      vertex -21.0484 -1.5 1.15952
      vertex -21.1666 1.5 1.2472
      vertex -21.1666 -1.5 1.2472
    endloop
  endfacet
  facet normal 0.336879 0 0.941548
    outer loop
      vertex -21.5646 1.5 1.43541
      vertex -21.426 -1.5 1.38582
      vertex -21.426 1.5 1.38582
    endloop
  endfacet
  facet normal 0.336879 0 0.941548
    outer loop
      vertex -21.426 -1.5 1.38582
      vertex -21.5646 1.5 1.43541
      vertex -21.5646 -1.5 1.43541
    endloop
  endfacet
  facet normal -0.671475 0 0.741027
    outer loop
      vertex -23.0607 1.5 1.06066
      vertex -22.9516 -1.5 1.15952
      vertex -22.9516 1.5 1.15952
    endloop
  endfacet
  facet normal -0.671475 0 0.741027
    outer loop
      vertex -22.9516 -1.5 1.15952
      vertex -23.0607 1.5 1.06066
      vertex -23.0607 -1.5 1.06066
    endloop
  endfacet
  facet normal -0.741138 0 -0.671353
    outer loop
      vertex -23.0607 -1.5 -1.06066
      vertex -23.1595 1.5 -0.95159
      vertex -23.0607 1.5 -1.06066
    endloop
  endfacet
  facet normal -0.741138 -0 -0.671353
    outer loop
      vertex -23.1595 1.5 -0.95159
      vertex -23.0607 -1.5 -1.06066
      vertex -23.1595 -1.5 -0.95159
    endloop
  endfacet
  facet normal -0.857662 0 0.514213
    outer loop
      vertex -23.3229 -1.5 0.707094
      vertex -23.2472 1.5 0.833355
      vertex -23.3229 1.5 0.707094
    endloop
  endfacet
  facet normal -0.857662 0 0.514213
    outer loop
      vertex -23.2472 1.5 0.833355
      vertex -23.3229 -1.5 0.707094
      vertex -23.2472 -1.5 0.833355
    endloop
  endfacet
  facet normal -0.998803 0 0.0489126
    outer loop
      vertex -23.5 -1.5 0
      vertex -23.4928 1.5 0.147025
      vertex -23.5 1.5 0
    endloop
  endfacet
  facet normal -0.998803 0 0.0489126
    outer loop
      vertex -23.4928 1.5 0.147025
      vertex -23.5 -1.5 0
      vertex -23.4928 -1.5 0.147025
    endloop
  endfacet
  facet normal -0.989176 0 -0.146736
    outer loop
      vertex -23.4712 -1.5 -0.292635
      vertex -23.4928 1.5 -0.147025
      vertex -23.4712 1.5 -0.292635
    endloop
  endfacet
  facet normal -0.989176 -0 -0.146736
    outer loop
      vertex -23.4928 1.5 -0.147025
      vertex -23.4712 -1.5 -0.292635
      vertex -23.4928 -1.5 -0.147025
    endloop
  endfacet
  facet normal -0.989176 0 0.146736
    outer loop
      vertex -23.4928 -1.5 0.147025
      vertex -23.4712 1.5 0.292635
      vertex -23.4928 1.5 0.147025
    endloop
  endfacet
  facet normal -0.989176 0 0.146736
    outer loop
      vertex -23.4712 1.5 0.292635
      vertex -23.4928 -1.5 0.147025
      vertex -23.4712 -1.5 0.292635
    endloop
  endfacet
  facet normal 0.146746 0 0.989174
    outer loop
      vertex -21.853 1.5 1.49278
      vertex -21.7074 -1.5 1.47118
      vertex -21.7074 1.5 1.47118
    endloop
  endfacet
  facet normal 0.146746 0 0.989174
    outer loop
      vertex -21.7074 -1.5 1.47118
      vertex -21.853 1.5 1.49278
      vertex -21.853 -1.5 1.49278
    endloop
  endfacet
  facet normal -0.904088 0 -0.427347
    outer loop
      vertex -23.3229 -1.5 -0.707094
      vertex -23.3858 1.5 -0.574024
      vertex -23.3229 1.5 -0.707094
    endloop
  endfacet
  facet normal -0.904088 -0 -0.427347
    outer loop
      vertex -23.3858 1.5 -0.574024
      vertex -23.3229 -1.5 -0.707094
      vertex -23.3858 -1.5 -0.574024
    endloop
  endfacet
  facet normal 0.242983 0 -0.970031
    outer loop
      vertex -21.7074 -1.5 -1.47118
      vertex -21.5646 1.5 -1.43541
      vertex -21.5646 -1.5 -1.43541
    endloop
  endfacet
  facet normal 0.242983 0 -0.970031
    outer loop
      vertex -21.5646 1.5 -1.43541
      vertex -21.7074 -1.5 -1.47118
      vertex -21.7074 1.5 -1.47118
    endloop
  endfacet
  facet normal -0.998803 0 -0.0489126
    outer loop
      vertex -23.4928 -1.5 -0.147025
      vertex -23.5 1.5 0
      vertex -23.4928 1.5 -0.147025
    endloop
  endfacet
  facet normal -0.998803 -0 -0.0489126
    outer loop
      vertex -23.5 1.5 0
      vertex -23.4928 -1.5 -0.147025
      vertex -23.5 -1.5 0
    endloop
  endfacet
  facet normal -0.513996 0 0.857792
    outer loop
      vertex -22.8334 1.5 1.2472
      vertex -22.7071 -1.5 1.32288
      vertex -22.7071 1.5 1.32288
    endloop
  endfacet
  facet normal -0.513996 0 0.857792
    outer loop
      vertex -22.7071 -1.5 1.32288
      vertex -22.8334 1.5 1.2472
      vertex -22.8334 -1.5 1.2472
    endloop
  endfacet
  facet normal 0.941524 -0 0.336945
    outer loop
      vertex -20.6142 -1.5 0.574024
      vertex -20.5646 1.5 0.435427
      vertex -20.6142 1.5 0.574024
    endloop
  endfacet
  facet normal 0.941524 0 0.336945
    outer loop
      vertex -20.5646 1.5 0.435427
      vertex -20.6142 -1.5 0.574024
      vertex -20.5646 -1.5 0.435427
    endloop
  endfacet
  facet normal -0.969979 0 0.243188
    outer loop
      vertex -23.4712 -1.5 0.292635
      vertex -23.4354 1.5 0.435427
      vertex -23.4712 1.5 0.292635
    endloop
  endfacet
  facet normal -0.969979 0 0.243188
    outer loop
      vertex -23.4354 1.5 0.435427
      vertex -23.4712 -1.5 0.292635
      vertex -23.4354 -1.5 0.435427
    endloop
  endfacet
  facet normal 0.941524 0 -0.336945
    outer loop
      vertex -20.5646 -1.5 -0.435427
      vertex -20.6142 1.5 -0.574024
      vertex -20.5646 1.5 -0.435427
    endloop
  endfacet
  facet normal 0.941524 0 -0.336945
    outer loop
      vertex -20.6142 1.5 -0.574024
      vertex -20.5646 -1.5 -0.435427
      vertex -20.6142 -1.5 -0.574024
    endloop
  endfacet
  facet normal -0.146746 0 0.989174
    outer loop
      vertex -22.2926 1.5 1.47118
      vertex -22.147 -1.5 1.49278
      vertex -22.147 1.5 1.49278
    endloop
  endfacet
  facet normal -0.146746 0 0.989174
    outer loop
      vertex -22.147 -1.5 1.49278
      vertex -22.2926 1.5 1.47118
      vertex -22.2926 -1.5 1.47118
    endloop
  endfacet
  facet normal 0.671475 0 -0.741027
    outer loop
      vertex -21.0484 -1.5 -1.15952
      vertex -20.9393 1.5 -1.06066
      vertex -20.9393 -1.5 -1.06066
    endloop
  endfacet
  facet normal 0.671475 0 -0.741027
    outer loop
      vertex -20.9393 1.5 -1.06066
      vertex -21.0484 -1.5 -1.15952
      vertex -21.0484 1.5 -1.15952
    endloop
  endfacet
  facet normal -0.146746 0 -0.989174
    outer loop
      vertex -22.2926 -1.5 -1.47118
      vertex -22.147 1.5 -1.49278
      vertex -22.147 -1.5 -1.49278
    endloop
  endfacet
  facet normal -0.146746 0 -0.989174
    outer loop
      vertex -22.147 1.5 -1.49278
      vertex -22.2926 -1.5 -1.47118
      vertex -22.2926 1.5 -1.47118
    endloop
  endfacet
  facet normal -0.336879 0 -0.941548
    outer loop
      vertex -22.574 -1.5 -1.38582
      vertex -22.4354 1.5 -1.43541
      vertex -22.4354 -1.5 -1.43541
    endloop
  endfacet
  facet normal -0.336879 0 -0.941548
    outer loop
      vertex -22.4354 1.5 -1.43541
      vertex -22.574 -1.5 -1.38582
      vertex -22.574 1.5 -1.38582
    endloop
  endfacet
  facet normal -0.242983 0 -0.970031
    outer loop
      vertex -22.4354 -1.5 -1.43541
      vertex -22.2926 1.5 -1.47118
      vertex -22.2926 -1.5 -1.47118
    endloop
  endfacet
  facet normal -0.242983 0 -0.970031
    outer loop
      vertex -22.2926 1.5 -1.47118
      vertex -22.4354 -1.5 -1.43541
      vertex -22.4354 1.5 -1.43541
    endloop
  endfacet
  facet normal 0.969979 0 -0.243188
    outer loop
      vertex -20.5288 -1.5 -0.292635
      vertex -20.5646 1.5 -0.435427
      vertex -20.5288 1.5 -0.292635
    endloop
  endfacet
  facet normal 0.969979 0 -0.243188
    outer loop
      vertex -20.5646 1.5 -0.435427
      vertex -20.5288 -1.5 -0.292635
      vertex -20.5646 -1.5 -0.435427
    endloop
  endfacet
  facet normal 0.969979 -0 0.243188
    outer loop
      vertex -20.5646 -1.5 0.435427
      vertex -20.5288 1.5 0.292635
      vertex -20.5646 1.5 0.435427
    endloop
  endfacet
  facet normal 0.969979 0 0.243188
    outer loop
      vertex -20.5288 1.5 0.292635
      vertex -20.5646 -1.5 0.435427
      vertex -20.5288 -1.5 0.292635
    endloop
  endfacet
  facet normal 0.904088 0 -0.427347
    outer loop
      vertex -20.6142 -1.5 -0.574024
      vertex -20.6771 1.5 -0.707094
      vertex -20.6142 1.5 -0.574024
    endloop
  endfacet
  facet normal 0.904088 0 -0.427347
    outer loop
      vertex -20.6771 1.5 -0.707094
      vertex -20.6142 -1.5 -0.574024
      vertex -20.6771 -1.5 -0.707094
    endloop
  endfacet
  facet normal -0.969979 0 -0.243188
    outer loop
      vertex -23.4354 -1.5 -0.435427
      vertex -23.4712 1.5 -0.292635
      vertex -23.4354 1.5 -0.435427
    endloop
  endfacet
  facet normal -0.969979 -0 -0.243188
    outer loop
      vertex -23.4712 1.5 -0.292635
      vertex -23.4354 -1.5 -0.435427
      vertex -23.4712 -1.5 -0.292635
    endloop
  endfacet
  facet normal 0.998803 -0 0.0489126
    outer loop
      vertex -20.5072 -1.5 0.147025
      vertex -20.5 1.5 0
      vertex -20.5072 1.5 0.147025
    endloop
  endfacet
  facet normal 0.998803 0 0.0489126
    outer loop
      vertex -20.5 1.5 0
      vertex -20.5072 -1.5 0.147025
      vertex -20.5 -1.5 0
    endloop
  endfacet
  facet normal -0.0490565 0 0.998796
    outer loop
      vertex -22.147 1.5 1.49278
      vertex -22 -1.5 1.5
      vertex -22 1.5 1.5
    endloop
  endfacet
  facet normal -0.0490565 0 0.998796
    outer loop
      vertex -22 -1.5 1.5
      vertex -22.147 1.5 1.49278
      vertex -22.147 -1.5 1.49278
    endloop
  endfacet
  facet normal 0.989176 -0 0.146736
    outer loop
      vertex -20.5288 -1.5 0.292635
      vertex -20.5072 1.5 0.147025
      vertex -20.5288 1.5 0.292635
    endloop
  endfacet
  facet normal 0.989176 0 0.146736
    outer loop
      vertex -20.5072 1.5 0.147025
      vertex -20.5288 -1.5 0.292635
      vertex -20.5072 -1.5 0.147025
    endloop
  endfacet
  facet normal -0.595773 0 0.803153
    outer loop
      vertex -22.9516 1.5 1.15952
      vertex -22.8334 -1.5 1.2472
      vertex -22.8334 1.5 1.2472
    endloop
  endfacet
  facet normal -0.595773 0 0.803153
    outer loop
      vertex -22.8334 -1.5 1.2472
      vertex -22.9516 1.5 1.15952
      vertex -22.9516 -1.5 1.15952
    endloop
  endfacet
  facet normal 0 -1 0
    outer loop
      vertex -22.147 -1.5 1.49278
      vertex -21.853 -1.5 1.49278
      vertex -22 -1.5 1.5
    endloop
  endfacet
  facet normal 0 -1 0
    outer loop
      vertex -22.2926 -1.5 1.47118
      vertex -21.853 -1.5 1.49278
      vertex -22.147 -1.5 1.49278
    endloop
  endfacet
  facet normal 0 -1 0
    outer loop
      vertex -22.2926 -1.5 1.47118
      vertex -21.7074 -1.5 1.47118
      vertex -21.853 -1.5 1.49278
    endloop
  endfacet
  facet normal 0 -1 0
    outer loop
      vertex -22.4354 -1.5 1.43541
      vertex -21.7074 -1.5 1.47118
      vertex -22.2926 -1.5 1.47118
    endloop
  endfacet
  facet normal 0 -1 0
    outer loop
      vertex -22.4354 -1.5 1.43541
      vertex -21.5646 -1.5 1.43541
      vertex -21.7074 -1.5 1.47118
    endloop
  endfacet
  facet normal 0 -1 0
    outer loop
      vertex -22.574 -1.5 1.38582
      vertex -21.5646 -1.5 1.43541
      vertex -22.4354 -1.5 1.43541
    endloop
  endfacet
  facet normal 0 -1 0
    outer loop
      vertex -22.574 -1.5 1.38582
      vertex -21.426 -1.5 1.38582
      vertex -21.5646 -1.5 1.43541
    endloop
  endfacet
  facet normal 0 -1 0
    outer loop
      vertex -22.7071 -1.5 1.32288
      vertex -21.426 -1.5 1.38582
      vertex -22.574 -1.5 1.38582
    endloop
  endfacet
  facet normal 0 -1 0
    outer loop
      vertex -22.7071 -1.5 1.32288
      vertex -21.2929 -1.5 1.32288
      vertex -21.426 -1.5 1.38582
    endloop
  endfacet
  facet normal 0 -1 0
    outer loop
      vertex -22.8334 -1.5 1.2472
      vertex -21.2929 -1.5 1.32288
      vertex -22.7071 -1.5 1.32288
    endloop
  endfacet
  facet normal 0 -1 0
    outer loop
      vertex -22.8334 -1.5 1.2472
      vertex -21.1666 -1.5 1.2472
      vertex -21.2929 -1.5 1.32288
    endloop
  endfacet
  facet normal 0 -1 0
    outer loop
      vertex -22.9516 -1.5 1.15952
      vertex -21.1666 -1.5 1.2472
      vertex -22.8334 -1.5 1.2472
    endloop
  endfacet
  facet normal 0 -1 0
    outer loop
      vertex -22.9516 -1.5 1.15952
      vertex -21.0484 -1.5 1.15952
      vertex -21.1666 -1.5 1.2472
    endloop
  endfacet
  facet normal 0 -1 0
    outer loop
      vertex -23.0607 -1.5 1.06066
      vertex -21.0484 -1.5 1.15952
      vertex -22.9516 -1.5 1.15952
    endloop
  endfacet
  facet normal 0 -1 0
    outer loop
      vertex -23.0607 -1.5 1.06066
      vertex -20.9393 -1.5 1.06066
      vertex -21.0484 -1.5 1.15952
    endloop
  endfacet
  facet normal 0 -1 0
    outer loop
      vertex -23.1595 -1.5 0.95159
      vertex -20.9393 -1.5 1.06066
      vertex -23.0607 -1.5 1.06066
    endloop
  endfacet
  facet normal 0 -1 0
    outer loop
      vertex -23.1595 -1.5 0.95159
      vertex -20.8405 -1.5 0.95159
      vertex -20.9393 -1.5 1.06066
    endloop
  endfacet
  facet normal 0 -1 0
    outer loop
      vertex -23.2472 -1.5 0.833355
      vertex -20.8405 -1.5 0.95159
      vertex -23.1595 -1.5 0.95159
    endloop
  endfacet
  facet normal 0 -1 0
    outer loop
      vertex -23.2472 -1.5 0.833355
      vertex -20.7528 -1.5 0.833355
      vertex -20.8405 -1.5 0.95159
    endloop
  endfacet
  facet normal 0 -1 0
    outer loop
      vertex -23.3229 -1.5 0.707094
      vertex -20.7528 -1.5 0.833355
      vertex -23.2472 -1.5 0.833355
    endloop
  endfacet
  facet normal 0 -1 0
    outer loop
      vertex -23.3229 -1.5 0.707094
      vertex -20.6771 -1.5 0.707094
      vertex -20.7528 -1.5 0.833355
    endloop
  endfacet
  facet normal 0 -1 0
    outer loop
      vertex -23.3858 -1.5 0.574024
      vertex -20.6771 -1.5 0.707094
      vertex -23.3229 -1.5 0.707094
    endloop
  endfacet
  facet normal 0 -1 0
    outer loop
      vertex -23.3858 -1.5 0.574024
      vertex -20.6142 -1.5 0.574024
      vertex -20.6771 -1.5 0.707094
    endloop
  endfacet
  facet normal 0 -1 0
    outer loop
      vertex -23.4354 -1.5 0.435427
      vertex -20.6142 -1.5 0.574024
      vertex -23.3858 -1.5 0.574024
    endloop
  endfacet
  facet normal 0 -1 0
    outer loop
      vertex -23.4354 -1.5 0.435427
      vertex -20.5646 -1.5 0.435427
      vertex -20.6142 -1.5 0.574024
    endloop
  endfacet
  facet normal 0 -1 0
    outer loop
      vertex -23.4712 -1.5 0.292635
      vertex -20.5646 -1.5 0.435427
      vertex -23.4354 -1.5 0.435427
    endloop
  endfacet
  facet normal 0 -1 0
    outer loop
      vertex -23.4712 -1.5 0.292635
      vertex -20.5288 -1.5 0.292635
      vertex -20.5646 -1.5 0.435427
    endloop
  endfacet
  facet normal 0 -1 0
    outer loop
      vertex -23.4928 -1.5 0.147025
      vertex -20.5288 -1.5 0.292635
      vertex -23.4712 -1.5 0.292635
    endloop
  endfacet
  facet normal 0 -1 0
    outer loop
      vertex -23.4928 -1.5 0.147025
      vertex -20.5072 -1.5 0.147025
      vertex -20.5288 -1.5 0.292635
    endloop
  endfacet
  facet normal 0 -1 0
    outer loop
      vertex -23.5 -1.5 0
      vertex -20.5072 -1.5 0.147025
      vertex -23.4928 -1.5 0.147025
    endloop
  endfacet
  facet normal 0 -1 0
    outer loop
      vertex -23.5 -1.5 0
      vertex -20.5 -1.5 0
      vertex -20.5072 -1.5 0.147025
    endloop
  endfacet
  facet normal 0 -1 0
    outer loop
      vertex -23.4928 -1.5 -0.147025
      vertex -20.5 -1.5 0
      vertex -23.5 -1.5 0
    endloop
  endfacet
  facet normal 0 -1 0
    outer loop
      vertex -23.4928 -1.5 -0.147025
      vertex -20.5072 -1.5 -0.147025
      vertex -20.5 -1.5 0
    endloop
  endfacet
  facet normal 0 -1 0
    outer loop
      vertex -23.4712 -1.5 -0.292635
      vertex -20.5072 -1.5 -0.147025
      vertex -23.4928 -1.5 -0.147025
    endloop
  endfacet
  facet normal 0 -1 0
    outer loop
      vertex -23.4712 -1.5 -0.292635
      vertex -20.5288 -1.5 -0.292635
      vertex -20.5072 -1.5 -0.147025
    endloop
  endfacet
  facet normal 0 -1 0
    outer loop
      vertex -23.4354 -1.5 -0.435427
      vertex -20.5288 -1.5 -0.292635
      vertex -23.4712 -1.5 -0.292635
    endloop
  endfacet
  facet normal 0 -1 0
    outer loop
      vertex -23.4354 -1.5 -0.435427
      vertex -20.5646 -1.5 -0.435427
      vertex -20.5288 -1.5 -0.292635
    endloop
  endfacet
  facet normal 0 -1 0
    outer loop
      vertex -23.3858 -1.5 -0.574024
      vertex -20.5646 -1.5 -0.435427
      vertex -23.4354 -1.5 -0.435427
    endloop
  endfacet
  facet normal 0 -1 0
    outer loop
      vertex -23.3858 -1.5 -0.574024
      vertex -20.6142 -1.5 -0.574024
      vertex -20.5646 -1.5 -0.435427
    endloop
  endfacet
  facet normal 0 -1 0
    outer loop
      vertex -23.3229 -1.5 -0.707094
      vertex -20.6142 -1.5 -0.574024
      vertex -23.3858 -1.5 -0.574024
    endloop
  endfacet
  facet normal 0 -1 0
    outer loop
      vertex -23.3229 -1.5 -0.707094
      vertex -20.6771 -1.5 -0.707094
      vertex -20.6142 -1.5 -0.574024
    endloop
  endfacet
  facet normal 0 -1 0
    outer loop
      vertex -23.2472 -1.5 -0.833355
      vertex -20.6771 -1.5 -0.707094
      vertex -23.3229 -1.5 -0.707094
    endloop
  endfacet
  facet normal 0 -1 0
    outer loop
      vertex -23.2472 -1.5 -0.833355
      vertex -20.7528 -1.5 -0.833355
      vertex -20.6771 -1.5 -0.707094
    endloop
  endfacet
  facet normal 0 -1 0
    outer loop
      vertex -23.1595 -1.5 -0.95159
      vertex -20.7528 -1.5 -0.833355
      vertex -23.2472 -1.5 -0.833355
    endloop
  endfacet
  facet normal 0 -1 0
    outer loop
      vertex -23.1595 -1.5 -0.95159
      vertex -20.8405 -1.5 -0.95159
      vertex -20.7528 -1.5 -0.833355
    endloop
  endfacet
  facet normal 0 -1 0
    outer loop
      vertex -23.0607 -1.5 -1.06066
      vertex -20.8405 -1.5 -0.95159
      vertex -23.1595 -1.5 -0.95159
    endloop
  endfacet
  facet normal 0 -1 0
    outer loop
      vertex -23.0607 -1.5 -1.06066
      vertex -20.9393 -1.5 -1.06066
      vertex -20.8405 -1.5 -0.95159
    endloop
  endfacet
  facet normal 0 -1 0
    outer loop
      vertex -22.9516 -1.5 -1.15952
      vertex -20.9393 -1.5 -1.06066
      vertex -23.0607 -1.5 -1.06066
    endloop
  endfacet
  facet normal 0 -1 0
    outer loop
      vertex -22.9516 -1.5 -1.15952
      vertex -21.0484 -1.5 -1.15952
      vertex -20.9393 -1.5 -1.06066
    endloop
  endfacet
  facet normal 0 -1 0
    outer loop
      vertex -22.8334 -1.5 -1.2472
      vertex -21.0484 -1.5 -1.15952
      vertex -22.9516 -1.5 -1.15952
    endloop
  endfacet
  facet normal 0 -1 0
    outer loop
      vertex -22.8334 -1.5 -1.2472
      vertex -21.1666 -1.5 -1.2472
      vertex -21.0484 -1.5 -1.15952
    endloop
  endfacet
  facet normal 0 -1 0
    outer loop
      vertex -22.7071 -1.5 -1.32288
      vertex -21.1666 -1.5 -1.2472
      vertex -22.8334 -1.5 -1.2472
    endloop
  endfacet
  facet normal 0 -1 0
    outer loop
      vertex -22.7071 -1.5 -1.32288
      vertex -21.2929 -1.5 -1.32288
      vertex -21.1666 -1.5 -1.2472
    endloop
  endfacet
  facet normal 0 -1 0
    outer loop
      vertex -22.574 -1.5 -1.38582
      vertex -21.2929 -1.5 -1.32288
      vertex -22.7071 -1.5 -1.32288
    endloop
  endfacet
  facet normal 0 -1 0
    outer loop
      vertex -22.574 -1.5 -1.38582
      vertex -21.426 -1.5 -1.38582
      vertex -21.2929 -1.5 -1.32288
    endloop
  endfacet
  facet normal 0 -1 0
    outer loop
      vertex -22.4354 -1.5 -1.43541
      vertex -21.426 -1.5 -1.38582
      vertex -22.574 -1.5 -1.38582
    endloop
  endfacet
  facet normal 0 -1 0
    outer loop
      vertex -22.4354 -1.5 -1.43541
      vertex -21.5646 -1.5 -1.43541
      vertex -21.426 -1.5 -1.38582
    endloop
  endfacet
  facet normal 0 -1 0
    outer loop
      vertex -22.2926 -1.5 -1.47118
      vertex -21.5646 -1.5 -1.43541
      vertex -22.4354 -1.5 -1.43541
    endloop
  endfacet
  facet normal 0 -1 0
    outer loop
      vertex -22.2926 -1.5 -1.47118
      vertex -21.7074 -1.5 -1.47118
      vertex -21.5646 -1.5 -1.43541
    endloop
  endfacet
  facet normal 0 -1 0
    outer loop
      vertex -22.147 -1.5 -1.49278
      vertex -21.7074 -1.5 -1.47118
      vertex -22.2926 -1.5 -1.47118
    endloop
  endfacet
  facet normal 0 -1 0
    outer loop
      vertex -22.147 -1.5 -1.49278
      vertex -21.853 -1.5 -1.49278
      vertex -21.7074 -1.5 -1.47118
    endloop
  endfacet
  facet normal -0 -1 0
    outer loop
      vertex -21.853 -1.5 -1.49278
      vertex -22.147 -1.5 -1.49278
      vertex -22 -1.5 -1.5
    endloop
  endfacet
  facet normal -0.803172 0 0.595747
    outer loop
      vertex -23.2472 -1.5 0.833355
      vertex -23.1595 1.5 0.95159
      vertex -23.2472 1.5 0.833355
    endloop
  endfacet
  facet normal -0.803172 0 0.595747
    outer loop
      vertex -23.1595 1.5 0.95159
      vertex -23.2472 -1.5 0.833355
      vertex -23.1595 -1.5 0.95159
    endloop
  endfacet
  facet normal -0.427491 0 -0.90402
    outer loop
      vertex -22.7071 -1.5 -1.32288
      vertex -22.574 1.5 -1.38582
      vertex -22.574 -1.5 -1.38582
    endloop
  endfacet
  facet normal -0.427491 0 -0.90402
    outer loop
      vertex -22.574 1.5 -1.38582
      vertex -22.7071 -1.5 -1.32288
      vertex -22.7071 1.5 -1.32288
    endloop
  endfacet
  facet normal -0.904088 0 0.427347
    outer loop
      vertex -23.3858 -1.5 0.574024
      vertex -23.3229 1.5 0.707094
      vertex -23.3858 1.5 0.574024
    endloop
  endfacet
  facet normal -0.904088 0 0.427347
    outer loop
      vertex -23.3229 1.5 0.707094
      vertex -23.3858 -1.5 0.574024
      vertex -23.3229 -1.5 0.707094
    endloop
  endfacet
  facet normal 0.741138 -0 0.671353
    outer loop
      vertex -20.9393 -1.5 1.06066
      vertex -20.8405 1.5 0.95159
      vertex -20.9393 1.5 1.06066
    endloop
  endfacet
  facet normal 0.741138 0 0.671353
    outer loop
      vertex -20.8405 1.5 0.95159
      vertex -20.9393 -1.5 1.06066
      vertex -20.8405 -1.5 0.95159
    endloop
  endfacet
  facet normal 0.671475 0 0.741027
    outer loop
      vertex -21.0484 1.5 1.15952
      vertex -20.9393 -1.5 1.06066
      vertex -20.9393 1.5 1.06066
    endloop
  endfacet
  facet normal 0.671475 0 0.741027
    outer loop
      vertex -20.9393 -1.5 1.06066
      vertex -21.0484 1.5 1.15952
      vertex -21.0484 -1.5 1.15952
    endloop
  endfacet
  facet normal -0.741138 0 0.671353
    outer loop
      vertex -23.1595 -1.5 0.95159
      vertex -23.0607 1.5 1.06066
      vertex -23.1595 1.5 0.95159
    endloop
  endfacet
  facet normal -0.741138 0 0.671353
    outer loop
      vertex -23.0607 1.5 1.06066
      vertex -23.1595 -1.5 0.95159
      vertex -23.0607 -1.5 1.06066
    endloop
  endfacet
  facet normal 0.741138 0 -0.671353
    outer loop
      vertex -20.8405 -1.5 -0.95159
      vertex -20.9393 1.5 -1.06066
      vertex -20.8405 1.5 -0.95159
    endloop
  endfacet
  facet normal 0.741138 0 -0.671353
    outer loop
      vertex -20.9393 1.5 -1.06066
      vertex -20.8405 -1.5 -0.95159
      vertex -20.9393 -1.5 -1.06066
    endloop
  endfacet
  facet normal -0.803172 0 -0.595747
    outer loop
      vertex -23.1595 -1.5 -0.95159
      vertex -23.2472 1.5 -0.833355
      vertex -23.1595 1.5 -0.95159
    endloop
  endfacet
  facet normal -0.803172 -0 -0.595747
    outer loop
      vertex -23.2472 1.5 -0.833355
      vertex -23.1595 -1.5 -0.95159
      vertex -23.2472 -1.5 -0.833355
    endloop
  endfacet
  facet normal 0.904088 -0 0.427347
    outer loop
      vertex -20.6771 -1.5 0.707094
      vertex -20.6142 1.5 0.574024
      vertex -20.6771 1.5 0.707094
    endloop
  endfacet
  facet normal 0.904088 0 0.427347
    outer loop
      vertex -20.6142 1.5 0.574024
      vertex -20.6771 -1.5 0.707094
      vertex -20.6142 -1.5 0.574024
    endloop
  endfacet
  facet normal -0.0490565 0 -0.998796
    outer loop
      vertex -22.147 -1.5 -1.49278
      vertex -22 1.5 -1.5
      vertex -22 -1.5 -1.5
    endloop
  endfacet
  facet normal -0.0490565 0 -0.998796
    outer loop
      vertex -22 1.5 -1.5
      vertex -22.147 -1.5 -1.49278
      vertex -22.147 1.5 -1.49278
    endloop
  endfacet
  facet normal 0.242983 0 0.970031
    outer loop
      vertex -21.7074 1.5 1.47118
      vertex -21.5646 -1.5 1.43541
      vertex -21.5646 1.5 1.43541
    endloop
  endfacet
  facet normal 0.242983 0 0.970031
    outer loop
      vertex -21.5646 -1.5 1.43541
      vertex -21.7074 1.5 1.47118
      vertex -21.7074 -1.5 1.47118
    endloop
  endfacet
  facet normal 0.427491 0 0.90402
    outer loop
      vertex -21.426 1.5 1.38582
      vertex -21.2929 -1.5 1.32288
      vertex -21.2929 1.5 1.32288
    endloop
  endfacet
  facet normal 0.427491 0 0.90402
    outer loop
      vertex -21.2929 -1.5 1.32288
      vertex -21.426 1.5 1.38582
      vertex -21.426 -1.5 1.38582
    endloop
  endfacet
  facet normal -0.941524 0 -0.336945
    outer loop
      vertex -23.3858 -1.5 -0.574024
      vertex -23.4354 1.5 -0.435427
      vertex -23.3858 1.5 -0.574024
    endloop
  endfacet
  facet normal -0.941524 -0 -0.336945
    outer loop
      vertex -23.4354 1.5 -0.435427
      vertex -23.3858 -1.5 -0.574024
      vertex -23.4354 -1.5 -0.435427
    endloop
  endfacet
  facet normal 0.998803 0 -0.0489126
    outer loop
      vertex -20.5 -1.5 0
      vertex -20.5072 1.5 -0.147025
      vertex -20.5 1.5 0
    endloop
  endfacet
  facet normal 0.998803 0 -0.0489126
    outer loop
      vertex -20.5072 1.5 -0.147025
      vertex -20.5 -1.5 0
      vertex -20.5072 -1.5 -0.147025
    endloop
  endfacet
  facet normal 0.803172 0 -0.595747
    outer loop
      vertex -20.7528 -1.5 -0.833355
      vertex -20.8405 1.5 -0.95159
      vertex -20.7528 1.5 -0.833355
    endloop
  endfacet
  facet normal 0.803172 0 -0.595747
    outer loop
      vertex -20.8405 1.5 -0.95159
      vertex -20.7528 -1.5 -0.833355
      vertex -20.8405 -1.5 -0.95159
    endloop
  endfacet
  facet normal -0.595773 0 -0.803153
    outer loop
      vertex -22.9516 -1.5 -1.15952
      vertex -22.8334 1.5 -1.2472
      vertex -22.8334 -1.5 -1.2472
    endloop
  endfacet
  facet normal -0.595773 0 -0.803153
    outer loop
      vertex -22.8334 1.5 -1.2472
      vertex -22.9516 -1.5 -1.15952
      vertex -22.9516 1.5 -1.15952
    endloop
  endfacet
  facet normal 0.803172 -0 0.595747
    outer loop
      vertex -20.8405 -1.5 0.95159
      vertex -20.7528 1.5 0.833355
      vertex -20.8405 1.5 0.95159
    endloop
  endfacet
  facet normal 0.803172 0 0.595747
    outer loop
      vertex -20.7528 1.5 0.833355
      vertex -20.8405 -1.5 0.95159
      vertex -20.7528 -1.5 0.833355
    endloop
  endfacet
  facet normal 0.595773 0 -0.803153
    outer loop
      vertex -21.1666 -1.5 -1.2472
      vertex -21.0484 1.5 -1.15952
      vertex -21.0484 -1.5 -1.15952
    endloop
  endfacet
  facet normal 0.595773 0 -0.803153
    outer loop
      vertex -21.0484 1.5 -1.15952
      vertex -21.1666 -1.5 -1.2472
      vertex -21.1666 1.5 -1.2472
    endloop
  endfacet
  facet normal 0.0490565 0 0.998796
    outer loop
      vertex -22 1.5 1.5
      vertex -21.853 -1.5 1.49278
      vertex -21.853 1.5 1.49278
    endloop
  endfacet
  facet normal 0.0490565 0 0.998796
    outer loop
      vertex -21.853 -1.5 1.49278
      vertex -22 1.5 1.5
      vertex -22 -1.5 1.5
    endloop
  endfacet
  facet normal 0.989176 0 -0.146736
    outer loop
      vertex -20.5072 -1.5 -0.147025
      vertex -20.5288 1.5 -0.292635
      vertex -20.5072 1.5 -0.147025
    endloop
  endfacet
  facet normal 0.989176 0 -0.146736
    outer loop
      vertex -20.5288 1.5 -0.292635
      vertex -20.5072 -1.5 -0.147025
      vertex -20.5288 -1.5 -0.292635
    endloop
  endfacet
  facet normal 0.0490565 0 -0.998796
    outer loop
      vertex -22 -1.5 -1.5
      vertex -21.853 1.5 -1.49278
      vertex -21.853 -1.5 -1.49278
    endloop
  endfacet
  facet normal 0.0490565 0 -0.998796
    outer loop
      vertex -21.853 1.5 -1.49278
      vertex -22 -1.5 -1.5
      vertex -22 1.5 -1.5
    endloop
  endfacet
  facet normal -0.671475 0 -0.741027
    outer loop
      vertex -23.0607 -1.5 -1.06066
      vertex -22.9516 1.5 -1.15952
      vertex -22.9516 -1.5 -1.15952
    endloop
  endfacet
  facet normal -0.671475 0 -0.741027
    outer loop
      vertex -22.9516 1.5 -1.15952
      vertex -23.0607 -1.5 -1.06066
      vertex -23.0607 1.5 -1.06066
    endloop
  endfacet
  facet normal 0.513996 0 0.857792
    outer loop
      vertex -21.2929 1.5 1.32288
      vertex -21.1666 -1.5 1.2472
      vertex -21.1666 1.5 1.2472
    endloop
  endfacet
  facet normal 0.513996 0 0.857792
    outer loop
      vertex -21.1666 -1.5 1.2472
      vertex -21.2929 1.5 1.32288
      vertex -21.2929 -1.5 1.32288
    endloop
  endfacet
  facet normal 0.336879 0 -0.941548
    outer loop
      vertex -21.5646 -1.5 -1.43541
      vertex -21.426 1.5 -1.38582
      vertex -21.426 -1.5 -1.38582
    endloop
  endfacet
  facet normal 0.336879 0 -0.941548
    outer loop
      vertex -21.426 1.5 -1.38582
      vertex -21.5646 -1.5 -1.43541
      vertex -21.5646 1.5 -1.43541
    endloop
  endfacet
  facet normal 0.146746 0 -0.989174
    outer loop
      vertex -21.853 -1.5 -1.49278
      vertex -21.7074 1.5 -1.47118
      vertex -21.7074 -1.5 -1.47118
    endloop
  endfacet
  facet normal 0.146746 0 -0.989174
    outer loop
      vertex -21.7074 1.5 -1.47118
      vertex -21.853 -1.5 -1.49278
      vertex -21.853 1.5 -1.49278
    endloop
  endfacet
  facet normal -0.242983 0 0.970031
    outer loop
      vertex -22.4354 1.5 1.43541
      vertex -22.2926 -1.5 1.47118
      vertex -22.2926 1.5 1.47118
    endloop
  endfacet
  facet normal -0.242983 0 0.970031
    outer loop
      vertex -22.2926 -1.5 1.47118
      vertex -22.4354 1.5 1.43541
      vertex -22.4354 -1.5 1.43541
    endloop
  endfacet
  facet normal 0.513996 0 -0.857792
    outer loop
      vertex -21.2929 -1.5 -1.32288
      vertex -21.1666 1.5 -1.2472
      vertex -21.1666 -1.5 -1.2472
    endloop
  endfacet
  facet normal 0.513996 0 -0.857792
    outer loop
      vertex -21.1666 1.5 -1.2472
      vertex -21.2929 -1.5 -1.32288
      vertex -21.2929 1.5 -1.32288
    endloop
  endfacet
  facet normal 0 0.741138 0.671353
    outer loop
      vertex 1.5 -20.8405 0.95159
      vertex -1.5 -20.9393 1.06066
      vertex 1.5 -20.9393 1.06066
    endloop
  endfacet
  facet normal 0 0.741138 0.671353
    outer loop
      vertex -1.5 -20.9393 1.06066
      vertex 1.5 -20.8405 0.95159
      vertex -1.5 -20.8405 0.95159
    endloop
  endfacet
  facet normal 0 0.513996 -0.857792
    outer loop
      vertex -1.5 -21.2929 -1.32288
      vertex 1.5 -21.1666 -1.2472
      vertex 1.5 -21.2929 -1.32288
    endloop
  endfacet
  facet normal 0 0.513996 -0.857792
    outer loop
      vertex 1.5 -21.1666 -1.2472
      vertex -1.5 -21.2929 -1.32288
      vertex -1.5 -21.1666 -1.2472
    endloop
  endfacet
  facet normal 0 -0.998803 -0.0489126
    outer loop
      vertex -1.5 -23.4928 -0.147025
      vertex 1.5 -23.5 0
      vertex -1.5 -23.5 0
    endloop
  endfacet
  facet normal 0 -0.998803 -0.0489126
    outer loop
      vertex 1.5 -23.5 0
      vertex -1.5 -23.4928 -0.147025
      vertex 1.5 -23.4928 -0.147025
    endloop
  endfacet
  facet normal 0 -0.969979 -0.243188
    outer loop
      vertex -1.5 -23.4354 -0.435427
      vertex 1.5 -23.4712 -0.292635
      vertex -1.5 -23.4712 -0.292635
    endloop
  endfacet
  facet normal 0 -0.969979 -0.243188
    outer loop
      vertex 1.5 -23.4712 -0.292635
      vertex -1.5 -23.4354 -0.435427
      vertex 1.5 -23.4354 -0.435427
    endloop
  endfacet
  facet normal 0 -0.741138 -0.671353
    outer loop
      vertex -1.5 -23.0607 -1.06066
      vertex 1.5 -23.1595 -0.95159
      vertex -1.5 -23.1595 -0.95159
    endloop
  endfacet
  facet normal 0 -0.741138 -0.671353
    outer loop
      vertex 1.5 -23.1595 -0.95159
      vertex -1.5 -23.0607 -1.06066
      vertex 1.5 -23.0607 -1.06066
    endloop
  endfacet
  facet normal 0 0.427491 -0.90402
    outer loop
      vertex -1.5 -21.426 -1.38582
      vertex 1.5 -21.2929 -1.32288
      vertex 1.5 -21.426 -1.38582
    endloop
  endfacet
  facet normal 0 0.427491 -0.90402
    outer loop
      vertex 1.5 -21.2929 -1.32288
      vertex -1.5 -21.426 -1.38582
      vertex -1.5 -21.2929 -1.32288
    endloop
  endfacet
  facet normal 0 0.998803 -0.0489126
    outer loop
      vertex 1.5 -20.5072 -0.147025
      vertex -1.5 -20.5 0
      vertex 1.5 -20.5 0
    endloop
  endfacet
  facet normal 0 0.998803 -0.0489126
    outer loop
      vertex -1.5 -20.5 0
      vertex 1.5 -20.5072 -0.147025
      vertex -1.5 -20.5072 -0.147025
    endloop
  endfacet
  facet normal 0 -0.969979 0.243188
    outer loop
      vertex -1.5 -23.4712 0.292635
      vertex 1.5 -23.4354 0.435427
      vertex -1.5 -23.4354 0.435427
    endloop
  endfacet
  facet normal 0 -0.969979 0.243188
    outer loop
      vertex 1.5 -23.4354 0.435427
      vertex -1.5 -23.4712 0.292635
      vertex 1.5 -23.4712 0.292635
    endloop
  endfacet
  facet normal 0 -0.857662 -0.514213
    outer loop
      vertex -1.5 -23.2472 -0.833355
      vertex 1.5 -23.3229 -0.707094
      vertex -1.5 -23.3229 -0.707094
    endloop
  endfacet
  facet normal 0 -0.857662 -0.514213
    outer loop
      vertex 1.5 -23.3229 -0.707094
      vertex -1.5 -23.2472 -0.833355
      vertex 1.5 -23.2472 -0.833355
    endloop
  endfacet
  facet normal -0 0.0490565 0.998796
    outer loop
      vertex -1.5 -21.853 1.49278
      vertex 1.5 -22 1.5
      vertex 1.5 -21.853 1.49278
    endloop
  endfacet
  facet normal 0 0.0490565 0.998796
    outer loop
      vertex 1.5 -22 1.5
      vertex -1.5 -21.853 1.49278
      vertex -1.5 -22 1.5
    endloop
  endfacet
  facet normal 0 -0.595773 0.803153
    outer loop
      vertex -1.5 -22.8334 1.2472
      vertex 1.5 -22.9516 1.15952
      vertex 1.5 -22.8334 1.2472
    endloop
  endfacet
  facet normal 0 -0.595773 0.803153
    outer loop
      vertex 1.5 -22.9516 1.15952
      vertex -1.5 -22.8334 1.2472
      vertex -1.5 -22.9516 1.15952
    endloop
  endfacet
  facet normal 0 -0.904088 0.427347
    outer loop
      vertex -1.5 -23.3858 0.574024
      vertex 1.5 -23.3229 0.707094
      vertex -1.5 -23.3229 0.707094
    endloop
  endfacet
  facet normal 0 -0.904088 0.427347
    outer loop
      vertex 1.5 -23.3229 0.707094
      vertex -1.5 -23.3858 0.574024
      vertex 1.5 -23.3858 0.574024
    endloop
  endfacet
  facet normal 0 -0.989176 0.146736
    outer loop
      vertex -1.5 -23.4928 0.147025
      vertex 1.5 -23.4712 0.292635
      vertex -1.5 -23.4712 0.292635
    endloop
  endfacet
  facet normal 0 -0.989176 0.146736
    outer loop
      vertex 1.5 -23.4712 0.292635
      vertex -1.5 -23.4928 0.147025
      vertex 1.5 -23.4928 0.147025
    endloop
  endfacet
  facet normal -0 0.427491 0.90402
    outer loop
      vertex -1.5 -21.2929 1.32288
      vertex 1.5 -21.426 1.38582
      vertex 1.5 -21.2929 1.32288
    endloop
  endfacet
  facet normal 0 0.427491 0.90402
    outer loop
      vertex 1.5 -21.426 1.38582
      vertex -1.5 -21.2929 1.32288
      vertex -1.5 -21.426 1.38582
    endloop
  endfacet
  facet normal -0 0.146746 0.989174
    outer loop
      vertex -1.5 -21.7074 1.47118
      vertex 1.5 -21.853 1.49278
      vertex 1.5 -21.7074 1.47118
    endloop
  endfacet
  facet normal 0 0.146746 0.989174
    outer loop
      vertex 1.5 -21.853 1.49278
      vertex -1.5 -21.7074 1.47118
      vertex -1.5 -21.853 1.49278
    endloop
  endfacet
  facet normal 0 -0.998803 0.0489126
    outer loop
      vertex -1.5 -23.5 0
      vertex 1.5 -23.4928 0.147025
      vertex -1.5 -23.4928 0.147025
    endloop
  endfacet
  facet normal 0 -0.998803 0.0489126
    outer loop
      vertex 1.5 -23.4928 0.147025
      vertex -1.5 -23.5 0
      vertex 1.5 -23.5 0
    endloop
  endfacet
  facet normal 0 -0.336879 0.941548
    outer loop
      vertex -1.5 -22.4354 1.43541
      vertex 1.5 -22.574 1.38582
      vertex 1.5 -22.4354 1.43541
    endloop
  endfacet
  facet normal 0 -0.336879 0.941548
    outer loop
      vertex 1.5 -22.574 1.38582
      vertex -1.5 -22.4354 1.43541
      vertex -1.5 -22.574 1.38582
    endloop
  endfacet
  facet normal 0 0.671475 -0.741027
    outer loop
      vertex -1.5 -21.0484 -1.15952
      vertex 1.5 -20.9393 -1.06066
      vertex 1.5 -21.0484 -1.15952
    endloop
  endfacet
  facet normal 0 0.671475 -0.741027
    outer loop
      vertex 1.5 -20.9393 -1.06066
      vertex -1.5 -21.0484 -1.15952
      vertex -1.5 -20.9393 -1.06066
    endloop
  endfacet
  facet normal 0 0.904088 -0.427347
    outer loop
      vertex 1.5 -20.6771 -0.707094
      vertex -1.5 -20.6142 -0.574024
      vertex 1.5 -20.6142 -0.574024
    endloop
  endfacet
  facet normal 0 0.904088 -0.427347
    outer loop
      vertex -1.5 -20.6142 -0.574024
      vertex 1.5 -20.6771 -0.707094
      vertex -1.5 -20.6771 -0.707094
    endloop
  endfacet
  facet normal 0 -0.242983 0.970031
    outer loop
      vertex -1.5 -22.2926 1.47118
      vertex 1.5 -22.4354 1.43541
      vertex 1.5 -22.2926 1.47118
    endloop
  endfacet
  facet normal 0 -0.242983 0.970031
    outer loop
      vertex 1.5 -22.4354 1.43541
      vertex -1.5 -22.2926 1.47118
      vertex -1.5 -22.4354 1.43541
    endloop
  endfacet
  facet normal 0 -0.857662 0.514213
    outer loop
      vertex -1.5 -23.3229 0.707094
      vertex 1.5 -23.2472 0.833355
      vertex -1.5 -23.2472 0.833355
    endloop
  endfacet
  facet normal 0 -0.857662 0.514213
    outer loop
      vertex 1.5 -23.2472 0.833355
      vertex -1.5 -23.3229 0.707094
      vertex 1.5 -23.3229 0.707094
    endloop
  endfacet
  facet normal 0 -0.513996 -0.857792
    outer loop
      vertex -1.5 -22.8334 -1.2472
      vertex 1.5 -22.7071 -1.32288
      vertex 1.5 -22.8334 -1.2472
    endloop
  endfacet
  facet normal -0 -0.513996 -0.857792
    outer loop
      vertex 1.5 -22.7071 -1.32288
      vertex -1.5 -22.8334 -1.2472
      vertex -1.5 -22.7071 -1.32288
    endloop
  endfacet
  facet normal 0 0.741138 -0.671353
    outer loop
      vertex 1.5 -20.9393 -1.06066
      vertex -1.5 -20.8405 -0.95159
      vertex 1.5 -20.8405 -0.95159
    endloop
  endfacet
  facet normal 0 0.741138 -0.671353
    outer loop
      vertex -1.5 -20.8405 -0.95159
      vertex 1.5 -20.9393 -1.06066
      vertex -1.5 -20.9393 -1.06066
    endloop
  endfacet
  facet normal 0 0.336879 -0.941548
    outer loop
      vertex -1.5 -21.5646 -1.43541
      vertex 1.5 -21.426 -1.38582
      vertex 1.5 -21.5646 -1.43541
    endloop
  endfacet
  facet normal 0 0.336879 -0.941548
    outer loop
      vertex 1.5 -21.426 -1.38582
      vertex -1.5 -21.5646 -1.43541
      vertex -1.5 -21.426 -1.38582
    endloop
  endfacet
  facet normal 0 -0.803172 0.595747
    outer loop
      vertex -1.5 -23.2472 0.833355
      vertex 1.5 -23.1595 0.95159
      vertex -1.5 -23.1595 0.95159
    endloop
  endfacet
  facet normal 0 -0.803172 0.595747
    outer loop
      vertex 1.5 -23.1595 0.95159
      vertex -1.5 -23.2472 0.833355
      vertex 1.5 -23.2472 0.833355
    endloop
  endfacet
  facet normal 0 -0.0490565 0.998796
    outer loop
      vertex -1.5 -22 1.5
      vertex 1.5 -22.147 1.49278
      vertex 1.5 -22 1.5
    endloop
  endfacet
  facet normal 0 -0.0490565 0.998796
    outer loop
      vertex 1.5 -22.147 1.49278
      vertex -1.5 -22 1.5
      vertex -1.5 -22.147 1.49278
    endloop
  endfacet
  facet normal 0 0.941524 0.336945
    outer loop
      vertex 1.5 -20.5646 0.435427
      vertex -1.5 -20.6142 0.574024
      vertex 1.5 -20.6142 0.574024
    endloop
  endfacet
  facet normal 0 0.941524 0.336945
    outer loop
      vertex -1.5 -20.6142 0.574024
      vertex 1.5 -20.5646 0.435427
      vertex -1.5 -20.5646 0.435427
    endloop
  endfacet
  facet normal 0 -0.0490565 -0.998796
    outer loop
      vertex -1.5 -22.147 -1.49278
      vertex 1.5 -22 -1.5
      vertex 1.5 -22.147 -1.49278
    endloop
  endfacet
  facet normal -0 -0.0490565 -0.998796
    outer loop
      vertex 1.5 -22 -1.5
      vertex -1.5 -22.147 -1.49278
      vertex -1.5 -22 -1.5
    endloop
  endfacet
  facet normal -0 0.242983 0.970031
    outer loop
      vertex -1.5 -21.5646 1.43541
      vertex 1.5 -21.7074 1.47118
      vertex 1.5 -21.5646 1.43541
    endloop
  endfacet
  facet normal 0 0.242983 0.970031
    outer loop
      vertex 1.5 -21.7074 1.47118
      vertex -1.5 -21.5646 1.43541
      vertex -1.5 -21.7074 1.47118
    endloop
  endfacet
  facet normal 0 -0.741138 0.671353
    outer loop
      vertex -1.5 -23.1595 0.95159
      vertex 1.5 -23.0607 1.06066
      vertex -1.5 -23.0607 1.06066
    endloop
  endfacet
  facet normal 0 -0.741138 0.671353
    outer loop
      vertex 1.5 -23.0607 1.06066
      vertex -1.5 -23.1595 0.95159
      vertex 1.5 -23.1595 0.95159
    endloop
  endfacet
  facet normal 0 -0.146746 -0.989174
    outer loop
      vertex -1.5 -22.2926 -1.47118
      vertex 1.5 -22.147 -1.49278
      vertex 1.5 -22.2926 -1.47118
    endloop
  endfacet
  facet normal -0 -0.146746 -0.989174
    outer loop
      vertex 1.5 -22.147 -1.49278
      vertex -1.5 -22.2926 -1.47118
      vertex -1.5 -22.147 -1.49278
    endloop
  endfacet
  facet normal 0 -0.427491 0.90402
    outer loop
      vertex -1.5 -22.574 1.38582
      vertex 1.5 -22.7071 1.32288
      vertex 1.5 -22.574 1.38582
    endloop
  endfacet
  facet normal 0 -0.427491 0.90402
    outer loop
      vertex 1.5 -22.7071 1.32288
      vertex -1.5 -22.574 1.38582
      vertex -1.5 -22.7071 1.32288
    endloop
  endfacet
  facet normal 0 -0.941524 0.336945
    outer loop
      vertex -1.5 -23.4354 0.435427
      vertex 1.5 -23.3858 0.574024
      vertex -1.5 -23.3858 0.574024
    endloop
  endfacet
  facet normal 0 -0.941524 0.336945
    outer loop
      vertex 1.5 -23.3858 0.574024
      vertex -1.5 -23.4354 0.435427
      vertex 1.5 -23.4354 0.435427
    endloop
  endfacet
  facet normal 0 -0.336879 -0.941548
    outer loop
      vertex -1.5 -22.574 -1.38582
      vertex 1.5 -22.4354 -1.43541
      vertex 1.5 -22.574 -1.38582
    endloop
  endfacet
  facet normal -0 -0.336879 -0.941548
    outer loop
      vertex 1.5 -22.4354 -1.43541
      vertex -1.5 -22.574 -1.38582
      vertex -1.5 -22.4354 -1.43541
    endloop
  endfacet
  facet normal 0 -0.427491 -0.90402
    outer loop
      vertex -1.5 -22.7071 -1.32288
      vertex 1.5 -22.574 -1.38582
      vertex 1.5 -22.7071 -1.32288
    endloop
  endfacet
  facet normal -0 -0.427491 -0.90402
    outer loop
      vertex 1.5 -22.574 -1.38582
      vertex -1.5 -22.7071 -1.32288
      vertex -1.5 -22.574 -1.38582
    endloop
  endfacet
  facet normal 0 0.242983 -0.970031
    outer loop
      vertex -1.5 -21.7074 -1.47118
      vertex 1.5 -21.5646 -1.43541
      vertex 1.5 -21.7074 -1.47118
    endloop
  endfacet
  facet normal 0 0.242983 -0.970031
    outer loop
      vertex 1.5 -21.5646 -1.43541
      vertex -1.5 -21.7074 -1.47118
      vertex -1.5 -21.5646 -1.43541
    endloop
  endfacet
  facet normal 0 -0.989176 -0.146736
    outer loop
      vertex -1.5 -23.4712 -0.292635
      vertex 1.5 -23.4928 -0.147025
      vertex -1.5 -23.4928 -0.147025
    endloop
  endfacet
  facet normal 0 -0.989176 -0.146736
    outer loop
      vertex 1.5 -23.4928 -0.147025
      vertex -1.5 -23.4712 -0.292635
      vertex 1.5 -23.4712 -0.292635
    endloop
  endfacet
  facet normal 0 -0.671475 0.741027
    outer loop
      vertex -1.5 -22.9516 1.15952
      vertex 1.5 -23.0607 1.06066
      vertex 1.5 -22.9516 1.15952
    endloop
  endfacet
  facet normal 0 -0.671475 0.741027
    outer loop
      vertex 1.5 -23.0607 1.06066
      vertex -1.5 -22.9516 1.15952
      vertex -1.5 -23.0607 1.06066
    endloop
  endfacet
  facet normal 0 0.969979 0.243188
    outer loop
      vertex 1.5 -20.5288 0.292635
      vertex -1.5 -20.5646 0.435427
      vertex 1.5 -20.5646 0.435427
    endloop
  endfacet
  facet normal 0 0.969979 0.243188
    outer loop
      vertex -1.5 -20.5646 0.435427
      vertex 1.5 -20.5288 0.292635
      vertex -1.5 -20.5288 0.292635
    endloop
  endfacet
  facet normal 0 0.941524 -0.336945
    outer loop
      vertex 1.5 -20.6142 -0.574024
      vertex -1.5 -20.5646 -0.435427
      vertex 1.5 -20.5646 -0.435427
    endloop
  endfacet
  facet normal 0 0.941524 -0.336945
    outer loop
      vertex -1.5 -20.5646 -0.435427
      vertex 1.5 -20.6142 -0.574024
      vertex -1.5 -20.6142 -0.574024
    endloop
  endfacet
  facet normal 0 0.969979 -0.243188
    outer loop
      vertex 1.5 -20.5646 -0.435427
      vertex -1.5 -20.5288 -0.292635
      vertex 1.5 -20.5288 -0.292635
    endloop
  endfacet
  facet normal 0 0.969979 -0.243188
    outer loop
      vertex -1.5 -20.5288 -0.292635
      vertex 1.5 -20.5646 -0.435427
      vertex -1.5 -20.5646 -0.435427
    endloop
  endfacet
  facet normal -0 0.595773 0.803153
    outer loop
      vertex -1.5 -21.0484 1.15952
      vertex 1.5 -21.1666 1.2472
      vertex 1.5 -21.0484 1.15952
    endloop
  endfacet
  facet normal 0 0.595773 0.803153
    outer loop
      vertex 1.5 -21.1666 1.2472
      vertex -1.5 -21.0484 1.15952
      vertex -1.5 -21.1666 1.2472
    endloop
  endfacet
  facet normal -0 0.336879 0.941548
    outer loop
      vertex -1.5 -21.426 1.38582
      vertex 1.5 -21.5646 1.43541
      vertex 1.5 -21.426 1.38582
    endloop
  endfacet
  facet normal 0 0.336879 0.941548
    outer loop
      vertex 1.5 -21.5646 1.43541
      vertex -1.5 -21.426 1.38582
      vertex -1.5 -21.5646 1.43541
    endloop
  endfacet
  facet normal 0 0.989176 0.146736
    outer loop
      vertex 1.5 -20.5072 0.147025
      vertex -1.5 -20.5288 0.292635
      vertex 1.5 -20.5288 0.292635
    endloop
  endfacet
  facet normal 0 0.989176 0.146736
    outer loop
      vertex -1.5 -20.5288 0.292635
      vertex 1.5 -20.5072 0.147025
      vertex -1.5 -20.5072 0.147025
    endloop
  endfacet
  facet normal 0 0.803172 -0.595747
    outer loop
      vertex 1.5 -20.8405 -0.95159
      vertex -1.5 -20.7528 -0.833355
      vertex 1.5 -20.7528 -0.833355
    endloop
  endfacet
  facet normal 0 0.803172 -0.595747
    outer loop
      vertex -1.5 -20.7528 -0.833355
      vertex 1.5 -20.8405 -0.95159
      vertex -1.5 -20.8405 -0.95159
    endloop
  endfacet
  facet normal -0 0.671475 0.741027
    outer loop
      vertex -1.5 -20.9393 1.06066
      vertex 1.5 -21.0484 1.15952
      vertex 1.5 -20.9393 1.06066
    endloop
  endfacet
  facet normal 0 0.671475 0.741027
    outer loop
      vertex 1.5 -21.0484 1.15952
      vertex -1.5 -20.9393 1.06066
      vertex -1.5 -21.0484 1.15952
    endloop
  endfacet
  facet normal 0 -0.513996 0.857792
    outer loop
      vertex -1.5 -22.7071 1.32288
      vertex 1.5 -22.8334 1.2472
      vertex 1.5 -22.7071 1.32288
    endloop
  endfacet
  facet normal 0 -0.513996 0.857792
    outer loop
      vertex 1.5 -22.8334 1.2472
      vertex -1.5 -22.7071 1.32288
      vertex -1.5 -22.8334 1.2472
    endloop
  endfacet
  facet normal 0 0.146746 -0.989174
    outer loop
      vertex -1.5 -21.853 -1.49278
      vertex 1.5 -21.7074 -1.47118
      vertex 1.5 -21.853 -1.49278
    endloop
  endfacet
  facet normal 0 0.146746 -0.989174
    outer loop
      vertex 1.5 -21.7074 -1.47118
      vertex -1.5 -21.853 -1.49278
      vertex -1.5 -21.7074 -1.47118
    endloop
  endfacet
  facet normal 0 -0.595773 -0.803153
    outer loop
      vertex -1.5 -22.9516 -1.15952
      vertex 1.5 -22.8334 -1.2472
      vertex 1.5 -22.9516 -1.15952
    endloop
  endfacet
  facet normal -0 -0.595773 -0.803153
    outer loop
      vertex 1.5 -22.8334 -1.2472
      vertex -1.5 -22.9516 -1.15952
      vertex -1.5 -22.8334 -1.2472
    endloop
  endfacet
  facet normal 0 -0.671475 -0.741027
    outer loop
      vertex -1.5 -23.0607 -1.06066
      vertex 1.5 -22.9516 -1.15952
      vertex 1.5 -23.0607 -1.06066
    endloop
  endfacet
  facet normal -0 -0.671475 -0.741027
    outer loop
      vertex 1.5 -22.9516 -1.15952
      vertex -1.5 -23.0607 -1.06066
      vertex -1.5 -22.9516 -1.15952
    endloop
  endfacet
  facet normal 0 -0.803172 -0.595747
    outer loop
      vertex -1.5 -23.1595 -0.95159
      vertex 1.5 -23.2472 -0.833355
      vertex -1.5 -23.2472 -0.833355
    endloop
  endfacet
  facet normal 0 -0.803172 -0.595747
    outer loop
      vertex 1.5 -23.2472 -0.833355
      vertex -1.5 -23.1595 -0.95159
      vertex 1.5 -23.1595 -0.95159
    endloop
  endfacet
  facet normal 0 -0.242983 -0.970031
    outer loop
      vertex -1.5 -22.4354 -1.43541
      vertex 1.5 -22.2926 -1.47118
      vertex 1.5 -22.4354 -1.43541
    endloop
  endfacet
  facet normal -0 -0.242983 -0.970031
    outer loop
      vertex 1.5 -22.2926 -1.47118
      vertex -1.5 -22.4354 -1.43541
      vertex -1.5 -22.2926 -1.47118
    endloop
  endfacet
  facet normal 0 -0.146746 0.989174
    outer loop
      vertex -1.5 -22.147 1.49278
      vertex 1.5 -22.2926 1.47118
      vertex 1.5 -22.147 1.49278
    endloop
  endfacet
  facet normal 0 -0.146746 0.989174
    outer loop
      vertex 1.5 -22.2926 1.47118
      vertex -1.5 -22.147 1.49278
      vertex -1.5 -22.2926 1.47118
    endloop
  endfacet
  facet normal -0 0.513996 0.857792
    outer loop
      vertex -1.5 -21.1666 1.2472
      vertex 1.5 -21.2929 1.32288
      vertex 1.5 -21.1666 1.2472
    endloop
  endfacet
  facet normal 0 0.513996 0.857792
    outer loop
      vertex 1.5 -21.2929 1.32288
      vertex -1.5 -21.1666 1.2472
      vertex -1.5 -21.2929 1.32288
    endloop
  endfacet
  facet normal 0 0.998803 0.0489126
    outer loop
      vertex 1.5 -20.5 0
      vertex -1.5 -20.5072 0.147025
      vertex 1.5 -20.5072 0.147025
    endloop
  endfacet
  facet normal 0 0.998803 0.0489126
    outer loop
      vertex -1.5 -20.5072 0.147025
      vertex 1.5 -20.5 0
      vertex -1.5 -20.5 0
    endloop
  endfacet
  facet normal 0 0.904088 0.427347
    outer loop
      vertex 1.5 -20.6142 0.574024
      vertex -1.5 -20.6771 0.707094
      vertex 1.5 -20.6771 0.707094
    endloop
  endfacet
  facet normal 0 0.904088 0.427347
    outer loop
      vertex -1.5 -20.6771 0.707094
      vertex 1.5 -20.6142 0.574024
      vertex -1.5 -20.6142 0.574024
    endloop
  endfacet
  facet normal 0 0.989176 -0.146736
    outer loop
      vertex 1.5 -20.5288 -0.292635
      vertex -1.5 -20.5072 -0.147025
      vertex 1.5 -20.5072 -0.147025
    endloop
  endfacet
  facet normal 0 0.989176 -0.146736
    outer loop
      vertex -1.5 -20.5072 -0.147025
      vertex 1.5 -20.5288 -0.292635
      vertex -1.5 -20.5288 -0.292635
    endloop
  endfacet
  facet normal 0 0.857662 -0.514213
    outer loop
      vertex 1.5 -20.7528 -0.833355
      vertex -1.5 -20.6771 -0.707094
      vertex 1.5 -20.6771 -0.707094
    endloop
  endfacet
  facet normal 0 0.857662 -0.514213
    outer loop
      vertex -1.5 -20.6771 -0.707094
      vertex 1.5 -20.7528 -0.833355
      vertex -1.5 -20.7528 -0.833355
    endloop
  endfacet
  facet normal 0 0.857662 0.514213
    outer loop
      vertex 1.5 -20.6771 0.707094
      vertex -1.5 -20.7528 0.833355
      vertex 1.5 -20.7528 0.833355
    endloop
  endfacet
  facet normal 0 0.857662 0.514213
    outer loop
      vertex -1.5 -20.7528 0.833355
      vertex 1.5 -20.6771 0.707094
      vertex -1.5 -20.6771 0.707094
    endloop
  endfacet
  facet normal 0 -0.941524 -0.336945
    outer loop
      vertex -1.5 -23.3858 -0.574024
      vertex 1.5 -23.4354 -0.435427
      vertex -1.5 -23.4354 -0.435427
    endloop
  endfacet
  facet normal 0 -0.941524 -0.336945
    outer loop
      vertex 1.5 -23.4354 -0.435427
      vertex -1.5 -23.3858 -0.574024
      vertex 1.5 -23.3858 -0.574024
    endloop
  endfacet
  facet normal 0 -0.904088 -0.427347
    outer loop
      vertex -1.5 -23.3229 -0.707094
      vertex 1.5 -23.3858 -0.574024
      vertex -1.5 -23.3858 -0.574024
    endloop
  endfacet
  facet normal 0 -0.904088 -0.427347
    outer loop
      vertex 1.5 -23.3858 -0.574024
      vertex -1.5 -23.3229 -0.707094
      vertex 1.5 -23.3229 -0.707094
    endloop
  endfacet
  facet normal -1 0 0
    outer loop
      vertex -1.5 -20.5072 -0.147025
      vertex -1.5 -20.5072 0.147025
      vertex -1.5 -20.5 0
    endloop
  endfacet
  facet normal -1 0 0
    outer loop
      vertex -1.5 -20.5288 -0.292635
      vertex -1.5 -20.5072 0.147025
      vertex -1.5 -20.5072 -0.147025
    endloop
  endfacet
  facet normal -1 0 0
    outer loop
      vertex -1.5 -20.5288 -0.292635
      vertex -1.5 -20.5288 0.292635
      vertex -1.5 -20.5072 0.147025
    endloop
  endfacet
  facet normal -1 0 0
    outer loop
      vertex -1.5 -20.5646 -0.435427
      vertex -1.5 -20.5288 0.292635
      vertex -1.5 -20.5288 -0.292635
    endloop
  endfacet
  facet normal -1 0 0
    outer loop
      vertex -1.5 -20.5646 -0.435427
      vertex -1.5 -20.5646 0.435427
      vertex -1.5 -20.5288 0.292635
    endloop
  endfacet
  facet normal -1 0 0
    outer loop
      vertex -1.5 -20.6142 -0.574024
      vertex -1.5 -20.5646 0.435427
      vertex -1.5 -20.5646 -0.435427
    endloop
  endfacet
  facet normal -1 0 0
    outer loop
      vertex -1.5 -20.6142 -0.574024
      vertex -1.5 -20.6142 0.574024
      vertex -1.5 -20.5646 0.435427
    endloop
  endfacet
  facet normal -1 0 0
    outer loop
      vertex -1.5 -20.6771 -0.707094
      vertex -1.5 -20.6142 0.574024
      vertex -1.5 -20.6142 -0.574024
    endloop
  endfacet
  facet normal -1 0 0
    outer loop
      vertex -1.5 -20.6771 -0.707094
      vertex -1.5 -20.6771 0.707094
      vertex -1.5 -20.6142 0.574024
    endloop
  endfacet
  facet normal -1 0 0
    outer loop
      vertex -1.5 -20.7528 -0.833355
      vertex -1.5 -20.6771 0.707094
      vertex -1.5 -20.6771 -0.707094
    endloop
  endfacet
  facet normal -1 0 0
    outer loop
      vertex -1.5 -20.7528 -0.833355
      vertex -1.5 -20.7528 0.833355
      vertex -1.5 -20.6771 0.707094
    endloop
  endfacet
  facet normal -1 0 0
    outer loop
      vertex -1.5 -20.8405 -0.95159
      vertex -1.5 -20.7528 0.833355
      vertex -1.5 -20.7528 -0.833355
    endloop
  endfacet
  facet normal -1 0 0
    outer loop
      vertex -1.5 -20.8405 -0.95159
      vertex -1.5 -20.8405 0.95159
      vertex -1.5 -20.7528 0.833355
    endloop
  endfacet
  facet normal -1 0 0
    outer loop
      vertex -1.5 -20.9393 -1.06066
      vertex -1.5 -20.8405 0.95159
      vertex -1.5 -20.8405 -0.95159
    endloop
  endfacet
  facet normal -1 0 0
    outer loop
      vertex -1.5 -20.9393 -1.06066
      vertex -1.5 -20.9393 1.06066
      vertex -1.5 -20.8405 0.95159
    endloop
  endfacet
  facet normal -1 0 0
    outer loop
      vertex -1.5 -21.0484 -1.15952
      vertex -1.5 -20.9393 1.06066
      vertex -1.5 -20.9393 -1.06066
    endloop
  endfacet
  facet normal -1 0 0
    outer loop
      vertex -1.5 -21.0484 -1.15952
      vertex -1.5 -21.0484 1.15952
      vertex -1.5 -20.9393 1.06066
    endloop
  endfacet
  facet normal -1 0 0
    outer loop
      vertex -1.5 -21.1666 -1.2472
      vertex -1.5 -21.0484 1.15952
      vertex -1.5 -21.0484 -1.15952
    endloop
  endfacet
  facet normal -1 0 0
    outer loop
      vertex -1.5 -21.1666 -1.2472
      vertex -1.5 -21.1666 1.2472
      vertex -1.5 -21.0484 1.15952
    endloop
  endfacet
  facet normal -1 0 0
    outer loop
      vertex -1.5 -21.2929 -1.32288
      vertex -1.5 -21.1666 1.2472
      vertex -1.5 -21.1666 -1.2472
    endloop
  endfacet
  facet normal -1 0 0
    outer loop
      vertex -1.5 -21.2929 -1.32288
      vertex -1.5 -21.2929 1.32288
      vertex -1.5 -21.1666 1.2472
    endloop
  endfacet
  facet normal -1 0 0
    outer loop
      vertex -1.5 -21.426 -1.38582
      vertex -1.5 -21.2929 1.32288
      vertex -1.5 -21.2929 -1.32288
    endloop
  endfacet
  facet normal -1 0 0
    outer loop
      vertex -1.5 -21.426 -1.38582
      vertex -1.5 -21.426 1.38582
      vertex -1.5 -21.2929 1.32288
    endloop
  endfacet
  facet normal -1 0 0
    outer loop
      vertex -1.5 -21.5646 -1.43541
      vertex -1.5 -21.426 1.38582
      vertex -1.5 -21.426 -1.38582
    endloop
  endfacet
  facet normal -1 0 0
    outer loop
      vertex -1.5 -21.5646 -1.43541
      vertex -1.5 -21.5646 1.43541
      vertex -1.5 -21.426 1.38582
    endloop
  endfacet
  facet normal -1 0 0
    outer loop
      vertex -1.5 -21.7074 -1.47118
      vertex -1.5 -21.5646 1.43541
      vertex -1.5 -21.5646 -1.43541
    endloop
  endfacet
  facet normal -1 0 0
    outer loop
      vertex -1.5 -21.7074 -1.47118
      vertex -1.5 -21.7074 1.47118
      vertex -1.5 -21.5646 1.43541
    endloop
  endfacet
  facet normal -1 0 0
    outer loop
      vertex -1.5 -21.853 -1.49278
      vertex -1.5 -21.7074 1.47118
      vertex -1.5 -21.7074 -1.47118
    endloop
  endfacet
  facet normal -1 0 0
    outer loop
      vertex -1.5 -21.853 -1.49278
      vertex -1.5 -21.853 1.49278
      vertex -1.5 -21.7074 1.47118
    endloop
  endfacet
  facet normal -1 0 0
    outer loop
      vertex -1.5 -22 -1.5
      vertex -1.5 -21.853 1.49278
      vertex -1.5 -21.853 -1.49278
    endloop
  endfacet
  facet normal -1 0 0
    outer loop
      vertex -1.5 -22 -1.5
      vertex -1.5 -22 1.5
      vertex -1.5 -21.853 1.49278
    endloop
  endfacet
  facet normal -1 0 0
    outer loop
      vertex -1.5 -22.147 -1.49278
      vertex -1.5 -22 1.5
      vertex -1.5 -22 -1.5
    endloop
  endfacet
  facet normal -1 0 0
    outer loop
      vertex -1.5 -22.147 -1.49278
      vertex -1.5 -22.147 1.49278
      vertex -1.5 -22 1.5
    endloop
  endfacet
  facet normal -1 0 0
    outer loop
      vertex -1.5 -22.2926 -1.47118
      vertex -1.5 -22.147 1.49278
      vertex -1.5 -22.147 -1.49278
    endloop
  endfacet
  facet normal -1 0 0
    outer loop
      vertex -1.5 -22.2926 -1.47118
      vertex -1.5 -22.2926 1.47118
      vertex -1.5 -22.147 1.49278
    endloop
  endfacet
  facet normal -1 0 0
    outer loop
      vertex -1.5 -22.4354 -1.43541
      vertex -1.5 -22.2926 1.47118
      vertex -1.5 -22.2926 -1.47118
    endloop
  endfacet
  facet normal -1 0 0
    outer loop
      vertex -1.5 -22.4354 -1.43541
      vertex -1.5 -22.4354 1.43541
      vertex -1.5 -22.2926 1.47118
    endloop
  endfacet
  facet normal -1 0 0
    outer loop
      vertex -1.5 -22.574 -1.38582
      vertex -1.5 -22.4354 1.43541
      vertex -1.5 -22.4354 -1.43541
    endloop
  endfacet
  facet normal -1 0 0
    outer loop
      vertex -1.5 -22.574 -1.38582
      vertex -1.5 -22.574 1.38582
      vertex -1.5 -22.4354 1.43541
    endloop
  endfacet
  facet normal -1 0 0
    outer loop
      vertex -1.5 -22.7071 -1.32288
      vertex -1.5 -22.574 1.38582
      vertex -1.5 -22.574 -1.38582
    endloop
  endfacet
  facet normal -1 0 0
    outer loop
      vertex -1.5 -22.7071 -1.32288
      vertex -1.5 -22.7071 1.32288
      vertex -1.5 -22.574 1.38582
    endloop
  endfacet
  facet normal -1 0 0
    outer loop
      vertex -1.5 -22.8334 -1.2472
      vertex -1.5 -22.7071 1.32288
      vertex -1.5 -22.7071 -1.32288
    endloop
  endfacet
  facet normal -1 0 0
    outer loop
      vertex -1.5 -22.8334 -1.2472
      vertex -1.5 -22.8334 1.2472
      vertex -1.5 -22.7071 1.32288
    endloop
  endfacet
  facet normal -1 0 0
    outer loop
      vertex -1.5 -22.9516 -1.15952
      vertex -1.5 -22.8334 1.2472
      vertex -1.5 -22.8334 -1.2472
    endloop
  endfacet
  facet normal -1 0 0
    outer loop
      vertex -1.5 -22.9516 -1.15952
      vertex -1.5 -22.9516 1.15952
      vertex -1.5 -22.8334 1.2472
    endloop
  endfacet
  facet normal -1 0 0
    outer loop
      vertex -1.5 -23.0607 -1.06066
      vertex -1.5 -22.9516 1.15952
      vertex -1.5 -22.9516 -1.15952
    endloop
  endfacet
  facet normal -1 0 0
    outer loop
      vertex -1.5 -23.0607 -1.06066
      vertex -1.5 -23.0607 1.06066
      vertex -1.5 -22.9516 1.15952
    endloop
  endfacet
  facet normal -1 0 0
    outer loop
      vertex -1.5 -23.1595 -0.95159
      vertex -1.5 -23.0607 1.06066
      vertex -1.5 -23.0607 -1.06066
    endloop
  endfacet
  facet normal -1 0 0
    outer loop
      vertex -1.5 -23.1595 -0.95159
      vertex -1.5 -23.1595 0.95159
      vertex -1.5 -23.0607 1.06066
    endloop
  endfacet
  facet normal -1 0 0
    outer loop
      vertex -1.5 -23.2472 -0.833355
      vertex -1.5 -23.1595 0.95159
      vertex -1.5 -23.1595 -0.95159
    endloop
  endfacet
  facet normal -1 0 0
    outer loop
      vertex -1.5 -23.2472 -0.833355
      vertex -1.5 -23.2472 0.833355
      vertex -1.5 -23.1595 0.95159
    endloop
  endfacet
  facet normal -1 0 0
    outer loop
      vertex -1.5 -23.3229 -0.707094
      vertex -1.5 -23.2472 0.833355
      vertex -1.5 -23.2472 -0.833355
    endloop
  endfacet
  facet normal -1 0 0
    outer loop
      vertex -1.5 -23.3229 -0.707094
      vertex -1.5 -23.3229 0.707094
      vertex -1.5 -23.2472 0.833355
    endloop
  endfacet
  facet normal -1 0 0
    outer loop
      vertex -1.5 -23.3858 -0.574024
      vertex -1.5 -23.3229 0.707094
      vertex -1.5 -23.3229 -0.707094
    endloop
  endfacet
  facet normal -1 0 0
    outer loop
      vertex -1.5 -23.3858 -0.574024
      vertex -1.5 -23.3858 0.574024
      vertex -1.5 -23.3229 0.707094
    endloop
  endfacet
  facet normal -1 0 0
    outer loop
      vertex -1.5 -23.4354 -0.435427
      vertex -1.5 -23.3858 0.574024
      vertex -1.5 -23.3858 -0.574024
    endloop
  endfacet
  facet normal -1 0 0
    outer loop
      vertex -1.5 -23.4354 -0.435427
      vertex -1.5 -23.4354 0.435427
      vertex -1.5 -23.3858 0.574024
    endloop
  endfacet
  facet normal -1 0 0
    outer loop
      vertex -1.5 -23.4712 -0.292635
      vertex -1.5 -23.4354 0.435427
      vertex -1.5 -23.4354 -0.435427
    endloop
  endfacet
  facet normal -1 0 0
    outer loop
      vertex -1.5 -23.4712 -0.292635
      vertex -1.5 -23.4712 0.292635
      vertex -1.5 -23.4354 0.435427
    endloop
  endfacet
  facet normal -1 0 0
    outer loop
      vertex -1.5 -23.4928 -0.147025
      vertex -1.5 -23.4712 0.292635
      vertex -1.5 -23.4712 -0.292635
    endloop
  endfacet
  facet normal -1 0 0
    outer loop
      vertex -1.5 -23.4928 -0.147025
      vertex -1.5 -23.4928 0.147025
      vertex -1.5 -23.4712 0.292635
    endloop
  endfacet
  facet normal -1 0 -0
    outer loop
      vertex -1.5 -23.4928 0.147025
      vertex -1.5 -23.4928 -0.147025
      vertex -1.5 -23.5 0
    endloop
  endfacet
  facet normal 1 0 0
    outer loop
      vertex 1.5 -20.5072 0.147025
      vertex 1.5 -20.5072 -0.147025
      vertex 1.5 -20.5 0
    endloop
  endfacet
  facet normal 1 0 0
    outer loop
      vertex 1.5 -20.5288 0.292635
      vertex 1.5 -20.5072 -0.147025
      vertex 1.5 -20.5072 0.147025
    endloop
  endfacet
  facet normal 1 0 0
    outer loop
      vertex 1.5 -20.5288 0.292635
      vertex 1.5 -20.5288 -0.292635
      vertex 1.5 -20.5072 -0.147025
    endloop
  endfacet
  facet normal 1 0 0
    outer loop
      vertex 1.5 -20.5646 0.435427
      vertex 1.5 -20.5288 -0.292635
      vertex 1.5 -20.5288 0.292635
    endloop
  endfacet
  facet normal 1 0 0
    outer loop
      vertex 1.5 -20.5646 0.435427
      vertex 1.5 -20.5646 -0.435427
      vertex 1.5 -20.5288 -0.292635
    endloop
  endfacet
  facet normal 1 0 0
    outer loop
      vertex 1.5 -20.6142 0.574024
      vertex 1.5 -20.5646 -0.435427
      vertex 1.5 -20.5646 0.435427
    endloop
  endfacet
  facet normal 1 0 0
    outer loop
      vertex 1.5 -20.6142 0.574024
      vertex 1.5 -20.6142 -0.574024
      vertex 1.5 -20.5646 -0.435427
    endloop
  endfacet
  facet normal 1 0 0
    outer loop
      vertex 1.5 -20.6771 0.707094
      vertex 1.5 -20.6142 -0.574024
      vertex 1.5 -20.6142 0.574024
    endloop
  endfacet
  facet normal 1 0 0
    outer loop
      vertex 1.5 -20.6771 0.707094
      vertex 1.5 -20.6771 -0.707094
      vertex 1.5 -20.6142 -0.574024
    endloop
  endfacet
  facet normal 1 0 0
    outer loop
      vertex 1.5 -20.7528 0.833355
      vertex 1.5 -20.6771 -0.707094
      vertex 1.5 -20.6771 0.707094
    endloop
  endfacet
  facet normal 1 0 0
    outer loop
      vertex 1.5 -20.7528 0.833355
      vertex 1.5 -20.7528 -0.833355
      vertex 1.5 -20.6771 -0.707094
    endloop
  endfacet
  facet normal 1 0 0
    outer loop
      vertex 1.5 -20.8405 0.95159
      vertex 1.5 -20.7528 -0.833355
      vertex 1.5 -20.7528 0.833355
    endloop
  endfacet
  facet normal 1 0 0
    outer loop
      vertex 1.5 -20.8405 0.95159
      vertex 1.5 -20.8405 -0.95159
      vertex 1.5 -20.7528 -0.833355
    endloop
  endfacet
  facet normal 1 0 0
    outer loop
      vertex 1.5 -20.9393 1.06066
      vertex 1.5 -20.8405 -0.95159
      vertex 1.5 -20.8405 0.95159
    endloop
  endfacet
  facet normal 1 0 0
    outer loop
      vertex 1.5 -20.9393 1.06066
      vertex 1.5 -20.9393 -1.06066
      vertex 1.5 -20.8405 -0.95159
    endloop
  endfacet
  facet normal 1 0 0
    outer loop
      vertex 1.5 -21.0484 1.15952
      vertex 1.5 -20.9393 -1.06066
      vertex 1.5 -20.9393 1.06066
    endloop
  endfacet
  facet normal 1 0 0
    outer loop
      vertex 1.5 -21.0484 1.15952
      vertex 1.5 -21.0484 -1.15952
      vertex 1.5 -20.9393 -1.06066
    endloop
  endfacet
  facet normal 1 0 0
    outer loop
      vertex 1.5 -21.1666 1.2472
      vertex 1.5 -21.0484 -1.15952
      vertex 1.5 -21.0484 1.15952
    endloop
  endfacet
  facet normal 1 0 0
    outer loop
      vertex 1.5 -21.1666 1.2472
      vertex 1.5 -21.1666 -1.2472
      vertex 1.5 -21.0484 -1.15952
    endloop
  endfacet
  facet normal 1 0 0
    outer loop
      vertex 1.5 -21.2929 1.32288
      vertex 1.5 -21.1666 -1.2472
      vertex 1.5 -21.1666 1.2472
    endloop
  endfacet
  facet normal 1 0 0
    outer loop
      vertex 1.5 -21.2929 1.32288
      vertex 1.5 -21.2929 -1.32288
      vertex 1.5 -21.1666 -1.2472
    endloop
  endfacet
  facet normal 1 0 0
    outer loop
      vertex 1.5 -21.426 1.38582
      vertex 1.5 -21.2929 -1.32288
      vertex 1.5 -21.2929 1.32288
    endloop
  endfacet
  facet normal 1 0 0
    outer loop
      vertex 1.5 -21.426 1.38582
      vertex 1.5 -21.426 -1.38582
      vertex 1.5 -21.2929 -1.32288
    endloop
  endfacet
  facet normal 1 0 0
    outer loop
      vertex 1.5 -21.5646 1.43541
      vertex 1.5 -21.426 -1.38582
      vertex 1.5 -21.426 1.38582
    endloop
  endfacet
  facet normal 1 0 0
    outer loop
      vertex 1.5 -21.5646 1.43541
      vertex 1.5 -21.5646 -1.43541
      vertex 1.5 -21.426 -1.38582
    endloop
  endfacet
  facet normal 1 0 0
    outer loop
      vertex 1.5 -21.7074 1.47118
      vertex 1.5 -21.5646 -1.43541
      vertex 1.5 -21.5646 1.43541
    endloop
  endfacet
  facet normal 1 0 0
    outer loop
      vertex 1.5 -21.7074 1.47118
      vertex 1.5 -21.7074 -1.47118
      vertex 1.5 -21.5646 -1.43541
    endloop
  endfacet
  facet normal 1 0 0
    outer loop
      vertex 1.5 -21.853 1.49278
      vertex 1.5 -21.7074 -1.47118
      vertex 1.5 -21.7074 1.47118
    endloop
  endfacet
  facet normal 1 0 0
    outer loop
      vertex 1.5 -21.853 1.49278
      vertex 1.5 -21.853 -1.49278
      vertex 1.5 -21.7074 -1.47118
    endloop
  endfacet
  facet normal 1 0 0
    outer loop
      vertex 1.5 -22 1.5
      vertex 1.5 -21.853 -1.49278
      vertex 1.5 -21.853 1.49278
    endloop
  endfacet
  facet normal 1 0 0
    outer loop
      vertex 1.5 -22 1.5
      vertex 1.5 -22 -1.5
      vertex 1.5 -21.853 -1.49278
    endloop
  endfacet
  facet normal 1 -0 0
    outer loop
      vertex 1.5 -22.147 1.49278
      vertex 1.5 -22 -1.5
      vertex 1.5 -22 1.5
    endloop
  endfacet
  facet normal 1 0 0
    outer loop
      vertex 1.5 -22.147 1.49278
      vertex 1.5 -22.147 -1.49278
      vertex 1.5 -22 -1.5
    endloop
  endfacet
  facet normal 1 -0 0
    outer loop
      vertex 1.5 -22.2926 1.47118
      vertex 1.5 -22.147 -1.49278
      vertex 1.5 -22.147 1.49278
    endloop
  endfacet
  facet normal 1 0 0
    outer loop
      vertex 1.5 -22.2926 1.47118
      vertex 1.5 -22.2926 -1.47118
      vertex 1.5 -22.147 -1.49278
    endloop
  endfacet
  facet normal 1 -0 0
    outer loop
      vertex 1.5 -22.4354 1.43541
      vertex 1.5 -22.2926 -1.47118
      vertex 1.5 -22.2926 1.47118
    endloop
  endfacet
  facet normal 1 0 0
    outer loop
      vertex 1.5 -22.4354 1.43541
      vertex 1.5 -22.4354 -1.43541
      vertex 1.5 -22.2926 -1.47118
    endloop
  endfacet
  facet normal 1 -0 0
    outer loop
      vertex 1.5 -22.574 1.38582
      vertex 1.5 -22.4354 -1.43541
      vertex 1.5 -22.4354 1.43541
    endloop
  endfacet
  facet normal 1 0 0
    outer loop
      vertex 1.5 -22.574 1.38582
      vertex 1.5 -22.574 -1.38582
      vertex 1.5 -22.4354 -1.43541
    endloop
  endfacet
  facet normal 1 -0 0
    outer loop
      vertex 1.5 -22.7071 1.32288
      vertex 1.5 -22.574 -1.38582
      vertex 1.5 -22.574 1.38582
    endloop
  endfacet
  facet normal 1 0 0
    outer loop
      vertex 1.5 -22.7071 1.32288
      vertex 1.5 -22.7071 -1.32288
      vertex 1.5 -22.574 -1.38582
    endloop
  endfacet
  facet normal 1 -0 0
    outer loop
      vertex 1.5 -22.8334 1.2472
      vertex 1.5 -22.7071 -1.32288
      vertex 1.5 -22.7071 1.32288
    endloop
  endfacet
  facet normal 1 0 0
    outer loop
      vertex 1.5 -22.8334 1.2472
      vertex 1.5 -22.8334 -1.2472
      vertex 1.5 -22.7071 -1.32288
    endloop
  endfacet
  facet normal 1 -0 0
    outer loop
      vertex 1.5 -22.9516 1.15952
      vertex 1.5 -22.8334 -1.2472
      vertex 1.5 -22.8334 1.2472
    endloop
  endfacet
  facet normal 1 0 0
    outer loop
      vertex 1.5 -22.9516 1.15952
      vertex 1.5 -22.9516 -1.15952
      vertex 1.5 -22.8334 -1.2472
    endloop
  endfacet
  facet normal 1 -0 0
    outer loop
      vertex 1.5 -23.0607 1.06066
      vertex 1.5 -22.9516 -1.15952
      vertex 1.5 -22.9516 1.15952
    endloop
  endfacet
  facet normal 1 0 0
    outer loop
      vertex 1.5 -23.0607 1.06066
      vertex 1.5 -23.0607 -1.06066
      vertex 1.5 -22.9516 -1.15952
    endloop
  endfacet
  facet normal 1 -0 0
    outer loop
      vertex 1.5 -23.1595 0.95159
      vertex 1.5 -23.0607 -1.06066
      vertex 1.5 -23.0607 1.06066
    endloop
  endfacet
  facet normal 1 0 0
    outer loop
      vertex 1.5 -23.1595 0.95159
      vertex 1.5 -23.1595 -0.95159
      vertex 1.5 -23.0607 -1.06066
    endloop
  endfacet
  facet normal 1 -0 0
    outer loop
      vertex 1.5 -23.2472 0.833355
      vertex 1.5 -23.1595 -0.95159
      vertex 1.5 -23.1595 0.95159
    endloop
  endfacet
  facet normal 1 0 0
    outer loop
      vertex 1.5 -23.2472 0.833355
      vertex 1.5 -23.2472 -0.833355
      vertex 1.5 -23.1595 -0.95159
    endloop
  endfacet
  facet normal 1 -0 0
    outer loop
      vertex 1.5 -23.3229 0.707094
      vertex 1.5 -23.2472 -0.833355
      vertex 1.5 -23.2472 0.833355
    endloop
  endfacet
  facet normal 1 0 0
    outer loop
      vertex 1.5 -23.3229 0.707094
      vertex 1.5 -23.3229 -0.707094
      vertex 1.5 -23.2472 -0.833355
    endloop
  endfacet
  facet normal 1 -0 0
    outer loop
      vertex 1.5 -23.3858 0.574024
      vertex 1.5 -23.3229 -0.707094
      vertex 1.5 -23.3229 0.707094
    endloop
  endfacet
  facet normal 1 0 0
    outer loop
      vertex 1.5 -23.3858 0.574024
      vertex 1.5 -23.3858 -0.574024
      vertex 1.5 -23.3229 -0.707094
    endloop
  endfacet
  facet normal 1 -0 0
    outer loop
      vertex 1.5 -23.4354 0.435427
      vertex 1.5 -23.3858 -0.574024
      vertex 1.5 -23.3858 0.574024
    endloop
  endfacet
  facet normal 1 0 0
    outer loop
      vertex 1.5 -23.4354 0.435427
      vertex 1.5 -23.4354 -0.435427
      vertex 1.5 -23.3858 -0.574024
    endloop
  endfacet
  facet normal 1 -0 0
    outer loop
      vertex 1.5 -23.4712 0.292635
      vertex 1.5 -23.4354 -0.435427
      vertex 1.5 -23.4354 0.435427
    endloop
  endfacet
  facet normal 1 0 0
    outer loop
      vertex 1.5 -23.4712 0.292635
      vertex 1.5 -23.4712 -0.292635
      vertex 1.5 -23.4354 -0.435427
    endloop
  endfacet
  facet normal 1 -0 0
    outer loop
      vertex 1.5 -23.4928 0.147025
      vertex 1.5 -23.4712 -0.292635
      vertex 1.5 -23.4712 0.292635
    endloop
  endfacet
  facet normal 1 0 0
    outer loop
      vertex 1.5 -23.4928 0.147025
      vertex 1.5 -23.4928 -0.147025
      vertex 1.5 -23.4712 -0.292635
    endloop
  endfacet
  facet normal 1 0 -0
    outer loop
      vertex 1.5 -23.4928 -0.147025
      vertex 1.5 -23.4928 0.147025
      vertex 1.5 -23.5 0
    endloop
  endfacet
  facet normal 0 0.595773 -0.803153
    outer loop
      vertex -1.5 -21.1666 -1.2472
      vertex 1.5 -21.0484 -1.15952
      vertex 1.5 -21.1666 -1.2472
    endloop
  endfacet
  facet normal 0 0.595773 -0.803153
    outer loop
      vertex 1.5 -21.0484 -1.15952
      vertex -1.5 -21.1666 -1.2472
      vertex -1.5 -21.0484 -1.15952
    endloop
  endfacet
  facet normal 0 0.0490565 -0.998796
    outer loop
      vertex -1.5 -22 -1.5
      vertex 1.5 -21.853 -1.49278
      vertex 1.5 -22 -1.5
    endloop
  endfacet
  facet normal 0 0.0490565 -0.998796
    outer loop
      vertex 1.5 -21.853 -1.49278
      vertex -1.5 -22 -1.5
      vertex -1.5 -21.853 -1.49278
    endloop
  endfacet
  facet normal 0 0.803172 0.595747
    outer loop
      vertex 1.5 -20.7528 0.833355
      vertex -1.5 -20.8405 0.95159
      vertex 1.5 -20.8405 0.95159
    endloop
  endfacet
  facet normal 0 0.803172 0.595747
    outer loop
      vertex -1.5 -20.8405 0.95159
      vertex 1.5 -20.7528 0.833355
      vertex -1.5 -20.7528 0.833355
    endloop
  endfacet
  facet normal 1 -0 0
    outer loop
      vertex 35 -1.5 2.5
      vertex 35 1.5 -2.5
      vertex 35 1.5 2.5
    endloop
  endfacet
  facet normal 1 0 0
    outer loop
      vertex 35 1.5 -2.5
      vertex 35 -1.5 2.5
      vertex 35 -1.5 -2.5
    endloop
  endfacet
  facet normal -0 0 1
    outer loop
      vertex 25 1.5 2.5
      vertex 35 -1.5 2.5
      vertex 35 1.5 2.5
    endloop
  endfacet
  facet normal 0 0 1
    outer loop
      vertex 35 -1.5 2.5
      vertex 25 1.5 2.5
      vertex 25 -1.5 2.5
    endloop
  endfacet
  facet normal 0 0 -1
    outer loop
      vertex 25 -1.5 -2.5
      vertex 35 1.5 -2.5
      vertex 35 -1.5 -2.5
    endloop
  endfacet
  facet normal -0 0 -1
    outer loop
      vertex 35 1.5 -2.5
      vertex 25 -1.5 -2.5
      vertex 25 1.5 -2.5
    endloop
  endfacet
  facet normal -1 0 0
    outer loop
      vertex 25 -1.5 -2.5
      vertex 25 1.5 2.5
      vertex 25 1.5 -2.5
    endloop
  endfacet
  facet normal -1 -0 0
    outer loop
      vertex 25 1.5 2.5
      vertex 25 -1.5 -2.5
      vertex 25 -1.5 2.5
    endloop
  endfacet
  facet normal 0 1 -0
    outer loop
      vertex 35 1.5 -2.5
      vertex 25 1.5 2.5
      vertex 35 1.5 2.5
    endloop
  endfacet
  facet normal 0 1 0
    outer loop
      vertex 25 1.5 2.5
      vertex 35 1.5 -2.5
      vertex 25 1.5 -2.5
    endloop
  endfacet
  facet normal 0 -1 0
    outer loop
      vertex 25 -1.5 -2.5
      vertex 35 -1.5 2.5
      vertex 25 -1.5 2.5
    endloop
  endfacet
  facet normal 0 -1 -0
    outer loop
      vertex 35 -1.5 2.5
      vertex 25 -1.5 -2.5
      vertex 35 -1.5 -2.5
    endloop
  endfacet
  facet normal -0 0 1
    outer loop
      vertex -1.5 35 2.5
      vertex 1.5 25 2.5
      vertex 1.5 35 2.5
    endloop
  endfacet
  facet normal 0 0 1
    outer loop
      vertex 1.5 25 2.5
      vertex -1.5 35 2.5
      vertex -1.5 25 2.5
    endloop
  endfacet
  facet normal 0 -1 0
    outer loop
      vertex -1.5 25 -2.5
      vertex 1.5 25 2.5
      vertex -1.5 25 2.5
    endloop
  endfacet
  facet normal 0 -1 -0
    outer loop
      vertex 1.5 25 2.5
      vertex -1.5 25 -2.5
      vertex 1.5 25 -2.5
    endloop
  endfacet
  facet normal -1 0 0
    outer loop
      vertex -1.5 25 -2.5
      vertex -1.5 35 2.5
      vertex -1.5 35 -2.5
    endloop
  endfacet
  facet normal -1 -0 0
    outer loop
      vertex -1.5 35 2.5
      vertex -1.5 25 -2.5
      vertex -1.5 25 2.5
    endloop
  endfacet
  facet normal 0 0 -1
    outer loop
      vertex -1.5 25 -2.5
      vertex 1.5 35 -2.5
      vertex 1.5 25 -2.5
    endloop
  endfacet
  facet normal -0 0 -1
    outer loop
      vertex 1.5 35 -2.5
      vertex -1.5 25 -2.5
      vertex -1.5 35 -2.5
    endloop
  endfacet
  facet normal 1 -0 0
    outer loop
      vertex 1.5 25 2.5
      vertex 1.5 35 -2.5
      vertex 1.5 35 2.5
    endloop
  endfacet
  facet normal 1 0 0
    outer loop
      vertex 1.5 35 -2.5
      vertex 1.5 25 2.5
      vertex 1.5 25 -2.5
    endloop
  endfacet
  facet normal 0 1 -0
    outer loop
      vertex 1.5 35 -2.5
      vertex -1.5 35 2.5
      vertex 1.5 35 2.5
    endloop
  endfacet
  facet normal 0 1 0
    outer loop
      vertex -1.5 35 2.5
      vertex 1.5 35 -2.5
      vertex -1.5 35 -2.5
    endloop
  endfacet
  facet normal -0 0 1
    outer loop
      vertex -35 1.5 2.5
      vertex -25 -1.5 2.5
      vertex -25 1.5 2.5
    endloop
  endfacet
  facet normal 0 0 1
    outer loop
      vertex -25 -1.5 2.5
      vertex -35 1.5 2.5
      vertex -35 -1.5 2.5
    endloop
  endfacet
  facet normal -1 0 0
    outer loop
      vertex -35 -1.5 -2.5
      vertex -35 1.5 2.5
      vertex -35 1.5 -2.5
    endloop
  endfacet
  facet normal -1 -0 0
    outer loop
      vertex -35 1.5 2.5
      vertex -35 -1.5 -2.5
      vertex -35 -1.5 2.5
    endloop
  endfacet
  facet normal 1 -0 0
    outer loop
      vertex -25 -1.5 2.5
      vertex -25 1.5 -2.5
      vertex -25 1.5 2.5
    endloop
  endfacet
  facet normal 1 0 0
    outer loop
      vertex -25 1.5 -2.5
      vertex -25 -1.5 2.5
      vertex -25 -1.5 -2.5
    endloop
  endfacet
  facet normal 0 -1 0
    outer loop
      vertex -35 -1.5 -2.5
      vertex -25 -1.5 2.5
      vertex -35 -1.5 2.5
    endloop
  endfacet
  facet normal 0 -1 -0
    outer loop
      vertex -25 -1.5 2.5
      vertex -35 -1.5 -2.5
      vertex -25 -1.5 -2.5
    endloop
  endfacet
  facet normal 0 0 -1
    outer loop
      vertex -35 -1.5 -2.5
      vertex -25 1.5 -2.5
      vertex -25 -1.5 -2.5
    endloop
  endfacet
  facet normal -0 0 -1
    outer loop
      vertex -25 1.5 -2.5
      vertex -35 -1.5 -2.5
      vertex -35 1.5 -2.5
    endloop
  endfacet
  facet normal 0 1 -0
    outer loop
      vertex -25 1.5 -2.5
      vertex -35 1.5 2.5
      vertex -25 1.5 2.5
    endloop
  endfacet
  facet normal 0 1 0
    outer loop
      vertex -35 1.5 2.5
      vertex -25 1.5 -2.5
      vertex -35 1.5 -2.5
    endloop
  endfacet
  facet normal 0 -1 0
    outer loop
      vertex -1.5 -35 -2.5
      vertex 1.5 -35 2.5
      vertex -1.5 -35 2.5
    endloop
  endfacet
  facet normal 0 -1 -0
    outer loop
      vertex 1.5 -35 2.5
      vertex -1.5 -35 -2.5
      vertex 1.5 -35 -2.5
    endloop
  endfacet
  facet normal -0 0 1
    outer loop
      vertex -1.5 -25 2.5
      vertex 1.5 -35 2.5
      vertex 1.5 -25 2.5
    endloop
  endfacet
  facet normal 0 0 1
    outer loop
      vertex 1.5 -35 2.5
      vertex -1.5 -25 2.5
      vertex -1.5 -35 2.5
    endloop
  endfacet
  facet normal 0 0 -1
    outer loop
      vertex -1.5 -35 -2.5
      vertex 1.5 -25 -2.5
      vertex 1.5 -35 -2.5
    endloop
  endfacet
  facet normal -0 0 -1
    outer loop
      vertex 1.5 -25 -2.5
      vertex -1.5 -35 -2.5
      vertex -1.5 -25 -2.5
    endloop
  endfacet
  facet normal 0 1 -0
    outer loop
      vertex 1.5 -25 -2.5
      vertex -1.5 -25 2.5
      vertex 1.5 -25 2.5
    endloop
  endfacet
  facet normal 0 1 0
    outer loop
      vertex -1.5 -25 2.5
      vertex 1.5 -25 -2.5
      vertex -1.5 -25 -2.5
    endloop
  endfacet
  facet normal -1 0 0
    outer loop
      vertex -1.5 -35 -2.5
      vertex -1.5 -25 2.5
      vertex -1.5 -25 -2.5
    endloop
  endfacet
  facet normal -1 -0 0
    outer loop
      vertex -1.5 -25 2.5
      vertex -1.5 -35 -2.5
      vertex -1.5 -35 2.5
    endloop
  endfacet
  facet normal 1 -0 0
    outer loop
      vertex 1.5 -35 2.5
      vertex 1.5 -25 -2.5
      vertex 1.5 -25 2.5
    endloop
  endfacet
  facet normal 1 0 0
    outer loop
      vertex 1.5 -25 -2.5
      vertex 1.5 -35 2.5
      vertex 1.5 -35 -2.5
    endloop
  endfacet
  facet normal 0 0 1
    outer loop
      vertex 15.5563 17.6777 2.5
      vertex 15.5563 13.435 2.5
      vertex 17.6777 15.5563 2.5
    endloop
  endfacet
  facet normal 0 -0 1
    outer loop
      vertex 15.5563 13.435 2.5
      vertex 15.5563 17.6777 2.5
      vertex 13.435 15.5563 2.5
    endloop
  endfacet
  facet normal 0.707107 0.707107 0
    outer loop
      vertex 17.6777 15.5563 2.5
      vertex 15.5563 17.6777 -2.5
      vertex 15.5563 17.6777 2.5
    endloop
  endfacet
  facet normal 0.707107 0.707107 0
    outer loop
      vertex 15.5563 17.6777 -2.5
      vertex 17.6777 15.5563 2.5
      vertex 17.6777 15.5563 -2.5
    endloop
  endfacet
  facet normal -0.707107 -0.707107 0
    outer loop
      vertex 15.5563 13.435 -2.5
      vertex 13.435 15.5563 2.5
      vertex 13.435 15.5563 -2.5
    endloop
  endfacet
  facet normal -0.707107 -0.707107 0
    outer loop
      vertex 13.435 15.5563 2.5
      vertex 15.5563 13.435 -2.5
      vertex 15.5563 13.435 2.5
    endloop
  endfacet
  facet normal -0.707123 0.70709 0
    outer loop
      vertex 13.435 15.5563 -2.5
      vertex 15.5563 17.6777 2.5
      vertex 15.5563 17.6777 -2.5
    endloop
  endfacet
  facet normal -0.707123 0.70709 0
    outer loop
      vertex 15.5563 17.6777 2.5
      vertex 13.435 15.5563 -2.5
      vertex 13.435 15.5563 2.5
    endloop
  endfacet
  facet normal 0 0 -1
    outer loop
      vertex 15.5563 13.435 -2.5
      vertex 15.5563 17.6777 -2.5
      vertex 17.6777 15.5563 -2.5
    endloop
  endfacet
  facet normal 0 -0 -1
    outer loop
      vertex 15.5563 17.6777 -2.5
      vertex 15.5563 13.435 -2.5
      vertex 13.435 15.5563 -2.5
    endloop
  endfacet
  facet normal 0.70709 -0.707123 0
    outer loop
      vertex 15.5563 13.435 2.5
      vertex 17.6777 15.5563 -2.5
      vertex 17.6777 15.5563 2.5
    endloop
  endfacet
  facet normal 0.70709 -0.707123 0
    outer loop
      vertex 17.6777 15.5563 -2.5
      vertex 15.5563 13.435 2.5
      vertex 15.5563 13.435 -2.5
    endloop
  endfacet
  facet normal 0 0 1
    outer loop
      vertex -15.5563 17.6777 2.5
      vertex -15.5563 13.435 2.5
      vertex -13.435 15.5563 2.5
    endloop
  endfacet
  facet normal 0 -0 1
    outer loop
      vertex -15.5563 13.435 2.5
      vertex -15.5563 17.6777 2.5
      vertex -17.6777 15.5563 2.5
    endloop
  endfacet
  facet normal -0.707107 0.707107 0
    outer loop
      vertex -17.6777 15.5563 -2.5
      vertex -15.5563 17.6777 2.5
      vertex -15.5563 17.6777 -2.5
    endloop
  endfacet
  facet normal -0.707107 0.707107 0
    outer loop
      vertex -15.5563 17.6777 2.5
      vertex -17.6777 15.5563 -2.5
      vertex -17.6777 15.5563 2.5
    endloop
  endfacet
  facet normal 0.707107 -0.707107 0
    outer loop
      vertex -15.5563 13.435 2.5
      vertex -13.435 15.5563 -2.5
      vertex -13.435 15.5563 2.5
    endloop
  endfacet
  facet normal 0.707107 -0.707107 0
    outer loop
      vertex -13.435 15.5563 -2.5
      vertex -15.5563 13.435 2.5
      vertex -15.5563 13.435 -2.5
    endloop
  endfacet
  facet normal -0.70709 -0.707123 0
    outer loop
      vertex -15.5563 13.435 -2.5
      vertex -17.6777 15.5563 2.5
      vertex -17.6777 15.5563 -2.5
    endloop
  endfacet
  facet normal -0.70709 -0.707123 0
    outer loop
      vertex -17.6777 15.5563 2.5
      vertex -15.5563 13.435 -2.5
      vertex -15.5563 13.435 2.5
    endloop
  endfacet
  facet normal 0 0 -1
    outer loop
      vertex -15.5563 13.435 -2.5
      vertex -15.5563 17.6777 -2.5
      vertex -13.435 15.5563 -2.5
    endloop
  endfacet
  facet normal 0 -0 -1
    outer loop
      vertex -15.5563 17.6777 -2.5
      vertex -15.5563 13.435 -2.5
      vertex -17.6777 15.5563 -2.5
    endloop
  endfacet
  facet normal 0.707123 0.70709 0
    outer loop
      vertex -13.435 15.5563 2.5
      vertex -15.5563 17.6777 -2.5
      vertex -15.5563 17.6777 2.5
    endloop
  endfacet
  facet normal 0.707123 0.70709 0
    outer loop
      vertex -15.5563 17.6777 -2.5
      vertex -13.435 15.5563 2.5
      vertex -13.435 15.5563 -2.5
    endloop
  endfacet
  facet normal -0.707107 -0.707107 0
    outer loop
      vertex -15.5563 -17.6777 -2.5
      vertex -17.6777 -15.5563 2.5
      vertex -17.6777 -15.5563 -2.5
    endloop
  endfacet
  facet normal -0.707107 -0.707107 0
    outer loop
      vertex -17.6777 -15.5563 2.5
      vertex -15.5563 -17.6777 -2.5
      vertex -15.5563 -17.6777 2.5
    endloop
  endfacet
  facet normal 0 0 1
    outer loop
      vertex -15.5563 -13.435 2.5
      vertex -15.5563 -17.6777 2.5
      vertex -13.435 -15.5563 2.5
    endloop
  endfacet
  facet normal 0 -0 1
    outer loop
      vertex -15.5563 -17.6777 2.5
      vertex -15.5563 -13.435 2.5
      vertex -17.6777 -15.5563 2.5
    endloop
  endfacet
  facet normal 0 0 -1
    outer loop
      vertex -15.5563 -17.6777 -2.5
      vertex -15.5563 -13.435 -2.5
      vertex -13.435 -15.5563 -2.5
    endloop
  endfacet
  facet normal 0 -0 -1
    outer loop
      vertex -15.5563 -13.435 -2.5
      vertex -15.5563 -17.6777 -2.5
      vertex -17.6777 -15.5563 -2.5
    endloop
  endfacet
  facet normal 0.707107 0.707107 0
    outer loop
      vertex -13.435 -15.5563 2.5
      vertex -15.5563 -13.435 -2.5
      vertex -15.5563 -13.435 2.5
    endloop
  endfacet
  facet normal 0.707107 0.707107 0
    outer loop
      vertex -15.5563 -13.435 -2.5
      vertex -13.435 -15.5563 2.5
      vertex -13.435 -15.5563 -2.5
    endloop
  endfacet
  facet normal 0.707123 -0.70709 0
    outer loop
      vertex -15.5563 -17.6777 2.5
      vertex -13.435 -15.5563 -2.5
      vertex -13.435 -15.5563 2.5
    endloop
  endfacet
  facet normal 0.707123 -0.70709 0
    outer loop
      vertex -13.435 -15.5563 -2.5
      vertex -15.5563 -17.6777 2.5
      vertex -15.5563 -17.6777 -2.5
    endloop
  endfacet
  facet normal -0.70709 0.707123 0
    outer loop
      vertex -17.6777 -15.5563 -2.5
      vertex -15.5563 -13.435 2.5
      vertex -15.5563 -13.435 -2.5
    endloop
  endfacet
  facet normal -0.70709 0.707123 0
    outer loop
      vertex -15.5563 -13.435 2.5
      vertex -17.6777 -15.5563 -2.5
      vertex -17.6777 -15.5563 2.5
    endloop
  endfacet
  facet normal 0.707107 -0.707107 0
    outer loop
      vertex 15.5563 -17.6777 2.5
      vertex 17.6777 -15.5563 -2.5
      vertex 17.6777 -15.5563 2.5
    endloop
  endfacet
  facet normal 0.707107 -0.707107 0
    outer loop
      vertex 17.6777 -15.5563 -2.5
      vertex 15.5563 -17.6777 2.5
      vertex 15.5563 -17.6777 -2.5
    endloop
  endfacet
  facet normal 0 0 1
    outer loop
      vertex 15.5563 -13.435 2.5
      vertex 15.5563 -17.6777 2.5
      vertex 17.6777 -15.5563 2.5
    endloop
  endfacet
  facet normal 0 -0 1
    outer loop
      vertex 15.5563 -17.6777 2.5
      vertex 15.5563 -13.435 2.5
      vertex 13.435 -15.5563 2.5
    endloop
  endfacet
  facet normal 0 0 -1
    outer loop
      vertex 15.5563 -17.6777 -2.5
      vertex 15.5563 -13.435 -2.5
      vertex 17.6777 -15.5563 -2.5
    endloop
  endfacet
  facet normal 0 -0 -1
    outer loop
      vertex 15.5563 -13.435 -2.5
      vertex 15.5563 -17.6777 -2.5
      vertex 13.435 -15.5563 -2.5
    endloop
  endfacet
  facet normal -0.707107 0.707107 0
    outer loop
      vertex 13.435 -15.5563 -2.5
      vertex 15.5563 -13.435 2.5
      vertex 15.5563 -13.435 -2.5
    endloop
  endfacet
  facet normal -0.707107 0.707107 0
    outer loop
      vertex 15.5563 -13.435 2.5
      vertex 13.435 -15.5563 -2.5
      vertex 13.435 -15.5563 2.5
    endloop
  endfacet
  facet normal 0.70709 0.707123 0
    outer loop
      vertex 17.6777 -15.5563 2.5
      vertex 15.5563 -13.435 -2.5
      vertex 15.5563 -13.435 2.5
    endloop
  endfacet
  facet normal 0.70709 0.707123 0
    outer loop
      vertex 15.5563 -13.435 -2.5
      vertex 17.6777 -15.5563 2.5
      vertex 17.6777 -15.5563 -2.5
    endloop
  endfacet
  facet normal -0.707123 -0.70709 0
    outer loop
      vertex 15.5563 -17.6777 -2.5
      vertex 13.435 -15.5563 2.5
      vertex 13.435 -15.5563 -2.5
    endloop
  endfacet
  facet normal -0.707123 -0.70709 0
    outer loop
      vertex 13.435 -15.5563 2.5
      vertex 15.5563 -17.6777 -2.5
      vertex 15.5563 -17.6777 2.5
    endloop
  endfacet
endsolid OpenSCAD_Model
