solid OpenSCAD_Model
  facet normal 0.671545 0 -0.740964
    outer loop
      vertex 2.53757 -3.09204 -3.09204
      vertex 2.82843 -45 -2.82843
      vertex 2.53757 -45 -3.09204
    endloop
  endfacet
  facet normal 0.671545 0 -0.740964
    outer loop
      vertex 2.82843 -45 -2.82843
      vertex 2.53757 -3.09204 -3.09204
      vertex 2.82843 -2.82843 -2.82843
    endloop
  endfacet
  facet normal 0.671545 0 -0.740964
    outer loop
      vertex 2.53757 3.09204 -3.09204
      vertex 2.82843 45 -2.82843
      vertex 2.82843 2.82843 -2.82843
    endloop
  endfacet
  facet normal 0.671545 0 -0.740964
    outer loop
      vertex 2.82843 45 -2.82843
      vertex 2.53757 3.09204 -3.09204
      vertex 2.53757 45 -3.09204
    endloop
  endfacet
  facet normal 0.989176 -0 0.146736
    outer loop
      vertex 3.92314 0.780361 0.780361
      vertex 3.98074 45 0.392068
      vertex 3.92314 45 0.780361
    endloop
  endfacet
  facet normal 0.989176 0 0.146736
    outer loop
      vertex 3.98074 45 0.392068
      vertex 3.92314 0.780361 0.780361
      vertex 3.98074 0.392068 0.392068
    endloop
  endfacet
  facet normal 0.989176 0 0.146736
    outer loop
      vertex 3.98074 -45 0.392068
      vertex 3.92314 -0.780361 0.780361
      vertex 3.92314 -45 0.780361
    endloop
  endfacet
  facet normal 0.989176 0 0.146736
    outer loop
      vertex 3.92314 -0.780361 0.780361
      vertex 3.98074 -45 0.392068
      vertex 3.98074 -0.392068 0.392068
    endloop
  endfacet
  facet normal 0.998796 -0 0.049065
    outer loop
      vertex 3.98074 0.392068 0.392068
      vertex 4 45 0
      vertex 3.98074 45 0.392068
    endloop
  endfacet
  facet normal 0.998796 0 0.049065
    outer loop
      vertex 4 45 0
      vertex 3.98074 0.392068 0.392068
      vertex 4 0 0
    endloop
  endfacet
  facet normal 0.998796 0 0.049065
    outer loop
      vertex 4 -45 0
      vertex 3.98074 -0.392068 0.392068
      vertex 3.98074 -45 0.392068
    endloop
  endfacet
  facet normal 0.998796 0 0.049065
    outer loop
      vertex 3.98074 -0.392068 0.392068
      vertex 4 -45 0
      vertex 4 0 0
    endloop
  endfacet
  facet normal 0.427563 0 -0.903986
    outer loop
      vertex 1.53073 -3.69552 -3.69552
      vertex 1.88559 -45 -3.52768
      vertex 1.53073 -45 -3.69552
    endloop
  endfacet
  facet normal 0.427563 0 -0.903986
    outer loop
      vertex 1.88559 -45 -3.52768
      vertex 1.53073 -3.69552 -3.69552
      vertex 1.88559 -3.52768 -3.52768
    endloop
  endfacet
  facet normal 0.427563 0 -0.903986
    outer loop
      vertex 1.53073 3.69552 -3.69552
      vertex 1.88559 45 -3.52768
      vertex 1.88559 3.52768 -3.52768
    endloop
  endfacet
  facet normal 0.427563 0 -0.903986
    outer loop
      vertex 1.88559 45 -3.52768
      vertex 1.53073 3.69552 -3.69552
      vertex 1.53073 45 -3.69552
    endloop
  endfacet
  facet normal 0.970031 -0 0.24298
    outer loop
      vertex 3.82776 1.16114 1.16114
      vertex 3.92314 45 0.780361
      vertex 3.82776 45 1.16114
    endloop
  endfacet
  facet normal 0.970031 0 0.24298
    outer loop
      vertex 3.92314 45 0.780361
      vertex 3.82776 1.16114 1.16114
      vertex 3.92314 0.780361 0.780361
    endloop
  endfacet
  facet normal 0.970031 0 0.24298
    outer loop
      vertex 3.92314 -45 0.780361
      vertex 3.82776 -1.16114 1.16114
      vertex 3.82776 -45 1.16114
    endloop
  endfacet
  facet normal 0.970031 0 0.24298
    outer loop
      vertex 3.82776 -1.16114 1.16114
      vertex 3.92314 -45 0.780361
      vertex 3.92314 -0.780361 0.780361
    endloop
  endfacet
  facet normal -0.671561 0 0.74095
    outer loop
      vertex -2.53757 45 3.09204
      vertex -2.63912 5 3
      vertex -2.53757 5 3.09204
    endloop
  endfacet
  facet normal -0.671545 -7.38073e-08 0.740964
    outer loop
      vertex -2.82843 45 2.82843
      vertex -2.63912 5 3
      vertex -2.53757 45 3.09204
    endloop
  endfacet
  facet normal -0.671536 0 0.740972
    outer loop
      vertex -2.82843 2.82843 2.82843
      vertex -2.63912 5 3
      vertex -2.82843 45 2.82843
    endloop
  endfacet
  facet normal -0.671536 0 0.740972
    outer loop
      vertex -2.63912 5 3
      vertex -2.82843 2.82843 2.82843
      vertex -2.63912 3 3
    endloop
  endfacet
  facet normal -0.671536 0 0.740972
    outer loop
      vertex -2.63912 -3 3
      vertex -2.82843 -2.82843 2.82843
      vertex -2.63912 -5 3
    endloop
  endfacet
  facet normal -0.671561 0 0.74095
    outer loop
      vertex -2.63912 -5 3
      vertex -2.53757 -45 3.09204
      vertex -2.53757 -5 3.09204
    endloop
  endfacet
  facet normal -0.671536 0 0.740972
    outer loop
      vertex -2.82843 -45 2.82843
      vertex -2.63912 -5 3
      vertex -2.82843 -2.82843 2.82843
    endloop
  endfacet
  facet normal -0.671545 7.38073e-08 0.740964
    outer loop
      vertex -2.63912 -5 3
      vertex -2.82843 -45 2.82843
      vertex -2.53757 -45 3.09204
    endloop
  endfacet
  facet normal -0.427563 -0 -0.903986
    outer loop
      vertex -1.88559 45 -3.52768
      vertex -1.53073 3.69552 -3.69552
      vertex -1.88559 3.52768 -3.52768
    endloop
  endfacet
  facet normal -0.427563 0 -0.903986
    outer loop
      vertex -1.53073 3.69552 -3.69552
      vertex -1.88559 45 -3.52768
      vertex -1.53073 45 -3.69552
    endloop
  endfacet
  facet normal -0.427563 0 -0.903986
    outer loop
      vertex -1.88559 -45 -3.52768
      vertex -1.53073 -3.69552 -3.69552
      vertex -1.53073 -45 -3.69552
    endloop
  endfacet
  facet normal -0.427563 0 -0.903986
    outer loop
      vertex -1.53073 -3.69552 -3.69552
      vertex -1.88559 -45 -3.52768
      vertex -1.88559 -3.52768 -3.52768
    endloop
  endfacet
  facet normal -0.970031 0 0.24298
    outer loop
      vertex -3.92314 -45 0.780361
      vertex -3.82776 -1.16114 1.16114
      vertex -3.92314 -0.780361 0.780361
    endloop
  endfacet
  facet normal -0.970031 0 0.24298
    outer loop
      vertex -3.82776 -1.16114 1.16114
      vertex -3.92314 -45 0.780361
      vertex -3.82776 -45 1.16114
    endloop
  endfacet
  facet normal -0.970031 0 0.24298
    outer loop
      vertex -3.92314 45 0.780361
      vertex -3.82776 1.16114 1.16114
      vertex -3.82776 45 1.16114
    endloop
  endfacet
  facet normal -0.970031 0 0.24298
    outer loop
      vertex -3.82776 1.16114 1.16114
      vertex -3.92314 45 0.780361
      vertex -3.92314 0.780361 0.780361
    endloop
  endfacet
  facet normal 0.941545 -0 0.336887
    outer loop
      vertex 3.69552 1.53073 1.53073
      vertex 3.82776 45 1.16114
      vertex 3.69552 45 1.53073
    endloop
  endfacet
  facet normal 0.941545 0 0.336887
    outer loop
      vertex 3.82776 45 1.16114
      vertex 3.69552 1.53073 1.53073
      vertex 3.82776 1.16114 1.16114
    endloop
  endfacet
  facet normal 0.941545 0 0.336887
    outer loop
      vertex 3.82776 -45 1.16114
      vertex 3.69552 -1.53073 1.53073
      vertex 3.69552 -45 1.53073
    endloop
  endfacet
  facet normal 0.941545 0 0.336887
    outer loop
      vertex 3.69552 -1.53073 1.53073
      vertex 3.82776 -45 1.16114
      vertex 3.82776 -1.16114 1.16114
    endloop
  endfacet
  facet normal 0.427563 0 0.903986
    outer loop
      vertex 1.53073 45 3.69552
      vertex 1.88559 5 3.52768
      vertex 1.88559 45 3.52768
    endloop
  endfacet
  facet normal 0.427563 0 0.903986
    outer loop
      vertex 1.88559 5 3.52768
      vertex 1.53073 45 3.69552
      vertex 1.53073 5 3.69552
    endloop
  endfacet
  facet normal 0.427563 0 0.903986
    outer loop
      vertex 1.53073 -5 3.69552
      vertex 1.88559 -45 3.52768
      vertex 1.88559 -5 3.52768
    endloop
  endfacet
  facet normal 0.427563 0 0.903986
    outer loop
      vertex 1.88559 -45 3.52768
      vertex 1.53073 -5 3.69552
      vertex 1.53073 -45 3.69552
    endloop
  endfacet
  facet normal -0.989176 0 0.146736
    outer loop
      vertex -3.98074 45 0.392068
      vertex -3.92314 0.780361 0.780361
      vertex -3.92314 45 0.780361
    endloop
  endfacet
  facet normal -0.989176 0 0.146736
    outer loop
      vertex -3.92314 0.780361 0.780361
      vertex -3.98074 45 0.392068
      vertex -3.98074 0.392068 0.392068
    endloop
  endfacet
  facet normal -0.989176 0 0.146736
    outer loop
      vertex -3.98074 -45 0.392068
      vertex -3.92314 -0.780361 0.780361
      vertex -3.98074 -0.392068 0.392068
    endloop
  endfacet
  facet normal -0.989176 0 0.146736
    outer loop
      vertex -3.92314 -0.780361 0.780361
      vertex -3.98074 -45 0.392068
      vertex -3.92314 -45 0.780361
    endloop
  endfacet
  facet normal -0.146736 0 -0.989176
    outer loop
      vertex -0.780361 -45 -3.92314
      vertex -0.392068 -3.98074 -3.98074
      vertex -0.392068 -45 -3.98074
    endloop
  endfacet
  facet normal -0.146736 0 -0.989176
    outer loop
      vertex -0.392068 -3.98074 -3.98074
      vertex -0.780361 -45 -3.92314
      vertex -0.780361 -3.92314 -3.92314
    endloop
  endfacet
  facet normal -0.146736 -0 -0.989176
    outer loop
      vertex -0.780361 45 -3.92314
      vertex -0.392068 3.98074 -3.98074
      vertex -0.780361 3.92314 -3.92314
    endloop
  endfacet
  facet normal -0.146736 0 -0.989176
    outer loop
      vertex -0.392068 3.98074 -3.98074
      vertex -0.780361 45 -3.92314
      vertex -0.392068 45 -3.98074
    endloop
  endfacet
  facet normal 0.336887 0 -0.941545
    outer loop
      vertex 1.16114 -3.82776 -3.82776
      vertex 1.53073 -45 -3.69552
      vertex 1.16114 -45 -3.82776
    endloop
  endfacet
  facet normal 0.336887 0 -0.941545
    outer loop
      vertex 1.53073 -45 -3.69552
      vertex 1.16114 -3.82776 -3.82776
      vertex 1.53073 -3.69552 -3.69552
    endloop
  endfacet
  facet normal 0.336887 0 -0.941545
    outer loop
      vertex 1.16114 3.82776 -3.82776
      vertex 1.53073 45 -3.69552
      vertex 1.53073 3.69552 -3.69552
    endloop
  endfacet
  facet normal 0.336887 0 -0.941545
    outer loop
      vertex 1.53073 45 -3.69552
      vertex 1.16114 3.82776 -3.82776
      vertex 1.16114 45 -3.82776
    endloop
  endfacet
  facet normal 0.24298 0 0.970031
    outer loop
      vertex 0.780361 45 3.92314
      vertex 1.16114 5 3.82776
      vertex 1.16114 45 3.82776
    endloop
  endfacet
  facet normal 0.24298 0 0.970031
    outer loop
      vertex 1.16114 5 3.82776
      vertex 0.780361 45 3.92314
      vertex 0.780361 5 3.92314
    endloop
  endfacet
  facet normal 0.24298 0 0.970031
    outer loop
      vertex 0.780361 -5 3.92314
      vertex 1.16114 -45 3.82776
      vertex 1.16114 -5 3.82776
    endloop
  endfacet
  facet normal 0.24298 0 0.970031
    outer loop
      vertex 1.16114 -45 3.82776
      vertex 0.780361 -5 3.92314
      vertex 0.780361 -45 3.92314
    endloop
  endfacet
  facet normal 0.903986 0 -0.427563
    outer loop
      vertex 3.69552 -45 -1.53073
      vertex 3.52768 -1.88559 -1.88559
      vertex 3.69552 -1.53073 -1.53073
    endloop
  endfacet
  facet normal 0.903986 0 -0.427563
    outer loop
      vertex 3.52768 -1.88559 -1.88559
      vertex 3.69552 -45 -1.53073
      vertex 3.52768 -45 -1.88559
    endloop
  endfacet
  facet normal 0.903986 0 -0.427563
    outer loop
      vertex 3.69552 45 -1.53073
      vertex 3.52768 1.88559 -1.88559
      vertex 3.52768 45 -1.88559
    endloop
  endfacet
  facet normal 0.903986 0 -0.427563
    outer loop
      vertex 3.52768 1.88559 -1.88559
      vertex 3.69552 45 -1.53073
      vertex 3.69552 1.53073 -1.53073
    endloop
  endfacet
  facet normal -0.857733 0 -0.514095
    outer loop
      vertex -3.52768 -45 -1.88559
      vertex -3.32588 -2.22228 -2.22228
      vertex -3.32588 -45 -2.22228
    endloop
  endfacet
  facet normal -0.857733 0 -0.514095
    outer loop
      vertex -3.32588 -2.22228 -2.22228
      vertex -3.52768 -45 -1.88559
      vertex -3.52768 -1.88559 -1.88559
    endloop
  endfacet
  facet normal -0.857733 0 -0.514095
    outer loop
      vertex -3.32588 2.22228 -2.22228
      vertex -3.52768 45 -1.88559
      vertex -3.32588 45 -2.22228
    endloop
  endfacet
  facet normal -0.857733 -0 -0.514095
    outer loop
      vertex -3.52768 45 -1.88559
      vertex -3.32588 2.22228 -2.22228
      vertex -3.52768 1.88559 -1.88559
    endloop
  endfacet
  facet normal -0.970031 0 -0.24298
    outer loop
      vertex -3.82776 1.16114 -1.16114
      vertex -3.92314 45 -0.780361
      vertex -3.82776 45 -1.16114
    endloop
  endfacet
  facet normal -0.970031 -0 -0.24298
    outer loop
      vertex -3.92314 45 -0.780361
      vertex -3.82776 1.16114 -1.16114
      vertex -3.92314 0.780361 -0.780361
    endloop
  endfacet
  facet normal -0.970031 0 -0.24298
    outer loop
      vertex -3.92314 -45 -0.780361
      vertex -3.82776 -1.16114 -1.16114
      vertex -3.82776 -45 -1.16114
    endloop
  endfacet
  facet normal -0.970031 0 -0.24298
    outer loop
      vertex -3.82776 -1.16114 -1.16114
      vertex -3.92314 -45 -0.780361
      vertex -3.92314 -0.780361 -0.780361
    endloop
  endfacet
  facet normal 0.146736 0 -0.989176
    outer loop
      vertex 0.392068 -3.98074 -3.98074
      vertex 0.780361 -45 -3.92314
      vertex 0.392068 -45 -3.98074
    endloop
  endfacet
  facet normal 0.146736 0 -0.989176
    outer loop
      vertex 0.780361 -45 -3.92314
      vertex 0.392068 -3.98074 -3.98074
      vertex 0.780361 -3.92314 -3.92314
    endloop
  endfacet
  facet normal 0.146736 0 -0.989176
    outer loop
      vertex 0.392068 3.98074 -3.98074
      vertex 0.780361 45 -3.92314
      vertex 0.780361 3.92314 -3.92314
    endloop
  endfacet
  facet normal 0.146736 0 -0.989176
    outer loop
      vertex 0.780361 45 -3.92314
      vertex 0.392068 3.98074 -3.98074
      vertex 0.392068 45 -3.98074
    endloop
  endfacet
  facet normal -0.336887 0 -0.941545
    outer loop
      vertex -1.53073 -45 -3.69552
      vertex -1.16114 -3.82776 -3.82776
      vertex -1.16114 -45 -3.82776
    endloop
  endfacet
  facet normal -0.336887 0 -0.941545
    outer loop
      vertex -1.16114 -3.82776 -3.82776
      vertex -1.53073 -45 -3.69552
      vertex -1.53073 -3.69552 -3.69552
    endloop
  endfacet
  facet normal -0.336887 -0 -0.941545
    outer loop
      vertex -1.53073 45 -3.69552
      vertex -1.16114 3.82776 -3.82776
      vertex -1.53073 3.69552 -3.69552
    endloop
  endfacet
  facet normal -0.336887 0 -0.941545
    outer loop
      vertex -1.16114 3.82776 -3.82776
      vertex -1.53073 45 -3.69552
      vertex -1.16114 45 -3.82776
    endloop
  endfacet
  facet normal -0.336887 0 0.941545
    outer loop
      vertex -1.53073 -5 3.69552
      vertex -1.16114 -45 3.82776
      vertex -1.16114 -5 3.82776
    endloop
  endfacet
  facet normal -0.336887 0 0.941545
    outer loop
      vertex -1.16114 -45 3.82776
      vertex -1.53073 -5 3.69552
      vertex -1.53073 -45 3.69552
    endloop
  endfacet
  facet normal -0.336887 0 0.941545
    outer loop
      vertex -1.53073 45 3.69552
      vertex -1.16114 5 3.82776
      vertex -1.16114 45 3.82776
    endloop
  endfacet
  facet normal -0.336887 0 0.941545
    outer loop
      vertex -1.16114 5 3.82776
      vertex -1.53073 45 3.69552
      vertex -1.53073 5 3.69552
    endloop
  endfacet
  facet normal 0.049065 0 -0.998796
    outer loop
      vertex 0 4 -4
      vertex 0.392068 45 -3.98074
      vertex 0.392068 3.98074 -3.98074
    endloop
  endfacet
  facet normal 0.049065 0 -0.998796
    outer loop
      vertex 0.392068 45 -3.98074
      vertex 0 4 -4
      vertex 0 45 -4
    endloop
  endfacet
  facet normal 0.049065 0 -0.998796
    outer loop
      vertex 0 -4 -4
      vertex 0.392068 -45 -3.98074
      vertex 0 -45 -4
    endloop
  endfacet
  facet normal 0.049065 0 -0.998796
    outer loop
      vertex 0.392068 -45 -3.98074
      vertex 0 -4 -4
      vertex 0.392068 -3.98074 -3.98074
    endloop
  endfacet
  facet normal 0.514095 0 -0.857733
    outer loop
      vertex 1.88559 -3.52768 -3.52768
      vertex 2.22228 -45 -3.32588
      vertex 1.88559 -45 -3.52768
    endloop
  endfacet
  facet normal 0.514095 0 -0.857733
    outer loop
      vertex 2.22228 -45 -3.32588
      vertex 1.88559 -3.52768 -3.52768
      vertex 2.22228 -3.32588 -3.32588
    endloop
  endfacet
  facet normal 0.514095 0 -0.857733
    outer loop
      vertex 1.88559 3.52768 -3.52768
      vertex 2.22228 45 -3.32588
      vertex 2.22228 3.32588 -3.32588
    endloop
  endfacet
  facet normal 0.514095 0 -0.857733
    outer loop
      vertex 2.22228 45 -3.32588
      vertex 1.88559 3.52768 -3.52768
      vertex 1.88559 45 -3.52768
    endloop
  endfacet
  facet normal -0.595708 -0 -0.803201
    outer loop
      vertex -2.53757 45 -3.09204
      vertex -2.22228 3.32588 -3.32588
      vertex -2.53757 3.09204 -3.09204
    endloop
  endfacet
  facet normal -0.595708 0 -0.803201
    outer loop
      vertex -2.22228 3.32588 -3.32588
      vertex -2.53757 45 -3.09204
      vertex -2.22228 45 -3.32588
    endloop
  endfacet
  facet normal -0.595708 0 -0.803201
    outer loop
      vertex -2.53757 -45 -3.09204
      vertex -2.22228 -3.32588 -3.32588
      vertex -2.22228 -45 -3.32588
    endloop
  endfacet
  facet normal -0.595708 0 -0.803201
    outer loop
      vertex -2.22228 -3.32588 -3.32588
      vertex -2.53757 -45 -3.09204
      vertex -2.53757 -3.09204 -3.09204
    endloop
  endfacet
  facet normal -0.903986 0 -0.427563
    outer loop
      vertex -3.69552 -45 -1.53073
      vertex -3.52768 -1.88559 -1.88559
      vertex -3.52768 -45 -1.88559
    endloop
  endfacet
  facet normal -0.903986 0 -0.427563
    outer loop
      vertex -3.52768 -1.88559 -1.88559
      vertex -3.69552 -45 -1.53073
      vertex -3.69552 -1.53073 -1.53073
    endloop
  endfacet
  facet normal -0.903986 0 -0.427563
    outer loop
      vertex -3.52768 1.88559 -1.88559
      vertex -3.69552 45 -1.53073
      vertex -3.52768 45 -1.88559
    endloop
  endfacet
  facet normal -0.903986 -0 -0.427563
    outer loop
      vertex -3.69552 45 -1.53073
      vertex -3.52768 1.88559 -1.88559
      vertex -3.69552 1.53073 -1.53073
    endloop
  endfacet
  facet normal -0.146736 0 0.989176
    outer loop
      vertex -0.780361 45 3.92314
      vertex -0.392068 5 3.98074
      vertex -0.392068 45 3.98074
    endloop
  endfacet
  facet normal -0.146736 0 0.989176
    outer loop
      vertex -0.392068 5 3.98074
      vertex -0.780361 45 3.92314
      vertex -0.780361 5 3.92314
    endloop
  endfacet
  facet normal -0.146736 0 0.989176
    outer loop
      vertex -0.780361 -5 3.92314
      vertex -0.392068 -45 3.98074
      vertex -0.392068 -5 3.98074
    endloop
  endfacet
  facet normal -0.146736 0 0.989176
    outer loop
      vertex -0.392068 -45 3.98074
      vertex -0.780361 -5 3.92314
      vertex -0.780361 -45 3.92314
    endloop
  endfacet
  facet normal 0.595708 0 -0.803201
    outer loop
      vertex 2.22228 -3.32588 -3.32588
      vertex 2.53757 -45 -3.09204
      vertex 2.22228 -45 -3.32588
    endloop
  endfacet
  facet normal 0.595708 0 -0.803201
    outer loop
      vertex 2.53757 -45 -3.09204
      vertex 2.22228 -3.32588 -3.32588
      vertex 2.53757 -3.09204 -3.09204
    endloop
  endfacet
  facet normal 0.595708 0 -0.803201
    outer loop
      vertex 2.22228 3.32588 -3.32588
      vertex 2.53757 45 -3.09204
      vertex 2.53757 3.09204 -3.09204
    endloop
  endfacet
  facet normal 0.595708 0 -0.803201
    outer loop
      vertex 2.53757 45 -3.09204
      vertex 2.22228 3.32588 -3.32588
      vertex 2.22228 45 -3.32588
    endloop
  endfacet
  facet normal -0.24298 0 -0.970031
    outer loop
      vertex -1.16114 -45 -3.82776
      vertex -0.780361 -3.92314 -3.92314
      vertex -0.780361 -45 -3.92314
    endloop
  endfacet
  facet normal -0.24298 0 -0.970031
    outer loop
      vertex -0.780361 -3.92314 -3.92314
      vertex -1.16114 -45 -3.82776
      vertex -1.16114 -3.82776 -3.82776
    endloop
  endfacet
  facet normal -0.24298 -0 -0.970031
    outer loop
      vertex -1.16114 45 -3.82776
      vertex -0.780361 3.92314 -3.92314
      vertex -1.16114 3.82776 -3.82776
    endloop
  endfacet
  facet normal -0.24298 0 -0.970031
    outer loop
      vertex -0.780361 3.92314 -3.92314
      vertex -1.16114 45 -3.82776
      vertex -0.780361 45 -3.92314
    endloop
  endfacet
  facet normal 0.514095 0 0.857733
    outer loop
      vertex 1.88559 45 3.52768
      vertex 2.22228 5 3.32588
      vertex 2.22228 45 3.32588
    endloop
  endfacet
  facet normal 0.514095 0 0.857733
    outer loop
      vertex 2.22228 5 3.32588
      vertex 1.88559 45 3.52768
      vertex 1.88559 5 3.52768
    endloop
  endfacet
  facet normal 0.514095 0 0.857733
    outer loop
      vertex 1.88559 -5 3.52768
      vertex 2.22228 -45 3.32588
      vertex 2.22228 -5 3.32588
    endloop
  endfacet
  facet normal 0.514095 0 0.857733
    outer loop
      vertex 2.22228 -45 3.32588
      vertex 1.88559 -5 3.52768
      vertex 1.88559 -45 3.52768
    endloop
  endfacet
  facet normal -0.998796 0 -0.049065
    outer loop
      vertex -3.98074 0.392068 -0.392068
      vertex -4 45 0
      vertex -3.98074 45 -0.392068
    endloop
  endfacet
  facet normal -0.998796 -0 -0.049065
    outer loop
      vertex -4 45 0
      vertex -3.98074 0.392068 -0.392068
      vertex -4 0 0
    endloop
  endfacet
  facet normal -0.998796 0 -0.049065
    outer loop
      vertex -4 -45 0
      vertex -3.98074 -0.392068 -0.392068
      vertex -3.98074 -45 -0.392068
    endloop
  endfacet
  facet normal -0.998796 0 -0.049065
    outer loop
      vertex -3.98074 -0.392068 -0.392068
      vertex -4 -45 0
      vertex -4 0 0
    endloop
  endfacet
  facet normal 0.740964 -0 0.671545
    outer loop
      vertex 2.82843 2.82843 2.82843
      vertex 3.09204 45 2.53757
      vertex 2.82843 45 2.82843
    endloop
  endfacet
  facet normal 0.740964 0 0.671545
    outer loop
      vertex 3.09204 45 2.53757
      vertex 2.82843 2.82843 2.82843
      vertex 3.09204 2.53757 2.53757
    endloop
  endfacet
  facet normal 0.740964 0 0.671545
    outer loop
      vertex 3.09204 -45 2.53757
      vertex 2.82843 -2.82843 2.82843
      vertex 2.82843 -45 2.82843
    endloop
  endfacet
  facet normal 0.740964 0 0.671545
    outer loop
      vertex 2.82843 -2.82843 2.82843
      vertex 3.09204 -45 2.53757
      vertex 3.09204 -2.53757 2.53757
    endloop
  endfacet
  facet normal 0.803201 0 0.595708
    outer loop
      vertex 3.32588 -45 2.22228
      vertex 3.09204 -2.53757 2.53757
      vertex 3.09204 -45 2.53757
    endloop
  endfacet
  facet normal 0.803201 0 0.595708
    outer loop
      vertex 3.09204 -2.53757 2.53757
      vertex 3.32588 -45 2.22228
      vertex 3.32588 -2.22228 2.22228
    endloop
  endfacet
  facet normal 0.803201 -0 0.595708
    outer loop
      vertex 3.09204 2.53757 2.53757
      vertex 3.32588 45 2.22228
      vertex 3.09204 45 2.53757
    endloop
  endfacet
  facet normal 0.803201 0 0.595708
    outer loop
      vertex 3.32588 45 2.22228
      vertex 3.09204 2.53757 2.53757
      vertex 3.32588 2.22228 2.22228
    endloop
  endfacet
  facet normal 0.595708 0 0.803201
    outer loop
      vertex 2.22228 -5 3.32588
      vertex 2.53757 -45 3.09204
      vertex 2.53757 -5 3.09204
    endloop
  endfacet
  facet normal 0.595708 0 0.803201
    outer loop
      vertex 2.53757 -45 3.09204
      vertex 2.22228 -5 3.32588
      vertex 2.22228 -45 3.32588
    endloop
  endfacet
  facet normal 0.595708 0 0.803201
    outer loop
      vertex 2.22228 45 3.32588
      vertex 2.53757 5 3.09204
      vertex 2.53757 45 3.09204
    endloop
  endfacet
  facet normal 0.595708 0 0.803201
    outer loop
      vertex 2.53757 5 3.09204
      vertex 2.22228 45 3.32588
      vertex 2.22228 5 3.32588
    endloop
  endfacet
  facet normal 0.989176 0 -0.146736
    outer loop
      vertex 3.98074 45 -0.392068
      vertex 3.92314 0.780361 -0.780361
      vertex 3.92314 45 -0.780361
    endloop
  endfacet
  facet normal 0.989176 0 -0.146736
    outer loop
      vertex 3.92314 0.780361 -0.780361
      vertex 3.98074 45 -0.392068
      vertex 3.98074 0.392068 -0.392068
    endloop
  endfacet
  facet normal 0.989176 0 -0.146736
    outer loop
      vertex 3.98074 -45 -0.392068
      vertex 3.92314 -0.780361 -0.780361
      vertex 3.98074 -0.392068 -0.392068
    endloop
  endfacet
  facet normal 0.989176 0 -0.146736
    outer loop
      vertex 3.92314 -0.780361 -0.780361
      vertex 3.98074 -45 -0.392068
      vertex 3.92314 -45 -0.780361
    endloop
  endfacet
  facet normal -0.941545 0 0.336887
    outer loop
      vertex -3.82776 -45 1.16114
      vertex -3.69552 -1.53073 1.53073
      vertex -3.82776 -1.16114 1.16114
    endloop
  endfacet
  facet normal -0.941545 0 0.336887
    outer loop
      vertex -3.69552 -1.53073 1.53073
      vertex -3.82776 -45 1.16114
      vertex -3.69552 -45 1.53073
    endloop
  endfacet
  facet normal -0.941545 0 0.336887
    outer loop
      vertex -3.82776 45 1.16114
      vertex -3.69552 1.53073 1.53073
      vertex -3.69552 45 1.53073
    endloop
  endfacet
  facet normal -0.941545 0 0.336887
    outer loop
      vertex -3.69552 1.53073 1.53073
      vertex -3.82776 45 1.16114
      vertex -3.82776 1.16114 1.16114
    endloop
  endfacet
  facet normal 0.857733 -0 0.514095
    outer loop
      vertex 3.32588 2.22228 2.22228
      vertex 3.52768 45 1.88559
      vertex 3.32588 45 2.22228
    endloop
  endfacet
  facet normal 0.857733 0 0.514095
    outer loop
      vertex 3.52768 45 1.88559
      vertex 3.32588 2.22228 2.22228
      vertex 3.52768 1.88559 1.88559
    endloop
  endfacet
  facet normal 0.857733 0 0.514095
    outer loop
      vertex 3.52768 -45 1.88559
      vertex 3.32588 -2.22228 2.22228
      vertex 3.32588 -45 2.22228
    endloop
  endfacet
  facet normal 0.857733 0 0.514095
    outer loop
      vertex 3.32588 -2.22228 2.22228
      vertex 3.52768 -45 1.88559
      vertex 3.52768 -1.88559 1.88559
    endloop
  endfacet
  facet normal 0.336887 0 0.941545
    outer loop
      vertex 1.16114 45 3.82776
      vertex 1.53073 5 3.69552
      vertex 1.53073 45 3.69552
    endloop
  endfacet
  facet normal 0.336887 0 0.941545
    outer loop
      vertex 1.53073 5 3.69552
      vertex 1.16114 45 3.82776
      vertex 1.16114 5 3.82776
    endloop
  endfacet
  facet normal 0.336887 0 0.941545
    outer loop
      vertex 1.16114 -5 3.82776
      vertex 1.53073 -45 3.69552
      vertex 1.53073 -5 3.69552
    endloop
  endfacet
  facet normal 0.336887 0 0.941545
    outer loop
      vertex 1.53073 -45 3.69552
      vertex 1.16114 -5 3.82776
      vertex 1.16114 -45 3.82776
    endloop
  endfacet
  facet normal 0 1 0
    outer loop
      vertex 0.392068 45 3.98074
      vertex -0.392068 45 3.98074
      vertex 0 45 4
    endloop
  endfacet
  facet normal 0 1 0
    outer loop
      vertex 0.780361 45 3.92314
      vertex -0.392068 45 3.98074
      vertex 0.392068 45 3.98074
    endloop
  endfacet
  facet normal 0 1 0
    outer loop
      vertex 0.780361 45 3.92314
      vertex -0.780361 45 3.92314
      vertex -0.392068 45 3.98074
    endloop
  endfacet
  facet normal 0 1 0
    outer loop
      vertex 1.16114 45 3.82776
      vertex -0.780361 45 3.92314
      vertex 0.780361 45 3.92314
    endloop
  endfacet
  facet normal 0 1 0
    outer loop
      vertex 1.16114 45 3.82776
      vertex -1.16114 45 3.82776
      vertex -0.780361 45 3.92314
    endloop
  endfacet
  facet normal 0 1 0
    outer loop
      vertex 1.53073 45 3.69552
      vertex -1.16114 45 3.82776
      vertex 1.16114 45 3.82776
    endloop
  endfacet
  facet normal 0 1 0
    outer loop
      vertex 1.53073 45 3.69552
      vertex -1.53073 45 3.69552
      vertex -1.16114 45 3.82776
    endloop
  endfacet
  facet normal 0 1 0
    outer loop
      vertex 1.88559 45 3.52768
      vertex -1.53073 45 3.69552
      vertex 1.53073 45 3.69552
    endloop
  endfacet
  facet normal 0 1 0
    outer loop
      vertex 1.88559 45 3.52768
      vertex -1.88559 45 3.52768
      vertex -1.53073 45 3.69552
    endloop
  endfacet
  facet normal 0 1 0
    outer loop
      vertex 2.22228 45 3.32588
      vertex -1.88559 45 3.52768
      vertex 1.88559 45 3.52768
    endloop
  endfacet
  facet normal 0 1 0
    outer loop
      vertex 2.22228 45 3.32588
      vertex -2.22228 45 3.32588
      vertex -1.88559 45 3.52768
    endloop
  endfacet
  facet normal 0 1 0
    outer loop
      vertex 2.53757 45 3.09204
      vertex -2.22228 45 3.32588
      vertex 2.22228 45 3.32588
    endloop
  endfacet
  facet normal 0 1 0
    outer loop
      vertex 2.53757 45 3.09204
      vertex -2.53757 45 3.09204
      vertex -2.22228 45 3.32588
    endloop
  endfacet
  facet normal 0 1 0
    outer loop
      vertex 2.82843 45 2.82843
      vertex -2.53757 45 3.09204
      vertex 2.53757 45 3.09204
    endloop
  endfacet
  facet normal 0 1 0
    outer loop
      vertex 2.82843 45 2.82843
      vertex -2.82843 45 2.82843
      vertex -2.53757 45 3.09204
    endloop
  endfacet
  facet normal 0 1 0
    outer loop
      vertex 3.09204 45 2.53757
      vertex -2.82843 45 2.82843
      vertex 2.82843 45 2.82843
    endloop
  endfacet
  facet normal 0 1 0
    outer loop
      vertex 3.09204 45 2.53757
      vertex -3.09204 45 2.53757
      vertex -2.82843 45 2.82843
    endloop
  endfacet
  facet normal 0 1 0
    outer loop
      vertex 3.32588 45 2.22228
      vertex -3.09204 45 2.53757
      vertex 3.09204 45 2.53757
    endloop
  endfacet
  facet normal 0 1 0
    outer loop
      vertex 3.32588 45 2.22228
      vertex -3.32588 45 2.22228
      vertex -3.09204 45 2.53757
    endloop
  endfacet
  facet normal 0 1 0
    outer loop
      vertex 3.52768 45 1.88559
      vertex -3.32588 45 2.22228
      vertex 3.32588 45 2.22228
    endloop
  endfacet
  facet normal 0 1 0
    outer loop
      vertex 3.52768 45 1.88559
      vertex -3.52768 45 1.88559
      vertex -3.32588 45 2.22228
    endloop
  endfacet
  facet normal 0 1 0
    outer loop
      vertex 3.69552 45 1.53073
      vertex -3.52768 45 1.88559
      vertex 3.52768 45 1.88559
    endloop
  endfacet
  facet normal 0 1 0
    outer loop
      vertex 3.69552 45 1.53073
      vertex -3.69552 45 1.53073
      vertex -3.52768 45 1.88559
    endloop
  endfacet
  facet normal 0 1 0
    outer loop
      vertex 3.82776 45 1.16114
      vertex -3.69552 45 1.53073
      vertex 3.69552 45 1.53073
    endloop
  endfacet
  facet normal 0 1 0
    outer loop
      vertex 3.82776 45 1.16114
      vertex -3.82776 45 1.16114
      vertex -3.69552 45 1.53073
    endloop
  endfacet
  facet normal 0 1 0
    outer loop
      vertex 3.92314 45 0.780361
      vertex -3.82776 45 1.16114
      vertex 3.82776 45 1.16114
    endloop
  endfacet
  facet normal 0 1 0
    outer loop
      vertex 3.92314 45 0.780361
      vertex -3.92314 45 0.780361
      vertex -3.82776 45 1.16114
    endloop
  endfacet
  facet normal 0 1 0
    outer loop
      vertex 3.98074 45 0.392068
      vertex -3.92314 45 0.780361
      vertex 3.92314 45 0.780361
    endloop
  endfacet
  facet normal 0 1 0
    outer loop
      vertex 3.98074 45 0.392068
      vertex -3.98074 45 0.392068
      vertex -3.92314 45 0.780361
    endloop
  endfacet
  facet normal 0 1 0
    outer loop
      vertex 4 45 0
      vertex -3.98074 45 0.392068
      vertex 3.98074 45 0.392068
    endloop
  endfacet
  facet normal 0 1 0
    outer loop
      vertex 4 45 0
      vertex -4 45 0
      vertex -3.98074 45 0.392068
    endloop
  endfacet
  facet normal 0 1 -0
    outer loop
      vertex 3.98074 45 -0.392068
      vertex -4 45 0
      vertex 4 45 0
    endloop
  endfacet
  facet normal 0 1 0
    outer loop
      vertex 3.98074 45 -0.392068
      vertex -3.98074 45 -0.392068
      vertex -4 45 0
    endloop
  endfacet
  facet normal 0 1 -0
    outer loop
      vertex 3.92314 45 -0.780361
      vertex -3.98074 45 -0.392068
      vertex 3.98074 45 -0.392068
    endloop
  endfacet
  facet normal 0 1 0
    outer loop
      vertex 3.92314 45 -0.780361
      vertex -3.92314 45 -0.780361
      vertex -3.98074 45 -0.392068
    endloop
  endfacet
  facet normal 0 1 -0
    outer loop
      vertex 3.82776 45 -1.16114
      vertex -3.92314 45 -0.780361
      vertex 3.92314 45 -0.780361
    endloop
  endfacet
  facet normal 0 1 0
    outer loop
      vertex 3.82776 45 -1.16114
      vertex -3.82776 45 -1.16114
      vertex -3.92314 45 -0.780361
    endloop
  endfacet
  facet normal 0 1 -0
    outer loop
      vertex 3.69552 45 -1.53073
      vertex -3.82776 45 -1.16114
      vertex 3.82776 45 -1.16114
    endloop
  endfacet
  facet normal 0 1 0
    outer loop
      vertex 3.69552 45 -1.53073
      vertex -3.69552 45 -1.53073
      vertex -3.82776 45 -1.16114
    endloop
  endfacet
  facet normal 0 1 -0
    outer loop
      vertex 3.52768 45 -1.88559
      vertex -3.69552 45 -1.53073
      vertex 3.69552 45 -1.53073
    endloop
  endfacet
  facet normal 0 1 0
    outer loop
      vertex 3.52768 45 -1.88559
      vertex -3.52768 45 -1.88559
      vertex -3.69552 45 -1.53073
    endloop
  endfacet
  facet normal 0 1 -0
    outer loop
      vertex 3.32588 45 -2.22228
      vertex -3.52768 45 -1.88559
      vertex 3.52768 45 -1.88559
    endloop
  endfacet
  facet normal 0 1 0
    outer loop
      vertex 3.32588 45 -2.22228
      vertex -3.32588 45 -2.22228
      vertex -3.52768 45 -1.88559
    endloop
  endfacet
  facet normal 0 1 -0
    outer loop
      vertex 3.09204 45 -2.53757
      vertex -3.32588 45 -2.22228
      vertex 3.32588 45 -2.22228
    endloop
  endfacet
  facet normal 0 1 0
    outer loop
      vertex 3.09204 45 -2.53757
      vertex -3.09204 45 -2.53757
      vertex -3.32588 45 -2.22228
    endloop
  endfacet
  facet normal 0 1 -0
    outer loop
      vertex 2.82843 45 -2.82843
      vertex -3.09204 45 -2.53757
      vertex 3.09204 45 -2.53757
    endloop
  endfacet
  facet normal 0 1 0
    outer loop
      vertex 2.82843 45 -2.82843
      vertex -2.82843 45 -2.82843
      vertex -3.09204 45 -2.53757
    endloop
  endfacet
  facet normal 0 1 -0
    outer loop
      vertex 2.53757 45 -3.09204
      vertex -2.82843 45 -2.82843
      vertex 2.82843 45 -2.82843
    endloop
  endfacet
  facet normal 0 1 0
    outer loop
      vertex 2.53757 45 -3.09204
      vertex -2.53757 45 -3.09204
      vertex -2.82843 45 -2.82843
    endloop
  endfacet
  facet normal 0 1 -0
    outer loop
      vertex 2.22228 45 -3.32588
      vertex -2.53757 45 -3.09204
      vertex 2.53757 45 -3.09204
    endloop
  endfacet
  facet normal 0 1 0
    outer loop
      vertex 2.22228 45 -3.32588
      vertex -2.22228 45 -3.32588
      vertex -2.53757 45 -3.09204
    endloop
  endfacet
  facet normal 0 1 -0
    outer loop
      vertex 1.88559 45 -3.52768
      vertex -2.22228 45 -3.32588
      vertex 2.22228 45 -3.32588
    endloop
  endfacet
  facet normal 0 1 0
    outer loop
      vertex 1.88559 45 -3.52768
      vertex -1.88559 45 -3.52768
      vertex -2.22228 45 -3.32588
    endloop
  endfacet
  facet normal 0 1 -0
    outer loop
      vertex 1.53073 45 -3.69552
      vertex -1.88559 45 -3.52768
      vertex 1.88559 45 -3.52768
    endloop
  endfacet
  facet normal 0 1 0
    outer loop
      vertex 1.53073 45 -3.69552
      vertex -1.53073 45 -3.69552
      vertex -1.88559 45 -3.52768
    endloop
  endfacet
  facet normal 0 1 -0
    outer loop
      vertex 1.16114 45 -3.82776
      vertex -1.53073 45 -3.69552
      vertex 1.53073 45 -3.69552
    endloop
  endfacet
  facet normal 0 1 0
    outer loop
      vertex 1.16114 45 -3.82776
      vertex -1.16114 45 -3.82776
      vertex -1.53073 45 -3.69552
    endloop
  endfacet
  facet normal 0 1 -0
    outer loop
      vertex 0.780361 45 -3.92314
      vertex -1.16114 45 -3.82776
      vertex 1.16114 45 -3.82776
    endloop
  endfacet
  facet normal 0 1 0
    outer loop
      vertex 0.780361 45 -3.92314
      vertex -0.780361 45 -3.92314
      vertex -1.16114 45 -3.82776
    endloop
  endfacet
  facet normal 0 1 -0
    outer loop
      vertex 0.392068 45 -3.98074
      vertex -0.780361 45 -3.92314
      vertex 0.780361 45 -3.92314
    endloop
  endfacet
  facet normal 0 1 0
    outer loop
      vertex 0.392068 45 -3.98074
      vertex -0.392068 45 -3.98074
      vertex -0.780361 45 -3.92314
    endloop
  endfacet
  facet normal -0 1 0
    outer loop
      vertex -0.392068 45 -3.98074
      vertex 0.392068 45 -3.98074
      vertex 0 45 -4
    endloop
  endfacet
  facet normal -0.049065 -0 -0.998796
    outer loop
      vertex -0.392068 45 -3.98074
      vertex 0 4 -4
      vertex -0.392068 3.98074 -3.98074
    endloop
  endfacet
  facet normal -0.049065 0 -0.998796
    outer loop
      vertex 0 4 -4
      vertex -0.392068 45 -3.98074
      vertex 0 45 -4
    endloop
  endfacet
  facet normal -0.049065 0 -0.998796
    outer loop
      vertex -0.392068 -45 -3.98074
      vertex 0 -4 -4
      vertex 0 -45 -4
    endloop
  endfacet
  facet normal -0.049065 0 -0.998796
    outer loop
      vertex 0 -4 -4
      vertex -0.392068 -45 -3.98074
      vertex -0.392068 -3.98074 -3.98074
    endloop
  endfacet
  facet normal 0.970031 0 -0.24298
    outer loop
      vertex 3.92314 45 -0.780361
      vertex 3.82776 1.16114 -1.16114
      vertex 3.82776 45 -1.16114
    endloop
  endfacet
  facet normal 0.970031 0 -0.24298
    outer loop
      vertex 3.82776 1.16114 -1.16114
      vertex 3.92314 45 -0.780361
      vertex 3.92314 0.780361 -0.780361
    endloop
  endfacet
  facet normal 0.970031 0 -0.24298
    outer loop
      vertex 3.92314 -45 -0.780361
      vertex 3.82776 -1.16114 -1.16114
      vertex 3.92314 -0.780361 -0.780361
    endloop
  endfacet
  facet normal 0.970031 0 -0.24298
    outer loop
      vertex 3.82776 -1.16114 -1.16114
      vertex 3.92314 -45 -0.780361
      vertex 3.82776 -45 -1.16114
    endloop
  endfacet
  facet normal 0.857733 0 -0.514095
    outer loop
      vertex 3.52768 -45 -1.88559
      vertex 3.32588 -2.22228 -2.22228
      vertex 3.52768 -1.88559 -1.88559
    endloop
  endfacet
  facet normal 0.857733 0 -0.514095
    outer loop
      vertex 3.32588 -2.22228 -2.22228
      vertex 3.52768 -45 -1.88559
      vertex 3.32588 -45 -2.22228
    endloop
  endfacet
  facet normal 0.857733 0 -0.514095
    outer loop
      vertex 3.52768 45 -1.88559
      vertex 3.32588 2.22228 -2.22228
      vertex 3.32588 45 -2.22228
    endloop
  endfacet
  facet normal 0.857733 0 -0.514095
    outer loop
      vertex 3.32588 2.22228 -2.22228
      vertex 3.52768 45 -1.88559
      vertex 3.52768 1.88559 -1.88559
    endloop
  endfacet
  facet normal 0.803201 0 -0.595708
    outer loop
      vertex 3.32588 45 -2.22228
      vertex 3.09204 2.53757 -2.53757
      vertex 3.09204 45 -2.53757
    endloop
  endfacet
  facet normal 0.803201 0 -0.595708
    outer loop
      vertex 3.09204 2.53757 -2.53757
      vertex 3.32588 45 -2.22228
      vertex 3.32588 2.22228 -2.22228
    endloop
  endfacet
  facet normal 0.803201 0 -0.595708
    outer loop
      vertex 3.32588 -45 -2.22228
      vertex 3.09204 -2.53757 -2.53757
      vertex 3.32588 -2.22228 -2.22228
    endloop
  endfacet
  facet normal 0.803201 0 -0.595708
    outer loop
      vertex 3.09204 -2.53757 -2.53757
      vertex 3.32588 -45 -2.22228
      vertex 3.09204 -45 -2.53757
    endloop
  endfacet
  facet normal -0.24298 0 0.970031
    outer loop
      vertex -1.16114 45 3.82776
      vertex -0.780361 5 3.92314
      vertex -0.780361 45 3.92314
    endloop
  endfacet
  facet normal -0.24298 0 0.970031
    outer loop
      vertex -0.780361 5 3.92314
      vertex -1.16114 45 3.82776
      vertex -1.16114 5 3.82776
    endloop
  endfacet
  facet normal -0.24298 0 0.970031
    outer loop
      vertex -1.16114 -5 3.82776
      vertex -0.780361 -45 3.92314
      vertex -0.780361 -5 3.92314
    endloop
  endfacet
  facet normal -0.24298 0 0.970031
    outer loop
      vertex -0.780361 -45 3.92314
      vertex -1.16114 -5 3.82776
      vertex -1.16114 -45 3.82776
    endloop
  endfacet
  facet normal 0.941545 0 -0.336887
    outer loop
      vertex 3.82776 -45 -1.16114
      vertex 3.69552 -1.53073 -1.53073
      vertex 3.82776 -1.16114 -1.16114
    endloop
  endfacet
  facet normal 0.941545 0 -0.336887
    outer loop
      vertex 3.69552 -1.53073 -1.53073
      vertex 3.82776 -45 -1.16114
      vertex 3.69552 -45 -1.53073
    endloop
  endfacet
  facet normal 0.941545 0 -0.336887
    outer loop
      vertex 3.82776 45 -1.16114
      vertex 3.69552 1.53073 -1.53073
      vertex 3.69552 45 -1.53073
    endloop
  endfacet
  facet normal 0.941545 0 -0.336887
    outer loop
      vertex 3.69552 1.53073 -1.53073
      vertex 3.82776 45 -1.16114
      vertex 3.82776 1.16114 -1.16114
    endloop
  endfacet
  facet normal 0.049065 0 0.998796
    outer loop
      vertex 0 45 4
      vertex 0.392068 5 3.98074
      vertex 0.392068 45 3.98074
    endloop
  endfacet
  facet normal 0.049065 0 0.998796
    outer loop
      vertex 0.392068 5 3.98074
      vertex 0 45 4
      vertex 0 5 4
    endloop
  endfacet
  facet normal 0.049065 0 0.998796
    outer loop
      vertex 0 -5 4
      vertex 0.392068 -45 3.98074
      vertex 0.392068 -5 3.98074
    endloop
  endfacet
  facet normal 0.049065 0 0.998796
    outer loop
      vertex 0.392068 -45 3.98074
      vertex 0 -5 4
      vertex 0 -45 4
    endloop
  endfacet
  facet normal -0.514095 0 0.857733
    outer loop
      vertex -2.22228 -5 3.32588
      vertex -1.88559 -45 3.52768
      vertex -1.88559 -5 3.52768
    endloop
  endfacet
  facet normal -0.514095 0 0.857733
    outer loop
      vertex -1.88559 -45 3.52768
      vertex -2.22228 -5 3.32588
      vertex -2.22228 -45 3.32588
    endloop
  endfacet
  facet normal -0.514095 0 0.857733
    outer loop
      vertex -2.22228 45 3.32588
      vertex -1.88559 5 3.52768
      vertex -1.88559 45 3.52768
    endloop
  endfacet
  facet normal -0.514095 0 0.857733
    outer loop
      vertex -1.88559 5 3.52768
      vertex -2.22228 45 3.32588
      vertex -2.22228 5 3.32588
    endloop
  endfacet
  facet normal -0.903986 0 0.427563
    outer loop
      vertex -3.69552 -45 1.53073
      vertex -3.52768 -1.88559 1.88559
      vertex -3.69552 -1.53073 1.53073
    endloop
  endfacet
  facet normal -0.903986 0 0.427563
    outer loop
      vertex -3.52768 -1.88559 1.88559
      vertex -3.69552 -45 1.53073
      vertex -3.52768 -45 1.88559
    endloop
  endfacet
  facet normal -0.903986 0 0.427563
    outer loop
      vertex -3.69552 45 1.53073
      vertex -3.52768 1.88559 1.88559
      vertex -3.52768 45 1.88559
    endloop
  endfacet
  facet normal -0.903986 0 0.427563
    outer loop
      vertex -3.52768 1.88559 1.88559
      vertex -3.69552 45 1.53073
      vertex -3.69552 1.53073 1.53073
    endloop
  endfacet
  facet normal 0.903986 0 0.427563
    outer loop
      vertex 3.69552 -45 1.53073
      vertex 3.52768 -1.88559 1.88559
      vertex 3.52768 -45 1.88559
    endloop
  endfacet
  facet normal 0.903986 0 0.427563
    outer loop
      vertex 3.52768 -1.88559 1.88559
      vertex 3.69552 -45 1.53073
      vertex 3.69552 -1.53073 1.53073
    endloop
  endfacet
  facet normal 0.903986 -0 0.427563
    outer loop
      vertex 3.52768 1.88559 1.88559
      vertex 3.69552 45 1.53073
      vertex 3.52768 45 1.88559
    endloop
  endfacet
  facet normal 0.903986 0 0.427563
    outer loop
      vertex 3.69552 45 1.53073
      vertex 3.52768 1.88559 1.88559
      vertex 3.69552 1.53073 1.53073
    endloop
  endfacet
  facet normal 0.146736 0 0.989176
    outer loop
      vertex 0.392068 45 3.98074
      vertex 0.780361 5 3.92314
      vertex 0.780361 45 3.92314
    endloop
  endfacet
  facet normal 0.146736 0 0.989176
    outer loop
      vertex 0.780361 5 3.92314
      vertex 0.392068 45 3.98074
      vertex 0.392068 5 3.98074
    endloop
  endfacet
  facet normal 0.146736 0 0.989176
    outer loop
      vertex 0.392068 -5 3.98074
      vertex 0.780361 -45 3.92314
      vertex 0.780361 -5 3.92314
    endloop
  endfacet
  facet normal 0.146736 0 0.989176
    outer loop
      vertex 0.780361 -45 3.92314
      vertex 0.392068 -5 3.98074
      vertex 0.392068 -45 3.98074
    endloop
  endfacet
  facet normal 0.671536 0 0.740972
    outer loop
      vertex 2.82843 45 2.82843
      vertex 2.63912 5 3
      vertex 2.82843 2.82843 2.82843
    endloop
  endfacet
  facet normal 0.671545 -7.38073e-08 0.740964
    outer loop
      vertex 2.53757 45 3.09204
      vertex 2.63912 5 3
      vertex 2.82843 45 2.82843
    endloop
  endfacet
  facet normal 0.671561 0 0.74095
    outer loop
      vertex 2.63912 5 3
      vertex 2.53757 45 3.09204
      vertex 2.53757 5 3.09204
    endloop
  endfacet
  facet normal 0.671536 0 0.740972
    outer loop
      vertex 2.82843 2.82843 2.82843
      vertex 2.63912 5 3
      vertex 2.63912 3 3
    endloop
  endfacet
  facet normal 0.671536 -0 0.740972
    outer loop
      vertex 2.63912 -5 3
      vertex 2.82843 -2.82843 2.82843
      vertex 2.63912 -3 3
    endloop
  endfacet
  facet normal 0.671536 0 0.740972
    outer loop
      vertex 2.82843 -2.82843 2.82843
      vertex 2.63912 -5 3
      vertex 2.82843 -45 2.82843
    endloop
  endfacet
  facet normal 0.671561 2.11395e-07 0.74095
    outer loop
      vertex 2.53757 -5 3.09204
      vertex 2.82843 -45 2.82843
      vertex 2.63912 -5 3
    endloop
  endfacet
  facet normal 0.671545 0 0.740964
    outer loop
      vertex 2.82843 -45 2.82843
      vertex 2.53757 -5 3.09204
      vertex 2.53757 -45 3.09204
    endloop
  endfacet
  facet normal 0.998796 0 -0.049065
    outer loop
      vertex 4 -45 0
      vertex 3.98074 -0.392068 -0.392068
      vertex 4 0 0
    endloop
  endfacet
  facet normal 0.998796 0 -0.049065
    outer loop
      vertex 3.98074 -0.392068 -0.392068
      vertex 4 -45 0
      vertex 3.98074 -45 -0.392068
    endloop
  endfacet
  facet normal 0.998796 0 -0.049065
    outer loop
      vertex 4 45 0
      vertex 3.98074 0.392068 -0.392068
      vertex 3.98074 45 -0.392068
    endloop
  endfacet
  facet normal 0.998796 0 -0.049065
    outer loop
      vertex 3.98074 0.392068 -0.392068
      vertex 4 45 0
      vertex 4 0 0
    endloop
  endfacet
  facet normal -0.595708 0 0.803201
    outer loop
      vertex -2.53757 -5 3.09204
      vertex -2.22228 -45 3.32588
      vertex -2.22228 -5 3.32588
    endloop
  endfacet
  facet normal -0.595708 0 0.803201
    outer loop
      vertex -2.22228 -45 3.32588
      vertex -2.53757 -5 3.09204
      vertex -2.53757 -45 3.09204
    endloop
  endfacet
  facet normal -0.595708 0 0.803201
    outer loop
      vertex -2.53757 45 3.09204
      vertex -2.22228 5 3.32588
      vertex -2.22228 45 3.32588
    endloop
  endfacet
  facet normal -0.595708 0 0.803201
    outer loop
      vertex -2.22228 5 3.32588
      vertex -2.53757 45 3.09204
      vertex -2.53757 5 3.09204
    endloop
  endfacet
  facet normal -0.740964 0 -0.671545
    outer loop
      vertex -2.82843 2.82843 -2.82843
      vertex -3.09204 45 -2.53757
      vertex -2.82843 45 -2.82843
    endloop
  endfacet
  facet normal -0.740964 -0 -0.671545
    outer loop
      vertex -3.09204 45 -2.53757
      vertex -2.82843 2.82843 -2.82843
      vertex -3.09204 2.53757 -2.53757
    endloop
  endfacet
  facet normal -0.740964 0 -0.671545
    outer loop
      vertex -3.09204 -45 -2.53757
      vertex -2.82843 -2.82843 -2.82843
      vertex -2.82843 -45 -2.82843
    endloop
  endfacet
  facet normal -0.740964 0 -0.671545
    outer loop
      vertex -2.82843 -2.82843 -2.82843
      vertex -3.09204 -45 -2.53757
      vertex -3.09204 -2.53757 -2.53757
    endloop
  endfacet
  facet normal 0.24298 0 -0.970031
    outer loop
      vertex 0.780361 -3.92314 -3.92314
      vertex 1.16114 -45 -3.82776
      vertex 0.780361 -45 -3.92314
    endloop
  endfacet
  facet normal 0.24298 0 -0.970031
    outer loop
      vertex 1.16114 -45 -3.82776
      vertex 0.780361 -3.92314 -3.92314
      vertex 1.16114 -3.82776 -3.82776
    endloop
  endfacet
  facet normal 0.24298 0 -0.970031
    outer loop
      vertex 0.780361 3.92314 -3.92314
      vertex 1.16114 45 -3.82776
      vertex 1.16114 3.82776 -3.82776
    endloop
  endfacet
  facet normal 0.24298 0 -0.970031
    outer loop
      vertex 1.16114 45 -3.82776
      vertex 0.780361 3.92314 -3.92314
      vertex 0.780361 45 -3.92314
    endloop
  endfacet
  facet normal -0.427563 0 0.903986
    outer loop
      vertex -1.88559 -5 3.52768
      vertex -1.53073 -45 3.69552
      vertex -1.53073 -5 3.69552
    endloop
  endfacet
  facet normal -0.427563 0 0.903986
    outer loop
      vertex -1.53073 -45 3.69552
      vertex -1.88559 -5 3.52768
      vertex -1.88559 -45 3.52768
    endloop
  endfacet
  facet normal -0.427563 0 0.903986
    outer loop
      vertex -1.88559 45 3.52768
      vertex -1.53073 5 3.69552
      vertex -1.53073 45 3.69552
    endloop
  endfacet
  facet normal -0.427563 0 0.903986
    outer loop
      vertex -1.53073 5 3.69552
      vertex -1.88559 45 3.52768
      vertex -1.88559 5 3.52768
    endloop
  endfacet
  facet normal -0.941545 0 -0.336887
    outer loop
      vertex -3.69552 1.53073 -1.53073
      vertex -3.82776 45 -1.16114
      vertex -3.69552 45 -1.53073
    endloop
  endfacet
  facet normal -0.941545 -0 -0.336887
    outer loop
      vertex -3.82776 45 -1.16114
      vertex -3.69552 1.53073 -1.53073
      vertex -3.82776 1.16114 -1.16114
    endloop
  endfacet
  facet normal -0.941545 0 -0.336887
    outer loop
      vertex -3.82776 -45 -1.16114
      vertex -3.69552 -1.53073 -1.53073
      vertex -3.69552 -45 -1.53073
    endloop
  endfacet
  facet normal -0.941545 0 -0.336887
    outer loop
      vertex -3.69552 -1.53073 -1.53073
      vertex -3.82776 -45 -1.16114
      vertex -3.82776 -1.16114 -1.16114
    endloop
  endfacet
  facet normal -0.514095 -0 -0.857733
    outer loop
      vertex -2.22228 45 -3.32588
      vertex -1.88559 3.52768 -3.52768
      vertex -2.22228 3.32588 -3.32588
    endloop
  endfacet
  facet normal -0.514095 0 -0.857733
    outer loop
      vertex -1.88559 3.52768 -3.52768
      vertex -2.22228 45 -3.32588
      vertex -1.88559 45 -3.52768
    endloop
  endfacet
  facet normal -0.514095 0 -0.857733
    outer loop
      vertex -2.22228 -45 -3.32588
      vertex -1.88559 -3.52768 -3.52768
      vertex -1.88559 -45 -3.52768
    endloop
  endfacet
  facet normal -0.514095 0 -0.857733
    outer loop
      vertex -1.88559 -3.52768 -3.52768
      vertex -2.22228 -45 -3.32588
      vertex -2.22228 -3.32588 -3.32588
    endloop
  endfacet
  facet normal -0.049065 0 0.998796
    outer loop
      vertex -0.392068 45 3.98074
      vertex 0 5 4
      vertex 0 45 4
    endloop
  endfacet
  facet normal -0.049065 0 0.998796
    outer loop
      vertex 0 5 4
      vertex -0.392068 45 3.98074
      vertex -0.392068 5 3.98074
    endloop
  endfacet
  facet normal -0.049065 0 0.998796
    outer loop
      vertex -0.392068 -5 3.98074
      vertex 0 -45 4
      vertex 0 -5 4
    endloop
  endfacet
  facet normal -0.049065 0 0.998796
    outer loop
      vertex 0 -45 4
      vertex -0.392068 -5 3.98074
      vertex -0.392068 -45 3.98074
    endloop
  endfacet
  facet normal -0.803201 0 -0.595708
    outer loop
      vertex -3.09204 2.53757 -2.53757
      vertex -3.32588 45 -2.22228
      vertex -3.09204 45 -2.53757
    endloop
  endfacet
  facet normal -0.803201 -0 -0.595708
    outer loop
      vertex -3.32588 45 -2.22228
      vertex -3.09204 2.53757 -2.53757
      vertex -3.32588 2.22228 -2.22228
    endloop
  endfacet
  facet normal -0.803201 0 -0.595708
    outer loop
      vertex -3.32588 -45 -2.22228
      vertex -3.09204 -2.53757 -2.53757
      vertex -3.09204 -45 -2.53757
    endloop
  endfacet
  facet normal -0.803201 0 -0.595708
    outer loop
      vertex -3.09204 -2.53757 -2.53757
      vertex -3.32588 -45 -2.22228
      vertex -3.32588 -2.22228 -2.22228
    endloop
  endfacet
  facet normal -0.740964 0 0.671545
    outer loop
      vertex -3.09204 45 2.53757
      vertex -2.82843 2.82843 2.82843
      vertex -2.82843 45 2.82843
    endloop
  endfacet
  facet normal -0.740964 0 0.671545
    outer loop
      vertex -2.82843 2.82843 2.82843
      vertex -3.09204 45 2.53757
      vertex -3.09204 2.53757 2.53757
    endloop
  endfacet
  facet normal -0.740964 0 0.671545
    outer loop
      vertex -3.09204 -45 2.53757
      vertex -2.82843 -2.82843 2.82843
      vertex -3.09204 -2.53757 2.53757
    endloop
  endfacet
  facet normal -0.740964 0 0.671545
    outer loop
      vertex -2.82843 -2.82843 2.82843
      vertex -3.09204 -45 2.53757
      vertex -2.82843 -45 2.82843
    endloop
  endfacet
  facet normal -0.989176 0 -0.146736
    outer loop
      vertex -3.98074 -45 -0.392068
      vertex -3.92314 -0.780361 -0.780361
      vertex -3.92314 -45 -0.780361
    endloop
  endfacet
  facet normal -0.989176 0 -0.146736
    outer loop
      vertex -3.92314 -0.780361 -0.780361
      vertex -3.98074 -45 -0.392068
      vertex -3.98074 -0.392068 -0.392068
    endloop
  endfacet
  facet normal -0.989176 0 -0.146736
    outer loop
      vertex -3.92314 0.780361 -0.780361
      vertex -3.98074 45 -0.392068
      vertex -3.92314 45 -0.780361
    endloop
  endfacet
  facet normal -0.989176 -0 -0.146736
    outer loop
      vertex -3.98074 45 -0.392068
      vertex -3.92314 0.780361 -0.780361
      vertex -3.98074 0.392068 -0.392068
    endloop
  endfacet
  facet normal -0.671545 0 -0.740964
    outer loop
      vertex -2.82843 -45 -2.82843
      vertex -2.53757 -3.09204 -3.09204
      vertex -2.53757 -45 -3.09204
    endloop
  endfacet
  facet normal -0.671545 0 -0.740964
    outer loop
      vertex -2.53757 -3.09204 -3.09204
      vertex -2.82843 -45 -2.82843
      vertex -2.82843 -2.82843 -2.82843
    endloop
  endfacet
  facet normal -0.671545 -0 -0.740964
    outer loop
      vertex -2.82843 45 -2.82843
      vertex -2.53757 3.09204 -3.09204
      vertex -2.82843 2.82843 -2.82843
    endloop
  endfacet
  facet normal -0.671545 0 -0.740964
    outer loop
      vertex -2.53757 3.09204 -3.09204
      vertex -2.82843 45 -2.82843
      vertex -2.53757 45 -3.09204
    endloop
  endfacet
  facet normal -0.803201 0 0.595708
    outer loop
      vertex -3.32588 45 2.22228
      vertex -3.09204 2.53757 2.53757
      vertex -3.09204 45 2.53757
    endloop
  endfacet
  facet normal -0.803201 0 0.595708
    outer loop
      vertex -3.09204 2.53757 2.53757
      vertex -3.32588 45 2.22228
      vertex -3.32588 2.22228 2.22228
    endloop
  endfacet
  facet normal -0.803201 0 0.595708
    outer loop
      vertex -3.32588 -45 2.22228
      vertex -3.09204 -2.53757 2.53757
      vertex -3.32588 -2.22228 2.22228
    endloop
  endfacet
  facet normal -0.803201 0 0.595708
    outer loop
      vertex -3.09204 -2.53757 2.53757
      vertex -3.32588 -45 2.22228
      vertex -3.09204 -45 2.53757
    endloop
  endfacet
  facet normal -0.857733 0 0.514095
    outer loop
      vertex -3.52768 45 1.88559
      vertex -3.32588 2.22228 2.22228
      vertex -3.32588 45 2.22228
    endloop
  endfacet
  facet normal -0.857733 0 0.514095
    outer loop
      vertex -3.32588 2.22228 2.22228
      vertex -3.52768 45 1.88559
      vertex -3.52768 1.88559 1.88559
    endloop
  endfacet
  facet normal -0.857733 0 0.514095
    outer loop
      vertex -3.52768 -45 1.88559
      vertex -3.32588 -2.22228 2.22228
      vertex -3.52768 -1.88559 1.88559
    endloop
  endfacet
  facet normal -0.857733 0 0.514095
    outer loop
      vertex -3.32588 -2.22228 2.22228
      vertex -3.52768 -45 1.88559
      vertex -3.32588 -45 2.22228
    endloop
  endfacet
  facet normal 0 -1 0
    outer loop
      vertex -0.392068 -45 3.98074
      vertex 0.392068 -45 3.98074
      vertex 0 -45 4
    endloop
  endfacet
  facet normal 0 -1 0
    outer loop
      vertex -0.780361 -45 3.92314
      vertex 0.392068 -45 3.98074
      vertex -0.392068 -45 3.98074
    endloop
  endfacet
  facet normal 0 -1 0
    outer loop
      vertex -0.780361 -45 3.92314
      vertex 0.780361 -45 3.92314
      vertex 0.392068 -45 3.98074
    endloop
  endfacet
  facet normal 0 -1 0
    outer loop
      vertex -1.16114 -45 3.82776
      vertex 0.780361 -45 3.92314
      vertex -0.780361 -45 3.92314
    endloop
  endfacet
  facet normal 0 -1 0
    outer loop
      vertex -1.16114 -45 3.82776
      vertex 1.16114 -45 3.82776
      vertex 0.780361 -45 3.92314
    endloop
  endfacet
  facet normal 0 -1 0
    outer loop
      vertex -1.53073 -45 3.69552
      vertex 1.16114 -45 3.82776
      vertex -1.16114 -45 3.82776
    endloop
  endfacet
  facet normal 0 -1 0
    outer loop
      vertex -1.53073 -45 3.69552
      vertex 1.53073 -45 3.69552
      vertex 1.16114 -45 3.82776
    endloop
  endfacet
  facet normal 0 -1 0
    outer loop
      vertex -1.88559 -45 3.52768
      vertex 1.53073 -45 3.69552
      vertex -1.53073 -45 3.69552
    endloop
  endfacet
  facet normal 0 -1 0
    outer loop
      vertex -1.88559 -45 3.52768
      vertex 1.88559 -45 3.52768
      vertex 1.53073 -45 3.69552
    endloop
  endfacet
  facet normal 0 -1 0
    outer loop
      vertex -2.22228 -45 3.32588
      vertex 1.88559 -45 3.52768
      vertex -1.88559 -45 3.52768
    endloop
  endfacet
  facet normal 0 -1 0
    outer loop
      vertex -2.22228 -45 3.32588
      vertex 2.22228 -45 3.32588
      vertex 1.88559 -45 3.52768
    endloop
  endfacet
  facet normal 0 -1 0
    outer loop
      vertex -2.53757 -45 3.09204
      vertex 2.22228 -45 3.32588
      vertex -2.22228 -45 3.32588
    endloop
  endfacet
  facet normal 0 -1 0
    outer loop
      vertex -2.53757 -45 3.09204
      vertex 2.53757 -45 3.09204
      vertex 2.22228 -45 3.32588
    endloop
  endfacet
  facet normal 0 -1 0
    outer loop
      vertex -2.82843 -45 2.82843
      vertex 2.53757 -45 3.09204
      vertex -2.53757 -45 3.09204
    endloop
  endfacet
  facet normal 0 -1 0
    outer loop
      vertex -2.82843 -45 2.82843
      vertex 2.82843 -45 2.82843
      vertex 2.53757 -45 3.09204
    endloop
  endfacet
  facet normal 0 -1 0
    outer loop
      vertex -3.09204 -45 2.53757
      vertex 2.82843 -45 2.82843
      vertex -2.82843 -45 2.82843
    endloop
  endfacet
  facet normal 0 -1 0
    outer loop
      vertex -3.09204 -45 2.53757
      vertex 3.09204 -45 2.53757
      vertex 2.82843 -45 2.82843
    endloop
  endfacet
  facet normal 0 -1 0
    outer loop
      vertex -3.32588 -45 2.22228
      vertex 3.09204 -45 2.53757
      vertex -3.09204 -45 2.53757
    endloop
  endfacet
  facet normal 0 -1 0
    outer loop
      vertex -3.32588 -45 2.22228
      vertex 3.32588 -45 2.22228
      vertex 3.09204 -45 2.53757
    endloop
  endfacet
  facet normal 0 -1 0
    outer loop
      vertex -3.52768 -45 1.88559
      vertex 3.32588 -45 2.22228
      vertex -3.32588 -45 2.22228
    endloop
  endfacet
  facet normal 0 -1 0
    outer loop
      vertex -3.52768 -45 1.88559
      vertex 3.52768 -45 1.88559
      vertex 3.32588 -45 2.22228
    endloop
  endfacet
  facet normal 0 -1 0
    outer loop
      vertex -3.69552 -45 1.53073
      vertex 3.52768 -45 1.88559
      vertex -3.52768 -45 1.88559
    endloop
  endfacet
  facet normal 0 -1 0
    outer loop
      vertex -3.69552 -45 1.53073
      vertex 3.69552 -45 1.53073
      vertex 3.52768 -45 1.88559
    endloop
  endfacet
  facet normal 0 -1 0
    outer loop
      vertex -3.82776 -45 1.16114
      vertex 3.69552 -45 1.53073
      vertex -3.69552 -45 1.53073
    endloop
  endfacet
  facet normal 0 -1 0
    outer loop
      vertex -3.82776 -45 1.16114
      vertex 3.82776 -45 1.16114
      vertex 3.69552 -45 1.53073
    endloop
  endfacet
  facet normal 0 -1 0
    outer loop
      vertex -3.92314 -45 0.780361
      vertex 3.82776 -45 1.16114
      vertex -3.82776 -45 1.16114
    endloop
  endfacet
  facet normal 0 -1 0
    outer loop
      vertex -3.92314 -45 0.780361
      vertex 3.92314 -45 0.780361
      vertex 3.82776 -45 1.16114
    endloop
  endfacet
  facet normal 0 -1 0
    outer loop
      vertex -3.98074 -45 0.392068
      vertex 3.92314 -45 0.780361
      vertex -3.92314 -45 0.780361
    endloop
  endfacet
  facet normal 0 -1 0
    outer loop
      vertex -3.98074 -45 0.392068
      vertex 3.98074 -45 0.392068
      vertex 3.92314 -45 0.780361
    endloop
  endfacet
  facet normal 0 -1 0
    outer loop
      vertex -4 -45 0
      vertex 3.98074 -45 0.392068
      vertex -3.98074 -45 0.392068
    endloop
  endfacet
  facet normal 0 -1 0
    outer loop
      vertex -4 -45 0
      vertex 4 -45 0
      vertex 3.98074 -45 0.392068
    endloop
  endfacet
  facet normal 0 -1 0
    outer loop
      vertex -3.98074 -45 -0.392068
      vertex 4 -45 0
      vertex -4 -45 0
    endloop
  endfacet
  facet normal 0 -1 0
    outer loop
      vertex -3.98074 -45 -0.392068
      vertex 3.98074 -45 -0.392068
      vertex 4 -45 0
    endloop
  endfacet
  facet normal 0 -1 0
    outer loop
      vertex -3.92314 -45 -0.780361
      vertex 3.98074 -45 -0.392068
      vertex -3.98074 -45 -0.392068
    endloop
  endfacet
  facet normal 0 -1 0
    outer loop
      vertex -3.92314 -45 -0.780361
      vertex 3.92314 -45 -0.780361
      vertex 3.98074 -45 -0.392068
    endloop
  endfacet
  facet normal 0 -1 0
    outer loop
      vertex -3.82776 -45 -1.16114
      vertex 3.92314 -45 -0.780361
      vertex -3.92314 -45 -0.780361
    endloop
  endfacet
  facet normal 0 -1 0
    outer loop
      vertex -3.82776 -45 -1.16114
      vertex 3.82776 -45 -1.16114
      vertex 3.92314 -45 -0.780361
    endloop
  endfacet
  facet normal 0 -1 0
    outer loop
      vertex -3.69552 -45 -1.53073
      vertex 3.82776 -45 -1.16114
      vertex -3.82776 -45 -1.16114
    endloop
  endfacet
  facet normal 0 -1 0
    outer loop
      vertex -3.69552 -45 -1.53073
      vertex 3.69552 -45 -1.53073
      vertex 3.82776 -45 -1.16114
    endloop
  endfacet
  facet normal 0 -1 0
    outer loop
      vertex -3.52768 -45 -1.88559
      vertex 3.69552 -45 -1.53073
      vertex -3.69552 -45 -1.53073
    endloop
  endfacet
  facet normal 0 -1 0
    outer loop
      vertex -3.52768 -45 -1.88559
      vertex 3.52768 -45 -1.88559
      vertex 3.69552 -45 -1.53073
    endloop
  endfacet
  facet normal 0 -1 0
    outer loop
      vertex -3.32588 -45 -2.22228
      vertex 3.52768 -45 -1.88559
      vertex -3.52768 -45 -1.88559
    endloop
  endfacet
  facet normal 0 -1 0
    outer loop
      vertex -3.32588 -45 -2.22228
      vertex 3.32588 -45 -2.22228
      vertex 3.52768 -45 -1.88559
    endloop
  endfacet
  facet normal 0 -1 0
    outer loop
      vertex -3.09204 -45 -2.53757
      vertex 3.32588 -45 -2.22228
      vertex -3.32588 -45 -2.22228
    endloop
  endfacet
  facet normal 0 -1 0
    outer loop
      vertex -3.09204 -45 -2.53757
      vertex 3.09204 -45 -2.53757
      vertex 3.32588 -45 -2.22228
    endloop
  endfacet
  facet normal 0 -1 0
    outer loop
      vertex -2.82843 -45 -2.82843
      vertex 3.09204 -45 -2.53757
      vertex -3.09204 -45 -2.53757
    endloop
  endfacet
  facet normal 0 -1 0
    outer loop
      vertex -2.82843 -45 -2.82843
      vertex 2.82843 -45 -2.82843
      vertex 3.09204 -45 -2.53757
    endloop
  endfacet
  facet normal 0 -1 0
    outer loop
      vertex -2.53757 -45 -3.09204
      vertex 2.82843 -45 -2.82843
      vertex -2.82843 -45 -2.82843
    endloop
  endfacet
  facet normal 0 -1 0
    outer loop
      vertex -2.53757 -45 -3.09204
      vertex 2.53757 -45 -3.09204
      vertex 2.82843 -45 -2.82843
    endloop
  endfacet
  facet normal 0 -1 0
    outer loop
      vertex -2.22228 -45 -3.32588
      vertex 2.53757 -45 -3.09204
      vertex -2.53757 -45 -3.09204
    endloop
  endfacet
  facet normal 0 -1 0
    outer loop
      vertex -2.22228 -45 -3.32588
      vertex 2.22228 -45 -3.32588
      vertex 2.53757 -45 -3.09204
    endloop
  endfacet
  facet normal 0 -1 0
    outer loop
      vertex -1.88559 -45 -3.52768
      vertex 2.22228 -45 -3.32588
      vertex -2.22228 -45 -3.32588
    endloop
  endfacet
  facet normal 0 -1 0
    outer loop
      vertex -1.88559 -45 -3.52768
      vertex 1.88559 -45 -3.52768
      vertex 2.22228 -45 -3.32588
    endloop
  endfacet
  facet normal 0 -1 0
    outer loop
      vertex -1.53073 -45 -3.69552
      vertex 1.88559 -45 -3.52768
      vertex -1.88559 -45 -3.52768
    endloop
  endfacet
  facet normal 0 -1 0
    outer loop
      vertex -1.53073 -45 -3.69552
      vertex 1.53073 -45 -3.69552
      vertex 1.88559 -45 -3.52768
    endloop
  endfacet
  facet normal 0 -1 0
    outer loop
      vertex -1.16114 -45 -3.82776
      vertex 1.53073 -45 -3.69552
      vertex -1.53073 -45 -3.69552
    endloop
  endfacet
  facet normal 0 -1 0
    outer loop
      vertex -1.16114 -45 -3.82776
      vertex 1.16114 -45 -3.82776
      vertex 1.53073 -45 -3.69552
    endloop
  endfacet
  facet normal 0 -1 0
    outer loop
      vertex -0.780361 -45 -3.92314
      vertex 1.16114 -45 -3.82776
      vertex -1.16114 -45 -3.82776
    endloop
  endfacet
  facet normal 0 -1 0
    outer loop
      vertex -0.780361 -45 -3.92314
      vertex 0.780361 -45 -3.92314
      vertex 1.16114 -45 -3.82776
    endloop
  endfacet
  facet normal 0 -1 0
    outer loop
      vertex -0.392068 -45 -3.98074
      vertex 0.780361 -45 -3.92314
      vertex -0.780361 -45 -3.92314
    endloop
  endfacet
  facet normal 0 -1 0
    outer loop
      vertex -0.392068 -45 -3.98074
      vertex 0.392068 -45 -3.98074
      vertex 0.780361 -45 -3.92314
    endloop
  endfacet
  facet normal -0 -1 0
    outer loop
      vertex 0.392068 -45 -3.98074
      vertex -0.392068 -45 -3.98074
      vertex 0 -45 -4
    endloop
  endfacet
  facet normal -0.998796 0 0.049065
    outer loop
      vertex -4 45 0
      vertex -3.98074 0.392068 0.392068
      vertex -3.98074 45 0.392068
    endloop
  endfacet
  facet normal -0.998796 0 0.049065
    outer loop
      vertex -3.98074 0.392068 0.392068
      vertex -4 45 0
      vertex -4 0 0
    endloop
  endfacet
  facet normal -0.998796 0 0.049065
    outer loop
      vertex -4 -45 0
      vertex -3.98074 -0.392068 0.392068
      vertex -4 0 0
    endloop
  endfacet
  facet normal -0.998796 0 0.049065
    outer loop
      vertex -3.98074 -0.392068 0.392068
      vertex -4 -45 0
      vertex -3.98074 -45 0.392068
    endloop
  endfacet
  facet normal 0.740964 0 -0.671545
    outer loop
      vertex 3.09204 -45 -2.53757
      vertex 2.82843 -2.82843 -2.82843
      vertex 3.09204 -2.53757 -2.53757
    endloop
  endfacet
  facet normal 0.740964 0 -0.671545
    outer loop
      vertex 2.82843 -2.82843 -2.82843
      vertex 3.09204 -45 -2.53757
      vertex 2.82843 -45 -2.82843
    endloop
  endfacet
  facet normal 0.740964 0 -0.671545
    outer loop
      vertex 3.09204 45 -2.53757
      vertex 2.82843 2.82843 -2.82843
      vertex 2.82843 45 -2.82843
    endloop
  endfacet
  facet normal 0.740964 0 -0.671545
    outer loop
      vertex 2.82843 2.82843 -2.82843
      vertex 3.09204 45 -2.53757
      vertex 3.09204 2.53757 -2.53757
    endloop
  endfacet
  facet normal 0.803201 -0.595708 0
    outer loop
      vertex 3.09204 -2.53757 -2.53757
      vertex 3.32588 -2.22228 -35
      vertex 3.32588 -2.22228 -2.22228
    endloop
  endfacet
  facet normal 0.803201 -0.595708 0
    outer loop
      vertex 3.32588 -2.22228 -35
      vertex 3.09204 -2.53757 -2.53757
      vertex 3.09204 -2.53757 -35
    endloop
  endfacet
  facet normal 0.803201 -0.595708 0
    outer loop
      vertex 3.09204 -2.53757 35
      vertex 3.32588 -2.22228 9
      vertex 3.32588 -2.22228 35
    endloop
  endfacet
  facet normal 0.803201 -0.595708 0
    outer loop
      vertex 3.32588 -2.22228 9
      vertex 3.09204 -2.53757 35
      vertex 3.09204 -2.53757 9
    endloop
  endfacet
  facet normal 0.803201 -0.595708 0
    outer loop
      vertex 3.09204 -2.53757 2.53757
      vertex 3.32588 -2.22228 3
      vertex 3.09204 -2.53757 3
    endloop
  endfacet
  facet normal 0.803201 -0.595708 0
    outer loop
      vertex 3.32588 -2.22228 3
      vertex 3.09204 -2.53757 2.53757
      vertex 3.32588 -2.22228 2.22228
    endloop
  endfacet
  facet normal 0.941545 -0.336887 0
    outer loop
      vertex 3.69552 -1.53073 35
      vertex 3.82776 -1.16114 9
      vertex 3.82776 -1.16114 35
    endloop
  endfacet
  facet normal 0.941545 -0.336887 0
    outer loop
      vertex 3.82776 -1.16114 9
      vertex 3.69552 -1.53073 35
      vertex 3.69552 -1.53073 9
    endloop
  endfacet
  facet normal 0.941545 -0.336887 0
    outer loop
      vertex 3.69552 -1.53073 -1.53073
      vertex 3.82776 -1.16114 -35
      vertex 3.82776 -1.16114 -1.16114
    endloop
  endfacet
  facet normal 0.941545 -0.336887 0
    outer loop
      vertex 3.82776 -1.16114 -35
      vertex 3.69552 -1.53073 -1.53073
      vertex 3.69552 -1.53073 -35
    endloop
  endfacet
  facet normal 0.941545 -0.336887 0
    outer loop
      vertex 3.69552 -1.53073 1.53073
      vertex 3.82776 -1.16114 3
      vertex 3.69552 -1.53073 3
    endloop
  endfacet
  facet normal 0.941545 -0.336887 0
    outer loop
      vertex 3.82776 -1.16114 3
      vertex 3.69552 -1.53073 1.53073
      vertex 3.82776 -1.16114 1.16114
    endloop
  endfacet
  facet normal -0.989176 0.146736 0
    outer loop
      vertex -3.98074 0.392068 -35
      vertex -3.92314 0.780361 -0.780361
      vertex -3.92314 0.780361 -35
    endloop
  endfacet
  facet normal -0.989176 0.146736 0
    outer loop
      vertex -3.92314 0.780361 -0.780361
      vertex -3.98074 0.392068 -35
      vertex -3.98074 0.392068 -0.392068
    endloop
  endfacet
  facet normal -0.989176 0.146736 0
    outer loop
      vertex -3.98074 0.392068 9
      vertex -3.92314 0.780361 35
      vertex -3.92314 0.780361 9
    endloop
  endfacet
  facet normal -0.989176 0.146736 0
    outer loop
      vertex -3.92314 0.780361 35
      vertex -3.98074 0.392068 9
      vertex -3.98074 0.392068 35
    endloop
  endfacet
  facet normal -0.989176 0.146736 0
    outer loop
      vertex -3.98074 0.392068 3
      vertex -3.92314 0.780361 0.780361
      vertex -3.98074 0.392068 0.392068
    endloop
  endfacet
  facet normal -0.989176 0.146736 0
    outer loop
      vertex -3.92314 0.780361 0.780361
      vertex -3.98074 0.392068 3
      vertex -3.92314 0.780361 3
    endloop
  endfacet
  facet normal 0.336887 0.941545 -0
    outer loop
      vertex 1.53073 3.69552 -35
      vertex 1.16114 3.82776 -3.82776
      vertex 1.53073 3.69552 -3.69552
    endloop
  endfacet
  facet normal 0.336887 0.941545 0
    outer loop
      vertex 1.16114 3.82776 -3.82776
      vertex 1.53073 3.69552 -35
      vertex 1.16114 3.82776 -35
    endloop
  endfacet
  facet normal 0.336887 0.941545 -0
    outer loop
      vertex 1.53073 3.69552 9
      vertex 1.16114 3.82776 35
      vertex 1.53073 3.69552 35
    endloop
  endfacet
  facet normal 0.336887 0.941545 0
    outer loop
      vertex 1.16114 3.82776 35
      vertex 1.53073 3.69552 9
      vertex 1.16114 3.82776 9
    endloop
  endfacet
  facet normal 0.989176 0.146736 0
    outer loop
      vertex 3.98074 0.392068 35
      vertex 3.92314 0.780361 9
      vertex 3.92314 0.780361 35
    endloop
  endfacet
  facet normal 0.989176 0.146736 0
    outer loop
      vertex 3.92314 0.780361 9
      vertex 3.98074 0.392068 35
      vertex 3.98074 0.392068 9
    endloop
  endfacet
  facet normal 0.989176 0.146736 -0
    outer loop
      vertex 3.98074 0.392068 -35
      vertex 3.92314 0.780361 -0.780361
      vertex 3.98074 0.392068 -0.392068
    endloop
  endfacet
  facet normal 0.989176 0.146736 0
    outer loop
      vertex 3.92314 0.780361 -0.780361
      vertex 3.98074 0.392068 -35
      vertex 3.92314 0.780361 -35
    endloop
  endfacet
  facet normal 0.989176 0.146736 0
    outer loop
      vertex 3.98074 0.392068 3
      vertex 3.92314 0.780361 0.780361
      vertex 3.92314 0.780361 3
    endloop
  endfacet
  facet normal 0.989176 0.146736 0
    outer loop
      vertex 3.92314 0.780361 0.780361
      vertex 3.98074 0.392068 3
      vertex 3.98074 0.392068 0.392068
    endloop
  endfacet
  facet normal 0.989176 -0.146736 0
    outer loop
      vertex 3.92314 -0.780361 35
      vertex 3.98074 -0.392068 9
      vertex 3.98074 -0.392068 35
    endloop
  endfacet
  facet normal 0.989176 -0.146736 0
    outer loop
      vertex 3.98074 -0.392068 9
      vertex 3.92314 -0.780361 35
      vertex 3.92314 -0.780361 9
    endloop
  endfacet
  facet normal 0.989176 -0.146736 0
    outer loop
      vertex 3.92314 -0.780361 -0.780361
      vertex 3.98074 -0.392068 -35
      vertex 3.98074 -0.392068 -0.392068
    endloop
  endfacet
  facet normal 0.989176 -0.146736 0
    outer loop
      vertex 3.98074 -0.392068 -35
      vertex 3.92314 -0.780361 -0.780361
      vertex 3.92314 -0.780361 -35
    endloop
  endfacet
  facet normal 0.989176 -0.146736 0
    outer loop
      vertex 3.92314 -0.780361 0.780361
      vertex 3.98074 -0.392068 3
      vertex 3.92314 -0.780361 3
    endloop
  endfacet
  facet normal 0.989176 -0.146736 0
    outer loop
      vertex 3.98074 -0.392068 3
      vertex 3.92314 -0.780361 0.780361
      vertex 3.98074 -0.392068 0.392068
    endloop
  endfacet
  facet normal 0.146736 0.989176 -0
    outer loop
      vertex 0.780361 3.92314 9
      vertex 0.392068 3.98074 35
      vertex 0.780361 3.92314 35
    endloop
  endfacet
  facet normal 0.146736 0.989176 0
    outer loop
      vertex 0.392068 3.98074 35
      vertex 0.780361 3.92314 9
      vertex 0.392068 3.98074 9
    endloop
  endfacet
  facet normal 0.146736 0.989176 -0
    outer loop
      vertex 0.780361 3.92314 -35
      vertex 0.392068 3.98074 -3.98074
      vertex 0.780361 3.92314 -3.92314
    endloop
  endfacet
  facet normal 0.146736 0.989176 0
    outer loop
      vertex 0.392068 3.98074 -3.98074
      vertex 0.780361 3.92314 -35
      vertex 0.392068 3.98074 -35
    endloop
  endfacet
  facet normal 0.803201 0.595708 -0
    outer loop
      vertex 3.32588 2.22228 -35
      vertex 3.09204 2.53757 -2.53757
      vertex 3.32588 2.22228 -2.22228
    endloop
  endfacet
  facet normal 0.803201 0.595708 0
    outer loop
      vertex 3.09204 2.53757 -2.53757
      vertex 3.32588 2.22228 -35
      vertex 3.09204 2.53757 -35
    endloop
  endfacet
  facet normal 0.803201 0.595708 0
    outer loop
      vertex 3.32588 2.22228 35
      vertex 3.09204 2.53757 9
      vertex 3.09204 2.53757 35
    endloop
  endfacet
  facet normal 0.803201 0.595708 0
    outer loop
      vertex 3.09204 2.53757 9
      vertex 3.32588 2.22228 35
      vertex 3.32588 2.22228 9
    endloop
  endfacet
  facet normal 0.803201 0.595708 0
    outer loop
      vertex 3.32588 2.22228 3
      vertex 3.09204 2.53757 2.53757
      vertex 3.09204 2.53757 3
    endloop
  endfacet
  facet normal 0.803201 0.595708 0
    outer loop
      vertex 3.09204 2.53757 2.53757
      vertex 3.32588 2.22228 3
      vertex 3.32588 2.22228 2.22228
    endloop
  endfacet
  facet normal -0.336887 0.941545 0
    outer loop
      vertex -1.53073 3.69552 -35
      vertex -1.16114 3.82776 -3.82776
      vertex -1.16114 3.82776 -35
    endloop
  endfacet
  facet normal -0.336887 0.941545 0
    outer loop
      vertex -1.16114 3.82776 -3.82776
      vertex -1.53073 3.69552 -35
      vertex -1.53073 3.69552 -3.69552
    endloop
  endfacet
  facet normal -0.336887 0.941545 0
    outer loop
      vertex -1.16114 3.82776 9
      vertex -1.53073 3.69552 35
      vertex -1.16114 3.82776 35
    endloop
  endfacet
  facet normal -0.336887 0.941545 0
    outer loop
      vertex -1.53073 3.69552 35
      vertex -1.16114 3.82776 9
      vertex -1.53073 3.69552 9
    endloop
  endfacet
  facet normal -0.595708 0.803201 0
    outer loop
      vertex -2.53757 3.09204 -35
      vertex -2.22228 3.32588 -3.32588
      vertex -2.22228 3.32588 -35
    endloop
  endfacet
  facet normal -0.595708 0.803201 0
    outer loop
      vertex -2.22228 3.32588 -3.32588
      vertex -2.53757 3.09204 -35
      vertex -2.53757 3.09204 -3.09204
    endloop
  endfacet
  facet normal -0.595708 0.803201 0
    outer loop
      vertex -2.22228 3.32588 9
      vertex -2.53757 3.09204 35
      vertex -2.22228 3.32588 35
    endloop
  endfacet
  facet normal -0.595708 0.803201 0
    outer loop
      vertex -2.53757 3.09204 35
      vertex -2.22228 3.32588 9
      vertex -2.53757 3.09204 9
    endloop
  endfacet
  facet normal 0.595708 -0.803201 0
    outer loop
      vertex 2.22228 -3.32588 9
      vertex 2.53757 -3.09204 35
      vertex 2.22228 -3.32588 35
    endloop
  endfacet
  facet normal 0.595708 -0.803201 0
    outer loop
      vertex 2.53757 -3.09204 35
      vertex 2.22228 -3.32588 9
      vertex 2.53757 -3.09204 9
    endloop
  endfacet
  facet normal 0.595708 -0.803201 0
    outer loop
      vertex 2.53757 -3.09204 -35
      vertex 2.22228 -3.32588 -3.32588
      vertex 2.22228 -3.32588 -35
    endloop
  endfacet
  facet normal 0.595708 -0.803201 0
    outer loop
      vertex 2.22228 -3.32588 -3.32588
      vertex 2.53757 -3.09204 -35
      vertex 2.53757 -3.09204 -3.09204
    endloop
  endfacet
  facet normal 0.671545 -0.740964 0
    outer loop
      vertex 2.53757 -3.09204 9
      vertex 2.82843 -2.82843 35
      vertex 2.53757 -3.09204 35
    endloop
  endfacet
  facet normal 0.671545 -0.740964 0
    outer loop
      vertex 2.82843 -2.82843 35
      vertex 2.53757 -3.09204 9
      vertex 2.82843 -2.82843 9
    endloop
  endfacet
  facet normal 0.671545 -0.740964 0
    outer loop
      vertex 2.82843 -2.82843 -35
      vertex 2.53757 -3.09204 -3.09204
      vertex 2.53757 -3.09204 -35
    endloop
  endfacet
  facet normal 0.671545 -0.740964 0
    outer loop
      vertex 2.53757 -3.09204 -3.09204
      vertex 2.82843 -2.82843 -35
      vertex 2.82843 -2.82843 -2.82843
    endloop
  endfacet
  facet normal 0.671536 -0.740972 0
    outer loop
      vertex 2.82843 -2.82843 3
      vertex 2.63912 -3 3
      vertex 2.82843 -2.82843 2.82843
    endloop
  endfacet
  facet normal 0.146736 -0.989176 0
    outer loop
      vertex 0.780361 -3.92314 -35
      vertex 0.392068 -3.98074 -3.98074
      vertex 0.392068 -3.98074 -35
    endloop
  endfacet
  facet normal 0.146736 -0.989176 0
    outer loop
      vertex 0.392068 -3.98074 -3.98074
      vertex 0.780361 -3.92314 -35
      vertex 0.780361 -3.92314 -3.92314
    endloop
  endfacet
  facet normal 0.146736 -0.989176 0
    outer loop
      vertex 0.392068 -3.98074 9
      vertex 0.780361 -3.92314 35
      vertex 0.392068 -3.98074 35
    endloop
  endfacet
  facet normal 0.146736 -0.989176 0
    outer loop
      vertex 0.780361 -3.92314 35
      vertex 0.392068 -3.98074 9
      vertex 0.780361 -3.92314 9
    endloop
  endfacet
  facet normal -0.989176 -0.146736 0
    outer loop
      vertex -3.92314 -0.780361 9
      vertex -3.98074 -0.392068 35
      vertex -3.98074 -0.392068 9
    endloop
  endfacet
  facet normal -0.989176 -0.146736 0
    outer loop
      vertex -3.98074 -0.392068 35
      vertex -3.92314 -0.780361 9
      vertex -3.92314 -0.780361 35
    endloop
  endfacet
  facet normal -0.989176 -0.146736 -0
    outer loop
      vertex -3.92314 -0.780361 -0.780361
      vertex -3.98074 -0.392068 -35
      vertex -3.92314 -0.780361 -35
    endloop
  endfacet
  facet normal -0.989176 -0.146736 0
    outer loop
      vertex -3.98074 -0.392068 -35
      vertex -3.92314 -0.780361 -0.780361
      vertex -3.98074 -0.392068 -0.392068
    endloop
  endfacet
  facet normal -0.989176 -0.146736 0
    outer loop
      vertex -3.92314 -0.780361 0.780361
      vertex -3.98074 -0.392068 3
      vertex -3.98074 -0.392068 0.392068
    endloop
  endfacet
  facet normal -0.989176 -0.146736 0
    outer loop
      vertex -3.98074 -0.392068 3
      vertex -3.92314 -0.780361 0.780361
      vertex -3.92314 -0.780361 3
    endloop
  endfacet
  facet normal -0.803201 -0.595708 -0
    outer loop
      vertex -3.09204 -2.53757 -2.53757
      vertex -3.32588 -2.22228 -35
      vertex -3.09204 -2.53757 -35
    endloop
  endfacet
  facet normal -0.803201 -0.595708 0
    outer loop
      vertex -3.32588 -2.22228 -35
      vertex -3.09204 -2.53757 -2.53757
      vertex -3.32588 -2.22228 -2.22228
    endloop
  endfacet
  facet normal -0.803201 -0.595708 0
    outer loop
      vertex -3.09204 -2.53757 9
      vertex -3.32588 -2.22228 35
      vertex -3.32588 -2.22228 9
    endloop
  endfacet
  facet normal -0.803201 -0.595708 0
    outer loop
      vertex -3.32588 -2.22228 35
      vertex -3.09204 -2.53757 9
      vertex -3.09204 -2.53757 35
    endloop
  endfacet
  facet normal -0.803201 -0.595708 0
    outer loop
      vertex -3.09204 -2.53757 2.53757
      vertex -3.32588 -2.22228 3
      vertex -3.32588 -2.22228 2.22228
    endloop
  endfacet
  facet normal -0.803201 -0.595708 0
    outer loop
      vertex -3.32588 -2.22228 3
      vertex -3.09204 -2.53757 2.53757
      vertex -3.09204 -2.53757 3
    endloop
  endfacet
  facet normal 0.427563 0.903986 -0
    outer loop
      vertex 1.88559 3.52768 9
      vertex 1.53073 3.69552 35
      vertex 1.88559 3.52768 35
    endloop
  endfacet
  facet normal 0.427563 0.903986 0
    outer loop
      vertex 1.53073 3.69552 35
      vertex 1.88559 3.52768 9
      vertex 1.53073 3.69552 9
    endloop
  endfacet
  facet normal 0.427563 0.903986 -0
    outer loop
      vertex 1.88559 3.52768 -35
      vertex 1.53073 3.69552 -3.69552
      vertex 1.88559 3.52768 -3.52768
    endloop
  endfacet
  facet normal 0.427563 0.903986 0
    outer loop
      vertex 1.53073 3.69552 -3.69552
      vertex 1.88559 3.52768 -35
      vertex 1.53073 3.69552 -35
    endloop
  endfacet
  facet normal 0.998796 0.049065 0
    outer loop
      vertex 4 0 35
      vertex 3.98074 0.392068 9
      vertex 3.98074 0.392068 35
    endloop
  endfacet
  facet normal 0.998796 0.049065 0
    outer loop
      vertex 3.98074 0.392068 9
      vertex 4 0 35
      vertex 4 0 9
    endloop
  endfacet
  facet normal 0.998796 0.049065 -0
    outer loop
      vertex 4 0 -35
      vertex 3.98074 0.392068 -0.392068
      vertex 4 0 0
    endloop
  endfacet
  facet normal 0.998796 0.049065 0
    outer loop
      vertex 3.98074 0.392068 -0.392068
      vertex 4 0 -35
      vertex 3.98074 0.392068 -35
    endloop
  endfacet
  facet normal 0.998796 0.049065 0
    outer loop
      vertex 4 0 3
      vertex 3.98074 0.392068 0.392068
      vertex 3.98074 0.392068 3
    endloop
  endfacet
  facet normal 0.998796 0.049065 0
    outer loop
      vertex 3.98074 0.392068 0.392068
      vertex 4 0 3
      vertex 4 0 0
    endloop
  endfacet
  facet normal -0.857733 0.514095 0
    outer loop
      vertex -3.52768 1.88559 9
      vertex -3.32588 2.22228 35
      vertex -3.32588 2.22228 9
    endloop
  endfacet
  facet normal -0.857733 0.514095 0
    outer loop
      vertex -3.32588 2.22228 35
      vertex -3.52768 1.88559 9
      vertex -3.52768 1.88559 35
    endloop
  endfacet
  facet normal -0.857733 0.514095 0
    outer loop
      vertex -3.52768 1.88559 -35
      vertex -3.32588 2.22228 -2.22228
      vertex -3.32588 2.22228 -35
    endloop
  endfacet
  facet normal -0.857733 0.514095 0
    outer loop
      vertex -3.32588 2.22228 -2.22228
      vertex -3.52768 1.88559 -35
      vertex -3.52768 1.88559 -1.88559
    endloop
  endfacet
  facet normal -0.857733 0.514095 0
    outer loop
      vertex -3.52768 1.88559 3
      vertex -3.32588 2.22228 2.22228
      vertex -3.52768 1.88559 1.88559
    endloop
  endfacet
  facet normal -0.857733 0.514095 0
    outer loop
      vertex -3.32588 2.22228 2.22228
      vertex -3.52768 1.88559 3
      vertex -3.32588 2.22228 3
    endloop
  endfacet
  facet normal 0.595708 0.803201 -0
    outer loop
      vertex 2.53757 3.09204 -35
      vertex 2.22228 3.32588 -3.32588
      vertex 2.53757 3.09204 -3.09204
    endloop
  endfacet
  facet normal 0.595708 0.803201 0
    outer loop
      vertex 2.22228 3.32588 -3.32588
      vertex 2.53757 3.09204 -35
      vertex 2.22228 3.32588 -35
    endloop
  endfacet
  facet normal 0.595708 0.803201 -0
    outer loop
      vertex 2.53757 3.09204 9
      vertex 2.22228 3.32588 35
      vertex 2.53757 3.09204 35
    endloop
  endfacet
  facet normal 0.595708 0.803201 0
    outer loop
      vertex 2.22228 3.32588 35
      vertex 2.53757 3.09204 9
      vertex 2.22228 3.32588 9
    endloop
  endfacet
  facet normal 0 0 -1
    outer loop
      vertex 3.98074 -0.392068 -35
      vertex 3.98074 0.392068 -35
      vertex 4 0 -35
    endloop
  endfacet
  facet normal 0 0 -1
    outer loop
      vertex 3.92314 -0.780361 -35
      vertex 3.98074 0.392068 -35
      vertex 3.98074 -0.392068 -35
    endloop
  endfacet
  facet normal 0 0 -1
    outer loop
      vertex 3.92314 -0.780361 -35
      vertex 3.92314 0.780361 -35
      vertex 3.98074 0.392068 -35
    endloop
  endfacet
  facet normal 0 0 -1
    outer loop
      vertex 3.82776 -1.16114 -35
      vertex 3.92314 0.780361 -35
      vertex 3.92314 -0.780361 -35
    endloop
  endfacet
  facet normal 0 0 -1
    outer loop
      vertex 3.82776 -1.16114 -35
      vertex 3.82776 1.16114 -35
      vertex 3.92314 0.780361 -35
    endloop
  endfacet
  facet normal 0 0 -1
    outer loop
      vertex 3.69552 -1.53073 -35
      vertex 3.82776 1.16114 -35
      vertex 3.82776 -1.16114 -35
    endloop
  endfacet
  facet normal 0 0 -1
    outer loop
      vertex 3.69552 -1.53073 -35
      vertex 3.69552 1.53073 -35
      vertex 3.82776 1.16114 -35
    endloop
  endfacet
  facet normal 0 0 -1
    outer loop
      vertex 3.52768 -1.88559 -35
      vertex 3.69552 1.53073 -35
      vertex 3.69552 -1.53073 -35
    endloop
  endfacet
  facet normal 0 0 -1
    outer loop
      vertex 3.52768 -1.88559 -35
      vertex 3.52768 1.88559 -35
      vertex 3.69552 1.53073 -35
    endloop
  endfacet
  facet normal 0 0 -1
    outer loop
      vertex 3.32588 -2.22228 -35
      vertex 3.52768 1.88559 -35
      vertex 3.52768 -1.88559 -35
    endloop
  endfacet
  facet normal 0 0 -1
    outer loop
      vertex 3.32588 -2.22228 -35
      vertex 3.32588 2.22228 -35
      vertex 3.52768 1.88559 -35
    endloop
  endfacet
  facet normal 0 0 -1
    outer loop
      vertex 3.09204 -2.53757 -35
      vertex 3.32588 2.22228 -35
      vertex 3.32588 -2.22228 -35
    endloop
  endfacet
  facet normal 0 0 -1
    outer loop
      vertex 3.09204 -2.53757 -35
      vertex 3.09204 2.53757 -35
      vertex 3.32588 2.22228 -35
    endloop
  endfacet
  facet normal 0 0 -1
    outer loop
      vertex 2.82843 -2.82843 -35
      vertex 3.09204 2.53757 -35
      vertex 3.09204 -2.53757 -35
    endloop
  endfacet
  facet normal 0 0 -1
    outer loop
      vertex 2.82843 -2.82843 -35
      vertex 2.82843 2.82843 -35
      vertex 3.09204 2.53757 -35
    endloop
  endfacet
  facet normal 0 0 -1
    outer loop
      vertex 2.53757 -3.09204 -35
      vertex 2.82843 2.82843 -35
      vertex 2.82843 -2.82843 -35
    endloop
  endfacet
  facet normal 0 0 -1
    outer loop
      vertex 2.53757 -3.09204 -35
      vertex 2.53757 3.09204 -35
      vertex 2.82843 2.82843 -35
    endloop
  endfacet
  facet normal 0 0 -1
    outer loop
      vertex 2.22228 -3.32588 -35
      vertex 2.53757 3.09204 -35
      vertex 2.53757 -3.09204 -35
    endloop
  endfacet
  facet normal 0 0 -1
    outer loop
      vertex 2.22228 -3.32588 -35
      vertex 2.22228 3.32588 -35
      vertex 2.53757 3.09204 -35
    endloop
  endfacet
  facet normal 0 0 -1
    outer loop
      vertex 1.88559 -3.52768 -35
      vertex 2.22228 3.32588 -35
      vertex 2.22228 -3.32588 -35
    endloop
  endfacet
  facet normal 0 0 -1
    outer loop
      vertex 1.88559 -3.52768 -35
      vertex 1.88559 3.52768 -35
      vertex 2.22228 3.32588 -35
    endloop
  endfacet
  facet normal 0 0 -1
    outer loop
      vertex 1.53073 -3.69552 -35
      vertex 1.88559 3.52768 -35
      vertex 1.88559 -3.52768 -35
    endloop
  endfacet
  facet normal 0 0 -1
    outer loop
      vertex 1.53073 -3.69552 -35
      vertex 1.53073 3.69552 -35
      vertex 1.88559 3.52768 -35
    endloop
  endfacet
  facet normal 0 0 -1
    outer loop
      vertex 1.16114 -3.82776 -35
      vertex 1.53073 3.69552 -35
      vertex 1.53073 -3.69552 -35
    endloop
  endfacet
  facet normal 0 0 -1
    outer loop
      vertex 1.16114 -3.82776 -35
      vertex 1.16114 3.82776 -35
      vertex 1.53073 3.69552 -35
    endloop
  endfacet
  facet normal 0 0 -1
    outer loop
      vertex 0.780361 -3.92314 -35
      vertex 1.16114 3.82776 -35
      vertex 1.16114 -3.82776 -35
    endloop
  endfacet
  facet normal 0 0 -1
    outer loop
      vertex 0.780361 -3.92314 -35
      vertex 0.780361 3.92314 -35
      vertex 1.16114 3.82776 -35
    endloop
  endfacet
  facet normal 0 0 -1
    outer loop
      vertex 0.392068 -3.98074 -35
      vertex 0.780361 3.92314 -35
      vertex 0.780361 -3.92314 -35
    endloop
  endfacet
  facet normal 0 0 -1
    outer loop
      vertex 0.392068 -3.98074 -35
      vertex 0.392068 3.98074 -35
      vertex 0.780361 3.92314 -35
    endloop
  endfacet
  facet normal 0 0 -1
    outer loop
      vertex 0 -4 -35
      vertex 0.392068 3.98074 -35
      vertex 0.392068 -3.98074 -35
    endloop
  endfacet
  facet normal 0 0 -1
    outer loop
      vertex 0 -4 -35
      vertex 0 4 -35
      vertex 0.392068 3.98074 -35
    endloop
  endfacet
  facet normal 0 0 -1
    outer loop
      vertex -0.392068 -3.98074 -35
      vertex 0 4 -35
      vertex 0 -4 -35
    endloop
  endfacet
  facet normal 0 0 -1
    outer loop
      vertex -0.392068 -3.98074 -35
      vertex -0.392068 3.98074 -35
      vertex 0 4 -35
    endloop
  endfacet
  facet normal 0 0 -1
    outer loop
      vertex -0.780361 -3.92314 -35
      vertex -0.392068 3.98074 -35
      vertex -0.392068 -3.98074 -35
    endloop
  endfacet
  facet normal 0 0 -1
    outer loop
      vertex -0.780361 -3.92314 -35
      vertex -0.780361 3.92314 -35
      vertex -0.392068 3.98074 -35
    endloop
  endfacet
  facet normal 0 0 -1
    outer loop
      vertex -1.16114 -3.82776 -35
      vertex -0.780361 3.92314 -35
      vertex -0.780361 -3.92314 -35
    endloop
  endfacet
  facet normal 0 0 -1
    outer loop
      vertex -1.16114 -3.82776 -35
      vertex -1.16114 3.82776 -35
      vertex -0.780361 3.92314 -35
    endloop
  endfacet
  facet normal 0 0 -1
    outer loop
      vertex -1.53073 -3.69552 -35
      vertex -1.16114 3.82776 -35
      vertex -1.16114 -3.82776 -35
    endloop
  endfacet
  facet normal 0 0 -1
    outer loop
      vertex -1.53073 -3.69552 -35
      vertex -1.53073 3.69552 -35
      vertex -1.16114 3.82776 -35
    endloop
  endfacet
  facet normal 0 0 -1
    outer loop
      vertex -1.88559 -3.52768 -35
      vertex -1.53073 3.69552 -35
      vertex -1.53073 -3.69552 -35
    endloop
  endfacet
  facet normal 0 0 -1
    outer loop
      vertex -1.88559 -3.52768 -35
      vertex -1.88559 3.52768 -35
      vertex -1.53073 3.69552 -35
    endloop
  endfacet
  facet normal 0 0 -1
    outer loop
      vertex -2.22228 -3.32588 -35
      vertex -1.88559 3.52768 -35
      vertex -1.88559 -3.52768 -35
    endloop
  endfacet
  facet normal 0 0 -1
    outer loop
      vertex -2.22228 -3.32588 -35
      vertex -2.22228 3.32588 -35
      vertex -1.88559 3.52768 -35
    endloop
  endfacet
  facet normal 0 0 -1
    outer loop
      vertex -2.53757 -3.09204 -35
      vertex -2.22228 3.32588 -35
      vertex -2.22228 -3.32588 -35
    endloop
  endfacet
  facet normal 0 0 -1
    outer loop
      vertex -2.53757 -3.09204 -35
      vertex -2.53757 3.09204 -35
      vertex -2.22228 3.32588 -35
    endloop
  endfacet
  facet normal 0 0 -1
    outer loop
      vertex -2.82843 -2.82843 -35
      vertex -2.53757 3.09204 -35
      vertex -2.53757 -3.09204 -35
    endloop
  endfacet
  facet normal 0 0 -1
    outer loop
      vertex -2.82843 -2.82843 -35
      vertex -2.82843 2.82843 -35
      vertex -2.53757 3.09204 -35
    endloop
  endfacet
  facet normal 0 0 -1
    outer loop
      vertex -3.09204 -2.53757 -35
      vertex -2.82843 2.82843 -35
      vertex -2.82843 -2.82843 -35
    endloop
  endfacet
  facet normal 0 0 -1
    outer loop
      vertex -3.09204 -2.53757 -35
      vertex -3.09204 2.53757 -35
      vertex -2.82843 2.82843 -35
    endloop
  endfacet
  facet normal 0 0 -1
    outer loop
      vertex -3.32588 -2.22228 -35
      vertex -3.09204 2.53757 -35
      vertex -3.09204 -2.53757 -35
    endloop
  endfacet
  facet normal 0 0 -1
    outer loop
      vertex -3.32588 -2.22228 -35
      vertex -3.32588 2.22228 -35
      vertex -3.09204 2.53757 -35
    endloop
  endfacet
  facet normal 0 0 -1
    outer loop
      vertex -3.52768 -1.88559 -35
      vertex -3.32588 2.22228 -35
      vertex -3.32588 -2.22228 -35
    endloop
  endfacet
  facet normal 0 0 -1
    outer loop
      vertex -3.52768 -1.88559 -35
      vertex -3.52768 1.88559 -35
      vertex -3.32588 2.22228 -35
    endloop
  endfacet
  facet normal 0 0 -1
    outer loop
      vertex -3.69552 -1.53073 -35
      vertex -3.52768 1.88559 -35
      vertex -3.52768 -1.88559 -35
    endloop
  endfacet
  facet normal 0 0 -1
    outer loop
      vertex -3.69552 -1.53073 -35
      vertex -3.69552 1.53073 -35
      vertex -3.52768 1.88559 -35
    endloop
  endfacet
  facet normal 0 0 -1
    outer loop
      vertex -3.82776 -1.16114 -35
      vertex -3.69552 1.53073 -35
      vertex -3.69552 -1.53073 -35
    endloop
  endfacet
  facet normal 0 0 -1
    outer loop
      vertex -3.82776 -1.16114 -35
      vertex -3.82776 1.16114 -35
      vertex -3.69552 1.53073 -35
    endloop
  endfacet
  facet normal 0 0 -1
    outer loop
      vertex -3.92314 -0.780361 -35
      vertex -3.82776 1.16114 -35
      vertex -3.82776 -1.16114 -35
    endloop
  endfacet
  facet normal 0 0 -1
    outer loop
      vertex -3.92314 -0.780361 -35
      vertex -3.92314 0.780361 -35
      vertex -3.82776 1.16114 -35
    endloop
  endfacet
  facet normal 0 0 -1
    outer loop
      vertex -3.98074 -0.392068 -35
      vertex -3.92314 0.780361 -35
      vertex -3.92314 -0.780361 -35
    endloop
  endfacet
  facet normal 0 0 -1
    outer loop
      vertex -3.98074 -0.392068 -35
      vertex -3.98074 0.392068 -35
      vertex -3.92314 0.780361 -35
    endloop
  endfacet
  facet normal 0 -0 -1
    outer loop
      vertex -3.98074 0.392068 -35
      vertex -3.98074 -0.392068 -35
      vertex -4 0 -35
    endloop
  endfacet
  facet normal -0.24298 -0.970031 0
    outer loop
      vertex -1.16114 -3.82776 9
      vertex -0.780361 -3.92314 35
      vertex -1.16114 -3.82776 35
    endloop
  endfacet
  facet normal -0.24298 -0.970031 -0
    outer loop
      vertex -0.780361 -3.92314 35
      vertex -1.16114 -3.82776 9
      vertex -0.780361 -3.92314 9
    endloop
  endfacet
  facet normal -0.24298 -0.970031 0
    outer loop
      vertex -1.16114 -3.82776 -35
      vertex -0.780361 -3.92314 -3.92314
      vertex -1.16114 -3.82776 -3.82776
    endloop
  endfacet
  facet normal -0.24298 -0.970031 -0
    outer loop
      vertex -0.780361 -3.92314 -3.92314
      vertex -1.16114 -3.82776 -35
      vertex -0.780361 -3.92314 -35
    endloop
  endfacet
  facet normal -0.941545 0.336887 0
    outer loop
      vertex -3.82776 1.16114 9
      vertex -3.69552 1.53073 35
      vertex -3.69552 1.53073 9
    endloop
  endfacet
  facet normal -0.941545 0.336887 0
    outer loop
      vertex -3.69552 1.53073 35
      vertex -3.82776 1.16114 9
      vertex -3.82776 1.16114 35
    endloop
  endfacet
  facet normal -0.941545 0.336887 0
    outer loop
      vertex -3.82776 1.16114 -35
      vertex -3.69552 1.53073 -1.53073
      vertex -3.69552 1.53073 -35
    endloop
  endfacet
  facet normal -0.941545 0.336887 0
    outer loop
      vertex -3.69552 1.53073 -1.53073
      vertex -3.82776 1.16114 -35
      vertex -3.82776 1.16114 -1.16114
    endloop
  endfacet
  facet normal -0.941545 0.336887 0
    outer loop
      vertex -3.82776 1.16114 3
      vertex -3.69552 1.53073 1.53073
      vertex -3.82776 1.16114 1.16114
    endloop
  endfacet
  facet normal -0.941545 0.336887 0
    outer loop
      vertex -3.69552 1.53073 1.53073
      vertex -3.82776 1.16114 3
      vertex -3.69552 1.53073 3
    endloop
  endfacet
  facet normal -0.146736 0.989176 0
    outer loop
      vertex -0.392068 3.98074 9
      vertex -0.780361 3.92314 35
      vertex -0.392068 3.98074 35
    endloop
  endfacet
  facet normal -0.146736 0.989176 0
    outer loop
      vertex -0.780361 3.92314 35
      vertex -0.392068 3.98074 9
      vertex -0.780361 3.92314 9
    endloop
  endfacet
  facet normal -0.146736 0.989176 0
    outer loop
      vertex -0.780361 3.92314 -35
      vertex -0.392068 3.98074 -3.98074
      vertex -0.392068 3.98074 -35
    endloop
  endfacet
  facet normal -0.146736 0.989176 0
    outer loop
      vertex -0.392068 3.98074 -3.98074
      vertex -0.780361 3.92314 -35
      vertex -0.780361 3.92314 -3.92314
    endloop
  endfacet
  facet normal 0.903986 0.427563 0
    outer loop
      vertex 3.69552 1.53073 35
      vertex 3.52768 1.88559 9
      vertex 3.52768 1.88559 35
    endloop
  endfacet
  facet normal 0.903986 0.427563 0
    outer loop
      vertex 3.52768 1.88559 9
      vertex 3.69552 1.53073 35
      vertex 3.69552 1.53073 9
    endloop
  endfacet
  facet normal 0.903986 0.427563 -0
    outer loop
      vertex 3.69552 1.53073 -35
      vertex 3.52768 1.88559 -1.88559
      vertex 3.69552 1.53073 -1.53073
    endloop
  endfacet
  facet normal 0.903986 0.427563 0
    outer loop
      vertex 3.52768 1.88559 -1.88559
      vertex 3.69552 1.53073 -35
      vertex 3.52768 1.88559 -35
    endloop
  endfacet
  facet normal 0.903986 0.427563 0
    outer loop
      vertex 3.69552 1.53073 3
      vertex 3.52768 1.88559 1.88559
      vertex 3.52768 1.88559 3
    endloop
  endfacet
  facet normal 0.903986 0.427563 0
    outer loop
      vertex 3.52768 1.88559 1.88559
      vertex 3.69552 1.53073 3
      vertex 3.69552 1.53073 1.53073
    endloop
  endfacet
  facet normal 0.998796 -0.049065 0
    outer loop
      vertex 3.98074 -0.392068 35
      vertex 4 0 9
      vertex 4 0 35
    endloop
  endfacet
  facet normal 0.998796 -0.049065 0
    outer loop
      vertex 4 0 9
      vertex 3.98074 -0.392068 35
      vertex 3.98074 -0.392068 9
    endloop
  endfacet
  facet normal 0.998796 -0.049065 0
    outer loop
      vertex 3.98074 -0.392068 -0.392068
      vertex 4 0 -35
      vertex 4 0 0
    endloop
  endfacet
  facet normal 0.998796 -0.049065 0
    outer loop
      vertex 4 0 -35
      vertex 3.98074 -0.392068 -0.392068
      vertex 3.98074 -0.392068 -35
    endloop
  endfacet
  facet normal 0.998796 -0.049065 0
    outer loop
      vertex 3.98074 -0.392068 0.392068
      vertex 4 0 3
      vertex 3.98074 -0.392068 3
    endloop
  endfacet
  facet normal 0.998796 -0.049065 0
    outer loop
      vertex 4 0 3
      vertex 3.98074 -0.392068 0.392068
      vertex 4 0 0
    endloop
  endfacet
  facet normal 0.671545 0.740964 -0
    outer loop
      vertex 2.82843 2.82843 -35
      vertex 2.53757 3.09204 -3.09204
      vertex 2.82843 2.82843 -2.82843
    endloop
  endfacet
  facet normal 0.671545 0.740964 0
    outer loop
      vertex 2.53757 3.09204 -3.09204
      vertex 2.82843 2.82843 -35
      vertex 2.53757 3.09204 -35
    endloop
  endfacet
  facet normal 0.671545 0.740964 -0
    outer loop
      vertex 2.82843 2.82843 9
      vertex 2.53757 3.09204 35
      vertex 2.82843 2.82843 35
    endloop
  endfacet
  facet normal 0.671545 0.740964 0
    outer loop
      vertex 2.53757 3.09204 35
      vertex 2.82843 2.82843 9
      vertex 2.53757 3.09204 9
    endloop
  endfacet
  facet normal 0.671536 0.740972 -0
    outer loop
      vertex 2.82843 2.82843 2.82843
      vertex 2.63912 3 3
      vertex 2.82843 2.82843 3
    endloop
  endfacet
  facet normal 0.970031 0.24298 0
    outer loop
      vertex 3.92314 0.780361 35
      vertex 3.82776 1.16114 9
      vertex 3.82776 1.16114 35
    endloop
  endfacet
  facet normal 0.970031 0.24298 0
    outer loop
      vertex 3.82776 1.16114 9
      vertex 3.92314 0.780361 35
      vertex 3.92314 0.780361 9
    endloop
  endfacet
  facet normal 0.970031 0.24298 -0
    outer loop
      vertex 3.92314 0.780361 -35
      vertex 3.82776 1.16114 -1.16114
      vertex 3.92314 0.780361 -0.780361
    endloop
  endfacet
  facet normal 0.970031 0.24298 0
    outer loop
      vertex 3.82776 1.16114 -1.16114
      vertex 3.92314 0.780361 -35
      vertex 3.82776 1.16114 -35
    endloop
  endfacet
  facet normal 0.970031 0.24298 0
    outer loop
      vertex 3.92314 0.780361 3
      vertex 3.82776 1.16114 1.16114
      vertex 3.82776 1.16114 3
    endloop
  endfacet
  facet normal 0.970031 0.24298 0
    outer loop
      vertex 3.82776 1.16114 1.16114
      vertex 3.92314 0.780361 3
      vertex 3.92314 0.780361 0.780361
    endloop
  endfacet
  facet normal 0.24298 0.970031 -0
    outer loop
      vertex 1.16114 3.82776 -35
      vertex 0.780361 3.92314 -3.92314
      vertex 1.16114 3.82776 -3.82776
    endloop
  endfacet
  facet normal 0.24298 0.970031 0
    outer loop
      vertex 0.780361 3.92314 -3.92314
      vertex 1.16114 3.82776 -35
      vertex 0.780361 3.92314 -35
    endloop
  endfacet
  facet normal 0.24298 0.970031 -0
    outer loop
      vertex 1.16114 3.82776 9
      vertex 0.780361 3.92314 35
      vertex 1.16114 3.82776 35
    endloop
  endfacet
  facet normal 0.24298 0.970031 0
    outer loop
      vertex 0.780361 3.92314 35
      vertex 1.16114 3.82776 9
      vertex 0.780361 3.92314 9
    endloop
  endfacet
  facet normal 0.336887 -0.941545 0
    outer loop
      vertex 1.53073 -3.69552 -35
      vertex 1.16114 -3.82776 -3.82776
      vertex 1.16114 -3.82776 -35
    endloop
  endfacet
  facet normal 0.336887 -0.941545 0
    outer loop
      vertex 1.16114 -3.82776 -3.82776
      vertex 1.53073 -3.69552 -35
      vertex 1.53073 -3.69552 -3.69552
    endloop
  endfacet
  facet normal 0.336887 -0.941545 0
    outer loop
      vertex 1.16114 -3.82776 9
      vertex 1.53073 -3.69552 35
      vertex 1.16114 -3.82776 35
    endloop
  endfacet
  facet normal 0.336887 -0.941545 0
    outer loop
      vertex 1.53073 -3.69552 35
      vertex 1.16114 -3.82776 9
      vertex 1.53073 -3.69552 9
    endloop
  endfacet
  facet normal 0.857733 -0.514095 0
    outer loop
      vertex 3.32588 -2.22228 -2.22228
      vertex 3.52768 -1.88559 -35
      vertex 3.52768 -1.88559 -1.88559
    endloop
  endfacet
  facet normal 0.857733 -0.514095 0
    outer loop
      vertex 3.52768 -1.88559 -35
      vertex 3.32588 -2.22228 -2.22228
      vertex 3.32588 -2.22228 -35
    endloop
  endfacet
  facet normal 0.857733 -0.514095 0
    outer loop
      vertex 3.32588 -2.22228 35
      vertex 3.52768 -1.88559 9
      vertex 3.52768 -1.88559 35
    endloop
  endfacet
  facet normal 0.857733 -0.514095 0
    outer loop
      vertex 3.52768 -1.88559 9
      vertex 3.32588 -2.22228 35
      vertex 3.32588 -2.22228 9
    endloop
  endfacet
  facet normal 0.857733 -0.514095 0
    outer loop
      vertex 3.32588 -2.22228 2.22228
      vertex 3.52768 -1.88559 3
      vertex 3.32588 -2.22228 3
    endloop
  endfacet
  facet normal 0.857733 -0.514095 0
    outer loop
      vertex 3.52768 -1.88559 3
      vertex 3.32588 -2.22228 2.22228
      vertex 3.52768 -1.88559 1.88559
    endloop
  endfacet
  facet normal -0.336887 -0.941545 0
    outer loop
      vertex -1.53073 -3.69552 9
      vertex -1.16114 -3.82776 35
      vertex -1.53073 -3.69552 35
    endloop
  endfacet
  facet normal -0.336887 -0.941545 -0
    outer loop
      vertex -1.16114 -3.82776 35
      vertex -1.53073 -3.69552 9
      vertex -1.16114 -3.82776 9
    endloop
  endfacet
  facet normal -0.336887 -0.941545 0
    outer loop
      vertex -1.53073 -3.69552 -35
      vertex -1.16114 -3.82776 -3.82776
      vertex -1.53073 -3.69552 -3.69552
    endloop
  endfacet
  facet normal -0.336887 -0.941545 -0
    outer loop
      vertex -1.16114 -3.82776 -3.82776
      vertex -1.53073 -3.69552 -35
      vertex -1.16114 -3.82776 -35
    endloop
  endfacet
  facet normal 0.24298 -0.970031 0
    outer loop
      vertex 1.16114 -3.82776 -35
      vertex 0.780361 -3.92314 -3.92314
      vertex 0.780361 -3.92314 -35
    endloop
  endfacet
  facet normal 0.24298 -0.970031 0
    outer loop
      vertex 0.780361 -3.92314 -3.92314
      vertex 1.16114 -3.82776 -35
      vertex 1.16114 -3.82776 -3.82776
    endloop
  endfacet
  facet normal 0.24298 -0.970031 0
    outer loop
      vertex 0.780361 -3.92314 9
      vertex 1.16114 -3.82776 35
      vertex 0.780361 -3.92314 35
    endloop
  endfacet
  facet normal 0.24298 -0.970031 0
    outer loop
      vertex 1.16114 -3.82776 35
      vertex 0.780361 -3.92314 9
      vertex 1.16114 -3.82776 9
    endloop
  endfacet
  facet normal 0.514095 0.857733 -0
    outer loop
      vertex 2.22228 3.32588 -35
      vertex 1.88559 3.52768 -3.52768
      vertex 2.22228 3.32588 -3.32588
    endloop
  endfacet
  facet normal 0.514095 0.857733 0
    outer loop
      vertex 1.88559 3.52768 -3.52768
      vertex 2.22228 3.32588 -35
      vertex 1.88559 3.52768 -35
    endloop
  endfacet
  facet normal 0.514095 0.857733 -0
    outer loop
      vertex 2.22228 3.32588 9
      vertex 1.88559 3.52768 35
      vertex 2.22228 3.32588 35
    endloop
  endfacet
  facet normal 0.514095 0.857733 0
    outer loop
      vertex 1.88559 3.52768 35
      vertex 2.22228 3.32588 9
      vertex 1.88559 3.52768 9
    endloop
  endfacet
  facet normal 0.903986 -0.427563 0
    outer loop
      vertex 3.52768 -1.88559 35
      vertex 3.69552 -1.53073 9
      vertex 3.69552 -1.53073 35
    endloop
  endfacet
  facet normal 0.903986 -0.427563 0
    outer loop
      vertex 3.69552 -1.53073 9
      vertex 3.52768 -1.88559 35
      vertex 3.52768 -1.88559 9
    endloop
  endfacet
  facet normal 0.903986 -0.427563 0
    outer loop
      vertex 3.52768 -1.88559 -1.88559
      vertex 3.69552 -1.53073 -35
      vertex 3.69552 -1.53073 -1.53073
    endloop
  endfacet
  facet normal 0.903986 -0.427563 0
    outer loop
      vertex 3.69552 -1.53073 -35
      vertex 3.52768 -1.88559 -1.88559
      vertex 3.52768 -1.88559 -35
    endloop
  endfacet
  facet normal 0.903986 -0.427563 0
    outer loop
      vertex 3.52768 -1.88559 1.88559
      vertex 3.69552 -1.53073 3
      vertex 3.52768 -1.88559 3
    endloop
  endfacet
  facet normal 0.903986 -0.427563 0
    outer loop
      vertex 3.69552 -1.53073 3
      vertex 3.52768 -1.88559 1.88559
      vertex 3.69552 -1.53073 1.53073
    endloop
  endfacet
  facet normal 0.941545 0.336887 0
    outer loop
      vertex 3.82776 1.16114 35
      vertex 3.69552 1.53073 9
      vertex 3.69552 1.53073 35
    endloop
  endfacet
  facet normal 0.941545 0.336887 0
    outer loop
      vertex 3.69552 1.53073 9
      vertex 3.82776 1.16114 35
      vertex 3.82776 1.16114 9
    endloop
  endfacet
  facet normal 0.941545 0.336887 -0
    outer loop
      vertex 3.82776 1.16114 -35
      vertex 3.69552 1.53073 -1.53073
      vertex 3.82776 1.16114 -1.16114
    endloop
  endfacet
  facet normal 0.941545 0.336887 0
    outer loop
      vertex 3.69552 1.53073 -1.53073
      vertex 3.82776 1.16114 -35
      vertex 3.69552 1.53073 -35
    endloop
  endfacet
  facet normal 0.941545 0.336887 0
    outer loop
      vertex 3.82776 1.16114 3
      vertex 3.69552 1.53073 1.53073
      vertex 3.69552 1.53073 3
    endloop
  endfacet
  facet normal 0.941545 0.336887 0
    outer loop
      vertex 3.69552 1.53073 1.53073
      vertex 3.82776 1.16114 3
      vertex 3.82776 1.16114 1.16114
    endloop
  endfacet
  facet normal 0.049065 -0.998796 0
    outer loop
      vertex 0.392068 -3.98074 -35
      vertex 0 -4 -4
      vertex 0 -4 -35
    endloop
  endfacet
  facet normal 0.049065 -0.998796 0
    outer loop
      vertex 0 -4 -4
      vertex 0.392068 -3.98074 -35
      vertex 0.392068 -3.98074 -3.98074
    endloop
  endfacet
  facet normal 0.049065 -0.998796 0
    outer loop
      vertex 0 -4 9
      vertex 0.392068 -3.98074 35
      vertex 0 -4 35
    endloop
  endfacet
  facet normal 0.049065 -0.998796 0
    outer loop
      vertex 0.392068 -3.98074 35
      vertex 0 -4 9
      vertex 0.392068 -3.98074 9
    endloop
  endfacet
  facet normal -0.998796 -0.049065 0
    outer loop
      vertex -3.98074 -0.392068 9
      vertex -4 0 35
      vertex -4 0 9
    endloop
  endfacet
  facet normal -0.998796 -0.049065 0
    outer loop
      vertex -4 0 35
      vertex -3.98074 -0.392068 9
      vertex -3.98074 -0.392068 35
    endloop
  endfacet
  facet normal -0.998796 -0.049065 -0
    outer loop
      vertex -3.98074 -0.392068 -0.392068
      vertex -4 0 -35
      vertex -3.98074 -0.392068 -35
    endloop
  endfacet
  facet normal -0.998796 -0.049065 0
    outer loop
      vertex -4 0 -35
      vertex -3.98074 -0.392068 -0.392068
      vertex -4 0 0
    endloop
  endfacet
  facet normal -0.998796 -0.049065 0
    outer loop
      vertex -3.98074 -0.392068 0.392068
      vertex -4 0 3
      vertex -4 0 0
    endloop
  endfacet
  facet normal -0.998796 -0.049065 0
    outer loop
      vertex -4 0 3
      vertex -3.98074 -0.392068 0.392068
      vertex -3.98074 -0.392068 3
    endloop
  endfacet
  facet normal -0.049065 0.998796 0
    outer loop
      vertex 0 4 9
      vertex -0.392068 3.98074 35
      vertex 0 4 35
    endloop
  endfacet
  facet normal -0.049065 0.998796 0
    outer loop
      vertex -0.392068 3.98074 35
      vertex 0 4 9
      vertex -0.392068 3.98074 9
    endloop
  endfacet
  facet normal -0.049065 0.998796 0
    outer loop
      vertex -0.392068 3.98074 -35
      vertex 0 4 -4
      vertex 0 4 -35
    endloop
  endfacet
  facet normal -0.049065 0.998796 0
    outer loop
      vertex 0 4 -4
      vertex -0.392068 3.98074 -35
      vertex -0.392068 3.98074 -3.98074
    endloop
  endfacet
  facet normal -0.998796 0.049065 0
    outer loop
      vertex -4 0 -35
      vertex -3.98074 0.392068 -0.392068
      vertex -3.98074 0.392068 -35
    endloop
  endfacet
  facet normal -0.998796 0.049065 0
    outer loop
      vertex -3.98074 0.392068 -0.392068
      vertex -4 0 -35
      vertex -4 0 0
    endloop
  endfacet
  facet normal -0.998796 0.049065 0
    outer loop
      vertex -4 0 9
      vertex -3.98074 0.392068 35
      vertex -3.98074 0.392068 9
    endloop
  endfacet
  facet normal -0.998796 0.049065 0
    outer loop
      vertex -3.98074 0.392068 35
      vertex -4 0 9
      vertex -4 0 35
    endloop
  endfacet
  facet normal -0.998796 0.049065 0
    outer loop
      vertex -4 0 3
      vertex -3.98074 0.392068 0.392068
      vertex -4 0 0
    endloop
  endfacet
  facet normal -0.998796 0.049065 0
    outer loop
      vertex -3.98074 0.392068 0.392068
      vertex -4 0 3
      vertex -3.98074 0.392068 3
    endloop
  endfacet
  facet normal -0.671545 0.740964 0
    outer loop
      vertex -2.82843 2.82843 -35
      vertex -2.53757 3.09204 -3.09204
      vertex -2.53757 3.09204 -35
    endloop
  endfacet
  facet normal -0.671545 0.740964 0
    outer loop
      vertex -2.53757 3.09204 -3.09204
      vertex -2.82843 2.82843 -35
      vertex -2.82843 2.82843 -2.82843
    endloop
  endfacet
  facet normal -0.671545 0.740964 0
    outer loop
      vertex -2.53757 3.09204 9
      vertex -2.82843 2.82843 35
      vertex -2.53757 3.09204 35
    endloop
  endfacet
  facet normal -0.671545 0.740964 0
    outer loop
      vertex -2.82843 2.82843 35
      vertex -2.53757 3.09204 9
      vertex -2.82843 2.82843 9
    endloop
  endfacet
  facet normal -0.671536 0.740972 0
    outer loop
      vertex -2.63912 3 3
      vertex -2.82843 2.82843 2.82843
      vertex -2.82843 2.82843 3
    endloop
  endfacet
  facet normal -0.427563 -0.903986 0
    outer loop
      vertex -1.88559 -3.52768 9
      vertex -1.53073 -3.69552 35
      vertex -1.88559 -3.52768 35
    endloop
  endfacet
  facet normal -0.427563 -0.903986 -0
    outer loop
      vertex -1.53073 -3.69552 35
      vertex -1.88559 -3.52768 9
      vertex -1.53073 -3.69552 9
    endloop
  endfacet
  facet normal -0.427563 -0.903986 0
    outer loop
      vertex -1.88559 -3.52768 -35
      vertex -1.53073 -3.69552 -3.69552
      vertex -1.88559 -3.52768 -3.52768
    endloop
  endfacet
  facet normal -0.427563 -0.903986 -0
    outer loop
      vertex -1.53073 -3.69552 -3.69552
      vertex -1.88559 -3.52768 -35
      vertex -1.53073 -3.69552 -35
    endloop
  endfacet
  facet normal 0.857733 0.514095 -0
    outer loop
      vertex 3.52768 1.88559 -35
      vertex 3.32588 2.22228 -2.22228
      vertex 3.52768 1.88559 -1.88559
    endloop
  endfacet
  facet normal 0.857733 0.514095 0
    outer loop
      vertex 3.32588 2.22228 -2.22228
      vertex 3.52768 1.88559 -35
      vertex 3.32588 2.22228 -35
    endloop
  endfacet
  facet normal 0.857733 0.514095 0
    outer loop
      vertex 3.52768 1.88559 35
      vertex 3.32588 2.22228 9
      vertex 3.32588 2.22228 35
    endloop
  endfacet
  facet normal 0.857733 0.514095 0
    outer loop
      vertex 3.32588 2.22228 9
      vertex 3.52768 1.88559 35
      vertex 3.52768 1.88559 9
    endloop
  endfacet
  facet normal 0.857733 0.514095 0
    outer loop
      vertex 3.52768 1.88559 3
      vertex 3.32588 2.22228 2.22228
      vertex 3.32588 2.22228 3
    endloop
  endfacet
  facet normal 0.857733 0.514095 0
    outer loop
      vertex 3.32588 2.22228 2.22228
      vertex 3.52768 1.88559 3
      vertex 3.52768 1.88559 1.88559
    endloop
  endfacet
  facet normal -0.595708 -0.803201 0
    outer loop
      vertex -2.53757 -3.09204 -35
      vertex -2.22228 -3.32588 -3.32588
      vertex -2.53757 -3.09204 -3.09204
    endloop
  endfacet
  facet normal -0.595708 -0.803201 -0
    outer loop
      vertex -2.22228 -3.32588 -3.32588
      vertex -2.53757 -3.09204 -35
      vertex -2.22228 -3.32588 -35
    endloop
  endfacet
  facet normal -0.595708 -0.803201 0
    outer loop
      vertex -2.53757 -3.09204 9
      vertex -2.22228 -3.32588 35
      vertex -2.53757 -3.09204 35
    endloop
  endfacet
  facet normal -0.595708 -0.803201 -0
    outer loop
      vertex -2.22228 -3.32588 35
      vertex -2.53757 -3.09204 9
      vertex -2.22228 -3.32588 9
    endloop
  endfacet
  facet normal -0.24298 0.970031 0
    outer loop
      vertex -0.780361 3.92314 9
      vertex -1.16114 3.82776 35
      vertex -0.780361 3.92314 35
    endloop
  endfacet
  facet normal -0.24298 0.970031 0
    outer loop
      vertex -1.16114 3.82776 35
      vertex -0.780361 3.92314 9
      vertex -1.16114 3.82776 9
    endloop
  endfacet
  facet normal -0.24298 0.970031 0
    outer loop
      vertex -1.16114 3.82776 -35
      vertex -0.780361 3.92314 -3.92314
      vertex -0.780361 3.92314 -35
    endloop
  endfacet
  facet normal -0.24298 0.970031 0
    outer loop
      vertex -0.780361 3.92314 -3.92314
      vertex -1.16114 3.82776 -35
      vertex -1.16114 3.82776 -3.82776
    endloop
  endfacet
  facet normal -0.740964 -0.671545 -0
    outer loop
      vertex -2.82843 -2.82843 -2.82843
      vertex -3.09204 -2.53757 -35
      vertex -2.82843 -2.82843 -35
    endloop
  endfacet
  facet normal -0.740964 -0.671545 0
    outer loop
      vertex -3.09204 -2.53757 -35
      vertex -2.82843 -2.82843 -2.82843
      vertex -3.09204 -2.53757 -2.53757
    endloop
  endfacet
  facet normal -0.740964 -0.671545 0
    outer loop
      vertex -2.82843 -2.82843 9
      vertex -3.09204 -2.53757 35
      vertex -3.09204 -2.53757 9
    endloop
  endfacet
  facet normal -0.740964 -0.671545 0
    outer loop
      vertex -3.09204 -2.53757 35
      vertex -2.82843 -2.82843 9
      vertex -2.82843 -2.82843 35
    endloop
  endfacet
  facet normal -0.740964 -0.671545 0
    outer loop
      vertex -2.82843 -2.82843 2.82843
      vertex -3.09204 -2.53757 3
      vertex -3.09204 -2.53757 2.53757
    endloop
  endfacet
  facet normal -0.740964 -0.671545 0
    outer loop
      vertex -3.09204 -2.53757 3
      vertex -2.82843 -2.82843 2.82843
      vertex -2.82843 -2.82843 3
    endloop
  endfacet
  facet normal 0 0 1
    outer loop
      vertex 3.98074 0.392068 35
      vertex 3.98074 -0.392068 35
      vertex 4 0 35
    endloop
  endfacet
  facet normal 0 0 1
    outer loop
      vertex 3.92314 0.780361 35
      vertex 3.98074 -0.392068 35
      vertex 3.98074 0.392068 35
    endloop
  endfacet
  facet normal 0 0 1
    outer loop
      vertex 3.92314 0.780361 35
      vertex 3.92314 -0.780361 35
      vertex 3.98074 -0.392068 35
    endloop
  endfacet
  facet normal 0 0 1
    outer loop
      vertex 3.82776 1.16114 35
      vertex 3.92314 -0.780361 35
      vertex 3.92314 0.780361 35
    endloop
  endfacet
  facet normal 0 0 1
    outer loop
      vertex 3.82776 1.16114 35
      vertex 3.82776 -1.16114 35
      vertex 3.92314 -0.780361 35
    endloop
  endfacet
  facet normal 0 0 1
    outer loop
      vertex 3.69552 1.53073 35
      vertex 3.82776 -1.16114 35
      vertex 3.82776 1.16114 35
    endloop
  endfacet
  facet normal 0 0 1
    outer loop
      vertex 3.69552 1.53073 35
      vertex 3.69552 -1.53073 35
      vertex 3.82776 -1.16114 35
    endloop
  endfacet
  facet normal 0 0 1
    outer loop
      vertex 3.52768 1.88559 35
      vertex 3.69552 -1.53073 35
      vertex 3.69552 1.53073 35
    endloop
  endfacet
  facet normal 0 0 1
    outer loop
      vertex 3.52768 1.88559 35
      vertex 3.52768 -1.88559 35
      vertex 3.69552 -1.53073 35
    endloop
  endfacet
  facet normal 0 0 1
    outer loop
      vertex 3.32588 2.22228 35
      vertex 3.52768 -1.88559 35
      vertex 3.52768 1.88559 35
    endloop
  endfacet
  facet normal 0 0 1
    outer loop
      vertex 3.32588 2.22228 35
      vertex 3.32588 -2.22228 35
      vertex 3.52768 -1.88559 35
    endloop
  endfacet
  facet normal 0 0 1
    outer loop
      vertex 3.09204 2.53757 35
      vertex 3.32588 -2.22228 35
      vertex 3.32588 2.22228 35
    endloop
  endfacet
  facet normal 0 0 1
    outer loop
      vertex 3.09204 2.53757 35
      vertex 3.09204 -2.53757 35
      vertex 3.32588 -2.22228 35
    endloop
  endfacet
  facet normal 0 0 1
    outer loop
      vertex 2.82843 2.82843 35
      vertex 3.09204 -2.53757 35
      vertex 3.09204 2.53757 35
    endloop
  endfacet
  facet normal 0 0 1
    outer loop
      vertex 2.82843 2.82843 35
      vertex 2.82843 -2.82843 35
      vertex 3.09204 -2.53757 35
    endloop
  endfacet
  facet normal 0 0 1
    outer loop
      vertex 2.53757 3.09204 35
      vertex 2.82843 -2.82843 35
      vertex 2.82843 2.82843 35
    endloop
  endfacet
  facet normal 0 0 1
    outer loop
      vertex 2.53757 3.09204 35
      vertex 2.53757 -3.09204 35
      vertex 2.82843 -2.82843 35
    endloop
  endfacet
  facet normal 0 0 1
    outer loop
      vertex 2.22228 3.32588 35
      vertex 2.53757 -3.09204 35
      vertex 2.53757 3.09204 35
    endloop
  endfacet
  facet normal 0 0 1
    outer loop
      vertex 2.22228 3.32588 35
      vertex 2.22228 -3.32588 35
      vertex 2.53757 -3.09204 35
    endloop
  endfacet
  facet normal 0 0 1
    outer loop
      vertex 1.88559 3.52768 35
      vertex 2.22228 -3.32588 35
      vertex 2.22228 3.32588 35
    endloop
  endfacet
  facet normal 0 0 1
    outer loop
      vertex 1.88559 3.52768 35
      vertex 1.88559 -3.52768 35
      vertex 2.22228 -3.32588 35
    endloop
  endfacet
  facet normal 0 0 1
    outer loop
      vertex 1.53073 3.69552 35
      vertex 1.88559 -3.52768 35
      vertex 1.88559 3.52768 35
    endloop
  endfacet
  facet normal 0 0 1
    outer loop
      vertex 1.53073 3.69552 35
      vertex 1.53073 -3.69552 35
      vertex 1.88559 -3.52768 35
    endloop
  endfacet
  facet normal 0 0 1
    outer loop
      vertex 1.16114 3.82776 35
      vertex 1.53073 -3.69552 35
      vertex 1.53073 3.69552 35
    endloop
  endfacet
  facet normal 0 0 1
    outer loop
      vertex 1.16114 3.82776 35
      vertex 1.16114 -3.82776 35
      vertex 1.53073 -3.69552 35
    endloop
  endfacet
  facet normal 0 0 1
    outer loop
      vertex 0.780361 3.92314 35
      vertex 1.16114 -3.82776 35
      vertex 1.16114 3.82776 35
    endloop
  endfacet
  facet normal 0 0 1
    outer loop
      vertex 0.780361 3.92314 35
      vertex 0.780361 -3.92314 35
      vertex 1.16114 -3.82776 35
    endloop
  endfacet
  facet normal 0 0 1
    outer loop
      vertex 0.392068 3.98074 35
      vertex 0.780361 -3.92314 35
      vertex 0.780361 3.92314 35
    endloop
  endfacet
  facet normal 0 0 1
    outer loop
      vertex 0.392068 3.98074 35
      vertex 0.392068 -3.98074 35
      vertex 0.780361 -3.92314 35
    endloop
  endfacet
  facet normal 0 0 1
    outer loop
      vertex 0 4 35
      vertex 0.392068 -3.98074 35
      vertex 0.392068 3.98074 35
    endloop
  endfacet
  facet normal 0 0 1
    outer loop
      vertex 0 4 35
      vertex 0 -4 35
      vertex 0.392068 -3.98074 35
    endloop
  endfacet
  facet normal -0 0 1
    outer loop
      vertex -0.392068 3.98074 35
      vertex 0 -4 35
      vertex 0 4 35
    endloop
  endfacet
  facet normal 0 0 1
    outer loop
      vertex -0.392068 3.98074 35
      vertex -0.392068 -3.98074 35
      vertex 0 -4 35
    endloop
  endfacet
  facet normal -0 0 1
    outer loop
      vertex -0.780361 3.92314 35
      vertex -0.392068 -3.98074 35
      vertex -0.392068 3.98074 35
    endloop
  endfacet
  facet normal 0 0 1
    outer loop
      vertex -0.780361 3.92314 35
      vertex -0.780361 -3.92314 35
      vertex -0.392068 -3.98074 35
    endloop
  endfacet
  facet normal -0 0 1
    outer loop
      vertex -1.16114 3.82776 35
      vertex -0.780361 -3.92314 35
      vertex -0.780361 3.92314 35
    endloop
  endfacet
  facet normal 0 0 1
    outer loop
      vertex -1.16114 3.82776 35
      vertex -1.16114 -3.82776 35
      vertex -0.780361 -3.92314 35
    endloop
  endfacet
  facet normal -0 0 1
    outer loop
      vertex -1.53073 3.69552 35
      vertex -1.16114 -3.82776 35
      vertex -1.16114 3.82776 35
    endloop
  endfacet
  facet normal 0 0 1
    outer loop
      vertex -1.53073 3.69552 35
      vertex -1.53073 -3.69552 35
      vertex -1.16114 -3.82776 35
    endloop
  endfacet
  facet normal -0 0 1
    outer loop
      vertex -1.88559 3.52768 35
      vertex -1.53073 -3.69552 35
      vertex -1.53073 3.69552 35
    endloop
  endfacet
  facet normal 0 0 1
    outer loop
      vertex -1.88559 3.52768 35
      vertex -1.88559 -3.52768 35
      vertex -1.53073 -3.69552 35
    endloop
  endfacet
  facet normal -0 0 1
    outer loop
      vertex -2.22228 3.32588 35
      vertex -1.88559 -3.52768 35
      vertex -1.88559 3.52768 35
    endloop
  endfacet
  facet normal 0 0 1
    outer loop
      vertex -2.22228 3.32588 35
      vertex -2.22228 -3.32588 35
      vertex -1.88559 -3.52768 35
    endloop
  endfacet
  facet normal -0 0 1
    outer loop
      vertex -2.53757 3.09204 35
      vertex -2.22228 -3.32588 35
      vertex -2.22228 3.32588 35
    endloop
  endfacet
  facet normal 0 0 1
    outer loop
      vertex -2.53757 3.09204 35
      vertex -2.53757 -3.09204 35
      vertex -2.22228 -3.32588 35
    endloop
  endfacet
  facet normal -0 0 1
    outer loop
      vertex -2.82843 2.82843 35
      vertex -2.53757 -3.09204 35
      vertex -2.53757 3.09204 35
    endloop
  endfacet
  facet normal 0 0 1
    outer loop
      vertex -2.82843 2.82843 35
      vertex -2.82843 -2.82843 35
      vertex -2.53757 -3.09204 35
    endloop
  endfacet
  facet normal -0 0 1
    outer loop
      vertex -3.09204 2.53757 35
      vertex -2.82843 -2.82843 35
      vertex -2.82843 2.82843 35
    endloop
  endfacet
  facet normal 0 0 1
    outer loop
      vertex -3.09204 2.53757 35
      vertex -3.09204 -2.53757 35
      vertex -2.82843 -2.82843 35
    endloop
  endfacet
  facet normal -0 0 1
    outer loop
      vertex -3.32588 2.22228 35
      vertex -3.09204 -2.53757 35
      vertex -3.09204 2.53757 35
    endloop
  endfacet
  facet normal 0 0 1
    outer loop
      vertex -3.32588 2.22228 35
      vertex -3.32588 -2.22228 35
      vertex -3.09204 -2.53757 35
    endloop
  endfacet
  facet normal -0 0 1
    outer loop
      vertex -3.52768 1.88559 35
      vertex -3.32588 -2.22228 35
      vertex -3.32588 2.22228 35
    endloop
  endfacet
  facet normal 0 0 1
    outer loop
      vertex -3.52768 1.88559 35
      vertex -3.52768 -1.88559 35
      vertex -3.32588 -2.22228 35
    endloop
  endfacet
  facet normal -0 0 1
    outer loop
      vertex -3.69552 1.53073 35
      vertex -3.52768 -1.88559 35
      vertex -3.52768 1.88559 35
    endloop
  endfacet
  facet normal 0 0 1
    outer loop
      vertex -3.69552 1.53073 35
      vertex -3.69552 -1.53073 35
      vertex -3.52768 -1.88559 35
    endloop
  endfacet
  facet normal -0 0 1
    outer loop
      vertex -3.82776 1.16114 35
      vertex -3.69552 -1.53073 35
      vertex -3.69552 1.53073 35
    endloop
  endfacet
  facet normal 0 0 1
    outer loop
      vertex -3.82776 1.16114 35
      vertex -3.82776 -1.16114 35
      vertex -3.69552 -1.53073 35
    endloop
  endfacet
  facet normal -0 0 1
    outer loop
      vertex -3.92314 0.780361 35
      vertex -3.82776 -1.16114 35
      vertex -3.82776 1.16114 35
    endloop
  endfacet
  facet normal 0 0 1
    outer loop
      vertex -3.92314 0.780361 35
      vertex -3.92314 -0.780361 35
      vertex -3.82776 -1.16114 35
    endloop
  endfacet
  facet normal -0 0 1
    outer loop
      vertex -3.98074 0.392068 35
      vertex -3.92314 -0.780361 35
      vertex -3.92314 0.780361 35
    endloop
  endfacet
  facet normal 0 0 1
    outer loop
      vertex -3.98074 0.392068 35
      vertex -3.98074 -0.392068 35
      vertex -3.92314 -0.780361 35
    endloop
  endfacet
  facet normal 0 -0 1
    outer loop
      vertex -3.98074 -0.392068 35
      vertex -3.98074 0.392068 35
      vertex -4 0 35
    endloop
  endfacet
  facet normal -0.970031 -0.24298 0
    outer loop
      vertex -3.82776 -1.16114 9
      vertex -3.92314 -0.780361 35
      vertex -3.92314 -0.780361 9
    endloop
  endfacet
  facet normal -0.970031 -0.24298 0
    outer loop
      vertex -3.92314 -0.780361 35
      vertex -3.82776 -1.16114 9
      vertex -3.82776 -1.16114 35
    endloop
  endfacet
  facet normal -0.970031 -0.24298 -0
    outer loop
      vertex -3.82776 -1.16114 -1.16114
      vertex -3.92314 -0.780361 -35
      vertex -3.82776 -1.16114 -35
    endloop
  endfacet
  facet normal -0.970031 -0.24298 0
    outer loop
      vertex -3.92314 -0.780361 -35
      vertex -3.82776 -1.16114 -1.16114
      vertex -3.92314 -0.780361 -0.780361
    endloop
  endfacet
  facet normal -0.970031 -0.24298 0
    outer loop
      vertex -3.82776 -1.16114 1.16114
      vertex -3.92314 -0.780361 3
      vertex -3.92314 -0.780361 0.780361
    endloop
  endfacet
  facet normal -0.970031 -0.24298 0
    outer loop
      vertex -3.92314 -0.780361 3
      vertex -3.82776 -1.16114 1.16114
      vertex -3.82776 -1.16114 3
    endloop
  endfacet
  facet normal -0.049065 -0.998796 0
    outer loop
      vertex -0.392068 -3.98074 -35
      vertex 0 -4 -4
      vertex -0.392068 -3.98074 -3.98074
    endloop
  endfacet
  facet normal -0.049065 -0.998796 -0
    outer loop
      vertex 0 -4 -4
      vertex -0.392068 -3.98074 -35
      vertex 0 -4 -35
    endloop
  endfacet
  facet normal -0.049065 -0.998796 0
    outer loop
      vertex -0.392068 -3.98074 9
      vertex 0 -4 35
      vertex -0.392068 -3.98074 35
    endloop
  endfacet
  facet normal -0.049065 -0.998796 -0
    outer loop
      vertex 0 -4 35
      vertex -0.392068 -3.98074 9
      vertex 0 -4 9
    endloop
  endfacet
  facet normal -0.146736 -0.989176 0
    outer loop
      vertex -0.780361 -3.92314 9
      vertex -0.392068 -3.98074 35
      vertex -0.780361 -3.92314 35
    endloop
  endfacet
  facet normal -0.146736 -0.989176 -0
    outer loop
      vertex -0.392068 -3.98074 35
      vertex -0.780361 -3.92314 9
      vertex -0.392068 -3.98074 9
    endloop
  endfacet
  facet normal -0.146736 -0.989176 0
    outer loop
      vertex -0.780361 -3.92314 -35
      vertex -0.392068 -3.98074 -3.98074
      vertex -0.780361 -3.92314 -3.92314
    endloop
  endfacet
  facet normal -0.146736 -0.989176 -0
    outer loop
      vertex -0.392068 -3.98074 -3.98074
      vertex -0.780361 -3.92314 -35
      vertex -0.392068 -3.98074 -35
    endloop
  endfacet
  facet normal -0.941545 -0.336887 0
    outer loop
      vertex -3.69552 -1.53073 9
      vertex -3.82776 -1.16114 35
      vertex -3.82776 -1.16114 9
    endloop
  endfacet
  facet normal -0.941545 -0.336887 0
    outer loop
      vertex -3.82776 -1.16114 35
      vertex -3.69552 -1.53073 9
      vertex -3.69552 -1.53073 35
    endloop
  endfacet
  facet normal -0.941545 -0.336887 -0
    outer loop
      vertex -3.69552 -1.53073 -1.53073
      vertex -3.82776 -1.16114 -35
      vertex -3.69552 -1.53073 -35
    endloop
  endfacet
  facet normal -0.941545 -0.336887 0
    outer loop
      vertex -3.82776 -1.16114 -35
      vertex -3.69552 -1.53073 -1.53073
      vertex -3.82776 -1.16114 -1.16114
    endloop
  endfacet
  facet normal -0.941545 -0.336887 0
    outer loop
      vertex -3.69552 -1.53073 1.53073
      vertex -3.82776 -1.16114 3
      vertex -3.82776 -1.16114 1.16114
    endloop
  endfacet
  facet normal -0.941545 -0.336887 0
    outer loop
      vertex -3.82776 -1.16114 3
      vertex -3.69552 -1.53073 1.53073
      vertex -3.69552 -1.53073 3
    endloop
  endfacet
  facet normal 0.740964 -0.671545 0
    outer loop
      vertex 2.82843 -2.82843 -2.82843
      vertex 3.09204 -2.53757 -35
      vertex 3.09204 -2.53757 -2.53757
    endloop
  endfacet
  facet normal 0.740964 -0.671545 0
    outer loop
      vertex 3.09204 -2.53757 -35
      vertex 2.82843 -2.82843 -2.82843
      vertex 2.82843 -2.82843 -35
    endloop
  endfacet
  facet normal 0.740964 -0.671545 0
    outer loop
      vertex 2.82843 -2.82843 35
      vertex 3.09204 -2.53757 9
      vertex 3.09204 -2.53757 35
    endloop
  endfacet
  facet normal 0.740964 -0.671545 0
    outer loop
      vertex 3.09204 -2.53757 9
      vertex 2.82843 -2.82843 35
      vertex 2.82843 -2.82843 9
    endloop
  endfacet
  facet normal 0.740964 -0.671545 0
    outer loop
      vertex 2.82843 -2.82843 2.82843
      vertex 3.09204 -2.53757 3
      vertex 2.82843 -2.82843 3
    endloop
  endfacet
  facet normal 0.740964 -0.671545 0
    outer loop
      vertex 3.09204 -2.53757 3
      vertex 2.82843 -2.82843 2.82843
      vertex 3.09204 -2.53757 2.53757
    endloop
  endfacet
  facet normal 0.049065 0.998796 -0
    outer loop
      vertex 0.392068 3.98074 9
      vertex 0 4 35
      vertex 0.392068 3.98074 35
    endloop
  endfacet
  facet normal 0.049065 0.998796 0
    outer loop
      vertex 0 4 35
      vertex 0.392068 3.98074 9
      vertex 0 4 9
    endloop
  endfacet
  facet normal 0.049065 0.998796 -0
    outer loop
      vertex 0.392068 3.98074 -35
      vertex 0 4 -4
      vertex 0.392068 3.98074 -3.98074
    endloop
  endfacet
  facet normal 0.049065 0.998796 0
    outer loop
      vertex 0 4 -4
      vertex 0.392068 3.98074 -35
      vertex 0 4 -35
    endloop
  endfacet
  facet normal 0.970031 -0.24298 0
    outer loop
      vertex 3.82776 -1.16114 -1.16114
      vertex 3.92314 -0.780361 -35
      vertex 3.92314 -0.780361 -0.780361
    endloop
  endfacet
  facet normal 0.970031 -0.24298 0
    outer loop
      vertex 3.92314 -0.780361 -35
      vertex 3.82776 -1.16114 -1.16114
      vertex 3.82776 -1.16114 -35
    endloop
  endfacet
  facet normal 0.970031 -0.24298 0
    outer loop
      vertex 3.82776 -1.16114 35
      vertex 3.92314 -0.780361 9
      vertex 3.92314 -0.780361 35
    endloop
  endfacet
  facet normal 0.970031 -0.24298 0
    outer loop
      vertex 3.92314 -0.780361 9
      vertex 3.82776 -1.16114 35
      vertex 3.82776 -1.16114 9
    endloop
  endfacet
  facet normal 0.970031 -0.24298 0
    outer loop
      vertex 3.82776 -1.16114 1.16114
      vertex 3.92314 -0.780361 3
      vertex 3.82776 -1.16114 3
    endloop
  endfacet
  facet normal 0.970031 -0.24298 0
    outer loop
      vertex 3.92314 -0.780361 3
      vertex 3.82776 -1.16114 1.16114
      vertex 3.92314 -0.780361 0.780361
    endloop
  endfacet
  facet normal -0.903986 0.427563 0
    outer loop
      vertex -3.69552 1.53073 -35
      vertex -3.52768 1.88559 -1.88559
      vertex -3.52768 1.88559 -35
    endloop
  endfacet
  facet normal -0.903986 0.427563 0
    outer loop
      vertex -3.52768 1.88559 -1.88559
      vertex -3.69552 1.53073 -35
      vertex -3.69552 1.53073 -1.53073
    endloop
  endfacet
  facet normal -0.903986 0.427563 0
    outer loop
      vertex -3.69552 1.53073 9
      vertex -3.52768 1.88559 35
      vertex -3.52768 1.88559 9
    endloop
  endfacet
  facet normal -0.903986 0.427563 0
    outer loop
      vertex -3.52768 1.88559 35
      vertex -3.69552 1.53073 9
      vertex -3.69552 1.53073 35
    endloop
  endfacet
  facet normal -0.903986 0.427563 0
    outer loop
      vertex -3.69552 1.53073 3
      vertex -3.52768 1.88559 1.88559
      vertex -3.69552 1.53073 1.53073
    endloop
  endfacet
  facet normal -0.903986 0.427563 0
    outer loop
      vertex -3.52768 1.88559 1.88559
      vertex -3.69552 1.53073 3
      vertex -3.52768 1.88559 3
    endloop
  endfacet
  facet normal -0.857733 -0.514095 0
    outer loop
      vertex -3.32588 -2.22228 9
      vertex -3.52768 -1.88559 35
      vertex -3.52768 -1.88559 9
    endloop
  endfacet
  facet normal -0.857733 -0.514095 0
    outer loop
      vertex -3.52768 -1.88559 35
      vertex -3.32588 -2.22228 9
      vertex -3.32588 -2.22228 35
    endloop
  endfacet
  facet normal -0.857733 -0.514095 -0
    outer loop
      vertex -3.32588 -2.22228 -2.22228
      vertex -3.52768 -1.88559 -35
      vertex -3.32588 -2.22228 -35
    endloop
  endfacet
  facet normal -0.857733 -0.514095 0
    outer loop
      vertex -3.52768 -1.88559 -35
      vertex -3.32588 -2.22228 -2.22228
      vertex -3.52768 -1.88559 -1.88559
    endloop
  endfacet
  facet normal -0.857733 -0.514095 0
    outer loop
      vertex -3.32588 -2.22228 2.22228
      vertex -3.52768 -1.88559 3
      vertex -3.52768 -1.88559 1.88559
    endloop
  endfacet
  facet normal -0.857733 -0.514095 0
    outer loop
      vertex -3.52768 -1.88559 3
      vertex -3.32588 -2.22228 2.22228
      vertex -3.32588 -2.22228 3
    endloop
  endfacet
  facet normal -0.671545 -0.740964 0
    outer loop
      vertex -2.82843 -2.82843 -35
      vertex -2.53757 -3.09204 -3.09204
      vertex -2.82843 -2.82843 -2.82843
    endloop
  endfacet
  facet normal -0.671545 -0.740964 -0
    outer loop
      vertex -2.53757 -3.09204 -3.09204
      vertex -2.82843 -2.82843 -35
      vertex -2.53757 -3.09204 -35
    endloop
  endfacet
  facet normal -0.671545 -0.740964 0
    outer loop
      vertex -2.82843 -2.82843 9
      vertex -2.53757 -3.09204 35
      vertex -2.82843 -2.82843 35
    endloop
  endfacet
  facet normal -0.671545 -0.740964 -0
    outer loop
      vertex -2.53757 -3.09204 35
      vertex -2.82843 -2.82843 9
      vertex -2.53757 -3.09204 9
    endloop
  endfacet
  facet normal -0.671536 -0.740972 -0
    outer loop
      vertex -2.82843 -2.82843 3
      vertex -2.82843 -2.82843 2.82843
      vertex -2.63912 -3 3
    endloop
  endfacet
  facet normal -0.970031 0.24298 0
    outer loop
      vertex -3.92314 0.780361 9
      vertex -3.82776 1.16114 35
      vertex -3.82776 1.16114 9
    endloop
  endfacet
  facet normal -0.970031 0.24298 0
    outer loop
      vertex -3.82776 1.16114 35
      vertex -3.92314 0.780361 9
      vertex -3.92314 0.780361 35
    endloop
  endfacet
  facet normal -0.970031 0.24298 0
    outer loop
      vertex -3.92314 0.780361 -35
      vertex -3.82776 1.16114 -1.16114
      vertex -3.82776 1.16114 -35
    endloop
  endfacet
  facet normal -0.970031 0.24298 0
    outer loop
      vertex -3.82776 1.16114 -1.16114
      vertex -3.92314 0.780361 -35
      vertex -3.92314 0.780361 -0.780361
    endloop
  endfacet
  facet normal -0.970031 0.24298 0
    outer loop
      vertex -3.92314 0.780361 3
      vertex -3.82776 1.16114 1.16114
      vertex -3.92314 0.780361 0.780361
    endloop
  endfacet
  facet normal -0.970031 0.24298 0
    outer loop
      vertex -3.82776 1.16114 1.16114
      vertex -3.92314 0.780361 3
      vertex -3.82776 1.16114 3
    endloop
  endfacet
  facet normal -0.514095 -0.857733 0
    outer loop
      vertex -2.22228 -3.32588 9
      vertex -1.88559 -3.52768 35
      vertex -2.22228 -3.32588 35
    endloop
  endfacet
  facet normal -0.514095 -0.857733 -0
    outer loop
      vertex -1.88559 -3.52768 35
      vertex -2.22228 -3.32588 9
      vertex -1.88559 -3.52768 9
    endloop
  endfacet
  facet normal -0.514095 -0.857733 0
    outer loop
      vertex -2.22228 -3.32588 -35
      vertex -1.88559 -3.52768 -3.52768
      vertex -2.22228 -3.32588 -3.32588
    endloop
  endfacet
  facet normal -0.514095 -0.857733 -0
    outer loop
      vertex -1.88559 -3.52768 -3.52768
      vertex -2.22228 -3.32588 -35
      vertex -1.88559 -3.52768 -35
    endloop
  endfacet
  facet normal 0.427563 -0.903986 0
    outer loop
      vertex 1.88559 -3.52768 -35
      vertex 1.53073 -3.69552 -3.69552
      vertex 1.53073 -3.69552 -35
    endloop
  endfacet
  facet normal 0.427563 -0.903986 0
    outer loop
      vertex 1.53073 -3.69552 -3.69552
      vertex 1.88559 -3.52768 -35
      vertex 1.88559 -3.52768 -3.52768
    endloop
  endfacet
  facet normal 0.427563 -0.903986 0
    outer loop
      vertex 1.53073 -3.69552 9
      vertex 1.88559 -3.52768 35
      vertex 1.53073 -3.69552 35
    endloop
  endfacet
  facet normal 0.427563 -0.903986 0
    outer loop
      vertex 1.88559 -3.52768 35
      vertex 1.53073 -3.69552 9
      vertex 1.88559 -3.52768 9
    endloop
  endfacet
  facet normal -0.803201 0.595708 0
    outer loop
      vertex -3.32588 2.22228 9
      vertex -3.09204 2.53757 35
      vertex -3.09204 2.53757 9
    endloop
  endfacet
  facet normal -0.803201 0.595708 0
    outer loop
      vertex -3.09204 2.53757 35
      vertex -3.32588 2.22228 9
      vertex -3.32588 2.22228 35
    endloop
  endfacet
  facet normal -0.803201 0.595708 0
    outer loop
      vertex -3.32588 2.22228 -35
      vertex -3.09204 2.53757 -2.53757
      vertex -3.09204 2.53757 -35
    endloop
  endfacet
  facet normal -0.803201 0.595708 0
    outer loop
      vertex -3.09204 2.53757 -2.53757
      vertex -3.32588 2.22228 -35
      vertex -3.32588 2.22228 -2.22228
    endloop
  endfacet
  facet normal -0.803201 0.595708 0
    outer loop
      vertex -3.32588 2.22228 3
      vertex -3.09204 2.53757 2.53757
      vertex -3.32588 2.22228 2.22228
    endloop
  endfacet
  facet normal -0.803201 0.595708 0
    outer loop
      vertex -3.09204 2.53757 2.53757
      vertex -3.32588 2.22228 3
      vertex -3.09204 2.53757 3
    endloop
  endfacet
  facet normal 0.740964 0.671545 -0
    outer loop
      vertex 3.09204 2.53757 -35
      vertex 2.82843 2.82843 -2.82843
      vertex 3.09204 2.53757 -2.53757
    endloop
  endfacet
  facet normal 0.740964 0.671545 0
    outer loop
      vertex 2.82843 2.82843 -2.82843
      vertex 3.09204 2.53757 -35
      vertex 2.82843 2.82843 -35
    endloop
  endfacet
  facet normal 0.740964 0.671545 0
    outer loop
      vertex 3.09204 2.53757 35
      vertex 2.82843 2.82843 9
      vertex 2.82843 2.82843 35
    endloop
  endfacet
  facet normal 0.740964 0.671545 0
    outer loop
      vertex 2.82843 2.82843 9
      vertex 3.09204 2.53757 35
      vertex 3.09204 2.53757 9
    endloop
  endfacet
  facet normal 0.740964 0.671545 0
    outer loop
      vertex 3.09204 2.53757 3
      vertex 2.82843 2.82843 2.82843
      vertex 2.82843 2.82843 3
    endloop
  endfacet
  facet normal 0.740964 0.671545 0
    outer loop
      vertex 2.82843 2.82843 2.82843
      vertex 3.09204 2.53757 3
      vertex 3.09204 2.53757 2.53757
    endloop
  endfacet
  facet normal 0.514095 -0.857733 0
    outer loop
      vertex 1.88559 -3.52768 9
      vertex 2.22228 -3.32588 35
      vertex 1.88559 -3.52768 35
    endloop
  endfacet
  facet normal 0.514095 -0.857733 0
    outer loop
      vertex 2.22228 -3.32588 35
      vertex 1.88559 -3.52768 9
      vertex 2.22228 -3.32588 9
    endloop
  endfacet
  facet normal 0.514095 -0.857733 0
    outer loop
      vertex 2.22228 -3.32588 -35
      vertex 1.88559 -3.52768 -3.52768
      vertex 1.88559 -3.52768 -35
    endloop
  endfacet
  facet normal 0.514095 -0.857733 0
    outer loop
      vertex 1.88559 -3.52768 -3.52768
      vertex 2.22228 -3.32588 -35
      vertex 2.22228 -3.32588 -3.32588
    endloop
  endfacet
  facet normal -0.903986 -0.427563 0
    outer loop
      vertex -3.52768 -1.88559 9
      vertex -3.69552 -1.53073 35
      vertex -3.69552 -1.53073 9
    endloop
  endfacet
  facet normal -0.903986 -0.427563 0
    outer loop
      vertex -3.69552 -1.53073 35
      vertex -3.52768 -1.88559 9
      vertex -3.52768 -1.88559 35
    endloop
  endfacet
  facet normal -0.903986 -0.427563 -0
    outer loop
      vertex -3.52768 -1.88559 -1.88559
      vertex -3.69552 -1.53073 -35
      vertex -3.52768 -1.88559 -35
    endloop
  endfacet
  facet normal -0.903986 -0.427563 0
    outer loop
      vertex -3.69552 -1.53073 -35
      vertex -3.52768 -1.88559 -1.88559
      vertex -3.69552 -1.53073 -1.53073
    endloop
  endfacet
  facet normal -0.903986 -0.427563 0
    outer loop
      vertex -3.52768 -1.88559 1.88559
      vertex -3.69552 -1.53073 3
      vertex -3.69552 -1.53073 1.53073
    endloop
  endfacet
  facet normal -0.903986 -0.427563 0
    outer loop
      vertex -3.69552 -1.53073 3
      vertex -3.52768 -1.88559 1.88559
      vertex -3.52768 -1.88559 3
    endloop
  endfacet
  facet normal -0.740964 0.671545 0
    outer loop
      vertex -3.09204 2.53757 -35
      vertex -2.82843 2.82843 -2.82843
      vertex -2.82843 2.82843 -35
    endloop
  endfacet
  facet normal -0.740964 0.671545 0
    outer loop
      vertex -2.82843 2.82843 -2.82843
      vertex -3.09204 2.53757 -35
      vertex -3.09204 2.53757 -2.53757
    endloop
  endfacet
  facet normal -0.740964 0.671545 0
    outer loop
      vertex -3.09204 2.53757 9
      vertex -2.82843 2.82843 35
      vertex -2.82843 2.82843 9
    endloop
  endfacet
  facet normal -0.740964 0.671545 0
    outer loop
      vertex -2.82843 2.82843 35
      vertex -3.09204 2.53757 9
      vertex -3.09204 2.53757 35
    endloop
  endfacet
  facet normal -0.740964 0.671545 0
    outer loop
      vertex -3.09204 2.53757 3
      vertex -2.82843 2.82843 2.82843
      vertex -3.09204 2.53757 2.53757
    endloop
  endfacet
  facet normal -0.740964 0.671545 0
    outer loop
      vertex -2.82843 2.82843 2.82843
      vertex -3.09204 2.53757 3
      vertex -2.82843 2.82843 3
    endloop
  endfacet
  facet normal -0.514095 0.857733 0
    outer loop
      vertex -2.22228 3.32588 -35
      vertex -1.88559 3.52768 -3.52768
      vertex -1.88559 3.52768 -35
    endloop
  endfacet
  facet normal -0.514095 0.857733 0
    outer loop
      vertex -1.88559 3.52768 -3.52768
      vertex -2.22228 3.32588 -35
      vertex -2.22228 3.32588 -3.32588
    endloop
  endfacet
  facet normal -0.514095 0.857733 0
    outer loop
      vertex -1.88559 3.52768 9
      vertex -2.22228 3.32588 35
      vertex -1.88559 3.52768 35
    endloop
  endfacet
  facet normal -0.514095 0.857733 0
    outer loop
      vertex -2.22228 3.32588 35
      vertex -1.88559 3.52768 9
      vertex -2.22228 3.32588 9
    endloop
  endfacet
  facet normal -0.427563 0.903986 0
    outer loop
      vertex -1.88559 3.52768 -35
      vertex -1.53073 3.69552 -3.69552
      vertex -1.53073 3.69552 -35
    endloop
  endfacet
  facet normal -0.427563 0.903986 0
    outer loop
      vertex -1.53073 3.69552 -3.69552
      vertex -1.88559 3.52768 -35
      vertex -1.88559 3.52768 -3.52768
    endloop
  endfacet
  facet normal -0.427563 0.903986 0
    outer loop
      vertex -1.53073 3.69552 9
      vertex -1.88559 3.52768 35
      vertex -1.53073 3.69552 35
    endloop
  endfacet
  facet normal -0.427563 0.903986 0
    outer loop
      vertex -1.88559 3.52768 35
      vertex -1.53073 3.69552 9
      vertex -1.88559 3.52768 9
    endloop
  endfacet
  facet normal 0.80009 0.598704 0.0375614
    outer loop
      vertex -14.4577 25.8781 -9.64181
      vertex -14.5779 26.0246 -9.41656
      vertex -1.39639 7.19941 9.86707
    endloop
  endfacet
  facet normal -0.439381 0.627523 -0.642775
    outer loop
      vertex -14.2265 24.9303 -10.7251
      vertex -19.4349 24.0576 -8.01679
      vertex -14.2891 25.5368 -10.0902
    endloop
  endfacet
  facet normal 0.877576 0.147037 -0.456335
    outer loop
      vertex -1.13228 5.66017 8.18389
      vertex -14.3138 24.4854 -11.0997
      vertex -1.0758 5.88528 8.36504
    endloop
  endfacet
  facet normal 0.800076 0.59872 0.0375863
    outer loop
      vertex -1.27614 7.05286 9.64181
      vertex -14.4577 25.8781 -9.64181
      vertex -1.39639 7.19941 9.86707
    endloop
  endfacet
  facet normal 0.836253 0.547055 -0.0375798
    outer loop
      vertex -1.17956 6.88975 9.41656
      vertex -14.4577 25.8781 -9.64181
      vertex -1.27614 7.05286 9.64181
    endloop
  endfacet
  facet normal 0.892153 0.22128 -0.393824
    outer loop
      vertex -1.04492 6.10505 8.55848
      vertex -14.2574 24.7105 -10.9186
      vertex -14.2265 24.9303 -10.7251
    endloop
  endfacet
  facet normal -0.439514 0.627307 -0.642894
    outer loop
      vertex -18.9457 22.0522 -10.3089
      vertex -19.1096 22.1615 -10.0902
      vertex -18.1131 21.8251 -11.0997
    endloop
  endfacet
  facet normal 0.438904 -0.626691 0.643912
    outer loop
      vertex -4.83966 6.91176 11.9399
      vertex -5.07521 6.73549 11.9289
      vertex -4.33898 7.2171 11.8958
    endloop
  endfacet
  facet normal -0.439518 0.627558 -0.642647
    outer loop
      vertex -18.8774 24.9582 -7.51862
      vertex -19.4349 24.0576 -8.01679
      vertex -19.3291 24.2868 -7.86533
    endloop
  endfacet
  facet normal 0.439382 -0.627507 0.64279
    outer loop
      vertex -1.04492 6.10505 8.55848
      vertex -1.39639 7.19941 9.86707
      vertex -1.21381 5.43191 8.01679
    endloop
  endfacet
  facet normal 0.439385 -0.627509 0.642786
    outer loop
      vertex -3.55062 7.53638 11.6686
      vertex -5.8675 5.91409 11.6686
      vertex -1.21381 5.43191 8.01679
    endloop
  endfacet
  facet normal 0.439378 -0.627493 0.642807
    outer loop
      vertex -1.70303 7.43731 10.3089
      vertex -2.08771 7.59431 10.7251
      vertex -1.39639 7.19941 9.86707
    endloop
  endfacet
  facet normal -0.439349 0.627522 -0.642797
    outer loop
      vertex -14.5012 24.0279 -11.4183
      vertex -14.7813 23.5754 -11.6686
      vertex -14.2265 24.9303 -10.7251
    endloop
  endfacet
  facet normal 0.823288 -0.00495056 -0.567603
    outer loop
      vertex -1.31961 5.20269 7.86533
      vertex -14.5012 24.0279 -11.4183
      vertex -1.21381 5.43191 8.01679
    endloop
  endfacet
  facet normal 0.439391 -0.627503 0.642787
    outer loop
      vertex -1.39639 7.19941 9.86707
      vertex -3.55062 7.53638 11.6686
      vertex -1.21381 5.43191 8.01679
    endloop
  endfacet
  facet normal -0.158603 0.650128 0.743087
    outer loop
      vertex -4.07867 7.34324 11.841
      vertex -17.5205 26.0423 -7.38784
      vertex -4.33898 7.2171 11.8958
    endloop
  endfacet
  facet normal 0.439376 -0.627441 0.642857
    outer loop
      vertex -4.07867 7.34324 11.841
      vertex -4.33898 7.2171 11.8958
      vertex -3.55062 7.53638 11.6686
    endloop
  endfacet
  facet normal -0.756181 -0.644634 -0.112413
    outer loop
      vertex -6.07081 3.46486 9.41656
      vertex -19.1096 22.1615 -10.0902
      vertex -5.92805 3.3363 9.19347
    endloop
  endfacet
  facet normal 0.439282 -0.627452 0.642912
    outer loop
      vertex -5.29784 6.54571 11.8958
      vertex -5.8675 5.91409 11.6686
      vertex -5.07521 6.73549 11.9289
    endloop
  endfacet
  facet normal 0.647169 0.717381 0.257946
    outer loop
      vertex -14.8846 26.2625 -8.9747
      vertex -15.068 26.3516 -8.76236
      vertex -1.70303 7.43731 10.3089
    endloop
  endfacet
  facet normal -0.439382 0.627509 -0.642788
    outer loop
      vertex -14.2891 25.5368 -10.0902
      vertex -19.4349 24.0576 -8.01679
      vertex -16.9966 26.2752 -7.51862
    endloop
  endfacet
  facet normal -0.440521 0.626776 -0.642723
    outer loop
      vertex -14.2891 25.5368 -10.0902
      vertex -14.5779 26.0246 -9.41656
      vertex -14.4577 25.8781 -9.64181
    endloop
  endfacet
  facet normal 0.439284 -0.627801 0.642569
    outer loop
      vertex -2.3048 7.64046 10.9186
      vertex -3.55062 7.53638 11.6686
      vertex -2.08771 7.59431 10.7251
    endloop
  endfacet
  facet normal 0.439434 -0.627434 0.642825
    outer loop
      vertex -2.08771 7.59431 10.7251
      vertex -3.55062 7.53638 11.6686
      vertex -1.39639 7.19941 9.86707
    endloop
  endfacet
  facet normal 0.884188 0.428444 -0.186138
    outer loop
      vertex -1.06089 6.52023 8.9747
      vertex -14.2891 25.5368 -10.0902
      vertex -1.10758 6.71163 9.19347
    endloop
  endfacet
  facet normal -0.439363 0.627589 -0.642723
    outer loop
      vertex -15.4863 26.4657 -8.36504
      vertex -16.9966 26.2752 -7.51862
      vertex -15.9596 26.491 -8.01679
    endloop
  endfacet
  facet normal -0.439396 0.628074 -0.642226
    outer loop
      vertex -16.8337 22.0395 -11.765
      vertex -17.0981 21.9531 -11.6686
      vertex -16.5701 22.1462 -11.841
    endloop
  endfacet
  facet normal 0.737905 -0.155957 -0.656638
    outer loop
      vertex -1.77463 5 7.35913
      vertex -14.6302 23.7999 -11.5526
      vertex -1.77059 5 7.36367
    endloop
  endfacet
  facet normal 0.737352 -0.156767 -0.657067
    outer loop
      vertex -14.6302 23.7999 -11.5526
      vertex -1.77463 5 7.35913
      vertex -14.7813 23.5754 -11.6686
    endloop
  endfacet
  facet normal -0.898139 -0.293383 0.327525
    outer loop
      vertex -19.6038 23.3844 -8.55848
      vertex -19.6088 23.1721 -8.76236
      vertex -6.42228 4.55921 10.7251
    endloop
  endfacet
  facet normal -0.439402 0.627515 -0.642768
    outer loop
      vertex -17.0981 21.9531 -11.6686
      vertex -18.1131 21.8251 -11.0997
      vertex -14.2265 24.9303 -10.7251
    endloop
  endfacet
  facet normal -0.438337 -0.77436 -0.45632
    outer loop
      vertex -5.1624 3.02381 8.36504
      vertex -5 3.09763 8.08377
      vertex -5 3.00698 8.2376
    endloop
  endfacet
  facet normal -0.438338 -0.774359 -0.45632
    outer loop
      vertex -5 3.09763 8.08377
      vertex -5.1624 3.02381 8.36504
      vertex -18.1131 21.8251 -11.0997
    endloop
  endfacet
  facet normal -0.43936 0.627491 -0.64282
    outer loop
      vertex -16.9966 26.2752 -7.51862
      vertex -19.4349 24.0576 -8.01679
      vertex -18.2568 25.5607 -7.35475
    endloop
  endfacet
  facet normal 0.439386 -0.627511 0.642783
    outer loop
      vertex -5.07521 6.73549 11.9289
      vertex -5.8675 5.91409 11.6686
      vertex -3.55062 7.53638 11.6686
    endloop
  endfacet
  facet normal 0.440129 -0.627291 0.64249
    outer loop
      vertex -6.33492 5.00409 11.0997
      vertex -6.42727 4.34688 10.5213
      vertex -6.40631 4.14404 10.3089
    endloop
  endfacet
  facet normal -0.898138 -0.293318 0.327586
    outer loop
      vertex -6.42228 4.55921 10.7251
      vertex -19.6088 23.1721 -8.76236
      vertex -6.42727 4.34688 10.5213
    endloop
  endfacet
  facet normal -0.0712391 0.688967 0.721283
    outer loop
      vertex -16.9966 26.2752 -7.51862
      vertex -17.2602 26.1684 -7.44264
      vertex -4.07867 7.34324 11.841
    endloop
  endfacet
  facet normal 0.439382 -0.627499 0.642797
    outer loop
      vertex -4.33898 7.2171 11.8958
      vertex -5.07521 6.73549 11.9289
      vertex -3.55062 7.53638 11.6686
    endloop
  endfacet
  facet normal 0.877607 0.147165 -0.456234
    outer loop
      vertex -1.0758 5.88528 8.36504
      vertex -14.3138 24.4854 -11.0997
      vertex -14.2574 24.7105 -10.9186
    endloop
  endfacet
  facet normal -0.442218 0.626875 -0.64146
    outer loop
      vertex -14.2574 24.7105 -10.9186
      vertex -14.3138 24.4854 -11.0997
      vertex -14.2265 24.9303 -10.7251
    endloop
  endfacet
  facet normal 0.439318 -0.62755 0.642792
    outer loop
      vertex -1.27614 7.05286 9.64181
      vertex -1.39639 7.19941 9.86707
      vertex -1.17956 6.88975 9.41656
    endloop
  endfacet
  facet normal -0.437765 0.628176 -0.64324
    outer loop
      vertex -14.2265 24.9303 -10.7251
      vertex -14.2891 25.5368 -10.0902
      vertex -14.2424 25.3454 -10.3089
    endloop
  endfacet
  facet normal -0.439884 0.626571 -0.643358
    outer loop
      vertex -15.4863 26.4657 -8.36504
      vertex -15.9596 26.491 -8.01679
      vertex -15.7172 26.4896 -8.18389
    endloop
  endfacet
  facet normal 0.705006 0.684335 0.186151
    outer loop
      vertex -1.53915 7.32797 10.0902
      vertex -14.8846 26.2625 -8.9747
      vertex -1.70303 7.43731 10.3089
    endloop
  endfacet
  facet normal 0.513119 0.762657 0.39378
    outer loop
      vertex -2.08771 7.59431 10.7251
      vertex -15.4863 26.4657 -8.36504
      vertex -2.3048 7.64046 10.9186
    endloop
  endfacet
  facet normal 0.43751 -0.629706 0.641915
    outer loop
      vertex -1.88648 7.52637 10.5213
      vertex -2.08771 7.59431 10.7251
      vertex -1.70303 7.43731 10.3089
    endloop
  endfacet
  facet normal -0.440418 0.626839 -0.642732
    outer loop
      vertex -14.2891 25.5368 -10.0902
      vertex -14.4577 25.8781 -9.64181
      vertex -14.3611 25.715 -9.86707
    endloop
  endfacet
  facet normal 0.88419 0.428434 -0.186148
    outer loop
      vertex -14.2424 25.3454 -10.3089
      vertex -14.2891 25.5368 -10.0902
      vertex -1.06089 6.52023 8.9747
    endloop
  endfacet
  facet normal 0.854544 0.0713825 -0.514451
    outer loop
      vertex -1.21381 5.43191 8.01679
      vertex -14.3954 24.2571 -11.2668
      vertex -1.13228 5.66017 8.18389
    endloop
  endfacet
  facet normal 0.784113 -0.0812207 -0.615281
    outer loop
      vertex -1.31961 5.20269 7.86533
      vertex -14.6302 23.7999 -11.5526
      vertex -14.5012 24.0279 -11.4183
    endloop
  endfacet
  facet normal 0.784135 -0.0813033 -0.615241
    outer loop
      vertex -1.46636 5 7.70508
      vertex -1.31961 5.20269 7.86533
      vertex -1.43434 5 7.74589
    endloop
  endfacet
  facet normal 0.784102 -0.0812397 -0.615292
    outer loop
      vertex -1.31961 5.20269 7.86533
      vertex -1.46636 5 7.70508
      vertex -14.6302 23.7999 -11.5526
    endloop
  endfacet
  facet normal 0.484873 -0.436697 -0.757756
    outer loop
      vertex -3.14207 5 6.25744
      vertex -15.3509 22.9438 -11.8958
      vertex -2.78655 5 6.48493
    endloop
  endfacet
  facet normal 0.484961 -0.436623 -0.757742
    outer loop
      vertex -15.3509 22.9438 -11.8958
      vertex -3.14207 5 6.25744
      vertex -15.5735 22.754 -11.9289
    endloop
  endfacet
  facet normal 0.244499 -0.605005 -0.757753
    outer loop
      vertex -4.21552 5 5.79719
      vertex -16.0553 22.4167 -11.9289
      vertex -3.86001 5 5.9119
    endloop
  endfacet
  facet normal 0.244486 -0.605012 -0.757751
    outer loop
      vertex -16.0553 22.4167 -11.9289
      vertex -4.21552 5 5.79719
      vertex -16.3098 22.2724 -11.8958
    endloop
  endfacet
  facet normal 0.439448 -0.627496 0.642755
    outer loop
      vertex -1.04492 6.10505 8.55848
      vertex -1.21381 5.43191 8.01679
      vertex -1.0758 5.88528 8.36504
    endloop
  endfacet
  facet normal -0.737296 0.156853 0.657109
    outer loop
      vertex -19.049 24.7393 -7.61504
      vertex -19.2001 24.5148 -7.73099
      vertex -5.8675 5.91409 11.6686
    endloop
  endfacet
  facet normal -0.582663 -0.743703 -0.327736
    outer loop
      vertex -5.58072 3.13789 8.76236
      vertex -18.7623 21.9631 -10.5213
      vertex -18.561 21.8952 -10.7251
    endloop
  endfacet
  facet normal 0.439621 -0.627234 0.642893
    outer loop
      vertex -5.37949 3.06996 8.55848
      vertex -5.76416 3.22696 8.9747
      vertex -5.58072 3.13789 8.76236
    endloop
  endfacet
  facet normal -0.439338 0.627531 -0.642796
    outer loop
      vertex -19.1096 22.1615 -10.0902
      vertex -19.4349 24.0576 -8.01679
      vertex -18.1131 21.8251 -11.0997
    endloop
  endfacet
  facet normal -0.439387 0.6275 -0.642793
    outer loop
      vertex -18.1131 21.8251 -11.0997
      vertex -19.4349 24.0576 -8.01679
      vertex -14.2265 24.9303 -10.7251
    endloop
  endfacet
  facet normal -0.484941 0.436639 0.757746
    outer loop
      vertex -18.2568 25.5607 -7.35475
      vertex -18.4794 25.3709 -7.38784
      vertex -5.29784 6.54571 11.8958
    endloop
  endfacet
  facet normal -0.556681 0.371389 0.743086
    outer loop
      vertex -5.29784 6.54571 11.8958
      vertex -18.4794 25.3709 -7.38784
      vertex -5.5054 6.34424 11.841
    endloop
  endfacet
  facet normal 0.439364 -0.627511 0.642798
    outer loop
      vertex -6.33492 5.00409 11.0997
      vertex -6.40631 4.14404 10.3089
      vertex -5.92805 3.3363 9.19347
    endloop
  endfacet
  facet normal -0.854486 -0.0712159 0.51457
    outer loop
      vertex -19.5165 23.8293 -8.18389
      vertex -6.25339 5.23236 11.2668
      vertex -19.4349 24.0576 -8.01679
    endloop
  endfacet
  facet normal -0.854543 -0.0713804 0.514452
    outer loop
      vertex -6.25339 5.23236 11.2668
      vertex -19.5165 23.8293 -8.18389
      vertex -6.33492 5.00409 11.0997
    endloop
  endfacet
  facet normal -0.439482 0.627463 -0.642764
    outer loop
      vertex -19.1096 22.1615 -10.0902
      vertex -19.5412 22.7778 -9.19347
      vertex -19.5165 23.8293 -8.18389
    endloop
  endfacet
  facet normal -0.439673 0.6274 -0.642695
    outer loop
      vertex -19.5412 22.7778 -9.19347
      vertex -19.6038 23.3844 -8.55848
      vertex -19.5165 23.8293 -8.18389
    endloop
  endfacet
  facet normal 0.439345 -0.626643 0.643657
    outer loop
      vertex -3.81504 7.45001 11.765
      vertex -4.07867 7.34324 11.841
      vertex -3.55062 7.53638 11.6686
    endloop
  endfacet
  facet normal -0.439445 0.627702 -0.642556
    outer loop
      vertex -16.9966 26.2752 -7.51862
      vertex -18.2568 25.5607 -7.35475
      vertex -17.5205 26.0423 -7.38784
    endloop
  endfacet
  facet normal 0.439423 -0.627499 0.64277
    outer loop
      vertex -1.0758 5.88528 8.36504
      vertex -1.21381 5.43191 8.01679
      vertex -1.13228 5.66017 8.18389
    endloop
  endfacet
  facet normal 0.4382 -0.627584 0.64352
    outer loop
      vertex -6.25339 5.23236 11.2668
      vertex -6.33492 5.00409 11.0997
      vertex -6.14759 5.46158 11.4183
    endloop
  endfacet
  facet normal 0.43891 -0.627676 0.642948
    outer loop
      vertex -1.03993 6.31738 8.76236
      vertex -1.06089 6.52023 8.9747
      vertex -1.04492 6.10505 8.55848
    endloop
  endfacet
  facet normal 0.895474 0.362667 -0.258067
    outer loop
      vertex -1.03993 6.31738 8.76236
      vertex -14.2215 25.1426 -10.5213
      vertex -1.06089 6.52023 8.9747
    endloop
  endfacet
  facet normal -0.439422 0.627284 -0.64298
    outer loop
      vertex -15.9596 26.491 -8.01679
      vertex -16.9966 26.2752 -7.51862
      vertex -16.2112 26.47 -7.86533
    endloop
  endfacet
  facet normal 0.437684 -0.629031 0.642459
    outer loop
      vertex -1.53915 7.32797 10.0902
      vertex -1.70303 7.43731 10.3089
      vertex -1.39639 7.19941 9.86707
    endloop
  endfacet
  facet normal -0.439387 0.627502 -0.642791
    outer loop
      vertex -14.2891 25.5368 -10.0902
      vertex -16.9966 26.2752 -7.51862
      vertex -14.8846 26.2625 -8.9747
    endloop
  endfacet
  facet normal -0.439379 0.627498 -0.6428
    outer loop
      vertex -14.8846 26.2625 -8.9747
      vertex -15.2693 26.4195 -8.55848
      vertex -15.068 26.3516 -8.76236
    endloop
  endfacet
  facet normal 0.513271 0.762626 0.393643
    outer loop
      vertex -15.2693 26.4195 -8.55848
      vertex -15.4863 26.4657 -8.36504
      vertex -2.08771 7.59431 10.7251
    endloop
  endfacet
  facet normal 0.439368 -0.627514 0.642792
    outer loop
      vertex -1.17956 6.88975 9.41656
      vertex -1.39639 7.19941 9.86707
      vertex -1.04492 6.10505 8.55848
    endloop
  endfacet
  facet normal 0.439448 -0.627479 0.642772
    outer loop
      vertex -1.06089 6.52023 8.9747
      vertex -1.17956 6.88975 9.41656
      vertex -1.04492 6.10505 8.55848
    endloop
  endfacet
  facet normal 0.892154 0.221282 -0.393822
    outer loop
      vertex -1.0758 5.88528 8.36504
      vertex -14.2574 24.7105 -10.9186
      vertex -1.04492 6.10505 8.55848
    endloop
  endfacet
  facet normal 0.823315 -0.00489031 -0.567564
    outer loop
      vertex -1.21381 5.43191 8.01679
      vertex -14.5012 24.0279 -11.4183
      vertex -14.3954 24.2571 -11.2668
    endloop
  endfacet
  facet normal 0.683518 -0.230757 -0.692499
    outer loop
      vertex -2.09153 5 7.04634
      vertex -14.7813 23.5754 -11.6686
      vertex -1.77463 5 7.35913
    endloop
  endfacet
  facet normal 0.071166 -0.688997 -0.721262
    outer loop
      vertex -4.87063 5 5.69254
      vertex -16.5701 22.1462 -11.841
      vertex -4.56415 5 5.72278
    endloop
  endfacet
  facet normal -0.0169591 -0.721228 -0.69249
    outer loop
      vertex -17.0981 21.9531 -11.6686
      vertex -5 5 5.69177
      vertex -5 4.67518 6.03007
    endloop
  endfacet
  facet normal -0.0168312 -0.721186 -0.692537
    outer loop
      vertex -16.8337 22.0395 -11.765
      vertex -5 5 5.69177
      vertex -17.0981 21.9531 -11.6686
    endloop
  endfacet
  facet normal -0.016913 -0.721212 -0.692508
    outer loop
      vertex -5 5 5.69177
      vertex -16.8337 22.0395 -11.765
      vertex -4.90255 5 5.68939
    endloop
  endfacet
  facet normal -0.4083 0.497865 0.765128
    outer loop
      vertex -4.83966 6.91176 11.9399
      vertex -18.2568 25.5607 -7.35475
      vertex -5.07521 6.73549 11.9289
    endloop
  endfacet
  facet normal -0.484901 0.436673 0.757752
    outer loop
      vertex -5.07521 6.73549 11.9289
      vertex -18.2568 25.5607 -7.35475
      vertex -5.29784 6.54571 11.8958
    endloop
  endfacet
  facet normal -0.64707 -0.717429 -0.258063
    outer loop
      vertex -5.76416 3.22696 8.9747
      vertex -18.9457 22.0522 -10.3089
      vertex -5.58072 3.13789 8.76236
    endloop
  endfacet
  facet normal -0.836258 -0.547046 0.0375937
    outer loop
      vertex -6.28764 3.77452 9.86707
      vertex -19.4692 22.5997 -9.41656
      vertex -6.19106 3.6114 9.64181
    endloop
  endfacet
  facet normal 0.439376 -0.627517 0.642783
    outer loop
      vertex -5 3.0832 8.31201
      vertex -5.92805 3.3363 9.19347
      vertex -5 3.02299 8.25323
    endloop
  endfacet
  facet normal 0.439388 -0.627502 0.642791
    outer loop
      vertex -5 3.52339 8.74173
      vertex -5.92805 3.3363 9.19347
      vertex -5 3.0832 8.31201
    endloop
  endfacet
  facet normal 0.439387 -0.627507 0.642787
    outer loop
      vertex -5.92805 3.3363 9.19347
      vertex -5 3.52339 8.74173
      vertex -6.14759 5.46158 11.4183
    endloop
  endfacet
  facet normal -0.439317 0.627793 -0.642555
    outer loop
      vertex -17.6191 21.8447 -11.4183
      vertex -18.1131 21.8251 -11.0997
      vertex -17.0981 21.9531 -11.6686
    endloop
  endfacet
  facet normal -0.276908 -0.77533 -0.567614
    outer loop
      vertex -5 3.44233 7.56208
      vertex -17.8707 21.8236 -11.2668
      vertex -5 3.80673 7.06433
    endloop
  endfacet
  facet normal -0.438163 -0.774378 -0.456456
    outer loop
      vertex -5.1624 3.02381 8.36504
      vertex -18.344 21.849 -10.9186
      vertex -18.1131 21.8251 -11.0997
    endloop
  endfacet
  facet normal 0.439636 -0.627062 0.64305
    outer loop
      vertex -5 3.0106 8.24113
      vertex -5.1624 3.02381 8.36504
      vertex -5 3.00698 8.2376
    endloop
  endfacet
  facet normal 0.43949 -0.627331 0.642888
    outer loop
      vertex -5.1624 3.02381 8.36504
      vertex -5 3.0106 8.24113
      vertex -5.37949 3.06996 8.55848
    endloop
  endfacet
  facet normal -0.647202 -0.717365 -0.257908
    outer loop
      vertex -5.58072 3.13789 8.76236
      vertex -18.9457 22.0522 -10.3089
      vertex -18.7623 21.9631 -10.5213
    endloop
  endfacet
  facet normal -0.437455 0.629756 -0.641904
    outer loop
      vertex -18.7623 21.9631 -10.5213
      vertex -18.9457 22.0522 -10.3089
      vertex -18.561 21.8952 -10.7251
    endloop
  endfacet
  facet normal -0.40843 0.497766 0.765123
    outer loop
      vertex -18.0212 25.737 -7.34368
      vertex -18.2568 25.5607 -7.35475
      vertex -4.83966 6.91176 11.9399
    endloop
  endfacet
  facet normal -0.244483 0.605015 0.75775
    outer loop
      vertex -4.33898 7.2171 11.8958
      vertex -17.5205 26.0423 -7.38784
      vertex -4.59346 7.07281 11.9289
    endloop
  endfacet
  facet normal -0.784149 0.081156 0.615243
    outer loop
      vertex -19.2001 24.5148 -7.73099
      vertex -19.3291 24.2868 -7.86533
      vertex -6.01855 5.68956 11.5526
    endloop
  endfacet
  facet normal -0.439188 0.627301 -0.643124
    outer loop
      vertex -18.2568 25.5607 -7.35475
      vertex -18.8774 24.9582 -7.51862
      vertex -18.687 25.1694 -7.44264
    endloop
  endfacet
  facet normal -0.439155 0.62765 -0.642806
    outer loop
      vertex -19.4692 22.5997 -9.41656
      vertex -19.5412 22.7778 -9.19347
      vertex -19.3726 22.4366 -9.64181
    endloop
  endfacet
  facet normal -0.439627 0.627362 -0.642764
    outer loop
      vertex -19.3726 22.4366 -9.64181
      vertex -19.5412 22.7778 -9.19347
      vertex -19.1096 22.1615 -10.0902
    endloop
  endfacet
  facet normal -0.836228 -0.547097 0.0375222
    outer loop
      vertex -6.19106 3.6114 9.64181
      vertex -19.4692 22.5997 -9.41656
      vertex -19.3726 22.4366 -9.64181
    endloop
  endfacet
  facet normal 0.439416 -0.627477 0.642795
    outer loop
      vertex -5.37949 3.06996 8.55848
      vertex -5.92805 3.3363 9.19347
      vertex -5.76416 3.22696 8.9747
    endloop
  endfacet
  facet normal -0.877562 -0.146981 0.456378
    outer loop
      vertex -6.33492 5.00409 11.0997
      vertex -19.5729 23.6042 -8.36504
      vertex -6.3914 4.77899 10.9186
    endloop
  endfacet
  facet normal -0.895491 -0.3625 0.258244
    outer loop
      vertex -6.40631 4.14404 10.3089
      vertex -19.6088 23.1721 -8.76236
      vertex -19.5879 22.9692 -8.9747
    endloop
  endfacet
  facet normal -0.440051 0.627322 -0.642513
    outer loop
      vertex -19.5165 23.8293 -8.18389
      vertex -19.6038 23.3844 -8.55848
      vertex -19.5729 23.6042 -8.36504
    endloop
  endfacet
  facet normal -0.877621 -0.147225 0.456186
    outer loop
      vertex -19.5165 23.8293 -8.18389
      vertex -19.5729 23.6042 -8.36504
      vertex -6.33492 5.00409 11.0997
    endloop
  endfacet
  facet normal -0.439368 0.627518 -0.642788
    outer loop
      vertex -19.1096 22.1615 -10.0902
      vertex -19.5165 23.8293 -8.18389
      vertex -19.4349 24.0576 -8.01679
    endloop
  endfacet
  facet normal -0.438978 0.629462 -0.641152
    outer loop
      vertex -16.2112 26.47 -7.86533
      vertex -16.7322 26.3616 -7.61504
      vertex -16.4695 26.4267 -7.73099
    endloop
  endfacet
  facet normal -0.0711253 0.689012 0.721251
    outer loop
      vertex -3.81504 7.45001 11.765
      vertex -16.9966 26.2752 -7.51862
      vertex -4.07867 7.34324 11.841
    endloop
  endfacet
  facet normal 0.898139 0.293383 -0.327525
    outer loop
      vertex -1.04492 6.10505 8.55848
      vertex -14.2215 25.1426 -10.5213
      vertex -1.03993 6.31738 8.76236
    endloop
  endfacet
  facet normal 0.898137 0.293319 -0.327588
    outer loop
      vertex -1.04492 6.10505 8.55848
      vertex -14.2265 24.9303 -10.7251
      vertex -14.2215 25.1426 -10.5213
    endloop
  endfacet
  facet normal 0.104993 0.746531 0.657015
    outer loop
      vertex -16.4695 26.4267 -7.73099
      vertex -16.7322 26.3616 -7.61504
      vertex -3.28797 7.60153 11.5526
    endloop
  endfacet
  facet normal 0.439534 -0.627099 0.643083
    outer loop
      vertex -2.53564 7.66438 11.0997
      vertex -3.55062 7.53638 11.6686
      vertex -2.3048 7.64046 10.9186
    endloop
  endfacet
  facet normal 0.277022 0.775339 0.567545
    outer loop
      vertex -15.9596 26.491 -8.01679
      vertex -3.0296 7.64482 11.4183
      vertex -2.77802 7.66583 11.2668
    endloop
  endfacet
  facet normal 0.276962 0.775335 0.567581
    outer loop
      vertex -3.0296 7.64482 11.4183
      vertex -15.9596 26.491 -8.01679
      vertex -16.2112 26.47 -7.86533
    endloop
  endfacet
  facet normal 0.756189 0.644627 0.112402
    outer loop
      vertex -1.39639 7.19941 9.86707
      vertex -14.5779 26.0246 -9.41656
      vertex -1.53915 7.32797 10.0902
    endloop
  endfacet
  facet normal -0.439392 0.627491 -0.642798
    outer loop
      vertex -14.8846 26.2625 -8.9747
      vertex -16.9966 26.2752 -7.51862
      vertex -15.4863 26.4657 -8.36504
    endloop
  endfacet
  facet normal 0.438224 0.774371 0.456409
    outer loop
      vertex -15.4863 26.4657 -8.36504
      vertex -15.7172 26.4896 -8.18389
      vertex -2.53564 7.66438 11.0997
    endloop
  endfacet
  facet normal 0.438275 0.774365 0.45637
    outer loop
      vertex -2.3048 7.64046 10.9186
      vertex -15.4863 26.4657 -8.36504
      vertex -2.53564 7.66438 11.0997
    endloop
  endfacet
  facet normal -0.439488 0.627369 -0.642852
    outer loop
      vertex -14.8846 26.2625 -8.9747
      vertex -15.4863 26.4657 -8.36504
      vertex -15.2693 26.4195 -8.55848
    endloop
  endfacet
  facet normal 0.582723 0.743682 0.327674
    outer loop
      vertex -15.068 26.3516 -8.76236
      vertex -15.2693 26.4195 -8.55848
      vertex -2.08771 7.59431 10.7251
    endloop
  endfacet
  facet normal 0.864387 0.4901 -0.112412
    outer loop
      vertex -1.10758 6.71163 9.19347
      vertex -14.2891 25.5368 -10.0902
      vertex -1.17956 6.88975 9.41656
    endloop
  endfacet
  facet normal 0.439328 -0.627542 0.642792
    outer loop
      vertex -1.10758 6.71163 9.19347
      vertex -1.17956 6.88975 9.41656
      vertex -1.06089 6.52023 8.9747
    endloop
  endfacet
  facet normal 0.836228 0.547097 -0.0375206
    outer loop
      vertex -14.3611 25.715 -9.86707
      vertex -14.4577 25.8781 -9.64181
      vertex -1.17956 6.88975 9.41656
    endloop
  endfacet
  facet normal 0.864402 0.490064 -0.112457
    outer loop
      vertex -14.2891 25.5368 -10.0902
      vertex -14.3611 25.715 -9.86707
      vertex -1.17956 6.88975 9.41656
    endloop
  endfacet
  facet normal -0.438166 0.627617 -0.643511
    outer loop
      vertex -14.3954 24.2571 -11.2668
      vertex -14.5012 24.0279 -11.4183
      vertex -14.3138 24.4854 -11.0997
    endloop
  endfacet
  facet normal -0.438782 0.627594 -0.643115
    outer loop
      vertex -14.3138 24.4854 -11.0997
      vertex -14.5012 24.0279 -11.4183
      vertex -14.2265 24.9303 -10.7251
    endloop
  endfacet
  facet normal 0.854486 0.0712161 -0.51457
    outer loop
      vertex -1.13228 5.66017 8.18389
      vertex -14.3954 24.2571 -11.2668
      vertex -14.3138 24.4854 -11.0997
    endloop
  endfacet
  facet normal -0.435582 0.626926 -0.645935
    outer loop
      vertex -14.6302 23.7999 -11.5526
      vertex -14.7813 23.5754 -11.6686
      vertex -14.5012 24.0279 -11.4183
    endloop
  endfacet
  facet normal -0.439337 0.627415 -0.64291
    outer loop
      vertex -15.8091 22.5777 -11.9399
      vertex -17.0981 21.9531 -11.6686
      vertex -14.7813 23.5754 -11.6686
    endloop
  endfacet
  facet normal -0.43941 0.62752 -0.642758
    outer loop
      vertex -14.7813 23.5754 -11.6686
      vertex -17.0981 21.9531 -11.6686
      vertex -14.2265 24.9303 -10.7251
    endloop
  endfacet
  facet normal 0.43948 -0.627428 0.6428
    outer loop
      vertex -5.92805 3.3363 9.19347
      vertex -6.19106 3.6114 9.64181
      vertex -6.07081 3.46486 9.41656
    endloop
  endfacet
  facet normal -0.439928 0.624661 -0.645183
    outer loop
      vertex -17.3608 21.8879 -11.5526
      vertex -17.6191 21.8447 -11.4183
      vertex -17.0981 21.9531 -11.6686
    endloop
  endfacet
  facet normal -0.191837 -0.764601 -0.615292
    outer loop
      vertex -5 3.84059 7.02028
      vertex -17.3608 21.8879 -11.5526
      vertex -5 4.23492 6.53026
    endloop
  endfacet
  facet normal -0.440662 0.624497 -0.644842
    outer loop
      vertex -17.8707 21.8236 -11.2668
      vertex -18.1131 21.8251 -11.0997
      vertex -17.6191 21.8447 -11.4183
    endloop
  endfacet
  facet normal -0.277068 -0.775344 -0.567516
    outer loop
      vertex -17.8707 21.8236 -11.2668
      vertex -5 3.82265 7.04258
      vertex -5 3.80673 7.06433
    endloop
  endfacet
  facet normal -0.276804 -0.77532 -0.567678
    outer loop
      vertex -5 3.82265 7.04258
      vertex -17.8707 21.8236 -11.2668
      vertex -17.6191 21.8447 -11.4183
    endloop
  endfacet
  facet normal -0.705018 -0.684326 -0.186137
    outer loop
      vertex -5.92805 3.3363 9.19347
      vertex -18.9457 22.0522 -10.3089
      vertex -5.76416 3.22696 8.9747
    endloop
  endfacet
  facet normal -0.704928 -0.684387 -0.186256
    outer loop
      vertex -5.92805 3.3363 9.19347
      vertex -19.1096 22.1615 -10.0902
      vertex -18.9457 22.0522 -10.3089
    endloop
  endfacet
  facet normal -0.437995 0.629745 -0.641546
    outer loop
      vertex -18.344 21.849 -10.9186
      vertex -18.561 21.8952 -10.7251
      vertex -18.1131 21.8251 -11.0997
    endloop
  endfacet
  facet normal -0.513329 -0.762614 -0.39359
    outer loop
      vertex -5.1624 3.02381 8.36504
      vertex -18.561 21.8952 -10.7251
      vertex -18.344 21.849 -10.9186
    endloop
  endfacet
  facet normal -0.439454 0.627717 -0.642535
    outer loop
      vertex -17.5205 26.0423 -7.38784
      vertex -18.2568 25.5607 -7.35475
      vertex -17.775 25.898 -7.35475
    endloop
  endfacet
  facet normal -0.244509 0.605 0.757753
    outer loop
      vertex -17.5205 26.0423 -7.38784
      vertex -17.775 25.898 -7.35475
      vertex -4.59346 7.07281 11.9289
    endloop
  endfacet
  facet normal -0.438988 0.627051 -0.643503
    outer loop
      vertex -17.775 25.898 -7.35475
      vertex -18.2568 25.5607 -7.35475
      vertex -18.0212 25.737 -7.34368
    endloop
  endfacet
  facet normal -0.328186 0.553963 0.765127
    outer loop
      vertex -17.775 25.898 -7.35475
      vertex -4.83966 6.91176 11.9399
      vertex -4.59346 7.07281 11.9289
    endloop
  endfacet
  facet normal -0.327954 0.554112 0.765119
    outer loop
      vertex -4.83966 6.91176 11.9399
      vertex -17.775 25.898 -7.35475
      vertex -18.0212 25.737 -7.34368
    endloop
  endfacet
  facet normal 0.439824 -0.628554 0.641462
    outer loop
      vertex -4.59346 7.07281 11.9289
      vertex -4.83966 6.91176 11.9399
      vertex -4.33898 7.2171 11.8958
    endloop
  endfacet
  facet normal -0.439591 0.627569 -0.642586
    outer loop
      vertex -18.2568 25.5607 -7.35475
      vertex -19.4349 24.0576 -8.01679
      vertex -18.8774 24.9582 -7.51862
    endloop
  endfacet
  facet normal -0.556655 0.371414 0.743093
    outer loop
      vertex -18.4794 25.3709 -7.38784
      vertex -18.687 25.1694 -7.44264
      vertex -5.5054 6.34424 11.841
    endloop
  endfacet
  facet normal -0.43712 0.627162 -0.644666
    outer loop
      vertex -19.049 24.7393 -7.61504
      vertex -19.3291 24.2868 -7.86533
      vertex -19.2001 24.5148 -7.73099
    endloop
  endfacet
  facet normal -0.737424 0.156659 0.657011
    outer loop
      vertex -5.8675 5.91409 11.6686
      vertex -19.2001 24.5148 -7.73099
      vertex -6.01855 5.68956 11.5526
    endloop
  endfacet
  facet normal -0.80009 -0.598703 -0.03756
    outer loop
      vertex -6.19106 3.6114 9.64181
      vertex -19.3726 22.4366 -9.64181
      vertex -19.2524 22.2901 -9.86707
    endloop
  endfacet
  facet normal -0.437608 0.628972 -0.642568
    outer loop
      vertex -19.2524 22.2901 -9.86707
      vertex -19.3726 22.4366 -9.64181
      vertex -19.1096 22.1615 -10.0902
    endloop
  endfacet
  facet normal 0.439369 -0.627516 0.642789
    outer loop
      vertex -5.92805 3.3363 9.19347
      vertex -6.28764 3.77452 9.86707
      vertex -6.19106 3.6114 9.64181
    endloop
  endfacet
  facet normal 0.439459 -0.627449 0.642794
    outer loop
      vertex -5.92805 3.3363 9.19347
      vertex -6.40631 4.14404 10.3089
      vertex -6.28764 3.77452 9.86707
    endloop
  endfacet
  facet normal 0.439301 -0.627541 0.642811
    outer loop
      vertex -6.14759 5.46158 11.4183
      vertex -6.33492 5.00409 11.0997
      vertex -5.92805 3.3363 9.19347
    endloop
  endfacet
  facet normal 0.441239 -0.627129 0.641886
    outer loop
      vertex -6.3914 4.77899 10.9186
      vertex -6.42228 4.55921 10.7251
      vertex -6.33492 5.00409 11.0997
    endloop
  endfacet
  facet normal 0.438363 -0.627729 0.643269
    outer loop
      vertex -6.42228 4.55921 10.7251
      vertex -6.42727 4.34688 10.5213
      vertex -6.33492 5.00409 11.0997
    endloop
  endfacet
  facet normal -0.892146 -0.221219 0.393876
    outer loop
      vertex -19.5729 23.6042 -8.36504
      vertex -19.6038 23.3844 -8.55848
      vertex -6.42228 4.55921 10.7251
    endloop
  endfacet
  facet normal -0.892163 -0.221335 0.393772
    outer loop
      vertex -6.3914 4.77899 10.9186
      vertex -19.5729 23.6042 -8.36504
      vertex -6.42228 4.55921 10.7251
    endloop
  endfacet
  facet normal 0.895479 0.36262 -0.258115
    outer loop
      vertex -14.2215 25.1426 -10.5213
      vertex -14.2424 25.3454 -10.3089
      vertex -1.06089 6.52023 8.9747
    endloop
  endfacet
  facet normal -0.442778 0.626338 -0.641598
    outer loop
      vertex -14.2265 24.9303 -10.7251
      vertex -14.2424 25.3454 -10.3089
      vertex -14.2215 25.1426 -10.5213
    endloop
  endfacet
  facet normal 0.191745 0.764586 0.615339
    outer loop
      vertex -16.2112 26.47 -7.86533
      vertex -3.28797 7.60153 11.5526
      vertex -3.0296 7.64482 11.4183
    endloop
  endfacet
  facet normal 0.191836 0.764601 0.615292
    outer loop
      vertex -3.28797 7.60153 11.5526
      vertex -16.2112 26.47 -7.86533
      vertex -16.4695 26.4267 -7.73099
    endloop
  endfacet
  facet normal 0.647074 0.717427 0.258059
    outer loop
      vertex -1.70303 7.43731 10.3089
      vertex -15.068 26.3516 -8.76236
      vertex -1.88648 7.52637 10.5213
    endloop
  endfacet
  facet normal 0.582827 0.743646 0.327571
    outer loop
      vertex -1.88648 7.52637 10.5213
      vertex -15.068 26.3516 -8.76236
      vertex -2.08771 7.59431 10.7251
    endloop
  endfacet
  facet normal 0.756174 0.644641 0.112425
    outer loop
      vertex -14.5779 26.0246 -9.41656
      vertex -14.7207 26.1532 -9.19347
      vertex -1.53915 7.32797 10.0902
    endloop
  endfacet
  facet normal -0.439209 0.627635 -0.642783
    outer loop
      vertex -14.2891 25.5368 -10.0902
      vertex -14.8846 26.2625 -8.9747
      vertex -14.5779 26.0246 -9.41656
    endloop
  endfacet
  facet normal 0.439401 -0.627513 0.64277
    outer loop
      vertex -1.21381 5.43191 8.01679
      vertex -1.45829 5 7.76226
      vertex -1.43566 5 7.74679
    endloop
  endfacet
  facet normal 0.43963 -0.627525 0.642602
    outer loop
      vertex -1.43566 5 7.74679
      vertex -1.31961 5.20269 7.86533
      vertex -1.21381 5.43191 8.01679
    endloop
  endfacet
  facet normal 0.43866 -0.627418 0.643369
    outer loop
      vertex -1.31961 5.20269 7.86533
      vertex -1.43566 5 7.74679
      vertex -1.43434 5 7.74589
    endloop
  endfacet
  facet normal 0.439387 -0.627508 0.642785
    outer loop
      vertex -1.21381 5.43191 8.01679
      vertex -1.83064 5 8.01679
      vertex -1.48115 5 7.77789
    endloop
  endfacet
  facet normal 0.439452 -0.627518 0.64273
    outer loop
      vertex -1.21381 5.43191 8.01679
      vertex -1.48115 5 7.77789
      vertex -1.45829 5 7.76226
    endloop
  endfacet
  facet normal -0.439472 0.62797 -0.642275
    outer loop
      vertex -16.3098 22.2724 -11.8958
      vertex -17.0981 21.9531 -11.6686
      vertex -15.8091 22.5777 -11.9399
    endloop
  endfacet
  facet normal 0.158601 -0.650128 -0.743088
    outer loop
      vertex -4.56415 5 5.72278
      vertex -16.3098 22.2724 -11.8958
      vertex -4.21552 5 5.79719
    endloop
  endfacet
  facet normal 0.158725 -0.650069 -0.743113
    outer loop
      vertex -16.3098 22.2724 -11.8958
      vertex -4.56415 5 5.72278
      vertex -16.5701 22.1462 -11.841
    endloop
  endfacet
  facet normal -0.192118 -0.764647 -0.615147
    outer loop
      vertex -17.6191 21.8447 -11.4183
      vertex -5 3.84059 7.02028
      vertex -5 3.82265 7.04258
    endloop
  endfacet
  facet normal -0.191991 -0.764626 -0.615213
    outer loop
      vertex -5 3.84059 7.02028
      vertex -17.6191 21.8447 -11.4183
      vertex -17.3608 21.8879 -11.5526
    endloop
  endfacet
  facet normal -0.439473 0.627364 -0.642867
    outer loop
      vertex -18.561 21.8952 -10.7251
      vertex -18.9457 22.0522 -10.3089
      vertex -18.1131 21.8251 -11.0997
    endloop
  endfacet
  facet normal 0.439285 -0.627662 0.642705
    outer loop
      vertex -5 3.02299 8.25323
      vertex -5.37949 3.06996 8.55848
      vertex -5 3.0106 8.24113
    endloop
  endfacet
  facet normal 0.439351 -0.62755 0.642769
    outer loop
      vertex -5.37949 3.06996 8.55848
      vertex -5 3.02299 8.25323
      vertex -5.92805 3.3363 9.19347
    endloop
  endfacet
  facet normal -0.439622 0.628736 -0.641424
    outer loop
      vertex -16.9966 26.2752 -7.51862
      vertex -17.5205 26.0423 -7.38784
      vertex -17.2602 26.1684 -7.44264
    endloop
  endfacet
  facet normal -0.15853 0.650164 0.743071
    outer loop
      vertex -17.2602 26.1684 -7.44264
      vertex -17.5205 26.0423 -7.38784
      vertex -4.07867 7.34324 11.841
    endloop
  endfacet
  facet normal -0.43982 0.627791 -0.642213
    outer loop
      vertex -18.2568 25.5607 -7.35475
      vertex -18.687 25.1694 -7.44264
      vertex -18.4794 25.3709 -7.38784
    endloop
  endfacet
  facet normal -0.784064 0.0813088 0.615331
    outer loop
      vertex -6.01855 5.68956 11.5526
      vertex -19.3291 24.2868 -7.86533
      vertex -6.14759 5.46158 11.4183
    endloop
  endfacet
  facet normal -0.623226 0.302389 0.721214
    outer loop
      vertex -18.8774 24.9582 -7.51862
      vertex -5.5054 6.34424 11.841
      vertex -18.687 25.1694 -7.44264
    endloop
  endfacet
  facet normal -0.623135 0.302491 0.72125
    outer loop
      vertex -5.5054 6.34424 11.841
      vertex -18.8774 24.9582 -7.51862
      vertex -5.6959 6.13302 11.765
    endloop
  endfacet
  facet normal -0.439189 0.627488 -0.64294
    outer loop
      vertex -18.8774 24.9582 -7.51862
      vertex -19.3291 24.2868 -7.86533
      vertex -19.049 24.7393 -7.61504
    endloop
  endfacet
  facet normal 0.437459 -0.627209 0.64439
    outer loop
      vertex -6.01855 5.68956 11.5526
      vertex -6.14759 5.46158 11.4183
      vertex -5.8675 5.91409 11.6686
    endloop
  endfacet
  facet normal -0.800067 -0.598731 -0.0376024
    outer loop
      vertex -6.19106 3.6114 9.64181
      vertex -19.2524 22.2901 -9.86707
      vertex -6.07081 3.46486 9.41656
    endloop
  endfacet
  facet normal -0.756181 -0.644634 -0.112413
    outer loop
      vertex -6.07081 3.46486 9.41656
      vertex -19.2524 22.2901 -9.86707
      vertex -19.1096 22.1615 -10.0902
    endloop
  endfacet
  facet normal -0.884183 -0.428464 0.186117
    outer loop
      vertex -6.35962 3.95264 10.0902
      vertex -19.5879 22.9692 -8.9747
      vertex -19.5412 22.7778 -9.19347
    endloop
  endfacet
  facet normal -0.884194 -0.428417 0.186172
    outer loop
      vertex -19.5879 22.9692 -8.9747
      vertex -6.35962 3.95264 10.0902
      vertex -6.40631 4.14404 10.3089
    endloop
  endfacet
  facet normal -0.89547 -0.362711 0.258019
    outer loop
      vertex -6.42727 4.34688 10.5213
      vertex -19.6088 23.1721 -8.76236
      vertex -6.40631 4.14404 10.3089
    endloop
  endfacet
  facet normal 0.441462 -0.626394 0.64245
    outer loop
      vertex -6.28764 3.77452 9.86707
      vertex -6.40631 4.14404 10.3089
      vertex -6.35962 3.95264 10.0902
    endloop
  endfacet
  facet normal -0.864364 -0.490157 0.112343
    outer loop
      vertex -6.28764 3.77452 9.86707
      vertex -19.5412 22.7778 -9.19347
      vertex -19.4692 22.5997 -9.41656
    endloop
  endfacet
  facet normal -0.864383 -0.490111 0.112402
    outer loop
      vertex -19.5412 22.7778 -9.19347
      vertex -6.28764 3.77452 9.86707
      vertex -6.35962 3.95264 10.0902
    endloop
  endfacet
  facet normal -0.439459 0.627022 -0.64321
    outer loop
      vertex -16.2112 26.47 -7.86533
      vertex -16.9966 26.2752 -7.51862
      vertex -16.7322 26.3616 -7.61504
    endloop
  endfacet
  facet normal 0.0168958 0.721207 0.692513
    outer loop
      vertex -16.7322 26.3616 -7.61504
      vertex -3.81504 7.45001 11.765
      vertex -3.55062 7.53638 11.6686
    endloop
  endfacet
  facet normal 0.016873 0.7212 0.692521
    outer loop
      vertex -3.81504 7.45001 11.765
      vertex -16.7322 26.3616 -7.61504
      vertex -16.9966 26.2752 -7.51862
    endloop
  endfacet
  facet normal 0.104995 0.746531 0.657014
    outer loop
      vertex -3.28797 7.60153 11.5526
      vertex -16.7322 26.3616 -7.61504
      vertex -3.55062 7.53638 11.6686
    endloop
  endfacet
  facet normal 0.439586 -0.626931 0.643212
    outer loop
      vertex -3.28797 7.60153 11.5526
      vertex -3.55062 7.53638 11.6686
      vertex -2.53564 7.66438 11.0997
    endloop
  endfacet
  facet normal -0.440959 0.626041 -0.643139
    outer loop
      vertex -14.5779 26.0246 -9.41656
      vertex -14.8846 26.2625 -8.9747
      vertex -14.7207 26.1532 -9.19347
    endloop
  endfacet
  facet normal 0.704953 0.68437 0.186223
    outer loop
      vertex -14.7207 26.1532 -9.19347
      vertex -14.8846 26.2625 -8.9747
      vertex -1.53915 7.32797 10.0902
    endloop
  endfacet
  facet normal 0.73736 -0.156755 -0.65706
    outer loop
      vertex -1.77059 5 7.36367
      vertex -14.6302 23.7999 -11.5526
      vertex -1.46636 5 7.70508
    endloop
  endfacet
  facet normal 0.439383 -0.627512 0.642784
    outer loop
      vertex -5.8675 5.91409 11.6686
      vertex -6.14759 5.46158 11.4183
      vertex -1.21381 5.43191 8.01679
    endloop
  endfacet
  facet normal 0.439385 -0.627505 0.64279
    outer loop
      vertex -1.21381 5.43191 8.01679
      vertex -3.26901 5 9
      vertex -1.83064 5 8.01679
    endloop
  endfacet
  facet normal 0.439391 -0.627504 0.642786
    outer loop
      vertex -5 3.78795 9
      vertex -6.14759 5.46158 11.4183
      vertex -5 3.52339 8.74173
    endloop
  endfacet
  facet normal 0.439385 -0.627508 0.642786
    outer loop
      vertex -3.26901 5 9
      vertex -6.14759 5.46158 11.4183
      vertex -5 3.78795 9
    endloop
  endfacet
  facet normal 0.439383 -0.627511 0.642785
    outer loop
      vertex -6.14759 5.46158 11.4183
      vertex -3.26901 5 9
      vertex -1.21381 5.43191 8.01679
    endloop
  endfacet
  facet normal -0.439523 0.627552 -0.642649
    outer loop
      vertex -15.3509 22.9438 -11.8958
      vertex -15.5735 22.754 -11.9289
      vertex -14.7813 23.5754 -11.6686
    endloop
  endfacet
  facet normal 0.32786 -0.554173 -0.765114
    outer loop
      vertex -3.52503 5 6.05553
      vertex -15.8091 22.5777 -11.9399
      vertex -3.50104 5 6.06581
    endloop
  endfacet
  facet normal 0.328106 -0.554013 -0.765125
    outer loop
      vertex -15.8091 22.5777 -11.9399
      vertex -3.52503 5 6.05553
      vertex -16.0553 22.4167 -11.9289
    endloop
  endfacet
  facet normal -0.438894 0.627247 -0.643377
    outer loop
      vertex -15.1434 23.1452 -11.841
      vertex -15.3509 22.9438 -11.8958
      vertex -14.7813 23.5754 -11.6686
    endloop
  endfacet
  facet normal 0.623074 -0.302556 -0.721276
    outer loop
      vertex -2.10805 5 7.03109
      vertex -14.9529 23.3565 -11.765
      vertex -2.09953 5 7.03845
    endloop
  endfacet
  facet normal 0.623187 -0.302431 -0.721231
    outer loop
      vertex -14.9529 23.3565 -11.765
      vertex -2.10805 5 7.03109
      vertex -15.1434 23.1452 -11.841
    endloop
  endfacet
  facet normal -0.104885 -0.746504 -0.657062
    outer loop
      vertex -17.3608 21.8879 -11.5526
      vertex -5 4.67518 6.03007
      vertex -5 4.23492 6.53026
    endloop
  endfacet
  facet normal -0.104866 -0.746499 -0.65707
    outer loop
      vertex -5 4.67518 6.03007
      vertex -17.3608 21.8879 -11.5526
      vertex -17.0981 21.9531 -11.6686
    endloop
  endfacet
  facet normal -0.356732 -0.778607 -0.51625
    outer loop
      vertex -18.1131 21.8251 -11.0997
      vertex -5 3.09946 8.08101
      vertex -5 3.09763 8.08377
    endloop
  endfacet
  facet normal -0.359422 -0.778594 -0.514399
    outer loop
      vertex -5 3.09946 8.08101
      vertex -18.1131 21.8251 -11.0997
      vertex -17.8707 21.8236 -11.2668
    endloop
  endfacet
  facet normal -0.359366 -0.778595 -0.514437
    outer loop
      vertex -5 3.09946 8.08101
      vertex -17.8707 21.8236 -11.2668
      vertex -5 3.44233 7.56208
    endloop
  endfacet
  facet normal -0.513061 -0.762669 -0.393833
    outer loop
      vertex -5.37949 3.06996 8.55848
      vertex -18.561 21.8952 -10.7251
      vertex -5.1624 3.02381 8.36504
    endloop
  endfacet
  facet normal -0.582871 -0.743631 -0.327528
    outer loop
      vertex -5.58072 3.13789 8.76236
      vertex -18.561 21.8952 -10.7251
      vertex -5.37949 3.06996 8.55848
    endloop
  endfacet
  facet normal 0.438719 -0.627228 0.643515
    outer loop
      vertex -5.6959 6.13302 11.765
      vertex -5.8675 5.91409 11.6686
      vertex -5.5054 6.34424 11.841
    endloop
  endfacet
  facet normal 0.439362 -0.627491 0.642819
    outer loop
      vertex -5.5054 6.34424 11.841
      vertex -5.8675 5.91409 11.6686
      vertex -5.29784 6.54571 11.8958
    endloop
  endfacet
  facet normal -0.823289 0.0049522 0.567601
    outer loop
      vertex -19.4349 24.0576 -8.01679
      vertex -6.14759 5.46158 11.4183
      vertex -19.3291 24.2868 -7.86533
    endloop
  endfacet
  facet normal -0.823316 0.00489142 0.567562
    outer loop
      vertex -6.14759 5.46158 11.4183
      vertex -19.4349 24.0576 -8.01679
      vertex -6.25339 5.23236 11.2668
    endloop
  endfacet
  facet normal -0.438029 0.628019 -0.643213
    outer loop
      vertex -19.5879 22.9692 -8.9747
      vertex -19.6088 23.1721 -8.76236
      vertex -19.6038 23.3844 -8.55848
    endloop
  endfacet
  facet normal -0.439212 0.627587 -0.642828
    outer loop
      vertex -19.5879 22.9692 -8.9747
      vertex -19.6038 23.3844 -8.55848
      vertex -19.5412 22.7778 -9.19347
    endloop
  endfacet
  facet normal 0.439082 -0.62834 0.642181
    outer loop
      vertex -3.0296 7.64482 11.4183
      vertex -3.28797 7.60153 11.5526
      vertex -2.53564 7.66438 11.0997
    endloop
  endfacet
  facet normal 0.359333 0.778596 0.514459
    outer loop
      vertex -2.53564 7.66438 11.0997
      vertex -15.9596 26.491 -8.01679
      vertex -2.77802 7.66583 11.2668
    endloop
  endfacet
  facet normal 0.359205 0.778596 0.514549
    outer loop
      vertex -15.9596 26.491 -8.01679
      vertex -2.53564 7.66438 11.0997
      vertex -15.7172 26.4896 -8.18389
    endloop
  endfacet
  facet normal -0.439344 0.626731 -0.643572
    outer loop
      vertex -16.5701 22.1462 -11.841
      vertex -17.0981 21.9531 -11.6686
      vertex -16.3098 22.2724 -11.8958
    endloop
  endfacet
  facet normal -0.440061 0.629163 -0.640703
    outer loop
      vertex -16.0553 22.4167 -11.9289
      vertex -16.3098 22.2724 -11.8958
      vertex -15.8091 22.5777 -11.9399
    endloop
  endfacet
  facet normal -0.440317 0.627827 -0.641837
    outer loop
      vertex -14.9529 23.3565 -11.765
      vertex -15.1434 23.1452 -11.841
      vertex -14.7813 23.5754 -11.6686
    endloop
  endfacet
  facet normal 0.683171 -0.231192 -0.692696
    outer loop
      vertex -2.09953 5 7.03845
      vertex -14.7813 23.5754 -11.6686
      vertex -2.09153 5 7.04634
    endloop
  endfacet
  facet normal 0.683474 -0.230812 -0.692524
    outer loop
      vertex -14.7813 23.5754 -11.6686
      vertex -2.09953 5 7.03845
      vertex -14.9529 23.3565 -11.765
    endloop
  endfacet
  facet normal 0.408452 -0.497753 -0.76512
    outer loop
      vertex -3.47747 5 6.07839
      vertex -15.5735 22.754 -11.9289
      vertex -3.14207 5 6.25744
    endloop
  endfacet
  facet normal 0.556689 -0.371381 -0.743084
    outer loop
      vertex -2.78655 5 6.48493
      vertex -15.1434 23.1452 -11.841
      vertex -2.43792 5 6.74611
    endloop
  endfacet
  facet normal 0.556699 -0.371371 -0.743081
    outer loop
      vertex -15.1434 23.1452 -11.841
      vertex -2.78655 5 6.48493
      vertex -15.3509 22.9438 -11.8958
    endloop
  endfacet
  facet normal 0.623109 -0.302519 -0.721261
    outer loop
      vertex -2.43792 5 6.74611
      vertex -15.1434 23.1452 -11.841
      vertex -2.10805 5 7.03109
    endloop
  endfacet
  facet normal -0.683502 0.230779 0.692507
    outer loop
      vertex -18.8774 24.9582 -7.51862
      vertex -19.049 24.7393 -7.61504
      vertex -5.6959 6.13302 11.765
    endloop
  endfacet
  facet normal -0.683489 0.230796 0.692514
    outer loop
      vertex -5.6959 6.13302 11.765
      vertex -19.049 24.7393 -7.61504
      vertex -5.8675 5.91409 11.6686
    endloop
  endfacet
  facet normal 0.439689 -0.626859 0.643212
    outer loop
      vertex -2.77802 7.66583 11.2668
      vertex -3.0296 7.64482 11.4183
      vertex -2.53564 7.66438 11.0997
    endloop
  endfacet
  facet normal 0.0711775 -0.688992 -0.721265
    outer loop
      vertex -4.90255 5 5.68939
      vertex -16.5701 22.1462 -11.841
      vertex -4.87063 5 5.69254
    endloop
  endfacet
  facet normal 0.0709845 -0.689068 -0.721211
    outer loop
      vertex -16.5701 22.1462 -11.841
      vertex -4.90255 5 5.68939
      vertex -16.8337 22.0395 -11.765
    endloop
  endfacet
  facet normal 0.328063 -0.554042 -0.765123
    outer loop
      vertex -3.86001 5 5.9119
      vertex -16.0553 22.4167 -11.9289
      vertex -3.52503 5 6.05553
    endloop
  endfacet
  facet normal 0.40837 -0.497813 -0.765125
    outer loop
      vertex -3.50104 5 6.06581
      vertex -15.5735 22.754 -11.9289
      vertex -3.47747 5 6.07839
    endloop
  endfacet
  facet normal 0.408285 -0.497876 -0.76513
    outer loop
      vertex -15.5735 22.754 -11.9289
      vertex -3.50104 5 6.06581
      vertex -15.8091 22.5777 -11.9399
    endloop
  endfacet
  facet normal -0.439661 0.627631 -0.642477
    outer loop
      vertex -15.5735 22.754 -11.9289
      vertex -15.8091 22.5777 -11.9399
      vertex -14.7813 23.5754 -11.6686
    endloop
  endfacet
  facet normal -0.836258 0.547046 0.0375937
    outer loop
      vertex -6.19106 -3.6114 9.64181
      vertex -19.4692 -22.5997 -9.41656
      vertex -6.28764 -3.77452 9.86707
    endloop
  endfacet
  facet normal 0.438363 0.627729 0.643269
    outer loop
      vertex -6.33492 -5.00409 11.0997
      vertex -6.42727 -4.34688 10.5213
      vertex -6.42228 -4.55921 10.7251
    endloop
  endfacet
  facet normal -0.836228 0.547097 0.0375222
    outer loop
      vertex -19.3726 -22.4366 -9.64181
      vertex -19.4692 -22.5997 -9.41656
      vertex -6.19106 -3.6114 9.64181
    endloop
  endfacet
  facet normal 0.439383 0.627512 0.642784
    outer loop
      vertex -1.21381 -5.43191 8.01679
      vertex -6.14759 -5.46158 11.4183
      vertex -5.8675 -5.91409 11.6686
    endloop
  endfacet
  facet normal 0.439636 0.627062 0.64305
    outer loop
      vertex -5.1624 -3.02381 8.36504
      vertex -5 -3.0106 8.24113
      vertex -5 -3.00698 8.2376
    endloop
  endfacet
  facet normal 0.43949 0.627331 0.642888
    outer loop
      vertex -5 -3.0106 8.24113
      vertex -5.1624 -3.02381 8.36504
      vertex -5.37949 -3.06996 8.55848
    endloop
  endfacet
  facet normal -0.737296 -0.156853 0.657109
    outer loop
      vertex -5.8675 -5.91409 11.6686
      vertex -19.2001 -24.5148 -7.73099
      vertex -19.049 -24.7393 -7.61504
    endloop
  endfacet
  facet normal 0.864402 -0.490064 -0.112457
    outer loop
      vertex -1.17956 -6.88975 9.41656
      vertex -14.3611 -25.715 -9.86707
      vertex -14.2891 -25.5368 -10.0902
    endloop
  endfacet
  facet normal -0.439349 -0.627522 -0.642797
    outer loop
      vertex -14.2265 -24.9303 -10.7251
      vertex -14.7813 -23.5754 -11.6686
      vertex -14.5012 -24.0279 -11.4183
    endloop
  endfacet
  facet normal 0.439368 0.627514 0.642792
    outer loop
      vertex -1.04492 -6.10505 8.55848
      vertex -1.39639 -7.19941 9.86707
      vertex -1.17956 -6.88975 9.41656
    endloop
  endfacet
  facet normal -0.4083 -0.497865 0.765128
    outer loop
      vertex -5.07521 -6.73549 11.9289
      vertex -18.2568 -25.5607 -7.35475
      vertex -4.83966 -6.91176 11.9399
    endloop
  endfacet
  facet normal 0.439387 0.627508 0.642785
    outer loop
      vertex -1.48115 -5 7.77789
      vertex -1.83064 -5 8.01679
      vertex -1.21381 -5.43191 8.01679
    endloop
  endfacet
  facet normal -0.864364 0.490157 0.112343
    outer loop
      vertex -19.5412 -22.7778 -9.19347
      vertex -6.28764 -3.77452 9.86707
      vertex -19.4692 -22.5997 -9.41656
    endloop
  endfacet
  facet normal -0.864383 0.490111 0.112402
    outer loop
      vertex -6.28764 -3.77452 9.86707
      vertex -19.5412 -22.7778 -9.19347
      vertex -6.35962 -3.95264 10.0902
    endloop
  endfacet
  facet normal -0.439402 -0.627515 -0.642768
    outer loop
      vertex -14.2265 -24.9303 -10.7251
      vertex -18.1131 -21.8251 -11.0997
      vertex -17.0981 -21.9531 -11.6686
    endloop
  endfacet
  facet normal 0.439318 0.62755 0.642792
    outer loop
      vertex -1.17956 -6.88975 9.41656
      vertex -1.39639 -7.19941 9.86707
      vertex -1.27614 -7.05286 9.64181
    endloop
  endfacet
  facet normal 0.438275 -0.774365 0.45637
    outer loop
      vertex -2.53564 -7.66438 11.0997
      vertex -15.4863 -26.4657 -8.36504
      vertex -2.3048 -7.64046 10.9186
    endloop
  endfacet
  facet normal -0.439392 -0.627491 -0.642798
    outer loop
      vertex -15.4863 -26.4657 -8.36504
      vertex -16.9966 -26.2752 -7.51862
      vertex -14.8846 -26.2625 -8.9747
    endloop
  endfacet
  facet normal 0.4382 0.627584 0.64352
    outer loop
      vertex -6.14759 -5.46158 11.4183
      vertex -6.33492 -5.00409 11.0997
      vertex -6.25339 -5.23236 11.2668
    endloop
  endfacet
  facet normal -0.439155 -0.62765 -0.642806
    outer loop
      vertex -19.3726 -22.4366 -9.64181
      vertex -19.5412 -22.7778 -9.19347
      vertex -19.4692 -22.5997 -9.41656
    endloop
  endfacet
  facet normal -0.439368 -0.627518 -0.642788
    outer loop
      vertex -19.4349 -24.0576 -8.01679
      vertex -19.5165 -23.8293 -8.18389
      vertex -19.1096 -22.1615 -10.0902
    endloop
  endfacet
  facet normal -0.784064 -0.0813088 0.615331
    outer loop
      vertex -6.14759 -5.46158 11.4183
      vertex -19.3291 -24.2868 -7.86533
      vertex -6.01855 -5.68956 11.5526
    endloop
  endfacet
  facet normal -0.276908 0.77533 -0.567614
    outer loop
      vertex -5 -3.80673 7.06433
      vertex -17.8707 -21.8236 -11.2668
      vertex -5 -3.44233 7.56208
    endloop
  endfacet
  facet normal -0.440051 -0.627322 -0.642513
    outer loop
      vertex -19.5729 -23.6042 -8.36504
      vertex -19.6038 -23.3844 -8.55848
      vertex -19.5165 -23.8293 -8.18389
    endloop
  endfacet
  facet normal -0.439454 -0.627717 -0.642535
    outer loop
      vertex -17.775 -25.898 -7.35475
      vertex -18.2568 -25.5607 -7.35475
      vertex -17.5205 -26.0423 -7.38784
    endloop
  endfacet
  facet normal -0.704928 0.684387 -0.186256
    outer loop
      vertex -18.9457 -22.0522 -10.3089
      vertex -19.1096 -22.1615 -10.0902
      vertex -5.92805 -3.3363 9.19347
    endloop
  endfacet
  facet normal 0.823288 0.00495056 -0.567603
    outer loop
      vertex -1.21381 -5.43191 8.01679
      vertex -14.5012 -24.0279 -11.4183
      vertex -1.31961 -5.20269 7.86533
    endloop
  endfacet
  facet normal 0.276962 -0.775335 0.567581
    outer loop
      vertex -15.9596 -26.491 -8.01679
      vertex -3.0296 -7.64482 11.4183
      vertex -16.2112 -26.47 -7.86533
    endloop
  endfacet
  facet normal 0.277022 -0.775339 0.567545
    outer loop
      vertex -3.0296 -7.64482 11.4183
      vertex -15.9596 -26.491 -8.01679
      vertex -2.77802 -7.66583 11.2668
    endloop
  endfacet
  facet normal -0.439445 -0.627702 -0.642556
    outer loop
      vertex -17.5205 -26.0423 -7.38784
      vertex -18.2568 -25.5607 -7.35475
      vertex -16.9966 -26.2752 -7.51862
    endloop
  endfacet
  facet normal -0.439523 -0.627552 -0.642649
    outer loop
      vertex -14.7813 -23.5754 -11.6686
      vertex -15.5735 -22.754 -11.9289
      vertex -15.3509 -22.9438 -11.8958
    endloop
  endfacet
  facet normal 0.705006 -0.684335 0.186151
    outer loop
      vertex -1.70303 -7.43731 10.3089
      vertex -14.8846 -26.2625 -8.9747
      vertex -1.53915 -7.32797 10.0902
    endloop
  endfacet
  facet normal -0.439338 -0.627531 -0.642796
    outer loop
      vertex -18.1131 -21.8251 -11.0997
      vertex -19.4349 -24.0576 -8.01679
      vertex -19.1096 -22.1615 -10.0902
    endloop
  endfacet
  facet normal -0.43982 -0.627791 -0.642213
    outer loop
      vertex -18.4794 -25.3709 -7.38784
      vertex -18.687 -25.1694 -7.44264
      vertex -18.2568 -25.5607 -7.35475
    endloop
  endfacet
  facet normal -0.439189 -0.627488 -0.64294
    outer loop
      vertex -19.049 -24.7393 -7.61504
      vertex -19.3291 -24.2868 -7.86533
      vertex -18.8774 -24.9582 -7.51862
    endloop
  endfacet
  facet normal -0.439627 -0.627362 -0.642764
    outer loop
      vertex -19.1096 -22.1615 -10.0902
      vertex -19.5412 -22.7778 -9.19347
      vertex -19.3726 -22.4366 -9.64181
    endloop
  endfacet
  facet normal -0.439387 -0.6275 -0.642793
    outer loop
      vertex -14.2265 -24.9303 -10.7251
      vertex -19.4349 -24.0576 -8.01679
      vertex -18.1131 -21.8251 -11.0997
    endloop
  endfacet
  facet normal 0.88419 -0.428434 -0.186148
    outer loop
      vertex -1.06089 -6.52023 8.9747
      vertex -14.2891 -25.5368 -10.0902
      vertex -14.2424 -25.3454 -10.3089
    endloop
  endfacet
  facet normal 0.43948 0.627428 0.6428
    outer loop
      vertex -6.07081 -3.46486 9.41656
      vertex -6.19106 -3.6114 9.64181
      vertex -5.92805 -3.3363 9.19347
    endloop
  endfacet
  facet normal -0.0711253 -0.689012 0.721251
    outer loop
      vertex -4.07867 -7.34324 11.841
      vertex -16.9966 -26.2752 -7.51862
      vertex -3.81504 -7.45001 11.765
    endloop
  endfacet
  facet normal -0.756181 0.644634 -0.112413
    outer loop
      vertex -5.92805 -3.3363 9.19347
      vertex -19.1096 -22.1615 -10.0902
      vertex -6.07081 -3.46486 9.41656
    endloop
  endfacet
  facet normal 0.439369 0.627516 0.642789
    outer loop
      vertex -6.19106 -3.6114 9.64181
      vertex -6.28764 -3.77452 9.86707
      vertex -5.92805 -3.3363 9.19347
    endloop
  endfacet
  facet normal -0.705018 0.684326 -0.186137
    outer loop
      vertex -5.76416 -3.22696 8.9747
      vertex -18.9457 -22.0522 -10.3089
      vertex -5.92805 -3.3363 9.19347
    endloop
  endfacet
  facet normal -0.647202 0.717365 -0.257908
    outer loop
      vertex -18.7623 -21.9631 -10.5213
      vertex -18.9457 -22.0522 -10.3089
      vertex -5.58072 -3.13789 8.76236
    endloop
  endfacet
  facet normal -0.439472 -0.62797 -0.642275
    outer loop
      vertex -15.8091 -22.5777 -11.9399
      vertex -17.0981 -21.9531 -11.6686
      vertex -16.3098 -22.2724 -11.8958
    endloop
  endfacet
  facet normal -0.104885 0.746504 -0.657062
    outer loop
      vertex -5 -4.67518 6.03007
      vertex -17.3608 -21.8879 -11.5526
      vertex -5 -4.23492 6.53026
    endloop
  endfacet
  facet normal -0.104866 0.746499 -0.65707
    outer loop
      vertex -17.3608 -21.8879 -11.5526
      vertex -5 -4.67518 6.03007
      vertex -17.0981 -21.9531 -11.6686
    endloop
  endfacet
  facet normal -0.439488 -0.627369 -0.642852
    outer loop
      vertex -15.2693 -26.4195 -8.55848
      vertex -15.4863 -26.4657 -8.36504
      vertex -14.8846 -26.2625 -8.9747
    endloop
  endfacet
  facet normal 0.439382 0.627507 0.64279
    outer loop
      vertex -1.21381 -5.43191 8.01679
      vertex -1.39639 -7.19941 9.86707
      vertex -1.04492 -6.10505 8.55848
    endloop
  endfacet
  facet normal -0.439209 -0.627635 -0.642783
    outer loop
      vertex -14.5779 -26.0246 -9.41656
      vertex -14.8846 -26.2625 -8.9747
      vertex -14.2891 -25.5368 -10.0902
    endloop
  endfacet
  facet normal 0.513271 -0.762626 0.393643
    outer loop
      vertex -2.08771 -7.59431 10.7251
      vertex -15.4863 -26.4657 -8.36504
      vertex -15.2693 -26.4195 -8.55848
    endloop
  endfacet
  facet normal -0.439379 -0.627498 -0.6428
    outer loop
      vertex -15.068 -26.3516 -8.76236
      vertex -15.2693 -26.4195 -8.55848
      vertex -14.8846 -26.2625 -8.9747
    endloop
  endfacet
  facet normal -0.43936 -0.627491 -0.64282
    outer loop
      vertex -18.2568 -25.5607 -7.35475
      vertex -19.4349 -24.0576 -8.01679
      vertex -16.9966 -26.2752 -7.51862
    endloop
  endfacet
  facet normal -0.439387 -0.627502 -0.642791
    outer loop
      vertex -14.8846 -26.2625 -8.9747
      vertex -16.9966 -26.2752 -7.51862
      vertex -14.2891 -25.5368 -10.0902
    endloop
  endfacet
  facet normal 0.439586 0.626931 0.643212
    outer loop
      vertex -2.53564 -7.66438 11.0997
      vertex -3.55062 -7.53638 11.6686
      vertex -3.28797 -7.60153 11.5526
    endloop
  endfacet
  facet normal 0.895479 -0.36262 -0.258115
    outer loop
      vertex -1.06089 -6.52023 8.9747
      vertex -14.2424 -25.3454 -10.3089
      vertex -14.2215 -25.1426 -10.5213
    endloop
  endfacet
  facet normal 0.438719 0.627228 0.643515
    outer loop
      vertex -5.5054 -6.34424 11.841
      vertex -5.8675 -5.91409 11.6686
      vertex -5.6959 -6.13302 11.765
    endloop
  endfacet
  facet normal 0.440129 0.627291 0.64249
    outer loop
      vertex -6.40631 -4.14404 10.3089
      vertex -6.42727 -4.34688 10.5213
      vertex -6.33492 -5.00409 11.0997
    endloop
  endfacet
  facet normal -0.892146 0.221219 0.393876
    outer loop
      vertex -6.42228 -4.55921 10.7251
      vertex -19.6038 -23.3844 -8.55848
      vertex -19.5729 -23.6042 -8.36504
    endloop
  endfacet
  facet normal 0.441462 0.626394 0.64245
    outer loop
      vertex -6.35962 -3.95264 10.0902
      vertex -6.40631 -4.14404 10.3089
      vertex -6.28764 -3.77452 9.86707
    endloop
  endfacet
  facet normal -0.439317 -0.627793 -0.642555
    outer loop
      vertex -17.0981 -21.9531 -11.6686
      vertex -18.1131 -21.8251 -11.0997
      vertex -17.6191 -21.8447 -11.4183
    endloop
  endfacet
  facet normal -0.877621 0.147225 0.456186
    outer loop
      vertex -6.33492 -5.00409 11.0997
      vertex -19.5729 -23.6042 -8.36504
      vertex -19.5165 -23.8293 -8.18389
    endloop
  endfacet
  facet normal 0.892153 -0.22128 -0.393824
    outer loop
      vertex -14.2265 -24.9303 -10.7251
      vertex -14.2574 -24.7105 -10.9186
      vertex -1.04492 -6.10505 8.55848
    endloop
  endfacet
  facet normal 0.864387 -0.4901 -0.112412
    outer loop
      vertex -1.17956 -6.88975 9.41656
      vertex -14.2891 -25.5368 -10.0902
      vertex -1.10758 -6.71163 9.19347
    endloop
  endfacet
  facet normal 0.439448 0.627496 0.642755
    outer loop
      vertex -1.0758 -5.88528 8.36504
      vertex -1.21381 -5.43191 8.01679
      vertex -1.04492 -6.10505 8.55848
    endloop
  endfacet
  facet normal 0.439391 0.627503 0.642787
    outer loop
      vertex -1.21381 -5.43191 8.01679
      vertex -3.55062 -7.53638 11.6686
      vertex -1.39639 -7.19941 9.86707
    endloop
  endfacet
  facet normal -0.437608 -0.628972 -0.642568
    outer loop
      vertex -19.1096 -22.1615 -10.0902
      vertex -19.3726 -22.4366 -9.64181
      vertex -19.2524 -22.2901 -9.86707
    endloop
  endfacet
  facet normal -0.80009 0.598703 -0.03756
    outer loop
      vertex -19.2524 -22.2901 -9.86707
      vertex -19.3726 -22.4366 -9.64181
      vertex -6.19106 -3.6114 9.64181
    endloop
  endfacet
  facet normal -0.64707 0.717429 -0.258063
    outer loop
      vertex -5.58072 -3.13789 8.76236
      vertex -18.9457 -22.0522 -10.3089
      vertex -5.76416 -3.22696 8.9747
    endloop
  endfacet
  facet normal -0.438337 0.77436 -0.45632
    outer loop
      vertex -5 -3.09763 8.08377
      vertex -5.1624 -3.02381 8.36504
      vertex -5 -3.00698 8.2376
    endloop
  endfacet
  facet normal -0.438338 0.774359 -0.45632
    outer loop
      vertex -5.1624 -3.02381 8.36504
      vertex -5 -3.09763 8.08377
      vertex -18.1131 -21.8251 -11.0997
    endloop
  endfacet
  facet normal -0.439661 -0.627631 -0.642477
    outer loop
      vertex -14.7813 -23.5754 -11.6686
      vertex -15.8091 -22.5777 -11.9399
      vertex -15.5735 -22.754 -11.9289
    endloop
  endfacet
  facet normal 0.756189 -0.644627 0.112402
    outer loop
      vertex -1.53915 -7.32797 10.0902
      vertex -14.5779 -26.0246 -9.41656
      vertex -1.39639 -7.19941 9.86707
    endloop
  endfacet
  facet normal -0.440959 -0.626041 -0.643139
    outer loop
      vertex -14.7207 -26.1532 -9.19347
      vertex -14.8846 -26.2625 -8.9747
      vertex -14.5779 -26.0246 -9.41656
    endloop
  endfacet
  facet normal 0.439376 0.627441 0.642857
    outer loop
      vertex -3.55062 -7.53638 11.6686
      vertex -4.33898 -7.2171 11.8958
      vertex -4.07867 -7.34324 11.841
    endloop
  endfacet
  facet normal 0.439689 0.626859 0.643212
    outer loop
      vertex -2.53564 -7.66438 11.0997
      vertex -3.0296 -7.64482 11.4183
      vertex -2.77802 -7.66583 11.2668
    endloop
  endfacet
  facet normal -0.439382 -0.627509 -0.642788
    outer loop
      vertex -16.9966 -26.2752 -7.51862
      vertex -19.4349 -24.0576 -8.01679
      vertex -14.2891 -25.5368 -10.0902
    endloop
  endfacet
  facet normal 0.437684 0.629031 0.642459
    outer loop
      vertex -1.39639 -7.19941 9.86707
      vertex -1.70303 -7.43731 10.3089
      vertex -1.53915 -7.32797 10.0902
    endloop
  endfacet
  facet normal 0.438224 -0.774371 0.456409
    outer loop
      vertex -2.53564 -7.66438 11.0997
      vertex -15.7172 -26.4896 -8.18389
      vertex -15.4863 -26.4657 -8.36504
    endloop
  endfacet
  facet normal 0.43751 0.629706 0.641915
    outer loop
      vertex -1.70303 -7.43731 10.3089
      vertex -2.08771 -7.59431 10.7251
      vertex -1.88648 -7.52637 10.5213
    endloop
  endfacet
  facet normal 0.582723 -0.743682 0.327674
    outer loop
      vertex -2.08771 -7.59431 10.7251
      vertex -15.2693 -26.4195 -8.55848
      vertex -15.068 -26.3516 -8.76236
    endloop
  endfacet
  facet normal -0.15853 -0.650164 0.743071
    outer loop
      vertex -4.07867 -7.34324 11.841
      vertex -17.5205 -26.0423 -7.38784
      vertex -17.2602 -26.1684 -7.44264
    endloop
  endfacet
  facet normal -0.438988 -0.627051 -0.643503
    outer loop
      vertex -18.0212 -25.737 -7.34368
      vertex -18.2568 -25.5607 -7.35475
      vertex -17.775 -25.898 -7.35475
    endloop
  endfacet
  facet normal 0.438904 0.626691 0.643912
    outer loop
      vertex -4.33898 -7.2171 11.8958
      vertex -5.07521 -6.73549 11.9289
      vertex -4.83966 -6.91176 11.9399
    endloop
  endfacet
  facet normal 0.439824 0.628554 0.641462
    outer loop
      vertex -4.33898 -7.2171 11.8958
      vertex -4.83966 -6.91176 11.9399
      vertex -4.59346 -7.07281 11.9289
    endloop
  endfacet
  facet normal -0.683502 -0.230779 0.692507
    outer loop
      vertex -5.6959 -6.13302 11.765
      vertex -19.049 -24.7393 -7.61504
      vertex -18.8774 -24.9582 -7.51862
    endloop
  endfacet
  facet normal 0.437459 0.627209 0.64439
    outer loop
      vertex -5.8675 -5.91409 11.6686
      vertex -6.14759 -5.46158 11.4183
      vertex -6.01855 -5.68956 11.5526
    endloop
  endfacet
  facet normal -0.439591 -0.627569 -0.642586
    outer loop
      vertex -18.8774 -24.9582 -7.51862
      vertex -19.4349 -24.0576 -8.01679
      vertex -18.2568 -25.5607 -7.35475
    endloop
  endfacet
  facet normal -0.439518 -0.627558 -0.642647
    outer loop
      vertex -19.3291 -24.2868 -7.86533
      vertex -19.4349 -24.0576 -8.01679
      vertex -18.8774 -24.9582 -7.51862
    endloop
  endfacet
  facet normal -0.0169591 0.721228 -0.69249
    outer loop
      vertex -5 -5 5.69177
      vertex -17.0981 -21.9531 -11.6686
      vertex -5 -4.67518 6.03007
    endloop
  endfacet
  facet normal -0.016913 0.721212 -0.692508
    outer loop
      vertex -16.8337 -22.0395 -11.765
      vertex -5 -5 5.69177
      vertex -4.90255 -5 5.68939
    endloop
  endfacet
  facet normal -0.0168312 0.721186 -0.692537
    outer loop
      vertex -5 -5 5.69177
      vertex -16.8337 -22.0395 -11.765
      vertex -17.0981 -21.9531 -11.6686
    endloop
  endfacet
  facet normal -0.439381 -0.627523 -0.642775
    outer loop
      vertex -14.2891 -25.5368 -10.0902
      vertex -19.4349 -24.0576 -8.01679
      vertex -14.2265 -24.9303 -10.7251
    endloop
  endfacet
  facet normal -0.440061 -0.629163 -0.640703
    outer loop
      vertex -15.8091 -22.5777 -11.9399
      vertex -16.3098 -22.2724 -11.8958
      vertex -16.0553 -22.4167 -11.9289
    endloop
  endfacet
  facet normal -0.439337 -0.627415 -0.64291
    outer loop
      vertex -14.7813 -23.5754 -11.6686
      vertex -17.0981 -21.9531 -11.6686
      vertex -15.8091 -22.5777 -11.9399
    endloop
  endfacet
  facet normal -0.439514 -0.627307 -0.642894
    outer loop
      vertex -18.1131 -21.8251 -11.0997
      vertex -19.1096 -22.1615 -10.0902
      vertex -18.9457 -22.0522 -10.3089
    endloop
  endfacet
  facet normal -0.582663 0.743703 -0.327736
    outer loop
      vertex -18.561 -21.8952 -10.7251
      vertex -18.7623 -21.9631 -10.5213
      vertex -5.58072 -3.13789 8.76236
    endloop
  endfacet
  facet normal 0.441239 0.627129 0.641886
    outer loop
      vertex -6.33492 -5.00409 11.0997
      vertex -6.42228 -4.55921 10.7251
      vertex -6.3914 -4.77899 10.9186
    endloop
  endfacet
  facet normal -0.89547 0.362711 0.258019
    outer loop
      vertex -6.40631 -4.14404 10.3089
      vertex -19.6088 -23.1721 -8.76236
      vertex -6.42727 -4.34688 10.5213
    endloop
  endfacet
  facet normal 0.439388 0.627502 0.642791
    outer loop
      vertex -5.92805 -3.3363 9.19347
      vertex -5 -3.52339 8.74173
      vertex -5 -3.0832 8.31201
    endloop
  endfacet
  facet normal 0.439387 0.627507 0.642787
    outer loop
      vertex -5 -3.52339 8.74173
      vertex -5.92805 -3.3363 9.19347
      vertex -6.14759 -5.46158 11.4183
    endloop
  endfacet
  facet normal 0.439301 0.627541 0.642811
    outer loop
      vertex -5.92805 -3.3363 9.19347
      vertex -6.33492 -5.00409 11.0997
      vertex -6.14759 -5.46158 11.4183
    endloop
  endfacet
  facet normal -0.440521 -0.626776 -0.642723
    outer loop
      vertex -14.4577 -25.8781 -9.64181
      vertex -14.5779 -26.0246 -9.41656
      vertex -14.2891 -25.5368 -10.0902
    endloop
  endfacet
  facet normal 0.80009 -0.598704 0.0375614
    outer loop
      vertex -1.39639 -7.19941 9.86707
      vertex -14.5779 -26.0246 -9.41656
      vertex -14.4577 -25.8781 -9.64181
    endloop
  endfacet
  facet normal 0.683518 0.230757 -0.692499
    outer loop
      vertex -1.77463 -5 7.35913
      vertex -14.7813 -23.5754 -11.6686
      vertex -2.09153 -5 7.04634
    endloop
  endfacet
  facet normal 0.898139 -0.293383 -0.327525
    outer loop
      vertex -1.03993 -6.31738 8.76236
      vertex -14.2215 -25.1426 -10.5213
      vertex -1.04492 -6.10505 8.55848
    endloop
  endfacet
  facet normal 0.439448 0.627479 0.642772
    outer loop
      vertex -1.04492 -6.10505 8.55848
      vertex -1.17956 -6.88975 9.41656
      vertex -1.06089 -6.52023 8.9747
    endloop
  endfacet
  facet normal -0.43941 -0.62752 -0.642758
    outer loop
      vertex -14.2265 -24.9303 -10.7251
      vertex -17.0981 -21.9531 -11.6686
      vertex -14.7813 -23.5754 -11.6686
    endloop
  endfacet
  facet normal 0.854544 -0.0713825 -0.514451
    outer loop
      vertex -1.13228 -5.66017 8.18389
      vertex -14.3954 -24.2571 -11.2668
      vertex -1.21381 -5.43191 8.01679
    endloop
  endfacet
  facet normal -0.756181 0.644634 -0.112413
    outer loop
      vertex -19.1096 -22.1615 -10.0902
      vertex -19.2524 -22.2901 -9.86707
      vertex -6.07081 -3.46486 9.41656
    endloop
  endfacet
  facet normal -0.800067 0.598731 -0.0376024
    outer loop
      vertex -6.07081 -3.46486 9.41656
      vertex -19.2524 -22.2901 -9.86707
      vertex -6.19106 -3.6114 9.64181
    endloop
  endfacet
  facet normal 0.439416 0.627477 0.642795
    outer loop
      vertex -5.76416 -3.22696 8.9747
      vertex -5.92805 -3.3363 9.19347
      vertex -5.37949 -3.06996 8.55848
    endloop
  endfacet
  facet normal 0.439621 0.627234 0.642893
    outer loop
      vertex -5.58072 -3.13789 8.76236
      vertex -5.76416 -3.22696 8.9747
      vertex -5.37949 -3.06996 8.55848
    endloop
  endfacet
  facet normal 0.439452 0.627518 0.64273
    outer loop
      vertex -1.45829 -5 7.76226
      vertex -1.48115 -5 7.77789
      vertex -1.21381 -5.43191 8.01679
    endloop
  endfacet
  facet normal 0.73736 0.156755 -0.65706
    outer loop
      vertex -1.46636 -5 7.70508
      vertex -14.6302 -23.7999 -11.5526
      vertex -1.77059 -5 7.36367
    endloop
  endfacet
  facet normal 0.439434 0.627434 0.642825
    outer loop
      vertex -1.39639 -7.19941 9.86707
      vertex -3.55062 -7.53638 11.6686
      vertex -2.08771 -7.59431 10.7251
    endloop
  endfacet
  facet normal 0.513119 -0.762657 0.39378
    outer loop
      vertex -2.3048 -7.64046 10.9186
      vertex -15.4863 -26.4657 -8.36504
      vertex -2.08771 -7.59431 10.7251
    endloop
  endfacet
  facet normal 0.439345 0.626643 0.643657
    outer loop
      vertex -3.55062 -7.53638 11.6686
      vertex -4.07867 -7.34324 11.841
      vertex -3.81504 -7.45001 11.765
    endloop
  endfacet
  facet normal 0.439382 0.627499 0.642797
    outer loop
      vertex -3.55062 -7.53638 11.6686
      vertex -5.07521 -6.73549 11.9289
      vertex -4.33898 -7.2171 11.8958
    endloop
  endfacet
  facet normal 0.104995 -0.746531 0.657014
    outer loop
      vertex -3.55062 -7.53638 11.6686
      vertex -16.7322 -26.3616 -7.61504
      vertex -3.28797 -7.60153 11.5526
    endloop
  endfacet
  facet normal -0.438978 -0.629462 -0.641152
    outer loop
      vertex -16.4695 -26.4267 -7.73099
      vertex -16.7322 -26.3616 -7.61504
      vertex -16.2112 -26.47 -7.86533
    endloop
  endfacet
  facet normal -0.158603 -0.650128 0.743087
    outer loop
      vertex -4.33898 -7.2171 11.8958
      vertex -17.5205 -26.0423 -7.38784
      vertex -4.07867 -7.34324 11.841
    endloop
  endfacet
  facet normal -0.439188 -0.627301 -0.643124
    outer loop
      vertex -18.687 -25.1694 -7.44264
      vertex -18.8774 -24.9582 -7.51862
      vertex -18.2568 -25.5607 -7.35475
    endloop
  endfacet
  facet normal -0.556655 -0.371414 0.743093
    outer loop
      vertex -5.5054 -6.34424 11.841
      vertex -18.687 -25.1694 -7.44264
      vertex -18.4794 -25.3709 -7.38784
    endloop
  endfacet
  facet normal -0.439673 -0.6274 -0.642695
    outer loop
      vertex -19.5165 -23.8293 -8.18389
      vertex -19.6038 -23.3844 -8.55848
      vertex -19.5412 -22.7778 -9.19347
    endloop
  endfacet
  facet normal -0.439482 -0.627463 -0.642764
    outer loop
      vertex -19.5165 -23.8293 -8.18389
      vertex -19.5412 -22.7778 -9.19347
      vertex -19.1096 -22.1615 -10.0902
    endloop
  endfacet
  facet normal -0.582871 0.743631 -0.327528
    outer loop
      vertex -5.37949 -3.06996 8.55848
      vertex -18.561 -21.8952 -10.7251
      vertex -5.58072 -3.13789 8.76236
    endloop
  endfacet
  facet normal -0.359366 0.778595 -0.514437
    outer loop
      vertex -5 -3.44233 7.56208
      vertex -17.8707 -21.8236 -11.2668
      vertex -5 -3.09946 8.08101
    endloop
  endfacet
  facet normal 0.32786 0.554173 -0.765114
    outer loop
      vertex -15.8091 -22.5777 -11.9399
      vertex -3.52503 -5 6.05553
      vertex -3.50104 -5 6.06581
    endloop
  endfacet
  facet normal 0.328106 0.554013 -0.765125
    outer loop
      vertex -3.52503 -5 6.05553
      vertex -15.8091 -22.5777 -11.9399
      vertex -16.0553 -22.4167 -11.9289
    endloop
  endfacet
  facet normal 0.40837 0.497813 -0.765125
    outer loop
      vertex -15.5735 -22.754 -11.9289
      vertex -3.50104 -5 6.06581
      vertex -3.47747 -5 6.07839
    endloop
  endfacet
  facet normal 0.408285 0.497876 -0.76513
    outer loop
      vertex -3.50104 -5 6.06581
      vertex -15.5735 -22.754 -11.9289
      vertex -15.8091 -22.5777 -11.9399
    endloop
  endfacet
  facet normal -0.439928 -0.624661 -0.645183
    outer loop
      vertex -17.0981 -21.9531 -11.6686
      vertex -17.6191 -21.8447 -11.4183
      vertex -17.3608 -21.8879 -11.5526
    endloop
  endfacet
  facet normal -0.191837 0.764601 -0.615292
    outer loop
      vertex -5 -4.23492 6.53026
      vertex -17.3608 -21.8879 -11.5526
      vertex -5 -3.84059 7.02028
    endloop
  endfacet
  facet normal -0.438029 -0.628019 -0.643213
    outer loop
      vertex -19.6038 -23.3844 -8.55848
      vertex -19.6088 -23.1721 -8.76236
      vertex -19.5879 -22.9692 -8.9747
    endloop
  endfacet
  facet normal -0.895491 0.3625 0.258244
    outer loop
      vertex -19.5879 -22.9692 -8.9747
      vertex -19.6088 -23.1721 -8.76236
      vertex -6.40631 -4.14404 10.3089
    endloop
  endfacet
  facet normal -0.884183 0.428464 0.186117
    outer loop
      vertex -19.5879 -22.9692 -8.9747
      vertex -6.35962 -3.95264 10.0902
      vertex -19.5412 -22.7778 -9.19347
    endloop
  endfacet
  facet normal -0.884194 0.428417 0.186172
    outer loop
      vertex -6.35962 -3.95264 10.0902
      vertex -19.5879 -22.9692 -8.9747
      vertex -6.40631 -4.14404 10.3089
    endloop
  endfacet
  facet normal -0.898138 0.293318 0.327586
    outer loop
      vertex -6.42727 -4.34688 10.5213
      vertex -19.6088 -23.1721 -8.76236
      vertex -6.42228 -4.55921 10.7251
    endloop
  endfacet
  facet normal -0.898139 0.293383 0.327525
    outer loop
      vertex -6.42228 -4.55921 10.7251
      vertex -19.6088 -23.1721 -8.76236
      vertex -19.6038 -23.3844 -8.55848
    endloop
  endfacet
  facet normal -0.737424 -0.156659 0.657011
    outer loop
      vertex -6.01855 -5.68956 11.5526
      vertex -19.2001 -24.5148 -7.73099
      vertex -5.8675 -5.91409 11.6686
    endloop
  endfacet
  facet normal -0.784149 -0.081156 0.615243
    outer loop
      vertex -6.01855 -5.68956 11.5526
      vertex -19.3291 -24.2868 -7.86533
      vertex -19.2001 -24.5148 -7.73099
    endloop
  endfacet
  facet normal -0.623135 -0.302491 0.72125
    outer loop
      vertex -18.8774 -24.9582 -7.51862
      vertex -5.5054 -6.34424 11.841
      vertex -5.6959 -6.13302 11.765
    endloop
  endfacet
  facet normal -0.623226 -0.302389 0.721214
    outer loop
      vertex -5.5054 -6.34424 11.841
      vertex -18.8774 -24.9582 -7.51862
      vertex -18.687 -25.1694 -7.44264
    endloop
  endfacet
  facet normal -0.556681 -0.371389 0.743086
    outer loop
      vertex -5.5054 -6.34424 11.841
      vertex -18.4794 -25.3709 -7.38784
      vertex -5.29784 -6.54571 11.8958
    endloop
  endfacet
  facet normal 0.439391 0.627504 0.642786
    outer loop
      vertex -5 -3.52339 8.74173
      vertex -6.14759 -5.46158 11.4183
      vertex -5 -3.78795 9
    endloop
  endfacet
  facet normal 0.439385 0.627505 0.64279
    outer loop
      vertex -3.26901 -5 9
      vertex -1.21381 -5.43191 8.01679
      vertex -1.83064 -5 8.01679
    endloop
  endfacet
  facet normal 0.439383 0.627511 0.642785
    outer loop
      vertex -3.26901 -5 9
      vertex -6.14759 -5.46158 11.4183
      vertex -1.21381 -5.43191 8.01679
    endloop
  endfacet
  facet normal 0.439385 0.627508 0.642786
    outer loop
      vertex -6.14759 -5.46158 11.4183
      vertex -3.26901 -5 9
      vertex -5 -3.78795 9
    endloop
  endfacet
  facet normal -0.440418 -0.626839 -0.642732
    outer loop
      vertex -14.3611 -25.715 -9.86707
      vertex -14.4577 -25.8781 -9.64181
      vertex -14.2891 -25.5368 -10.0902
    endloop
  endfacet
  facet normal 0.836228 -0.547097 -0.0375206
    outer loop
      vertex -1.17956 -6.88975 9.41656
      vertex -14.4577 -25.8781 -9.64181
      vertex -14.3611 -25.715 -9.86707
    endloop
  endfacet
  facet normal 0.756174 -0.644641 0.112425
    outer loop
      vertex -1.53915 -7.32797 10.0902
      vertex -14.7207 -26.1532 -9.19347
      vertex -14.5779 -26.0246 -9.41656
    endloop
  endfacet
  facet normal 0.704953 -0.68437 0.186223
    outer loop
      vertex -1.53915 -7.32797 10.0902
      vertex -14.8846 -26.2625 -8.9747
      vertex -14.7207 -26.1532 -9.19347
    endloop
  endfacet
  facet normal 0.784135 0.0813033 -0.615241
    outer loop
      vertex -1.31961 -5.20269 7.86533
      vertex -1.46636 -5 7.70508
      vertex -1.43434 -5 7.74589
    endloop
  endfacet
  facet normal 0.784102 0.0812397 -0.615292
    outer loop
      vertex -1.31961 -5.20269 7.86533
      vertex -14.6302 -23.7999 -11.5526
      vertex -1.46636 -5 7.70508
    endloop
  endfacet
  facet normal 0.784113 0.0812207 -0.615281
    outer loop
      vertex -14.6302 -23.7999 -11.5526
      vertex -1.31961 -5.20269 7.86533
      vertex -14.5012 -24.0279 -11.4183
    endloop
  endfacet
  facet normal -0.435582 -0.626926 -0.645935
    outer loop
      vertex -14.5012 -24.0279 -11.4183
      vertex -14.7813 -23.5754 -11.6686
      vertex -14.6302 -23.7999 -11.5526
    endloop
  endfacet
  facet normal 0.683171 0.231192 -0.692696
    outer loop
      vertex -14.7813 -23.5754 -11.6686
      vertex -2.09953 -5 7.03845
      vertex -2.09153 -5 7.04634
    endloop
  endfacet
  facet normal 0.683474 0.230812 -0.692524
    outer loop
      vertex -2.09953 -5 7.03845
      vertex -14.7813 -23.5754 -11.6686
      vertex -14.9529 -23.3565 -11.765
    endloop
  endfacet
  facet normal -0.438894 -0.627247 -0.643377
    outer loop
      vertex -14.7813 -23.5754 -11.6686
      vertex -15.3509 -22.9438 -11.8958
      vertex -15.1434 -23.1452 -11.841
    endloop
  endfacet
  facet normal 0.884188 -0.428444 -0.186138
    outer loop
      vertex -1.10758 -6.71163 9.19347
      vertex -14.2891 -25.5368 -10.0902
      vertex -1.06089 -6.52023 8.9747
    endloop
  endfacet
  facet normal 0.439328 0.627542 0.642792
    outer loop
      vertex -1.06089 -6.52023 8.9747
      vertex -1.17956 -6.88975 9.41656
      vertex -1.10758 -6.71163 9.19347
    endloop
  endfacet
  facet normal 0.43891 0.627676 0.642948
    outer loop
      vertex -1.04492 -6.10505 8.55848
      vertex -1.06089 -6.52023 8.9747
      vertex -1.03993 -6.31738 8.76236
    endloop
  endfacet
  facet normal 0.895474 -0.362667 -0.258067
    outer loop
      vertex -1.06089 -6.52023 8.9747
      vertex -14.2215 -25.1426 -10.5213
      vertex -1.03993 -6.31738 8.76236
    endloop
  endfacet
  facet normal 0.877576 -0.147037 -0.456335
    outer loop
      vertex -1.0758 -5.88528 8.36504
      vertex -14.3138 -24.4854 -11.0997
      vertex -1.13228 -5.66017 8.18389
    endloop
  endfacet
  facet normal 0.439423 0.627499 0.64277
    outer loop
      vertex -1.13228 -5.66017 8.18389
      vertex -1.21381 -5.43191 8.01679
      vertex -1.0758 -5.88528 8.36504
    endloop
  endfacet
  facet normal 0.408452 0.497753 -0.76512
    outer loop
      vertex -3.14207 -5 6.25744
      vertex -15.5735 -22.754 -11.9289
      vertex -3.47747 -5 6.07839
    endloop
  endfacet
  facet normal -0.192118 0.764647 -0.615147
    outer loop
      vertex -5 -3.84059 7.02028
      vertex -17.6191 -21.8447 -11.4183
      vertex -5 -3.82265 7.04258
    endloop
  endfacet
  facet normal -0.191991 0.764626 -0.615213
    outer loop
      vertex -17.6191 -21.8447 -11.4183
      vertex -5 -3.84059 7.02028
      vertex -17.3608 -21.8879 -11.5526
    endloop
  endfacet
  facet normal -0.277068 0.775344 -0.567516
    outer loop
      vertex -5 -3.82265 7.04258
      vertex -17.8707 -21.8236 -11.2668
      vertex -5 -3.80673 7.06433
    endloop
  endfacet
  facet normal -0.276804 0.77532 -0.567678
    outer loop
      vertex -17.8707 -21.8236 -11.2668
      vertex -5 -3.82265 7.04258
      vertex -17.6191 -21.8447 -11.4183
    endloop
  endfacet
  facet normal 0.158601 0.650128 -0.743088
    outer loop
      vertex -16.3098 -22.2724 -11.8958
      vertex -4.56415 -5 5.72278
      vertex -4.21552 -5 5.79719
    endloop
  endfacet
  facet normal 0.158725 0.650069 -0.743113
    outer loop
      vertex -4.56415 -5 5.72278
      vertex -16.3098 -22.2724 -11.8958
      vertex -16.5701 -22.1462 -11.841
    endloop
  endfacet
  facet normal 0.071166 0.688997 -0.721262
    outer loop
      vertex -4.56415 -5 5.72278
      vertex -16.5701 -22.1462 -11.841
      vertex -4.87063 -5 5.69254
    endloop
  endfacet
  facet normal -0.439344 -0.626731 -0.643572
    outer loop
      vertex -16.3098 -22.2724 -11.8958
      vertex -17.0981 -21.9531 -11.6686
      vertex -16.5701 -22.1462 -11.841
    endloop
  endfacet
  facet normal 0.439284 0.627801 0.642569
    outer loop
      vertex -2.08771 -7.59431 10.7251
      vertex -3.55062 -7.53638 11.6686
      vertex -2.3048 -7.64046 10.9186
    endloop
  endfacet
  facet normal 0.439534 0.627099 0.643083
    outer loop
      vertex -2.3048 -7.64046 10.9186
      vertex -3.55062 -7.53638 11.6686
      vertex -2.53564 -7.66438 11.0997
    endloop
  endfacet
  facet normal 0.582827 -0.743646 0.327571
    outer loop
      vertex -2.08771 -7.59431 10.7251
      vertex -15.068 -26.3516 -8.76236
      vertex -1.88648 -7.52637 10.5213
    endloop
  endfacet
  facet normal 0.439378 0.627493 0.642807
    outer loop
      vertex -1.39639 -7.19941 9.86707
      vertex -2.08771 -7.59431 10.7251
      vertex -1.70303 -7.43731 10.3089
    endloop
  endfacet
  facet normal -0.244483 -0.605015 0.75775
    outer loop
      vertex -4.59346 -7.07281 11.9289
      vertex -17.5205 -26.0423 -7.38784
      vertex -4.33898 -7.2171 11.8958
    endloop
  endfacet
  facet normal -0.244509 -0.605 0.757753
    outer loop
      vertex -4.59346 -7.07281 11.9289
      vertex -17.775 -25.898 -7.35475
      vertex -17.5205 -26.0423 -7.38784
    endloop
  endfacet
  facet normal -0.439363 -0.627589 -0.642723
    outer loop
      vertex -15.9596 -26.491 -8.01679
      vertex -16.9966 -26.2752 -7.51862
      vertex -15.4863 -26.4657 -8.36504
    endloop
  endfacet
  facet normal -0.439884 -0.626571 -0.643358
    outer loop
      vertex -15.7172 -26.4896 -8.18389
      vertex -15.9596 -26.491 -8.01679
      vertex -15.4863 -26.4657 -8.36504
    endloop
  endfacet
  facet normal -0.439459 -0.627022 -0.64321
    outer loop
      vertex -16.7322 -26.3616 -7.61504
      vertex -16.9966 -26.2752 -7.51862
      vertex -16.2112 -26.47 -7.86533
    endloop
  endfacet
  facet normal 0.104993 -0.746531 0.657015
    outer loop
      vertex -3.28797 -7.60153 11.5526
      vertex -16.7322 -26.3616 -7.61504
      vertex -16.4695 -26.4267 -7.73099
    endloop
  endfacet
  facet normal 0.016873 -0.7212 0.692521
    outer loop
      vertex -16.7322 -26.3616 -7.61504
      vertex -3.81504 -7.45001 11.765
      vertex -16.9966 -26.2752 -7.51862
    endloop
  endfacet
  facet normal 0.0168958 -0.721207 0.692513
    outer loop
      vertex -3.81504 -7.45001 11.765
      vertex -16.7322 -26.3616 -7.61504
      vertex -3.55062 -7.53638 11.6686
    endloop
  endfacet
  facet normal 0.439082 0.62834 0.642181
    outer loop
      vertex -2.53564 -7.66438 11.0997
      vertex -3.28797 -7.60153 11.5526
      vertex -3.0296 -7.64482 11.4183
    endloop
  endfacet
  facet normal -0.40843 -0.497766 0.765123
    outer loop
      vertex -4.83966 -6.91176 11.9399
      vertex -18.2568 -25.5607 -7.35475
      vertex -18.0212 -25.737 -7.34368
    endloop
  endfacet
  facet normal -0.328186 -0.553963 0.765127
    outer loop
      vertex -4.83966 -6.91176 11.9399
      vertex -17.775 -25.898 -7.35475
      vertex -4.59346 -7.07281 11.9289
    endloop
  endfacet
  facet normal -0.327954 -0.554112 0.765119
    outer loop
      vertex -17.775 -25.898 -7.35475
      vertex -4.83966 -6.91176 11.9399
      vertex -18.0212 -25.737 -7.34368
    endloop
  endfacet
  facet normal -0.484901 -0.436673 0.757752
    outer loop
      vertex -5.29784 -6.54571 11.8958
      vertex -18.2568 -25.5607 -7.35475
      vertex -5.07521 -6.73549 11.9289
    endloop
  endfacet
  facet normal -0.484941 -0.436639 0.757746
    outer loop
      vertex -5.29784 -6.54571 11.8958
      vertex -18.4794 -25.3709 -7.38784
      vertex -18.2568 -25.5607 -7.35475
    endloop
  endfacet
  facet normal -0.440662 -0.624497 -0.644842
    outer loop
      vertex -17.6191 -21.8447 -11.4183
      vertex -18.1131 -21.8251 -11.0997
      vertex -17.8707 -21.8236 -11.2668
    endloop
  endfacet
  facet normal -0.356732 0.778607 -0.51625
    outer loop
      vertex -5 -3.09946 8.08101
      vertex -18.1131 -21.8251 -11.0997
      vertex -5 -3.09763 8.08377
    endloop
  endfacet
  facet normal -0.359422 0.778594 -0.514399
    outer loop
      vertex -18.1131 -21.8251 -11.0997
      vertex -5 -3.09946 8.08101
      vertex -17.8707 -21.8236 -11.2668
    endloop
  endfacet
  facet normal -0.442218 -0.626875 -0.64146
    outer loop
      vertex -14.2265 -24.9303 -10.7251
      vertex -14.3138 -24.4854 -11.0997
      vertex -14.2574 -24.7105 -10.9186
    endloop
  endfacet
  facet normal 0.898137 -0.293319 -0.327588
    outer loop
      vertex -14.2215 -25.1426 -10.5213
      vertex -14.2265 -24.9303 -10.7251
      vertex -1.04492 -6.10505 8.55848
    endloop
  endfacet
  facet normal -0.439473 -0.627364 -0.642867
    outer loop
      vertex -18.1131 -21.8251 -11.0997
      vertex -18.9457 -22.0522 -10.3089
      vertex -18.561 -21.8952 -10.7251
    endloop
  endfacet
  facet normal -0.437455 -0.629756 -0.641904
    outer loop
      vertex -18.561 -21.8952 -10.7251
      vertex -18.9457 -22.0522 -10.3089
      vertex -18.7623 -21.9631 -10.5213
    endloop
  endfacet
  facet normal 0.439285 0.627662 0.642705
    outer loop
      vertex -5.37949 -3.06996 8.55848
      vertex -5 -3.02299 8.25323
      vertex -5 -3.0106 8.24113
    endloop
  endfacet
  facet normal 0.439351 0.62755 0.642769
    outer loop
      vertex -5 -3.02299 8.25323
      vertex -5.37949 -3.06996 8.55848
      vertex -5.92805 -3.3363 9.19347
    endloop
  endfacet
  facet normal 0.439376 0.627517 0.642783
    outer loop
      vertex -5 -3.02299 8.25323
      vertex -5.92805 -3.3363 9.19347
      vertex -5 -3.0832 8.31201
    endloop
  endfacet
  facet normal 0.484873 0.436697 -0.757756
    outer loop
      vertex -15.3509 -22.9438 -11.8958
      vertex -3.14207 -5 6.25744
      vertex -2.78655 -5 6.48493
    endloop
  endfacet
  facet normal 0.484961 0.436623 -0.757742
    outer loop
      vertex -3.14207 -5 6.25744
      vertex -15.3509 -22.9438 -11.8958
      vertex -15.5735 -22.754 -11.9289
    endloop
  endfacet
  facet normal 0.244499 0.605005 -0.757753
    outer loop
      vertex -16.0553 -22.4167 -11.9289
      vertex -4.21552 -5 5.79719
      vertex -3.86001 -5 5.9119
    endloop
  endfacet
  facet normal 0.244486 0.605012 -0.757751
    outer loop
      vertex -4.21552 -5 5.79719
      vertex -16.0553 -22.4167 -11.9289
      vertex -16.3098 -22.2724 -11.8958
    endloop
  endfacet
  facet normal 0.328063 0.554042 -0.765123
    outer loop
      vertex -3.52503 -5 6.05553
      vertex -16.0553 -22.4167 -11.9289
      vertex -3.86001 -5 5.9119
    endloop
  endfacet
  facet normal 0.439364 0.627511 0.642798
    outer loop
      vertex -5.92805 -3.3363 9.19347
      vertex -6.40631 -4.14404 10.3089
      vertex -6.33492 -5.00409 11.0997
    endloop
  endfacet
  facet normal 0.439459 0.627449 0.642794
    outer loop
      vertex -6.28764 -3.77452 9.86707
      vertex -6.40631 -4.14404 10.3089
      vertex -5.92805 -3.3363 9.19347
    endloop
  endfacet
  facet normal -0.892163 0.221335 0.393772
    outer loop
      vertex -6.42228 -4.55921 10.7251
      vertex -19.5729 -23.6042 -8.36504
      vertex -6.3914 -4.77899 10.9186
    endloop
  endfacet
  facet normal -0.877562 0.146981 0.456378
    outer loop
      vertex -6.3914 -4.77899 10.9186
      vertex -19.5729 -23.6042 -8.36504
      vertex -6.33492 -5.00409 11.0997
    endloop
  endfacet
  facet normal -0.683489 -0.230796 0.692514
    outer loop
      vertex -5.8675 -5.91409 11.6686
      vertex -19.049 -24.7393 -7.61504
      vertex -5.6959 -6.13302 11.765
    endloop
  endfacet
  facet normal -0.43712 -0.627162 -0.644666
    outer loop
      vertex -19.2001 -24.5148 -7.73099
      vertex -19.3291 -24.2868 -7.86533
      vertex -19.049 -24.7393 -7.61504
    endloop
  endfacet
  facet normal 0.439386 0.627511 0.642783
    outer loop
      vertex -3.55062 -7.53638 11.6686
      vertex -5.8675 -5.91409 11.6686
      vertex -5.07521 -6.73549 11.9289
    endloop
  endfacet
  facet normal 0.439385 0.627509 0.642786
    outer loop
      vertex -1.21381 -5.43191 8.01679
      vertex -5.8675 -5.91409 11.6686
      vertex -3.55062 -7.53638 11.6686
    endloop
  endfacet
  facet normal -0.854543 0.0713804 0.514452
    outer loop
      vertex -19.5165 -23.8293 -8.18389
      vertex -6.25339 -5.23236 11.2668
      vertex -6.33492 -5.00409 11.0997
    endloop
  endfacet
  facet normal -0.854486 0.0712159 0.51457
    outer loop
      vertex -6.25339 -5.23236 11.2668
      vertex -19.5165 -23.8293 -8.18389
      vertex -19.4349 -24.0576 -8.01679
    endloop
  endfacet
  facet normal -0.823316 -0.00489142 0.567562
    outer loop
      vertex -19.4349 -24.0576 -8.01679
      vertex -6.14759 -5.46158 11.4183
      vertex -6.25339 -5.23236 11.2668
    endloop
  endfacet
  facet normal -0.823289 -0.0049522 0.567601
    outer loop
      vertex -6.14759 -5.46158 11.4183
      vertex -19.4349 -24.0576 -8.01679
      vertex -19.3291 -24.2868 -7.86533
    endloop
  endfacet
  facet normal 0.800076 -0.59872 0.0375863
    outer loop
      vertex -1.39639 -7.19941 9.86707
      vertex -14.4577 -25.8781 -9.64181
      vertex -1.27614 -7.05286 9.64181
    endloop
  endfacet
  facet normal 0.836253 -0.547055 -0.0375798
    outer loop
      vertex -1.27614 -7.05286 9.64181
      vertex -14.4577 -25.8781 -9.64181
      vertex -1.17956 -6.88975 9.41656
    endloop
  endfacet
  facet normal -0.438782 -0.627594 -0.643115
    outer loop
      vertex -14.2265 -24.9303 -10.7251
      vertex -14.5012 -24.0279 -11.4183
      vertex -14.3138 -24.4854 -11.0997
    endloop
  endfacet
  facet normal 0.823315 0.00489031 -0.567564
    outer loop
      vertex -14.3954 -24.2571 -11.2668
      vertex -14.5012 -24.0279 -11.4183
      vertex -1.21381 -5.43191 8.01679
    endloop
  endfacet
  facet normal 0.737905 0.155957 -0.656638
    outer loop
      vertex -14.6302 -23.7999 -11.5526
      vertex -1.77463 -5 7.35913
      vertex -1.77059 -5 7.36367
    endloop
  endfacet
  facet normal 0.737352 0.156767 -0.657067
    outer loop
      vertex -1.77463 -5 7.35913
      vertex -14.6302 -23.7999 -11.5526
      vertex -14.7813 -23.5754 -11.6686
    endloop
  endfacet
  facet normal 0.623109 0.302519 -0.721261
    outer loop
      vertex -2.10805 -5 7.03109
      vertex -15.1434 -23.1452 -11.841
      vertex -2.43792 -5 6.74611
    endloop
  endfacet
  facet normal 0.556689 0.371381 -0.743084
    outer loop
      vertex -15.1434 -23.1452 -11.841
      vertex -2.78655 -5 6.48493
      vertex -2.43792 -5 6.74611
    endloop
  endfacet
  facet normal 0.556699 0.371371 -0.743081
    outer loop
      vertex -2.78655 -5 6.48493
      vertex -15.1434 -23.1452 -11.841
      vertex -15.3509 -22.9438 -11.8958
    endloop
  endfacet
  facet normal -0.440317 -0.627827 -0.641837
    outer loop
      vertex -14.7813 -23.5754 -11.6686
      vertex -15.1434 -23.1452 -11.841
      vertex -14.9529 -23.3565 -11.765
    endloop
  endfacet
  facet normal 0.623074 0.302556 -0.721276
    outer loop
      vertex -14.9529 -23.3565 -11.765
      vertex -2.10805 -5 7.03109
      vertex -2.09953 -5 7.03845
    endloop
  endfacet
  facet normal 0.623187 0.302431 -0.721231
    outer loop
      vertex -2.10805 -5 7.03109
      vertex -14.9529 -23.3565 -11.765
      vertex -15.1434 -23.1452 -11.841
    endloop
  endfacet
  facet normal 0.0711775 0.688992 -0.721265
    outer loop
      vertex -16.5701 -22.1462 -11.841
      vertex -4.90255 -5 5.68939
      vertex -4.87063 -5 5.69254
    endloop
  endfacet
  facet normal 0.0709845 0.689068 -0.721211
    outer loop
      vertex -4.90255 -5 5.68939
      vertex -16.5701 -22.1462 -11.841
      vertex -16.8337 -22.0395 -11.765
    endloop
  endfacet
  facet normal -0.439396 -0.628074 -0.642226
    outer loop
      vertex -16.5701 -22.1462 -11.841
      vertex -17.0981 -21.9531 -11.6686
      vertex -16.8337 -22.0395 -11.765
    endloop
  endfacet
  facet normal 0.647074 -0.717427 0.258059
    outer loop
      vertex -1.88648 -7.52637 10.5213
      vertex -15.068 -26.3516 -8.76236
      vertex -1.70303 -7.43731 10.3089
    endloop
  endfacet
  facet normal 0.647169 -0.717381 0.257946
    outer loop
      vertex -1.70303 -7.43731 10.3089
      vertex -15.068 -26.3516 -8.76236
      vertex -14.8846 -26.2625 -8.9747
    endloop
  endfacet
  facet normal -0.439622 -0.628736 -0.641424
    outer loop
      vertex -17.2602 -26.1684 -7.44264
      vertex -17.5205 -26.0423 -7.38784
      vertex -16.9966 -26.2752 -7.51862
    endloop
  endfacet
  facet normal -0.0712391 -0.688967 0.721283
    outer loop
      vertex -4.07867 -7.34324 11.841
      vertex -17.2602 -26.1684 -7.44264
      vertex -16.9966 -26.2752 -7.51862
    endloop
  endfacet
  facet normal -0.439422 -0.627284 -0.64298
    outer loop
      vertex -16.2112 -26.47 -7.86533
      vertex -16.9966 -26.2752 -7.51862
      vertex -15.9596 -26.491 -8.01679
    endloop
  endfacet
  facet normal 0.359333 -0.778596 0.514459
    outer loop
      vertex -15.9596 -26.491 -8.01679
      vertex -2.53564 -7.66438 11.0997
      vertex -2.77802 -7.66583 11.2668
    endloop
  endfacet
  facet normal 0.359205 -0.778596 0.514549
    outer loop
      vertex -2.53564 -7.66438 11.0997
      vertex -15.9596 -26.491 -8.01679
      vertex -15.7172 -26.4896 -8.18389
    endloop
  endfacet
  facet normal 0.191836 -0.764601 0.615292
    outer loop
      vertex -16.2112 -26.47 -7.86533
      vertex -3.28797 -7.60153 11.5526
      vertex -16.4695 -26.4267 -7.73099
    endloop
  endfacet
  facet normal 0.191745 -0.764586 0.615339
    outer loop
      vertex -3.28797 -7.60153 11.5526
      vertex -16.2112 -26.47 -7.86533
      vertex -3.0296 -7.64482 11.4183
    endloop
  endfacet
  facet normal -0.437765 -0.628176 -0.64324
    outer loop
      vertex -14.2424 -25.3454 -10.3089
      vertex -14.2891 -25.5368 -10.0902
      vertex -14.2265 -24.9303 -10.7251
    endloop
  endfacet
  facet normal -0.442778 -0.626338 -0.641598
    outer loop
      vertex -14.2215 -25.1426 -10.5213
      vertex -14.2424 -25.3454 -10.3089
      vertex -14.2265 -24.9303 -10.7251
    endloop
  endfacet
  facet normal -0.437995 -0.629745 -0.641546
    outer loop
      vertex -18.1131 -21.8251 -11.0997
      vertex -18.561 -21.8952 -10.7251
      vertex -18.344 -21.849 -10.9186
    endloop
  endfacet
  facet normal -0.513061 0.762669 -0.393833
    outer loop
      vertex -5.1624 -3.02381 8.36504
      vertex -18.561 -21.8952 -10.7251
      vertex -5.37949 -3.06996 8.55848
    endloop
  endfacet
  facet normal -0.439212 -0.627587 -0.642828
    outer loop
      vertex -19.5412 -22.7778 -9.19347
      vertex -19.6038 -23.3844 -8.55848
      vertex -19.5879 -22.9692 -8.9747
    endloop
  endfacet
  facet normal 0.439282 0.627452 0.642912
    outer loop
      vertex -5.07521 -6.73549 11.9289
      vertex -5.8675 -5.91409 11.6686
      vertex -5.29784 -6.54571 11.8958
    endloop
  endfacet
  facet normal 0.439362 0.627491 0.642819
    outer loop
      vertex -5.29784 -6.54571 11.8958
      vertex -5.8675 -5.91409 11.6686
      vertex -5.5054 -6.34424 11.841
    endloop
  endfacet
  facet normal -0.438166 -0.627617 -0.643511
    outer loop
      vertex -14.3138 -24.4854 -11.0997
      vertex -14.5012 -24.0279 -11.4183
      vertex -14.3954 -24.2571 -11.2668
    endloop
  endfacet
  facet normal 0.854486 -0.0712161 -0.51457
    outer loop
      vertex -14.3138 -24.4854 -11.0997
      vertex -14.3954 -24.2571 -11.2668
      vertex -1.13228 -5.66017 8.18389
    endloop
  endfacet
  facet normal 0.439401 0.627513 0.64277
    outer loop
      vertex -1.43566 -5 7.74679
      vertex -1.45829 -5 7.76226
      vertex -1.21381 -5.43191 8.01679
    endloop
  endfacet
  facet normal 0.43866 0.627418 0.643369
    outer loop
      vertex -1.43566 -5 7.74679
      vertex -1.31961 -5.20269 7.86533
      vertex -1.43434 -5 7.74589
    endloop
  endfacet
  facet normal 0.43963 0.627525 0.642602
    outer loop
      vertex -1.31961 -5.20269 7.86533
      vertex -1.43566 -5 7.74679
      vertex -1.21381 -5.43191 8.01679
    endloop
  endfacet
  facet normal -0.513329 0.762614 -0.39359
    outer loop
      vertex -18.344 -21.849 -10.9186
      vertex -18.561 -21.8952 -10.7251
      vertex -5.1624 -3.02381 8.36504
    endloop
  endfacet
  facet normal -0.438163 0.774378 -0.456456
    outer loop
      vertex -18.1131 -21.8251 -11.0997
      vertex -18.344 -21.849 -10.9186
      vertex -5.1624 -3.02381 8.36504
    endloop
  endfacet
  facet normal 0.877607 -0.147165 -0.456234
    outer loop
      vertex -14.2574 -24.7105 -10.9186
      vertex -14.3138 -24.4854 -11.0997
      vertex -1.0758 -5.88528 8.36504
    endloop
  endfacet
  facet normal 0.892154 -0.221282 -0.393822
    outer loop
      vertex -1.04492 -6.10505 8.55848
      vertex -14.2574 -24.7105 -10.9186
      vertex -1.0758 -5.88528 8.36504
    endloop
  endfacet
  facet normal -0.80009 -0.598704 0.0375614
    outer loop
      vertex 14.5779 -26.0246 -9.41656
      vertex 1.39639 -7.19941 9.86707
      vertex 14.4577 -25.8781 -9.64181
    endloop
  endfacet
  facet normal 0.440521 -0.626776 -0.642723
    outer loop
      vertex 14.4577 -25.8781 -9.64181
      vertex 14.2891 -25.5368 -10.0902
      vertex 14.5779 -26.0246 -9.41656
    endloop
  endfacet
  facet normal 0.439402 -0.627515 -0.642768
    outer loop
      vertex 18.1131 -21.8251 -11.0997
      vertex 14.2265 -24.9303 -10.7251
      vertex 17.0981 -21.9531 -11.6686
    endloop
  endfacet
  facet normal -0.800076 -0.59872 0.0375863
    outer loop
      vertex 1.39639 -7.19941 9.86707
      vertex 1.27614 -7.05286 9.64181
      vertex 14.4577 -25.8781 -9.64181
    endloop
  endfacet
  facet normal 0.439472 -0.62797 -0.642275
    outer loop
      vertex 17.0981 -21.9531 -11.6686
      vertex 15.8091 -22.5777 -11.9399
      vertex 16.3098 -22.2724 -11.8958
    endloop
  endfacet
  facet normal -0.836228 -0.547097 -0.0375206
    outer loop
      vertex 14.4577 -25.8781 -9.64181
      vertex 1.17956 -6.88975 9.41656
      vertex 14.3611 -25.715 -9.86707
    endloop
  endfacet
  facet normal -0.439391 0.627503 0.642787
    outer loop
      vertex 3.55062 -7.53638 11.6686
      vertex 1.21381 -5.43191 8.01679
      vertex 1.39639 -7.19941 9.86707
    endloop
  endfacet
  facet normal 0.104885 0.746504 -0.657062
    outer loop
      vertex 17.3608 -21.8879 -11.5526
      vertex 5 -4.67518 6.03007
      vertex 5 -4.23492 6.53026
    endloop
  endfacet
  facet normal 0.104866 0.746499 -0.65707
    outer loop
      vertex 5 -4.67518 6.03007
      vertex 17.3608 -21.8879 -11.5526
      vertex 17.0981 -21.9531 -11.6686
    endloop
  endfacet
  facet normal -0.683518 0.230757 -0.692499
    outer loop
      vertex 14.7813 -23.5754 -11.6686
      vertex 1.77463 -5 7.35913
      vertex 2.09153 -5 7.04634
    endloop
  endfacet
  facet normal 0.439387 -0.6275 -0.642793
    outer loop
      vertex 19.4349 -24.0576 -8.01679
      vertex 14.2265 -24.9303 -10.7251
      vertex 18.1131 -21.8251 -11.0997
    endloop
  endfacet
  facet normal 0.439627 -0.627362 -0.642764
    outer loop
      vertex 19.5412 -22.7778 -9.19347
      vertex 19.1096 -22.1615 -10.0902
      vertex 19.3726 -22.4366 -9.64181
    endloop
  endfacet
  facet normal -0.439824 0.628554 0.641462
    outer loop
      vertex 4.83966 -6.91176 11.9399
      vertex 4.33898 -7.2171 11.8958
      vertex 4.59346 -7.07281 11.9289
    endloop
  endfacet
  facet normal -0.439423 0.627499 0.64277
    outer loop
      vertex 1.13228 -5.66017 8.18389
      vertex 1.0758 -5.88528 8.36504
      vertex 1.21381 -5.43191 8.01679
    endloop
  endfacet
  facet normal 0.439209 -0.627635 -0.642783
    outer loop
      vertex 14.5779 -26.0246 -9.41656
      vertex 14.2891 -25.5368 -10.0902
      vertex 14.8846 -26.2625 -8.9747
    endloop
  endfacet
  facet normal -0.892154 -0.221282 -0.393822
    outer loop
      vertex 14.2574 -24.7105 -10.9186
      vertex 1.04492 -6.10505 8.55848
      vertex 1.0758 -5.88528 8.36504
    endloop
  endfacet
  facet normal -0.441462 0.626394 0.64245
    outer loop
      vertex 6.35962 -3.95264 10.0902
      vertex 6.28764 -3.77452 9.86707
      vertex 6.40631 -4.14404 10.3089
    endloop
  endfacet
  facet normal -0.439386 0.627511 0.642783
    outer loop
      vertex 5.8675 -5.91409 11.6686
      vertex 3.55062 -7.53638 11.6686
      vertex 5.07521 -6.73549 11.9289
    endloop
  endfacet
  facet normal 0.439445 -0.627702 -0.642556
    outer loop
      vertex 17.5205 -26.0423 -7.38784
      vertex 16.9966 -26.2752 -7.51862
      vertex 18.2568 -25.5607 -7.35475
    endloop
  endfacet
  facet normal 0.439473 -0.627364 -0.642867
    outer loop
      vertex 18.9457 -22.0522 -10.3089
      vertex 18.1131 -21.8251 -11.0997
      vertex 18.561 -21.8952 -10.7251
    endloop
  endfacet
  facet normal 0.484901 -0.436673 0.757752
    outer loop
      vertex 5.29784 -6.54571 11.8958
      vertex 5.07521 -6.73549 11.9289
      vertex 18.2568 -25.5607 -7.35475
    endloop
  endfacet
  facet normal -0.439534 0.627099 0.643083
    outer loop
      vertex 3.55062 -7.53638 11.6686
      vertex 2.3048 -7.64046 10.9186
      vertex 2.53564 -7.66438 11.0997
    endloop
  endfacet
  facet normal -0.439368 0.627514 0.642792
    outer loop
      vertex 1.39639 -7.19941 9.86707
      vertex 1.04492 -6.10505 8.55848
      vertex 1.17956 -6.88975 9.41656
    endloop
  endfacet
  facet normal -0.898137 -0.293319 -0.327588
    outer loop
      vertex 14.2215 -25.1426 -10.5213
      vertex 1.04492 -6.10505 8.55848
      vertex 14.2265 -24.9303 -10.7251
    endloop
  endfacet
  facet normal 0.439387 -0.627502 -0.642791
    outer loop
      vertex 14.8846 -26.2625 -8.9747
      vertex 14.2891 -25.5368 -10.0902
      vertex 16.9966 -26.2752 -7.51862
    endloop
  endfacet
  facet normal -0.439689 0.626859 0.643212
    outer loop
      vertex 3.0296 -7.64482 11.4183
      vertex 2.53564 -7.66438 11.0997
      vertex 2.77802 -7.66583 11.2668
    endloop
  endfacet
  facet normal 0.439381 -0.627523 -0.642775
    outer loop
      vertex 14.2891 -25.5368 -10.0902
      vertex 14.2265 -24.9303 -10.7251
      vertex 19.4349 -24.0576 -8.01679
    endloop
  endfacet
  facet normal -0.884188 -0.428444 -0.186138
    outer loop
      vertex 1.10758 -6.71163 9.19347
      vertex 1.06089 -6.52023 8.9747
      vertex 14.2891 -25.5368 -10.0902
    endloop
  endfacet
  facet normal 0.276908 0.77533 -0.567614
    outer loop
      vertex 17.8707 -21.8236 -11.2668
      vertex 5 -3.80673 7.06433
      vertex 5 -3.44233 7.56208
    endloop
  endfacet
  facet normal -0.823288 0.00495056 -0.567603
    outer loop
      vertex 14.5012 -24.0279 -11.4183
      vertex 1.21381 -5.43191 8.01679
      vertex 1.31961 -5.20269 7.86533
    endloop
  endfacet
  facet normal 0.89547 0.362711 0.258019
    outer loop
      vertex 19.6088 -23.1721 -8.76236
      vertex 6.40631 -4.14404 10.3089
      vertex 6.42727 -4.34688 10.5213
    endloop
  endfacet
  facet normal -0.439385 0.627509 0.642786
    outer loop
      vertex 5.8675 -5.91409 11.6686
      vertex 1.21381 -5.43191 8.01679
      vertex 3.55062 -7.53638 11.6686
    endloop
  endfacet
  facet normal -0.439282 0.627452 0.642912
    outer loop
      vertex 5.8675 -5.91409 11.6686
      vertex 5.07521 -6.73549 11.9289
      vertex 5.29784 -6.54571 11.8958
    endloop
  endfacet
  facet normal -0.43866 0.627418 0.643369
    outer loop
      vertex 1.31961 -5.20269 7.86533
      vertex 1.43566 -5 7.74679
      vertex 1.43434 -5 7.74589
    endloop
  endfacet
  facet normal -0.43963 0.627525 0.642602
    outer loop
      vertex 1.43566 -5 7.74679
      vertex 1.31961 -5.20269 7.86533
      vertex 1.21381 -5.43191 8.01679
    endloop
  endfacet
  facet normal -0.854544 -0.0713825 -0.514451
    outer loop
      vertex 14.3954 -24.2571 -11.2668
      vertex 1.13228 -5.66017 8.18389
      vertex 1.21381 -5.43191 8.01679
    endloop
  endfacet
  facet normal -0.439388 0.627502 0.642791
    outer loop
      vertex 5 -3.52339 8.74173
      vertex 5.92805 -3.3363 9.19347
      vertex 5 -3.0832 8.31201
    endloop
  endfacet
  facet normal -0.439387 0.627507 0.642787
    outer loop
      vertex 5.92805 -3.3363 9.19347
      vertex 5 -3.52339 8.74173
      vertex 6.14759 -5.46158 11.4183
    endloop
  endfacet
  facet normal 0.784149 -0.081156 0.615243
    outer loop
      vertex 19.3291 -24.2868 -7.86533
      vertex 6.01855 -5.68956 11.5526
      vertex 19.2001 -24.5148 -7.73099
    endloop
  endfacet
  facet normal 0.439459 -0.627022 -0.64321
    outer loop
      vertex 16.7322 -26.3616 -7.61504
      vertex 16.2112 -26.47 -7.86533
      vertex 16.9966 -26.2752 -7.51862
    endloop
  endfacet
  facet normal 0.43936 -0.627491 -0.64282
    outer loop
      vertex 18.2568 -25.5607 -7.35475
      vertex 16.9966 -26.2752 -7.51862
      vertex 19.4349 -24.0576 -8.01679
    endloop
  endfacet
  facet normal -0.439452 0.627518 0.64273
    outer loop
      vertex 1.45829 -5 7.76226
      vertex 1.21381 -5.43191 8.01679
      vertex 1.48115 -5 7.77789
    endloop
  endfacet
  facet normal 0.439928 -0.624661 -0.645183
    outer loop
      vertex 17.6191 -21.8447 -11.4183
      vertex 17.0981 -21.9531 -11.6686
      vertex 17.3608 -21.8879 -11.5526
    endloop
  endfacet
  facet normal 0.437765 -0.628176 -0.64324
    outer loop
      vertex 14.2424 -25.3454 -10.3089
      vertex 14.2265 -24.9303 -10.7251
      vertex 14.2891 -25.5368 -10.0902
    endloop
  endfacet
  facet normal -0.439448 0.627479 0.642772
    outer loop
      vertex 1.17956 -6.88975 9.41656
      vertex 1.04492 -6.10505 8.55848
      vertex 1.06089 -6.52023 8.9747
    endloop
  endfacet
  facet normal -0.438275 -0.774365 0.45637
    outer loop
      vertex 2.53564 -7.66438 11.0997
      vertex 2.3048 -7.64046 10.9186
      vertex 15.4863 -26.4657 -8.36504
    endloop
  endfacet
  facet normal -0.439284 0.627801 0.642569
    outer loop
      vertex 3.55062 -7.53638 11.6686
      vertex 2.08771 -7.59431 10.7251
      vertex 2.3048 -7.64046 10.9186
    endloop
  endfacet
  facet normal -0.439434 0.627434 0.642825
    outer loop
      vertex 3.55062 -7.53638 11.6686
      vertex 1.39639 -7.19941 9.86707
      vertex 2.08771 -7.59431 10.7251
    endloop
  endfacet
  facet normal 0.439392 -0.627491 -0.642798
    outer loop
      vertex 15.4863 -26.4657 -8.36504
      vertex 14.8846 -26.2625 -8.9747
      vertex 16.9966 -26.2752 -7.51862
    endloop
  endfacet
  facet normal 0.439382 -0.627509 -0.642788
    outer loop
      vertex 16.9966 -26.2752 -7.51862
      vertex 14.2891 -25.5368 -10.0902
      vertex 19.4349 -24.0576 -8.01679
    endloop
  endfacet
  facet normal -0.359333 -0.778596 0.514459
    outer loop
      vertex 2.53564 -7.66438 11.0997
      vertex 15.9596 -26.491 -8.01679
      vertex 2.77802 -7.66583 11.2668
    endloop
  endfacet
  facet normal -0.359205 -0.778596 0.514549
    outer loop
      vertex 15.9596 -26.491 -8.01679
      vertex 2.53564 -7.66438 11.0997
      vertex 15.7172 -26.4896 -8.18389
    endloop
  endfacet
  facet normal -0.892153 -0.22128 -0.393824
    outer loop
      vertex 14.2265 -24.9303 -10.7251
      vertex 1.04492 -6.10505 8.55848
      vertex 14.2574 -24.7105 -10.9186
    endloop
  endfacet
  facet normal -0.877576 -0.147037 -0.456335
    outer loop
      vertex 14.3138 -24.4854 -11.0997
      vertex 1.0758 -5.88528 8.36504
      vertex 1.13228 -5.66017 8.18389
    endloop
  endfacet
  facet normal 0.43941 -0.62752 -0.642758
    outer loop
      vertex 17.0981 -21.9531 -11.6686
      vertex 14.2265 -24.9303 -10.7251
      vertex 14.7813 -23.5754 -11.6686
    endloop
  endfacet
  facet normal 0.704928 0.684387 -0.186256
    outer loop
      vertex 18.9457 -22.0522 -10.3089
      vertex 5.92805 -3.3363 9.19347
      vertex 19.1096 -22.1615 -10.0902
    endloop
  endfacet
  facet normal 0.439338 -0.627531 -0.642796
    outer loop
      vertex 19.4349 -24.0576 -8.01679
      vertex 18.1131 -21.8251 -11.0997
      vertex 19.1096 -22.1615 -10.0902
    endloop
  endfacet
  facet normal -0.439416 0.627477 0.642795
    outer loop
      vertex 5.76416 -3.22696 8.9747
      vertex 5.37949 -3.06996 8.55848
      vertex 5.92805 -3.3363 9.19347
    endloop
  endfacet
  facet normal 0.582663 0.743703 -0.327736
    outer loop
      vertex 18.561 -21.8952 -10.7251
      vertex 5.58072 -3.13789 8.76236
      vertex 18.7623 -21.9631 -10.5213
    endloop
  endfacet
  facet normal -0.0709845 0.689068 -0.721211
    outer loop
      vertex 16.5701 -22.1462 -11.841
      vertex 4.90255 -5 5.68939
      vertex 16.8337 -22.0395 -11.765
    endloop
  endfacet
  facet normal -0.0711775 0.688992 -0.721265
    outer loop
      vertex 4.90255 -5 5.68939
      vertex 16.5701 -22.1462 -11.841
      vertex 4.87063 -5 5.69254
    endloop
  endfacet
  facet normal -0.823315 0.00489031 -0.567564
    outer loop
      vertex 14.3954 -24.2571 -11.2668
      vertex 1.21381 -5.43191 8.01679
      vertex 14.5012 -24.0279 -11.4183
    endloop
  endfacet
  facet normal 0.898138 0.293318 0.327586
    outer loop
      vertex 6.42727 -4.34688 10.5213
      vertex 6.42228 -4.55921 10.7251
      vertex 19.6088 -23.1721 -8.76236
    endloop
  endfacet
  facet normal 0.823316 -0.00489142 0.567562
    outer loop
      vertex 6.14759 -5.46158 11.4183
      vertex 19.4349 -24.0576 -8.01679
      vertex 6.25339 -5.23236 11.2668
    endloop
  endfacet
  facet normal 0.823289 -0.0049522 0.567601
    outer loop
      vertex 19.4349 -24.0576 -8.01679
      vertex 6.14759 -5.46158 11.4183
      vertex 19.3291 -24.2868 -7.86533
    endloop
  endfacet
  facet normal 0.4083 -0.497865 0.765128
    outer loop
      vertex 5.07521 -6.73549 11.9289
      vertex 4.83966 -6.91176 11.9399
      vertex 18.2568 -25.5607 -7.35475
    endloop
  endfacet
  facet normal 0.439368 -0.627518 -0.642788
    outer loop
      vertex 19.4349 -24.0576 -8.01679
      vertex 19.1096 -22.1615 -10.0902
      vertex 19.5165 -23.8293 -8.18389
    endloop
  endfacet
  facet normal -0.439459 0.627449 0.642794
    outer loop
      vertex 6.28764 -3.77452 9.86707
      vertex 5.92805 -3.3363 9.19347
      vertex 6.40631 -4.14404 10.3089
    endloop
  endfacet
  facet normal -0.440129 0.627291 0.64249
    outer loop
      vertex 6.40631 -4.14404 10.3089
      vertex 6.33492 -5.00409 11.0997
      vertex 6.42727 -4.34688 10.5213
    endloop
  endfacet
  facet normal 0.898139 0.293383 0.327525
    outer loop
      vertex 19.6088 -23.1721 -8.76236
      vertex 6.42228 -4.55921 10.7251
      vertex 19.6038 -23.3844 -8.55848
    endloop
  endfacet
  facet normal 0.244483 -0.605015 0.75775
    outer loop
      vertex 4.59346 -7.07281 11.9289
      vertex 4.33898 -7.2171 11.8958
      vertex 17.5205 -26.0423 -7.38784
    endloop
  endfacet
  facet normal -0.439376 0.627441 0.642857
    outer loop
      vertex 4.33898 -7.2171 11.8958
      vertex 3.55062 -7.53638 11.6686
      vertex 4.07867 -7.34324 11.841
    endloop
  endfacet
  facet normal 0.439349 -0.627522 -0.642797
    outer loop
      vertex 14.7813 -23.5754 -11.6686
      vertex 14.2265 -24.9303 -10.7251
      vertex 14.5012 -24.0279 -11.4183
    endloop
  endfacet
  facet normal -0.484961 0.436623 -0.757742
    outer loop
      vertex 15.3509 -22.9438 -11.8958
      vertex 3.14207 -5 6.25744
      vertex 15.5735 -22.754 -11.9289
    endloop
  endfacet
  facet normal -0.484873 0.436697 -0.757756
    outer loop
      vertex 3.14207 -5 6.25744
      vertex 15.3509 -22.9438 -11.8958
      vertex 2.78655 -5 6.48493
    endloop
  endfacet
  facet normal -0.836253 -0.547055 -0.0375798
    outer loop
      vertex 1.27614 -7.05286 9.64181
      vertex 1.17956 -6.88975 9.41656
      vertex 14.4577 -25.8781 -9.64181
    endloop
  endfacet
  facet normal -0.439318 0.62755 0.642792
    outer loop
      vertex 1.39639 -7.19941 9.86707
      vertex 1.17956 -6.88975 9.41656
      vertex 1.27614 -7.05286 9.64181
    endloop
  endfacet
  facet normal -0.88419 -0.428434 -0.186148
    outer loop
      vertex 14.2891 -25.5368 -10.0902
      vertex 1.06089 -6.52023 8.9747
      vertex 14.2424 -25.3454 -10.3089
    endloop
  endfacet
  facet normal -0.898139 -0.293383 -0.327525
    outer loop
      vertex 14.2215 -25.1426 -10.5213
      vertex 1.03993 -6.31738 8.76236
      vertex 1.04492 -6.10505 8.55848
    endloop
  endfacet
  facet normal -0.513119 -0.762657 0.39378
    outer loop
      vertex 2.3048 -7.64046 10.9186
      vertex 2.08771 -7.59431 10.7251
      vertex 15.4863 -26.4657 -8.36504
    endloop
  endfacet
  facet normal 0.439488 -0.627369 -0.642852
    outer loop
      vertex 15.2693 -26.4195 -8.55848
      vertex 14.8846 -26.2625 -8.9747
      vertex 15.4863 -26.4657 -8.36504
    endloop
  endfacet
  facet normal -0.439082 0.62834 0.642181
    outer loop
      vertex 3.28797 -7.60153 11.5526
      vertex 2.53564 -7.66438 11.0997
      vertex 3.0296 -7.64482 11.4183
    endloop
  endfacet
  facet normal -0.439378 0.627493 0.642807
    outer loop
      vertex 2.08771 -7.59431 10.7251
      vertex 1.39639 -7.19941 9.86707
      vertex 1.70303 -7.43731 10.3089
    endloop
  endfacet
  facet normal -0.513271 -0.762626 0.393643
    outer loop
      vertex 15.4863 -26.4657 -8.36504
      vertex 2.08771 -7.59431 10.7251
      vertex 15.2693 -26.4195 -8.55848
    endloop
  endfacet
  facet normal 0.442218 -0.626875 -0.64146
    outer loop
      vertex 14.3138 -24.4854 -11.0997
      vertex 14.2265 -24.9303 -10.7251
      vertex 14.2574 -24.7105 -10.9186
    endloop
  endfacet
  facet normal -0.877607 -0.147165 -0.456234
    outer loop
      vertex 14.2574 -24.7105 -10.9186
      vertex 1.0758 -5.88528 8.36504
      vertex 14.3138 -24.4854 -11.0997
    endloop
  endfacet
  facet normal -0.439387 0.627508 0.642785
    outer loop
      vertex 1.48115 -5 7.77789
      vertex 1.21381 -5.43191 8.01679
      vertex 1.83064 -5 8.01679
    endloop
  endfacet
  facet normal -0.439383 0.627512 0.642784
    outer loop
      vertex 6.14759 -5.46158 11.4183
      vertex 1.21381 -5.43191 8.01679
      vertex 5.8675 -5.91409 11.6686
    endloop
  endfacet
  facet normal -0.439364 0.627511 0.642798
    outer loop
      vertex 6.40631 -4.14404 10.3089
      vertex 5.92805 -3.3363 9.19347
      vertex 6.33492 -5.00409 11.0997
    endloop
  endfacet
  facet normal -0.439369 0.627516 0.642789
    outer loop
      vertex 6.19106 -3.6114 9.64181
      vertex 5.92805 -3.3363 9.19347
      vertex 6.28764 -3.77452 9.86707
    endloop
  endfacet
  facet normal -0.439621 0.627234 0.642893
    outer loop
      vertex 5.58072 -3.13789 8.76236
      vertex 5.37949 -3.06996 8.55848
      vertex 5.76416 -3.22696 8.9747
    endloop
  endfacet
  facet normal 0.439514 -0.627307 -0.642894
    outer loop
      vertex 19.1096 -22.1615 -10.0902
      vertex 18.1131 -21.8251 -11.0997
      vertex 18.9457 -22.0522 -10.3089
    endloop
  endfacet
  facet normal 0.438337 0.77436 -0.45632
    outer loop
      vertex 5.1624 -3.02381 8.36504
      vertex 5 -3.09763 8.08377
      vertex 5 -3.00698 8.2376
    endloop
  endfacet
  facet normal 0.438338 0.774359 -0.45632
    outer loop
      vertex 5 -3.09763 8.08377
      vertex 5.1624 -3.02381 8.36504
      vertex 18.1131 -21.8251 -11.0997
    endloop
  endfacet
  facet normal 0.191837 0.764601 -0.615292
    outer loop
      vertex 17.3608 -21.8879 -11.5526
      vertex 5 -4.23492 6.53026
      vertex 5 -3.84059 7.02028
    endloop
  endfacet
  facet normal -0.439301 0.627541 0.642811
    outer loop
      vertex 6.33492 -5.00409 11.0997
      vertex 5.92805 -3.3363 9.19347
      vertex 6.14759 -5.46158 11.4183
    endloop
  endfacet
  facet normal 0.683489 -0.230796 0.692514
    outer loop
      vertex 5.8675 -5.91409 11.6686
      vertex 5.6959 -6.13302 11.765
      vertex 19.049 -24.7393 -7.61504
    endloop
  endfacet
  facet normal 0.439454 -0.627717 -0.642535
    outer loop
      vertex 17.775 -25.898 -7.35475
      vertex 17.5205 -26.0423 -7.38784
      vertex 18.2568 -25.5607 -7.35475
    endloop
  endfacet
  facet normal -0.439362 0.627491 0.642819
    outer loop
      vertex 5.8675 -5.91409 11.6686
      vertex 5.29784 -6.54571 11.8958
      vertex 5.5054 -6.34424 11.841
    endloop
  endfacet
  facet normal 0.43712 -0.627162 -0.644666
    outer loop
      vertex 19.2001 -24.5148 -7.73099
      vertex 19.049 -24.7393 -7.61504
      vertex 19.3291 -24.2868 -7.86533
    endloop
  endfacet
  facet normal -0.439382 0.627499 0.642797
    outer loop
      vertex 5.07521 -6.73549 11.9289
      vertex 3.55062 -7.53638 11.6686
      vertex 4.33898 -7.2171 11.8958
    endloop
  endfacet
  facet normal -0.438904 0.626691 0.643912
    outer loop
      vertex 5.07521 -6.73549 11.9289
      vertex 4.33898 -7.2171 11.8958
      vertex 4.83966 -6.91176 11.9399
    endloop
  endfacet
  facet normal 0.438029 -0.628019 -0.643213
    outer loop
      vertex 19.6038 -23.3844 -8.55848
      vertex 19.5879 -22.9692 -8.9747
      vertex 19.6088 -23.1721 -8.76236
    endloop
  endfacet
  facet normal 0.439482 -0.627463 -0.642764
    outer loop
      vertex 19.5165 -23.8293 -8.18389
      vertex 19.1096 -22.1615 -10.0902
      vertex 19.5412 -22.7778 -9.19347
    endloop
  endfacet
  facet normal 0.836258 0.547046 0.0375937
    outer loop
      vertex 19.4692 -22.5997 -9.41656
      vertex 6.19106 -3.6114 9.64181
      vertex 6.28764 -3.77452 9.86707
    endloop
  endfacet
  facet normal 0.892163 0.221335 0.393772
    outer loop
      vertex 6.42228 -4.55921 10.7251
      vertex 6.3914 -4.77899 10.9186
      vertex 19.5729 -23.6042 -8.36504
    endloop
  endfacet
  facet normal 0.0711253 -0.689012 0.721251
    outer loop
      vertex 4.07867 -7.34324 11.841
      vertex 3.81504 -7.45001 11.765
      vertex 16.9966 -26.2752 -7.51862
    endloop
  endfacet
  facet normal -0.439345 0.626643 0.643657
    outer loop
      vertex 4.07867 -7.34324 11.841
      vertex 3.55062 -7.53638 11.6686
      vertex 3.81504 -7.45001 11.765
    endloop
  endfacet
  facet normal -0.328106 0.554013 -0.765125
    outer loop
      vertex 15.8091 -22.5777 -11.9399
      vertex 3.52503 -5 6.05553
      vertex 16.0553 -22.4167 -11.9289
    endloop
  endfacet
  facet normal -0.32786 0.554173 -0.765114
    outer loop
      vertex 3.52503 -5 6.05553
      vertex 15.8091 -22.5777 -11.9399
      vertex 3.50104 -5 6.06581
    endloop
  endfacet
  facet normal -0.244486 0.605012 -0.757751
    outer loop
      vertex 16.0553 -22.4167 -11.9289
      vertex 4.21552 -5 5.79719
      vertex 16.3098 -22.2724 -11.8958
    endloop
  endfacet
  facet normal -0.244499 0.605005 -0.757753
    outer loop
      vertex 4.21552 -5 5.79719
      vertex 16.0553 -22.4167 -11.9289
      vertex 3.86001 -5 5.9119
    endloop
  endfacet
  facet normal 0.439337 -0.627415 -0.64291
    outer loop
      vertex 17.0981 -21.9531 -11.6686
      vertex 14.7813 -23.5754 -11.6686
      vertex 15.8091 -22.5777 -11.9399
    endloop
  endfacet
  facet normal -0.683474 0.230812 -0.692524
    outer loop
      vertex 14.7813 -23.5754 -11.6686
      vertex 2.09953 -5 7.03845
      vertex 14.9529 -23.3565 -11.765
    endloop
  endfacet
  facet normal -0.683171 0.231192 -0.692696
    outer loop
      vertex 2.09953 -5 7.03845
      vertex 14.7813 -23.5754 -11.6686
      vertex 2.09153 -5 7.04634
    endloop
  endfacet
  facet normal -0.864387 -0.4901 -0.112412
    outer loop
      vertex 1.17956 -6.88975 9.41656
      vertex 1.10758 -6.71163 9.19347
      vertex 14.2891 -25.5368 -10.0902
    endloop
  endfacet
  facet normal -0.439328 0.627542 0.642792
    outer loop
      vertex 1.17956 -6.88975 9.41656
      vertex 1.06089 -6.52023 8.9747
      vertex 1.10758 -6.71163 9.19347
    endloop
  endfacet
  facet normal -0.864402 -0.490064 -0.112457
    outer loop
      vertex 14.3611 -25.715 -9.86707
      vertex 1.17956 -6.88975 9.41656
      vertex 14.2891 -25.5368 -10.0902
    endloop
  endfacet
  facet normal 0.440418 -0.626839 -0.642732
    outer loop
      vertex 14.3611 -25.715 -9.86707
      vertex 14.2891 -25.5368 -10.0902
      vertex 14.4577 -25.8781 -9.64181
    endloop
  endfacet
  facet normal -0.895479 -0.36262 -0.258115
    outer loop
      vertex 14.2424 -25.3454 -10.3089
      vertex 1.06089 -6.52023 8.9747
      vertex 14.2215 -25.1426 -10.5213
    endloop
  endfacet
  facet normal 0.442778 -0.626338 -0.641598
    outer loop
      vertex 14.2424 -25.3454 -10.3089
      vertex 14.2215 -25.1426 -10.5213
      vertex 14.2265 -24.9303 -10.7251
    endloop
  endfacet
  facet normal -0.895474 -0.362667 -0.258067
    outer loop
      vertex 1.06089 -6.52023 8.9747
      vertex 1.03993 -6.31738 8.76236
      vertex 14.2215 -25.1426 -10.5213
    endloop
  endfacet
  facet normal -0.43891 0.627676 0.642948
    outer loop
      vertex 1.04492 -6.10505 8.55848
      vertex 1.03993 -6.31738 8.76236
      vertex 1.06089 -6.52023 8.9747
    endloop
  endfacet
  facet normal 0.440959 -0.626041 -0.643139
    outer loop
      vertex 14.7207 -26.1532 -9.19347
      vertex 14.5779 -26.0246 -9.41656
      vertex 14.8846 -26.2625 -8.9747
    endloop
  endfacet
  facet normal -0.705006 -0.684335 0.186151
    outer loop
      vertex 1.70303 -7.43731 10.3089
      vertex 1.53915 -7.32797 10.0902
      vertex 14.8846 -26.2625 -8.9747
    endloop
  endfacet
  facet normal -0.438224 -0.774371 0.456409
    outer loop
      vertex 15.7172 -26.4896 -8.18389
      vertex 2.53564 -7.66438 11.0997
      vertex 15.4863 -26.4657 -8.36504
    endloop
  endfacet
  facet normal -0.191745 -0.764586 0.615339
    outer loop
      vertex 16.2112 -26.47 -7.86533
      vertex 3.28797 -7.60153 11.5526
      vertex 3.0296 -7.64482 11.4183
    endloop
  endfacet
  facet normal -0.191836 -0.764601 0.615292
    outer loop
      vertex 3.28797 -7.60153 11.5526
      vertex 16.2112 -26.47 -7.86533
      vertex 16.4695 -26.4267 -7.73099
    endloop
  endfacet
  facet normal -0.0168958 -0.721207 0.692513
    outer loop
      vertex 16.7322 -26.3616 -7.61504
      vertex 3.81504 -7.45001 11.765
      vertex 3.55062 -7.53638 11.6686
    endloop
  endfacet
  facet normal -0.016873 -0.7212 0.692521
    outer loop
      vertex 3.81504 -7.45001 11.765
      vertex 16.7322 -26.3616 -7.61504
      vertex 16.9966 -26.2752 -7.51862
    endloop
  endfacet
  facet normal 0.435582 -0.626926 -0.645935
    outer loop
      vertex 14.7813 -23.5754 -11.6686
      vertex 14.5012 -24.0279 -11.4183
      vertex 14.6302 -23.7999 -11.5526
    endloop
  endfacet
  facet normal -0.73736 0.156755 -0.65706
    outer loop
      vertex 14.6302 -23.7999 -11.5526
      vertex 1.46636 -5 7.70508
      vertex 1.77059 -5 7.36367
    endloop
  endfacet
  facet normal 0.756181 0.644634 -0.112413
    outer loop
      vertex 19.1096 -22.1615 -10.0902
      vertex 5.92805 -3.3363 9.19347
      vertex 6.07081 -3.46486 9.41656
    endloop
  endfacet
  facet normal -0.43948 0.627428 0.6428
    outer loop
      vertex 6.07081 -3.46486 9.41656
      vertex 5.92805 -3.3363 9.19347
      vertex 6.19106 -3.6114 9.64181
    endloop
  endfacet
  facet normal 0.513061 0.762669 -0.393833
    outer loop
      vertex 18.561 -21.8952 -10.7251
      vertex 5.1624 -3.02381 8.36504
      vertex 5.37949 -3.06996 8.55848
    endloop
  endfacet
  facet normal 0.437995 -0.629745 -0.641546
    outer loop
      vertex 18.561 -21.8952 -10.7251
      vertex 18.1131 -21.8251 -11.0997
      vertex 18.344 -21.849 -10.9186
    endloop
  endfacet
  facet normal -0.437459 0.627209 0.64439
    outer loop
      vertex 6.14759 -5.46158 11.4183
      vertex 5.8675 -5.91409 11.6686
      vertex 6.01855 -5.68956 11.5526
    endloop
  endfacet
  facet normal 0.737424 -0.156659 0.657011
    outer loop
      vertex 6.01855 -5.68956 11.5526
      vertex 5.8675 -5.91409 11.6686
      vertex 19.2001 -24.5148 -7.73099
    endloop
  endfacet
  facet normal 0.864383 0.490111 0.112402
    outer loop
      vertex 19.5412 -22.7778 -9.19347
      vertex 6.28764 -3.77452 9.86707
      vertex 6.35962 -3.95264 10.0902
    endloop
  endfacet
  facet normal 0.864364 0.490157 0.112343
    outer loop
      vertex 6.28764 -3.77452 9.86707
      vertex 19.5412 -22.7778 -9.19347
      vertex 19.4692 -22.5997 -9.41656
    endloop
  endfacet
  facet normal 0.64707 0.717429 -0.258063
    outer loop
      vertex 18.9457 -22.0522 -10.3089
      vertex 5.58072 -3.13789 8.76236
      vertex 5.76416 -3.22696 8.9747
    endloop
  endfacet
  facet normal 0.705018 0.684326 -0.186137
    outer loop
      vertex 18.9457 -22.0522 -10.3089
      vertex 5.76416 -3.22696 8.9747
      vertex 5.92805 -3.3363 9.19347
    endloop
  endfacet
  facet normal -0.439285 0.627662 0.642705
    outer loop
      vertex 5 -3.02299 8.25323
      vertex 5.37949 -3.06996 8.55848
      vertex 5 -3.0106 8.24113
    endloop
  endfacet
  facet normal -0.439351 0.62755 0.642769
    outer loop
      vertex 5.37949 -3.06996 8.55848
      vertex 5 -3.02299 8.25323
      vertex 5.92805 -3.3363 9.19347
    endloop
  endfacet
  facet normal 0.582871 0.743631 -0.327528
    outer loop
      vertex 18.561 -21.8952 -10.7251
      vertex 5.37949 -3.06996 8.55848
      vertex 5.58072 -3.13789 8.76236
    endloop
  endfacet
  facet normal 0.192118 0.764647 -0.615147
    outer loop
      vertex 17.6191 -21.8447 -11.4183
      vertex 5 -3.84059 7.02028
      vertex 5 -3.82265 7.04258
    endloop
  endfacet
  facet normal 0.191991 0.764626 -0.615213
    outer loop
      vertex 5 -3.84059 7.02028
      vertex 17.6191 -21.8447 -11.4183
      vertex 17.3608 -21.8879 -11.5526
    endloop
  endfacet
  facet normal 0.277068 0.775344 -0.567516
    outer loop
      vertex 17.8707 -21.8236 -11.2668
      vertex 5 -3.82265 7.04258
      vertex 5 -3.80673 7.06433
    endloop
  endfacet
  facet normal 0.276804 0.77532 -0.567678
    outer loop
      vertex 5 -3.82265 7.04258
      vertex 17.8707 -21.8236 -11.2668
      vertex 17.6191 -21.8447 -11.4183
    endloop
  endfacet
  facet normal 0.440061 -0.629163 -0.640703
    outer loop
      vertex 16.3098 -22.2724 -11.8958
      vertex 15.8091 -22.5777 -11.9399
      vertex 16.0553 -22.4167 -11.9289
    endloop
  endfacet
  facet normal 0.244509 -0.605 0.757753
    outer loop
      vertex 17.775 -25.898 -7.35475
      vertex 4.59346 -7.07281 11.9289
      vertex 17.5205 -26.0423 -7.38784
    endloop
  endfacet
  facet normal 0.327954 -0.554112 0.765119
    outer loop
      vertex 4.83966 -6.91176 11.9399
      vertex 17.775 -25.898 -7.35475
      vertex 18.0212 -25.737 -7.34368
    endloop
  endfacet
  facet normal 0.328186 -0.553963 0.765127
    outer loop
      vertex 17.775 -25.898 -7.35475
      vertex 4.83966 -6.91176 11.9399
      vertex 4.59346 -7.07281 11.9289
    endloop
  endfacet
  facet normal 0.158603 -0.650128 0.743087
    outer loop
      vertex 4.33898 -7.2171 11.8958
      vertex 4.07867 -7.34324 11.841
      vertex 17.5205 -26.0423 -7.38784
    endloop
  endfacet
  facet normal 0.439622 -0.628736 -0.641424
    outer loop
      vertex 17.2602 -26.1684 -7.44264
      vertex 16.9966 -26.2752 -7.51862
      vertex 17.5205 -26.0423 -7.38784
    endloop
  endfacet
  facet normal 0.438988 -0.627051 -0.643503
    outer loop
      vertex 18.0212 -25.737 -7.34368
      vertex 17.775 -25.898 -7.35475
      vertex 18.2568 -25.5607 -7.35475
    endloop
  endfacet
  facet normal 0.40843 -0.497766 0.765123
    outer loop
      vertex 18.2568 -25.5607 -7.35475
      vertex 4.83966 -6.91176 11.9399
      vertex 18.0212 -25.737 -7.34368
    endloop
  endfacet
  facet normal 0.737296 -0.156853 0.657109
    outer loop
      vertex 19.2001 -24.5148 -7.73099
      vertex 5.8675 -5.91409 11.6686
      vertex 19.049 -24.7393 -7.61504
    endloop
  endfacet
  facet normal 0.784064 -0.0813088 0.615331
    outer loop
      vertex 6.14759 -5.46158 11.4183
      vertex 6.01855 -5.68956 11.5526
      vertex 19.3291 -24.2868 -7.86533
    endloop
  endfacet
  facet normal 0.439189 -0.627488 -0.64294
    outer loop
      vertex 19.049 -24.7393 -7.61504
      vertex 18.8774 -24.9582 -7.51862
      vertex 19.3291 -24.2868 -7.86533
    endloop
  endfacet
  facet normal 0.556681 -0.371389 0.743086
    outer loop
      vertex 5.5054 -6.34424 11.841
      vertex 5.29784 -6.54571 11.8958
      vertex 18.4794 -25.3709 -7.38784
    endloop
  endfacet
  facet normal 0.439212 -0.627587 -0.642828
    outer loop
      vertex 19.6038 -23.3844 -8.55848
      vertex 19.5412 -22.7778 -9.19347
      vertex 19.5879 -22.9692 -8.9747
    endloop
  endfacet
  facet normal 0.895491 0.3625 0.258244
    outer loop
      vertex 19.5879 -22.9692 -8.9747
      vertex 6.40631 -4.14404 10.3089
      vertex 19.6088 -23.1721 -8.76236
    endloop
  endfacet
  facet normal 0.877562 0.146981 0.456378
    outer loop
      vertex 6.3914 -4.77899 10.9186
      vertex 6.33492 -5.00409 11.0997
      vertex 19.5729 -23.6042 -8.36504
    endloop
  endfacet
  facet normal -0.438363 0.627729 0.643269
    outer loop
      vertex 6.42727 -4.34688 10.5213
      vertex 6.33492 -5.00409 11.0997
      vertex 6.42228 -4.55921 10.7251
    endloop
  endfacet
  facet normal 0.80009 0.598703 -0.03756
    outer loop
      vertex 19.2524 -22.2901 -9.86707
      vertex 6.19106 -3.6114 9.64181
      vertex 19.3726 -22.4366 -9.64181
    endloop
  endfacet
  facet normal 0.437608 -0.628972 -0.642568
    outer loop
      vertex 19.3726 -22.4366 -9.64181
      vertex 19.1096 -22.1615 -10.0902
      vertex 19.2524 -22.2901 -9.86707
    endloop
  endfacet
  facet normal -0.441239 0.627129 0.641886
    outer loop
      vertex 6.42228 -4.55921 10.7251
      vertex 6.33492 -5.00409 11.0997
      vertex 6.3914 -4.77899 10.9186
    endloop
  endfacet
  facet normal 0.877621 0.147225 0.456186
    outer loop
      vertex 19.5729 -23.6042 -8.36504
      vertex 6.33492 -5.00409 11.0997
      vertex 19.5165 -23.8293 -8.18389
    endloop
  endfacet
  facet normal -0.328063 0.554042 -0.765123
    outer loop
      vertex 16.0553 -22.4167 -11.9289
      vertex 3.52503 -5 6.05553
      vertex 3.86001 -5 5.9119
    endloop
  endfacet
  facet normal -0.071166 0.688997 -0.721262
    outer loop
      vertex 16.5701 -22.1462 -11.841
      vertex 4.56415 -5 5.72278
      vertex 4.87063 -5 5.69254
    endloop
  endfacet
  facet normal 0.439396 -0.628074 -0.642226
    outer loop
      vertex 17.0981 -21.9531 -11.6686
      vertex 16.5701 -22.1462 -11.841
      vertex 16.8337 -22.0395 -11.765
    endloop
  endfacet
  facet normal -0.408285 0.497876 -0.76513
    outer loop
      vertex 15.5735 -22.754 -11.9289
      vertex 3.50104 -5 6.06581
      vertex 15.8091 -22.5777 -11.9399
    endloop
  endfacet
  facet normal -0.40837 0.497813 -0.765125
    outer loop
      vertex 3.50104 -5 6.06581
      vertex 15.5735 -22.754 -11.9289
      vertex 3.47747 -5 6.07839
    endloop
  endfacet
  facet normal 0.439661 -0.627631 -0.642477
    outer loop
      vertex 15.8091 -22.5777 -11.9399
      vertex 14.7813 -23.5754 -11.6686
      vertex 15.5735 -22.754 -11.9289
    endloop
  endfacet
  facet normal 0.438782 -0.627594 -0.643115
    outer loop
      vertex 14.5012 -24.0279 -11.4183
      vertex 14.2265 -24.9303 -10.7251
      vertex 14.3138 -24.4854 -11.0997
    endloop
  endfacet
  facet normal -0.439391 0.627504 0.642786
    outer loop
      vertex 5 -3.78795 9
      vertex 6.14759 -5.46158 11.4183
      vertex 5 -3.52339 8.74173
    endloop
  endfacet
  facet normal -0.439385 0.627508 0.642786
    outer loop
      vertex 3.26901 -5 9
      vertex 6.14759 -5.46158 11.4183
      vertex 5 -3.78795 9
    endloop
  endfacet
  facet normal -0.439385 0.627505 0.64279
    outer loop
      vertex 1.21381 -5.43191 8.01679
      vertex 3.26901 -5 9
      vertex 1.83064 -5 8.01679
    endloop
  endfacet
  facet normal -0.439383 0.627511 0.642785
    outer loop
      vertex 3.26901 -5 9
      vertex 1.21381 -5.43191 8.01679
      vertex 6.14759 -5.46158 11.4183
    endloop
  endfacet
  facet normal -0.556699 0.371371 -0.743081
    outer loop
      vertex 15.1434 -23.1452 -11.841
      vertex 2.78655 -5 6.48493
      vertex 15.3509 -22.9438 -11.8958
    endloop
  endfacet
  facet normal -0.556689 0.371381 -0.743084
    outer loop
      vertex 2.78655 -5 6.48493
      vertex 15.1434 -23.1452 -11.841
      vertex 2.43792 -5 6.74611
    endloop
  endfacet
  facet normal 0.438894 -0.627247 -0.643377
    outer loop
      vertex 15.3509 -22.9438 -11.8958
      vertex 14.7813 -23.5754 -11.6686
      vertex 15.1434 -23.1452 -11.841
    endloop
  endfacet
  facet normal 0.439523 -0.627552 -0.642649
    outer loop
      vertex 15.5735 -22.754 -11.9289
      vertex 14.7813 -23.5754 -11.6686
      vertex 15.3509 -22.9438 -11.8958
    endloop
  endfacet
  facet normal -0.43751 0.629706 0.641915
    outer loop
      vertex 2.08771 -7.59431 10.7251
      vertex 1.70303 -7.43731 10.3089
      vertex 1.88648 -7.52637 10.5213
    endloop
  endfacet
  facet normal -0.647169 -0.717381 0.257946
    outer loop
      vertex 15.068 -26.3516 -8.76236
      vertex 1.70303 -7.43731 10.3089
      vertex 14.8846 -26.2625 -8.9747
    endloop
  endfacet
  facet normal -0.437684 0.629031 0.642459
    outer loop
      vertex 1.70303 -7.43731 10.3089
      vertex 1.39639 -7.19941 9.86707
      vertex 1.53915 -7.32797 10.0902
    endloop
  endfacet
  facet normal -0.756189 -0.644627 0.112402
    outer loop
      vertex 1.53915 -7.32797 10.0902
      vertex 1.39639 -7.19941 9.86707
      vertex 14.5779 -26.0246 -9.41656
    endloop
  endfacet
  facet normal -0.277022 -0.775339 0.567545
    outer loop
      vertex 15.9596 -26.491 -8.01679
      vertex 3.0296 -7.64482 11.4183
      vertex 2.77802 -7.66583 11.2668
    endloop
  endfacet
  facet normal -0.276962 -0.775335 0.567581
    outer loop
      vertex 3.0296 -7.64482 11.4183
      vertex 15.9596 -26.491 -8.01679
      vertex 16.2112 -26.47 -7.86533
    endloop
  endfacet
  facet normal -0.439586 0.626931 0.643212
    outer loop
      vertex 3.55062 -7.53638 11.6686
      vertex 2.53564 -7.66438 11.0997
      vertex 3.28797 -7.60153 11.5526
    endloop
  endfacet
  facet normal 0.438978 -0.629462 -0.641152
    outer loop
      vertex 16.4695 -26.4267 -7.73099
      vertex 16.2112 -26.47 -7.86533
      vertex 16.7322 -26.3616 -7.61504
    endloop
  endfacet
  facet normal -0.439448 0.627496 0.642755
    outer loop
      vertex 1.0758 -5.88528 8.36504
      vertex 1.04492 -6.10505 8.55848
      vertex 1.21381 -5.43191 8.01679
    endloop
  endfacet
  facet normal -0.439382 0.627507 0.64279
    outer loop
      vertex 1.21381 -5.43191 8.01679
      vertex 1.04492 -6.10505 8.55848
      vertex 1.39639 -7.19941 9.86707
    endloop
  endfacet
  facet normal 0.647202 0.717365 -0.257908
    outer loop
      vertex 18.7623 -21.9631 -10.5213
      vertex 5.58072 -3.13789 8.76236
      vertex 18.9457 -22.0522 -10.3089
    endloop
  endfacet
  facet normal 0.437455 -0.629756 -0.641904
    outer loop
      vertex 18.9457 -22.0522 -10.3089
      vertex 18.561 -21.8952 -10.7251
      vertex 18.7623 -21.9631 -10.5213
    endloop
  endfacet
  facet normal -0.439636 0.627062 0.64305
    outer loop
      vertex 5 -3.0106 8.24113
      vertex 5.1624 -3.02381 8.36504
      vertex 5 -3.00698 8.2376
    endloop
  endfacet
  facet normal -0.43949 0.627331 0.642888
    outer loop
      vertex 5.1624 -3.02381 8.36504
      vertex 5 -3.0106 8.24113
      vertex 5.37949 -3.06996 8.55848
    endloop
  endfacet
  facet normal 0.356732 0.778607 -0.51625
    outer loop
      vertex 18.1131 -21.8251 -11.0997
      vertex 5 -3.09946 8.08101
      vertex 5 -3.09763 8.08377
    endloop
  endfacet
  facet normal 0.359422 0.778594 -0.514399
    outer loop
      vertex 5 -3.09946 8.08101
      vertex 18.1131 -21.8251 -11.0997
      vertex 17.8707 -21.8236 -11.2668
    endloop
  endfacet
  facet normal 0.438163 0.774378 -0.456456
    outer loop
      vertex 18.1131 -21.8251 -11.0997
      vertex 5.1624 -3.02381 8.36504
      vertex 18.344 -21.849 -10.9186
    endloop
  endfacet
  facet normal 0.513329 0.762614 -0.39359
    outer loop
      vertex 18.344 -21.849 -10.9186
      vertex 5.1624 -3.02381 8.36504
      vertex 18.561 -21.8952 -10.7251
    endloop
  endfacet
  facet normal 0.359366 0.778595 -0.514437
    outer loop
      vertex 17.8707 -21.8236 -11.2668
      vertex 5 -3.44233 7.56208
      vertex 5 -3.09946 8.08101
    endloop
  endfacet
  facet normal -0.439376 0.627517 0.642783
    outer loop
      vertex 5 -3.02299 8.25323
      vertex 5 -3.0832 8.31201
      vertex 5.92805 -3.3363 9.19347
    endloop
  endfacet
  facet normal 0.440662 -0.624497 -0.644842
    outer loop
      vertex 18.1131 -21.8251 -11.0997
      vertex 17.6191 -21.8447 -11.4183
      vertex 17.8707 -21.8236 -11.2668
    endloop
  endfacet
  facet normal 0.439317 -0.627793 -0.642555
    outer loop
      vertex 18.1131 -21.8251 -11.0997
      vertex 17.0981 -21.9531 -11.6686
      vertex 17.6191 -21.8447 -11.4183
    endloop
  endfacet
  facet normal 0.15853 -0.650164 0.743071
    outer loop
      vertex 17.5205 -26.0423 -7.38784
      vertex 4.07867 -7.34324 11.841
      vertex 17.2602 -26.1684 -7.44264
    endloop
  endfacet
  facet normal 0.0712391 -0.688967 0.721283
    outer loop
      vertex 17.2602 -26.1684 -7.44264
      vertex 4.07867 -7.34324 11.841
      vertex 16.9966 -26.2752 -7.51862
    endloop
  endfacet
  facet normal 0.439188 -0.627301 -0.643124
    outer loop
      vertex 18.687 -25.1694 -7.44264
      vertex 18.2568 -25.5607 -7.35475
      vertex 18.8774 -24.9582 -7.51862
    endloop
  endfacet
  facet normal 0.556655 -0.371414 0.743093
    outer loop
      vertex 18.687 -25.1694 -7.44264
      vertex 5.5054 -6.34424 11.841
      vertex 18.4794 -25.3709 -7.38784
    endloop
  endfacet
  facet normal -0.438719 0.627228 0.643515
    outer loop
      vertex 5.8675 -5.91409 11.6686
      vertex 5.5054 -6.34424 11.841
      vertex 5.6959 -6.13302 11.765
    endloop
  endfacet
  facet normal 0.439518 -0.627558 -0.642647
    outer loop
      vertex 19.3291 -24.2868 -7.86533
      vertex 18.8774 -24.9582 -7.51862
      vertex 19.4349 -24.0576 -8.01679
    endloop
  endfacet
  facet normal 0.484941 -0.436639 0.757746
    outer loop
      vertex 18.4794 -25.3709 -7.38784
      vertex 5.29784 -6.54571 11.8958
      vertex 18.2568 -25.5607 -7.35475
    endloop
  endfacet
  facet normal 0.683502 -0.230779 0.692507
    outer loop
      vertex 19.049 -24.7393 -7.61504
      vertex 5.6959 -6.13302 11.765
      vertex 18.8774 -24.9582 -7.51862
    endloop
  endfacet
  facet normal 0.892146 0.221219 0.393876
    outer loop
      vertex 19.6038 -23.3844 -8.55848
      vertex 6.42228 -4.55921 10.7251
      vertex 19.5729 -23.6042 -8.36504
    endloop
  endfacet
  facet normal 0.884194 0.428417 0.186172
    outer loop
      vertex 19.5879 -22.9692 -8.9747
      vertex 6.35962 -3.95264 10.0902
      vertex 6.40631 -4.14404 10.3089
    endloop
  endfacet
  facet normal 0.884183 0.428464 0.186117
    outer loop
      vertex 6.35962 -3.95264 10.0902
      vertex 19.5879 -22.9692 -8.9747
      vertex 19.5412 -22.7778 -9.19347
    endloop
  endfacet
  facet normal 0.439155 -0.62765 -0.642806
    outer loop
      vertex 19.5412 -22.7778 -9.19347
      vertex 19.3726 -22.4366 -9.64181
      vertex 19.4692 -22.5997 -9.41656
    endloop
  endfacet
  facet normal 0.836228 0.547097 0.0375222
    outer loop
      vertex 19.3726 -22.4366 -9.64181
      vertex 6.19106 -3.6114 9.64181
      vertex 19.4692 -22.5997 -9.41656
    endloop
  endfacet
  facet normal 0.756181 0.644634 -0.112413
    outer loop
      vertex 19.1096 -22.1615 -10.0902
      vertex 6.07081 -3.46486 9.41656
      vertex 19.2524 -22.2901 -9.86707
    endloop
  endfacet
  facet normal 0.800067 0.598731 -0.0376024
    outer loop
      vertex 19.2524 -22.2901 -9.86707
      vertex 6.07081 -3.46486 9.41656
      vertex 6.19106 -3.6114 9.64181
    endloop
  endfacet
  facet normal -0.4382 0.627584 0.64352
    outer loop
      vertex 6.33492 -5.00409 11.0997
      vertex 6.14759 -5.46158 11.4183
      vertex 6.25339 -5.23236 11.2668
    endloop
  endfacet
  facet normal 0.854543 0.0713804 0.514452
    outer loop
      vertex 6.25339 -5.23236 11.2668
      vertex 19.5165 -23.8293 -8.18389
      vertex 6.33492 -5.00409 11.0997
    endloop
  endfacet
  facet normal 0.854486 0.0712159 0.51457
    outer loop
      vertex 19.5165 -23.8293 -8.18389
      vertex 6.25339 -5.23236 11.2668
      vertex 19.4349 -24.0576 -8.01679
    endloop
  endfacet
  facet normal 0.440051 -0.627322 -0.642513
    outer loop
      vertex 19.5729 -23.6042 -8.36504
      vertex 19.5165 -23.8293 -8.18389
      vertex 19.6038 -23.3844 -8.55848
    endloop
  endfacet
  facet normal 0.439673 -0.6274 -0.642695
    outer loop
      vertex 19.6038 -23.3844 -8.55848
      vertex 19.5165 -23.8293 -8.18389
      vertex 19.5412 -22.7778 -9.19347
    endloop
  endfacet
  facet normal 0.439344 -0.626731 -0.643572
    outer loop
      vertex 17.0981 -21.9531 -11.6686
      vertex 16.3098 -22.2724 -11.8958
      vertex 16.5701 -22.1462 -11.841
    endloop
  endfacet
  facet normal -0.158725 0.650069 -0.743113
    outer loop
      vertex 16.3098 -22.2724 -11.8958
      vertex 4.56415 -5 5.72278
      vertex 16.5701 -22.1462 -11.841
    endloop
  endfacet
  facet normal -0.158601 0.650128 -0.743088
    outer loop
      vertex 4.56415 -5 5.72278
      vertex 16.3098 -22.2724 -11.8958
      vertex 4.21552 -5 5.79719
    endloop
  endfacet
  facet normal 0.0169591 0.721228 -0.69249
    outer loop
      vertex 17.0981 -21.9531 -11.6686
      vertex 5 -5 5.69177
      vertex 5 -4.67518 6.03007
    endloop
  endfacet
  facet normal 0.0168312 0.721186 -0.692537
    outer loop
      vertex 16.8337 -22.0395 -11.765
      vertex 5 -5 5.69177
      vertex 17.0981 -21.9531 -11.6686
    endloop
  endfacet
  facet normal 0.016913 0.721212 -0.692508
    outer loop
      vertex 5 -5 5.69177
      vertex 16.8337 -22.0395 -11.765
      vertex 4.90255 -5 5.68939
    endloop
  endfacet
  facet normal -0.408452 0.497753 -0.76512
    outer loop
      vertex 15.5735 -22.754 -11.9289
      vertex 3.14207 -5 6.25744
      vertex 3.47747 -5 6.07839
    endloop
  endfacet
  facet normal -0.439401 0.627513 0.64277
    outer loop
      vertex 1.43566 -5 7.74679
      vertex 1.21381 -5.43191 8.01679
      vertex 1.45829 -5 7.76226
    endloop
  endfacet
  facet normal -0.737352 0.156767 -0.657067
    outer loop
      vertex 14.6302 -23.7999 -11.5526
      vertex 1.77463 -5 7.35913
      vertex 14.7813 -23.5754 -11.6686
    endloop
  endfacet
  facet normal -0.737905 0.155957 -0.656638
    outer loop
      vertex 1.77463 -5 7.35913
      vertex 14.6302 -23.7999 -11.5526
      vertex 1.77059 -5 7.36367
    endloop
  endfacet
  facet normal -0.582723 -0.743682 0.327674
    outer loop
      vertex 15.2693 -26.4195 -8.55848
      vertex 2.08771 -7.59431 10.7251
      vertex 15.068 -26.3516 -8.76236
    endloop
  endfacet
  facet normal 0.439379 -0.627498 -0.6428
    outer loop
      vertex 15.068 -26.3516 -8.76236
      vertex 14.8846 -26.2625 -8.9747
      vertex 15.2693 -26.4195 -8.55848
    endloop
  endfacet
  facet normal -0.647074 -0.717427 0.258059
    outer loop
      vertex 1.88648 -7.52637 10.5213
      vertex 1.70303 -7.43731 10.3089
      vertex 15.068 -26.3516 -8.76236
    endloop
  endfacet
  facet normal -0.582827 -0.743646 0.327571
    outer loop
      vertex 2.08771 -7.59431 10.7251
      vertex 1.88648 -7.52637 10.5213
      vertex 15.068 -26.3516 -8.76236
    endloop
  endfacet
  facet normal -0.704953 -0.68437 0.186223
    outer loop
      vertex 14.8846 -26.2625 -8.9747
      vertex 1.53915 -7.32797 10.0902
      vertex 14.7207 -26.1532 -9.19347
    endloop
  endfacet
  facet normal -0.756174 -0.644641 0.112425
    outer loop
      vertex 14.7207 -26.1532 -9.19347
      vertex 1.53915 -7.32797 10.0902
      vertex 14.5779 -26.0246 -9.41656
    endloop
  endfacet
  facet normal 0.439422 -0.627284 -0.64298
    outer loop
      vertex 16.2112 -26.47 -7.86533
      vertex 15.9596 -26.491 -8.01679
      vertex 16.9966 -26.2752 -7.51862
    endloop
  endfacet
  facet normal -0.104993 -0.746531 0.657015
    outer loop
      vertex 16.7322 -26.3616 -7.61504
      vertex 3.28797 -7.60153 11.5526
      vertex 16.4695 -26.4267 -7.73099
    endloop
  endfacet
  facet normal -0.104995 -0.746531 0.657014
    outer loop
      vertex 3.55062 -7.53638 11.6686
      vertex 3.28797 -7.60153 11.5526
      vertex 16.7322 -26.3616 -7.61504
    endloop
  endfacet
  facet normal -0.784135 0.0813033 -0.615241
    outer loop
      vertex 1.46636 -5 7.70508
      vertex 1.31961 -5.20269 7.86533
      vertex 1.43434 -5 7.74589
    endloop
  endfacet
  facet normal -0.784102 0.0812397 -0.615292
    outer loop
      vertex 14.6302 -23.7999 -11.5526
      vertex 1.31961 -5.20269 7.86533
      vertex 1.46636 -5 7.70508
    endloop
  endfacet
  facet normal -0.784113 0.0812207 -0.615281
    outer loop
      vertex 1.31961 -5.20269 7.86533
      vertex 14.6302 -23.7999 -11.5526
      vertex 14.5012 -24.0279 -11.4183
    endloop
  endfacet
  facet normal 0.438166 -0.627617 -0.643511
    outer loop
      vertex 14.5012 -24.0279 -11.4183
      vertex 14.3138 -24.4854 -11.0997
      vertex 14.3954 -24.2571 -11.2668
    endloop
  endfacet
  facet normal -0.854486 -0.0712161 -0.51457
    outer loop
      vertex 14.3138 -24.4854 -11.0997
      vertex 1.13228 -5.66017 8.18389
      vertex 14.3954 -24.2571 -11.2668
    endloop
  endfacet
  facet normal 0.43982 -0.627791 -0.642213
    outer loop
      vertex 18.4794 -25.3709 -7.38784
      vertex 18.2568 -25.5607 -7.35475
      vertex 18.687 -25.1694 -7.44264
    endloop
  endfacet
  facet normal 0.439591 -0.627569 -0.642586
    outer loop
      vertex 18.8774 -24.9582 -7.51862
      vertex 18.2568 -25.5607 -7.35475
      vertex 19.4349 -24.0576 -8.01679
    endloop
  endfacet
  facet normal -0.623109 0.302519 -0.721261
    outer loop
      vertex 15.1434 -23.1452 -11.841
      vertex 2.10805 -5 7.03109
      vertex 2.43792 -5 6.74611
    endloop
  endfacet
  facet normal -0.623187 0.302431 -0.721231
    outer loop
      vertex 14.9529 -23.3565 -11.765
      vertex 2.10805 -5 7.03109
      vertex 15.1434 -23.1452 -11.841
    endloop
  endfacet
  facet normal -0.623074 0.302556 -0.721276
    outer loop
      vertex 2.10805 -5 7.03109
      vertex 14.9529 -23.3565 -11.765
      vertex 2.09953 -5 7.03845
    endloop
  endfacet
  facet normal 0.440317 -0.627827 -0.641837
    outer loop
      vertex 15.1434 -23.1452 -11.841
      vertex 14.7813 -23.5754 -11.6686
      vertex 14.9529 -23.3565 -11.765
    endloop
  endfacet
  facet normal 0.439884 -0.626571 -0.643358
    outer loop
      vertex 15.7172 -26.4896 -8.18389
      vertex 15.4863 -26.4657 -8.36504
      vertex 15.9596 -26.491 -8.01679
    endloop
  endfacet
  facet normal 0.439363 -0.627589 -0.642723
    outer loop
      vertex 15.9596 -26.491 -8.01679
      vertex 15.4863 -26.4657 -8.36504
      vertex 16.9966 -26.2752 -7.51862
    endloop
  endfacet
  facet normal 0.623135 -0.302491 0.72125
    outer loop
      vertex 5.5054 -6.34424 11.841
      vertex 18.8774 -24.9582 -7.51862
      vertex 5.6959 -6.13302 11.765
    endloop
  endfacet
  facet normal 0.623226 -0.302389 0.721214
    outer loop
      vertex 18.8774 -24.9582 -7.51862
      vertex 5.5054 -6.34424 11.841
      vertex 18.687 -25.1694 -7.44264
    endloop
  endfacet
  facet normal 0.836258 -0.547046 0.0375937
    outer loop
      vertex 6.28764 3.77452 9.86707
      vertex 6.19106 3.6114 9.64181
      vertex 19.4692 22.5997 -9.41656
    endloop
  endfacet
  facet normal 0.276908 -0.77533 -0.567614
    outer loop
      vertex 17.8707 21.8236 -11.2668
      vertex 5 3.44233 7.56208
      vertex 5 3.80673 7.06433
    endloop
  endfacet
  facet normal 0.836228 -0.547097 0.0375222
    outer loop
      vertex 19.4692 22.5997 -9.41656
      vertex 6.19106 3.6114 9.64181
      vertex 19.3726 22.4366 -9.64181
    endloop
  endfacet
  facet normal -0.439369 -0.627516 0.642789
    outer loop
      vertex 6.28764 3.77452 9.86707
      vertex 5.92805 3.3363 9.19347
      vertex 6.19106 3.6114 9.64181
    endloop
  endfacet
  facet normal -0.439376 -0.627517 0.642783
    outer loop
      vertex 5 3.0832 8.31201
      vertex 5 3.02299 8.25323
      vertex 5.92805 3.3363 9.19347
    endloop
  endfacet
  facet normal 0.439661 0.627631 -0.642477
    outer loop
      vertex 15.5735 22.754 -11.9289
      vertex 14.7813 23.5754 -11.6686
      vertex 15.8091 22.5777 -11.9399
    endloop
  endfacet
  facet normal 0.440521 0.626776 -0.642723
    outer loop
      vertex 14.5779 26.0246 -9.41656
      vertex 14.2891 25.5368 -10.0902
      vertex 14.4577 25.8781 -9.64181
    endloop
  endfacet
  facet normal -0.800076 0.59872 0.0375863
    outer loop
      vertex 14.4577 25.8781 -9.64181
      vertex 1.27614 7.05286 9.64181
      vertex 1.39639 7.19941 9.86707
    endloop
  endfacet
  facet normal 0.439518 0.627558 -0.642647
    outer loop
      vertex 19.4349 24.0576 -8.01679
      vertex 18.8774 24.9582 -7.51862
      vertex 19.3291 24.2868 -7.86533
    endloop
  endfacet
  facet normal 0.439392 0.627491 -0.642798
    outer loop
      vertex 16.9966 26.2752 -7.51862
      vertex 14.8846 26.2625 -8.9747
      vertex 15.4863 26.4657 -8.36504
    endloop
  endfacet
  facet normal 0.439317 0.627793 -0.642555
    outer loop
      vertex 17.6191 21.8447 -11.4183
      vertex 17.0981 21.9531 -11.6686
      vertex 18.1131 21.8251 -11.0997
    endloop
  endfacet
  facet normal 0.439387 0.627502 -0.642791
    outer loop
      vertex 16.9966 26.2752 -7.51862
      vertex 14.2891 25.5368 -10.0902
      vertex 14.8846 26.2625 -8.9747
    endloop
  endfacet
  facet normal 0.439387 0.6275 -0.642793
    outer loop
      vertex 18.1131 21.8251 -11.0997
      vertex 14.2265 24.9303 -10.7251
      vertex 19.4349 24.0576 -8.01679
    endloop
  endfacet
  facet normal -0.823288 -0.00495056 -0.567603
    outer loop
      vertex 1.31961 5.20269 7.86533
      vertex 1.21381 5.43191 8.01679
      vertex 14.5012 24.0279 -11.4183
    endloop
  endfacet
  facet normal -0.439301 -0.627541 0.642811
    outer loop
      vertex 6.14759 5.46158 11.4183
      vertex 5.92805 3.3363 9.19347
      vertex 6.33492 5.00409 11.0997
    endloop
  endfacet
  facet normal 0.438166 0.627617 -0.643511
    outer loop
      vertex 14.3954 24.2571 -11.2668
      vertex 14.3138 24.4854 -11.0997
      vertex 14.5012 24.0279 -11.4183
    endloop
  endfacet
  facet normal -0.439459 -0.627449 0.642794
    outer loop
      vertex 6.40631 4.14404 10.3089
      vertex 5.92805 3.3363 9.19347
      vertex 6.28764 3.77452 9.86707
    endloop
  endfacet
  facet normal -0.439364 -0.627511 0.642798
    outer loop
      vertex 6.33492 5.00409 11.0997
      vertex 5.92805 3.3363 9.19347
      vertex 6.40631 4.14404 10.3089
    endloop
  endfacet
  facet normal 0.244509 0.605 0.757753
    outer loop
      vertex 17.5205 26.0423 -7.38784
      vertex 4.59346 7.07281 11.9289
      vertex 17.775 25.898 -7.35475
    endloop
  endfacet
  facet normal 0.439514 0.627307 -0.642894
    outer loop
      vertex 18.9457 22.0522 -10.3089
      vertex 18.1131 21.8251 -11.0997
      vertex 19.1096 22.1615 -10.0902
    endloop
  endfacet
  facet normal 0.647202 -0.717365 -0.257908
    outer loop
      vertex 18.9457 22.0522 -10.3089
      vertex 5.58072 3.13789 8.76236
      vertex 18.7623 21.9631 -10.5213
    endloop
  endfacet
  facet normal 0.756181 -0.644634 -0.112413
    outer loop
      vertex 6.07081 3.46486 9.41656
      vertex 5.92805 3.3363 9.19347
      vertex 19.1096 22.1615 -10.0902
    endloop
  endfacet
  facet normal 0.683502 0.230779 0.692507
    outer loop
      vertex 18.8774 24.9582 -7.51862
      vertex 5.6959 6.13302 11.765
      vertex 19.049 24.7393 -7.61504
    endloop
  endfacet
  facet normal 0.359366 -0.778595 -0.514437
    outer loop
      vertex 17.8707 21.8236 -11.2668
      vertex 5 3.09946 8.08101
      vertex 5 3.44233 7.56208
    endloop
  endfacet
  facet normal -0.439385 -0.627508 0.642786
    outer loop
      vertex 6.14759 5.46158 11.4183
      vertex 3.26901 5 9
      vertex 5 3.78795 9
    endloop
  endfacet
  facet normal -0.439383 -0.627511 0.642785
    outer loop
      vertex 1.21381 5.43191 8.01679
      vertex 3.26901 5 9
      vertex 6.14759 5.46158 11.4183
    endloop
  endfacet
  facet normal -0.439385 -0.627505 0.64279
    outer loop
      vertex 3.26901 5 9
      vertex 1.21381 5.43191 8.01679
      vertex 1.83064 5 8.01679
    endloop
  endfacet
  facet normal -0.439391 -0.627504 0.642786
    outer loop
      vertex 6.14759 5.46158 11.4183
      vertex 5 3.78795 9
      vertex 5 3.52339 8.74173
    endloop
  endfacet
  facet normal -0.439382 -0.627507 0.64279
    outer loop
      vertex 1.39639 7.19941 9.86707
      vertex 1.04492 6.10505 8.55848
      vertex 1.21381 5.43191 8.01679
    endloop
  endfacet
  facet normal 0.438988 0.627051 -0.643503
    outer loop
      vertex 18.2568 25.5607 -7.35475
      vertex 17.775 25.898 -7.35475
      vertex 18.0212 25.737 -7.34368
    endloop
  endfacet
  facet normal 0.440051 0.627322 -0.642513
    outer loop
      vertex 19.6038 23.3844 -8.55848
      vertex 19.5165 23.8293 -8.18389
      vertex 19.5729 23.6042 -8.36504
    endloop
  endfacet
  facet normal 0.439382 0.627509 -0.642788
    outer loop
      vertex 19.4349 24.0576 -8.01679
      vertex 14.2891 25.5368 -10.0902
      vertex 16.9966 26.2752 -7.51862
    endloop
  endfacet
  facet normal 0.823289 0.0049522 0.567601
    outer loop
      vertex 6.14759 5.46158 11.4183
      vertex 19.4349 24.0576 -8.01679
      vertex 19.3291 24.2868 -7.86533
    endloop
  endfacet
  facet normal 0.823316 0.00489142 0.567562
    outer loop
      vertex 19.4349 24.0576 -8.01679
      vertex 6.14759 5.46158 11.4183
      vertex 6.25339 5.23236 11.2668
    endloop
  endfacet
  facet normal -0.439383 -0.627512 0.642784
    outer loop
      vertex 5.8675 5.91409 11.6686
      vertex 1.21381 5.43191 8.01679
      vertex 6.14759 5.46158 11.4183
    endloop
  endfacet
  facet normal 0.864383 -0.490111 0.112402
    outer loop
      vertex 6.28764 3.77452 9.86707
      vertex 19.5412 22.7778 -9.19347
      vertex 6.35962 3.95264 10.0902
    endloop
  endfacet
  facet normal 0.864364 -0.490157 0.112343
    outer loop
      vertex 19.5412 22.7778 -9.19347
      vertex 6.28764 3.77452 9.86707
      vertex 19.4692 22.5997 -9.41656
    endloop
  endfacet
  facet normal 0.0711253 0.689012 0.721251
    outer loop
      vertex 16.9966 26.2752 -7.51862
      vertex 3.81504 7.45001 11.765
      vertex 4.07867 7.34324 11.841
    endloop
  endfacet
  facet normal 0.439402 0.627515 -0.642768
    outer loop
      vertex 17.0981 21.9531 -11.6686
      vertex 14.2265 24.9303 -10.7251
      vertex 18.1131 21.8251 -11.0997
    endloop
  endfacet
  facet normal 0.80009 -0.598703 -0.03756
    outer loop
      vertex 19.3726 22.4366 -9.64181
      vertex 6.19106 3.6114 9.64181
      vertex 19.2524 22.2901 -9.86707
    endloop
  endfacet
  facet normal 0.439155 0.62765 -0.642806
    outer loop
      vertex 19.4692 22.5997 -9.41656
      vertex 19.3726 22.4366 -9.64181
      vertex 19.5412 22.7778 -9.19347
    endloop
  endfacet
  facet normal 0.158603 0.650128 0.743087
    outer loop
      vertex 17.5205 26.0423 -7.38784
      vertex 4.07867 7.34324 11.841
      vertex 4.33898 7.2171 11.8958
    endloop
  endfacet
  facet normal 0.705018 -0.684326 -0.186137
    outer loop
      vertex 5.92805 3.3363 9.19347
      vertex 5.76416 3.22696 8.9747
      vertex 18.9457 22.0522 -10.3089
    endloop
  endfacet
  facet normal 0.704928 -0.684387 -0.186256
    outer loop
      vertex 19.1096 22.1615 -10.0902
      vertex 5.92805 3.3363 9.19347
      vertex 18.9457 22.0522 -10.3089
    endloop
  endfacet
  facet normal 0.64707 -0.717429 -0.258063
    outer loop
      vertex 5.76416 3.22696 8.9747
      vertex 5.58072 3.13789 8.76236
      vertex 18.9457 22.0522 -10.3089
    endloop
  endfacet
  facet normal 0.192118 -0.764647 -0.615147
    outer loop
      vertex 5 3.84059 7.02028
      vertex 17.6191 21.8447 -11.4183
      vertex 5 3.82265 7.04258
    endloop
  endfacet
  facet normal 0.191991 -0.764626 -0.615213
    outer loop
      vertex 17.6191 21.8447 -11.4183
      vertex 5 3.84059 7.02028
      vertex 17.3608 21.8879 -11.5526
    endloop
  endfacet
  facet normal -0.439387 -0.627508 0.642785
    outer loop
      vertex 1.83064 5 8.01679
      vertex 1.21381 5.43191 8.01679
      vertex 1.48115 5 7.77789
    endloop
  endfacet
  facet normal -0.439082 -0.62834 0.642181
    outer loop
      vertex 3.0296 7.64482 11.4183
      vertex 2.53564 7.66438 11.0997
      vertex 3.28797 7.60153 11.5526
    endloop
  endfacet
  facet normal -0.439345 -0.626643 0.643657
    outer loop
      vertex 3.81504 7.45001 11.765
      vertex 3.55062 7.53638 11.6686
      vertex 4.07867 7.34324 11.841
    endloop
  endfacet
  facet normal 0.439344 0.626731 -0.643572
    outer loop
      vertex 16.5701 22.1462 -11.841
      vertex 16.3098 22.2724 -11.8958
      vertex 17.0981 21.9531 -11.6686
    endloop
  endfacet
  facet normal -0.408285 -0.497876 -0.76513
    outer loop
      vertex 3.50104 5 6.06581
      vertex 15.5735 22.754 -11.9289
      vertex 15.8091 22.5777 -11.9399
    endloop
  endfacet
  facet normal -0.40837 -0.497813 -0.765125
    outer loop
      vertex 15.5735 22.754 -11.9289
      vertex 3.50104 5 6.06581
      vertex 3.47747 5 6.07839
    endloop
  endfacet
  facet normal -0.836228 0.547097 -0.0375206
    outer loop
      vertex 14.3611 25.715 -9.86707
      vertex 1.17956 6.88975 9.41656
      vertex 14.4577 25.8781 -9.64181
    endloop
  endfacet
  facet normal 0.439209 0.627635 -0.642783
    outer loop
      vertex 14.8846 26.2625 -8.9747
      vertex 14.2891 25.5368 -10.0902
      vertex 14.5779 26.0246 -9.41656
    endloop
  endfacet
  facet normal -0.439284 -0.627801 0.642569
    outer loop
      vertex 2.3048 7.64046 10.9186
      vertex 2.08771 7.59431 10.7251
      vertex 3.55062 7.53638 11.6686
    endloop
  endfacet
  facet normal -0.439391 -0.627503 0.642787
    outer loop
      vertex 1.39639 7.19941 9.86707
      vertex 1.21381 5.43191 8.01679
      vertex 3.55062 7.53638 11.6686
    endloop
  endfacet
  facet normal -0.864402 0.490064 -0.112457
    outer loop
      vertex 14.2891 25.5368 -10.0902
      vertex 1.17956 6.88975 9.41656
      vertex 14.3611 25.715 -9.86707
    endloop
  endfacet
  facet normal -0.439448 -0.627479 0.642772
    outer loop
      vertex 1.06089 6.52023 8.9747
      vertex 1.04492 6.10505 8.55848
      vertex 1.17956 6.88975 9.41656
    endloop
  endfacet
  facet normal 0.439338 0.627531 -0.642796
    outer loop
      vertex 19.1096 22.1615 -10.0902
      vertex 18.1131 21.8251 -11.0997
      vertex 19.4349 24.0576 -8.01679
    endloop
  endfacet
  facet normal -0.439385 -0.627509 0.642786
    outer loop
      vertex 3.55062 7.53638 11.6686
      vertex 1.21381 5.43191 8.01679
      vertex 5.8675 5.91409 11.6686
    endloop
  endfacet
  facet normal 0.439627 0.627362 -0.642764
    outer loop
      vertex 19.3726 22.4366 -9.64181
      vertex 19.1096 22.1615 -10.0902
      vertex 19.5412 22.7778 -9.19347
    endloop
  endfacet
  facet normal 0.439673 0.6274 -0.642695
    outer loop
      vertex 19.5412 22.7778 -9.19347
      vertex 19.5165 23.8293 -8.18389
      vertex 19.6038 23.3844 -8.55848
    endloop
  endfacet
  facet normal 0.892146 -0.221219 0.393876
    outer loop
      vertex 19.5729 23.6042 -8.36504
      vertex 6.42228 4.55921 10.7251
      vertex 19.6038 23.3844 -8.55848
    endloop
  endfacet
  facet normal 0.438782 0.627594 -0.643115
    outer loop
      vertex 14.3138 24.4854 -11.0997
      vertex 14.2265 24.9303 -10.7251
      vertex 14.5012 24.0279 -11.4183
    endloop
  endfacet
  facet normal -0.439434 -0.627434 0.642825
    outer loop
      vertex 2.08771 7.59431 10.7251
      vertex 1.39639 7.19941 9.86707
      vertex 3.55062 7.53638 11.6686
    endloop
  endfacet
  facet normal -0.895474 0.362667 -0.258067
    outer loop
      vertex 14.2215 25.1426 -10.5213
      vertex 1.03993 6.31738 8.76236
      vertex 1.06089 6.52023 8.9747
    endloop
  endfacet
  facet normal 0.440418 0.626839 -0.642732
    outer loop
      vertex 14.4577 25.8781 -9.64181
      vertex 14.2891 25.5368 -10.0902
      vertex 14.3611 25.715 -9.86707
    endloop
  endfacet
  facet normal -0.704953 0.68437 0.186223
    outer loop
      vertex 14.7207 26.1532 -9.19347
      vertex 1.53915 7.32797 10.0902
      vertex 14.8846 26.2625 -8.9747
    endloop
  endfacet
  facet normal 0.756181 -0.644634 -0.112413
    outer loop
      vertex 19.2524 22.2901 -9.86707
      vertex 6.07081 3.46486 9.41656
      vertex 19.1096 22.1615 -10.0902
    endloop
  endfacet
  facet normal 0.437608 0.628972 -0.642568
    outer loop
      vertex 19.2524 22.2901 -9.86707
      vertex 19.1096 22.1615 -10.0902
      vertex 19.3726 22.4366 -9.64181
    endloop
  endfacet
  facet normal 0.439928 0.624661 -0.645183
    outer loop
      vertex 17.3608 21.8879 -11.5526
      vertex 17.0981 21.9531 -11.6686
      vertex 17.6191 21.8447 -11.4183
    endloop
  endfacet
  facet normal 0.582871 -0.743631 -0.327528
    outer loop
      vertex 5.58072 3.13789 8.76236
      vertex 5.37949 3.06996 8.55848
      vertex 18.561 21.8952 -10.7251
    endloop
  endfacet
  facet normal -0.439416 -0.627477 0.642795
    outer loop
      vertex 5.92805 3.3363 9.19347
      vertex 5.37949 3.06996 8.55848
      vertex 5.76416 3.22696 8.9747
    endloop
  endfacet
  facet normal -0.439621 -0.627234 0.642893
    outer loop
      vertex 5.76416 3.22696 8.9747
      vertex 5.37949 3.06996 8.55848
      vertex 5.58072 3.13789 8.76236
    endloop
  endfacet
  facet normal -0.439452 -0.627518 0.64273
    outer loop
      vertex 1.48115 5 7.77789
      vertex 1.21381 5.43191 8.01679
      vertex 1.45829 5 7.76226
    endloop
  endfacet
  facet normal -0.439401 -0.627513 0.64277
    outer loop
      vertex 1.45829 5 7.76226
      vertex 1.21381 5.43191 8.01679
      vertex 1.43566 5 7.74679
    endloop
  endfacet
  facet normal 0.877621 -0.147225 0.456186
    outer loop
      vertex 19.5165 23.8293 -8.18389
      vertex 6.33492 5.00409 11.0997
      vertex 19.5729 23.6042 -8.36504
    endloop
  endfacet
  facet normal -0.439386 -0.627511 0.642783
    outer loop
      vertex 5.07521 6.73549 11.9289
      vertex 3.55062 7.53638 11.6686
      vertex 5.8675 5.91409 11.6686
    endloop
  endfacet
  facet normal 0.244483 0.605015 0.75775
    outer loop
      vertex 17.5205 26.0423 -7.38784
      vertex 4.33898 7.2171 11.8958
      vertex 4.59346 7.07281 11.9289
    endloop
  endfacet
  facet normal -0.439586 -0.626931 0.643212
    outer loop
      vertex 3.28797 7.60153 11.5526
      vertex 2.53564 7.66438 11.0997
      vertex 3.55062 7.53638 11.6686
    endloop
  endfacet
  facet normal 0.437995 0.629745 -0.641546
    outer loop
      vertex 18.344 21.849 -10.9186
      vertex 18.1131 21.8251 -11.0997
      vertex 18.561 21.8952 -10.7251
    endloop
  endfacet
  facet normal 0.438163 -0.774378 -0.456456
    outer loop
      vertex 18.344 21.849 -10.9186
      vertex 5.1624 3.02381 8.36504
      vertex 18.1131 21.8251 -11.0997
    endloop
  endfacet
  facet normal -0.071166 -0.688997 -0.721262
    outer loop
      vertex 4.87063 5 5.69254
      vertex 4.56415 5 5.72278
      vertex 16.5701 22.1462 -11.841
    endloop
  endfacet
  facet normal -0.484961 -0.436623 -0.757742
    outer loop
      vertex 3.14207 5 6.25744
      vertex 15.3509 22.9438 -11.8958
      vertex 15.5735 22.754 -11.9289
    endloop
  endfacet
  facet normal -0.484873 -0.436697 -0.757756
    outer loop
      vertex 15.3509 22.9438 -11.8958
      vertex 3.14207 5 6.25744
      vertex 2.78655 5 6.48493
    endloop
  endfacet
  facet normal -0.439534 -0.627099 0.643083
    outer loop
      vertex 2.53564 7.66438 11.0997
      vertex 2.3048 7.64046 10.9186
      vertex 3.55062 7.53638 11.6686
    endloop
  endfacet
  facet normal -0.43751 -0.629706 0.641915
    outer loop
      vertex 1.88648 7.52637 10.5213
      vertex 1.70303 7.43731 10.3089
      vertex 2.08771 7.59431 10.7251
    endloop
  endfacet
  facet normal -0.438275 0.774365 0.45637
    outer loop
      vertex 15.4863 26.4657 -8.36504
      vertex 2.3048 7.64046 10.9186
      vertex 2.53564 7.66438 11.0997
    endloop
  endfacet
  facet normal -0.439368 -0.627514 0.642792
    outer loop
      vertex 1.17956 6.88975 9.41656
      vertex 1.04492 6.10505 8.55848
      vertex 1.39639 7.19941 9.86707
    endloop
  endfacet
  facet normal -0.439824 -0.628554 0.641462
    outer loop
      vertex 4.59346 7.07281 11.9289
      vertex 4.33898 7.2171 11.8958
      vertex 4.83966 6.91176 11.9399
    endloop
  endfacet
  facet normal 0.327954 0.554112 0.765119
    outer loop
      vertex 17.775 25.898 -7.35475
      vertex 4.83966 6.91176 11.9399
      vertex 18.0212 25.737 -7.34368
    endloop
  endfacet
  facet normal 0.328186 0.553963 0.765127
    outer loop
      vertex 4.83966 6.91176 11.9399
      vertex 17.775 25.898 -7.35475
      vertex 4.59346 7.07281 11.9289
    endloop
  endfacet
  facet normal -0.439362 -0.627491 0.642819
    outer loop
      vertex 5.5054 6.34424 11.841
      vertex 5.29784 6.54571 11.8958
      vertex 5.8675 5.91409 11.6686
    endloop
  endfacet
  facet normal -0.438904 -0.626691 0.643912
    outer loop
      vertex 4.83966 6.91176 11.9399
      vertex 4.33898 7.2171 11.8958
      vertex 5.07521 6.73549 11.9289
    endloop
  endfacet
  facet normal 0.854486 -0.0712159 0.51457
    outer loop
      vertex 6.25339 5.23236 11.2668
      vertex 19.5165 23.8293 -8.18389
      vertex 19.4349 24.0576 -8.01679
    endloop
  endfacet
  facet normal 0.854543 -0.0713804 0.514452
    outer loop
      vertex 19.5165 23.8293 -8.18389
      vertex 6.25339 5.23236 11.2668
      vertex 6.33492 5.00409 11.0997
    endloop
  endfacet
  facet normal 0.439188 0.627301 -0.643124
    outer loop
      vertex 18.8774 24.9582 -7.51862
      vertex 18.2568 25.5607 -7.35475
      vertex 18.687 25.1694 -7.44264
    endloop
  endfacet
  facet normal 0.439622 0.628736 -0.641424
    outer loop
      vertex 17.5205 26.0423 -7.38784
      vertex 16.9966 26.2752 -7.51862
      vertex 17.2602 26.1684 -7.44264
    endloop
  endfacet
  facet normal 0.439591 0.627569 -0.642586
    outer loop
      vertex 19.4349 24.0576 -8.01679
      vertex 18.2568 25.5607 -7.35475
      vertex 18.8774 24.9582 -7.51862
    endloop
  endfacet
  facet normal -0.441462 -0.626394 0.64245
    outer loop
      vertex 6.40631 4.14404 10.3089
      vertex 6.28764 3.77452 9.86707
      vertex 6.35962 3.95264 10.0902
    endloop
  endfacet
  facet normal 0.884194 -0.428417 0.186172
    outer loop
      vertex 6.35962 3.95264 10.0902
      vertex 19.5879 22.9692 -8.9747
      vertex 6.40631 4.14404 10.3089
    endloop
  endfacet
  facet normal 0.884183 -0.428464 0.186117
    outer loop
      vertex 19.5879 22.9692 -8.9747
      vertex 6.35962 3.95264 10.0902
      vertex 19.5412 22.7778 -9.19347
    endloop
  endfacet
  facet normal -0.439387 -0.627507 0.642787
    outer loop
      vertex 5 3.52339 8.74173
      vertex 5.92805 3.3363 9.19347
      vertex 6.14759 5.46158 11.4183
    endloop
  endfacet
  facet normal -0.439388 -0.627502 0.642791
    outer loop
      vertex 5.92805 3.3363 9.19347
      vertex 5 3.52339 8.74173
      vertex 5 3.0832 8.31201
    endloop
  endfacet
  facet normal -0.437459 -0.627209 0.64439
    outer loop
      vertex 6.01855 5.68956 11.5526
      vertex 5.8675 5.91409 11.6686
      vertex 6.14759 5.46158 11.4183
    endloop
  endfacet
  facet normal 0.439472 0.62797 -0.642275
    outer loop
      vertex 16.3098 22.2724 -11.8958
      vertex 15.8091 22.5777 -11.9399
      vertex 17.0981 21.9531 -11.6686
    endloop
  endfacet
  facet normal -0.854486 0.0712161 -0.51457
    outer loop
      vertex 14.3954 24.2571 -11.2668
      vertex 1.13228 5.66017 8.18389
      vertex 14.3138 24.4854 -11.0997
    endloop
  endfacet
  facet normal 0.439349 0.627522 -0.642797
    outer loop
      vertex 14.5012 24.0279 -11.4183
      vertex 14.2265 24.9303 -10.7251
      vertex 14.7813 23.5754 -11.6686
    endloop
  endfacet
  facet normal -0.439328 -0.627542 0.642792
    outer loop
      vertex 1.10758 6.71163 9.19347
      vertex 1.06089 6.52023 8.9747
      vertex 1.17956 6.88975 9.41656
    endloop
  endfacet
  facet normal 0.437765 0.628176 -0.64324
    outer loop
      vertex 14.2891 25.5368 -10.0902
      vertex 14.2265 24.9303 -10.7251
      vertex 14.2424 25.3454 -10.3089
    endloop
  endfacet
  facet normal -0.756189 0.644627 0.112402
    outer loop
      vertex 14.5779 26.0246 -9.41656
      vertex 1.39639 7.19941 9.86707
      vertex 1.53915 7.32797 10.0902
    endloop
  endfacet
  facet normal -0.80009 0.598704 0.0375614
    outer loop
      vertex 14.4577 25.8781 -9.64181
      vertex 1.39639 7.19941 9.86707
      vertex 14.5779 26.0246 -9.41656
    endloop
  endfacet
  facet normal 0.800067 -0.598731 -0.0376024
    outer loop
      vertex 6.19106 3.6114 9.64181
      vertex 6.07081 3.46486 9.41656
      vertex 19.2524 22.2901 -9.86707
    endloop
  endfacet
  facet normal -0.43948 -0.627428 0.6428
    outer loop
      vertex 6.19106 3.6114 9.64181
      vertex 5.92805 3.3363 9.19347
      vertex 6.07081 3.46486 9.41656
    endloop
  endfacet
  facet normal 0.439473 0.627364 -0.642867
    outer loop
      vertex 18.561 21.8952 -10.7251
      vertex 18.1131 21.8251 -11.0997
      vertex 18.9457 22.0522 -10.3089
    endloop
  endfacet
  facet normal -0.439351 -0.62755 0.642769
    outer loop
      vertex 5 3.02299 8.25323
      vertex 5.37949 3.06996 8.55848
      vertex 5.92805 3.3363 9.19347
    endloop
  endfacet
  facet normal -0.439285 -0.627662 0.642705
    outer loop
      vertex 5.37949 3.06996 8.55848
      vertex 5 3.02299 8.25323
      vertex 5 3.0106 8.24113
    endloop
  endfacet
  facet normal -0.43866 -0.627418 0.643369
    outer loop
      vertex 1.43566 5 7.74679
      vertex 1.31961 5.20269 7.86533
      vertex 1.43434 5 7.74589
    endloop
  endfacet
  facet normal -0.43963 -0.627525 0.642602
    outer loop
      vertex 1.31961 5.20269 7.86533
      vertex 1.43566 5 7.74679
      vertex 1.21381 5.43191 8.01679
    endloop
  endfacet
  facet normal 0.439523 0.627552 -0.642649
    outer loop
      vertex 15.3509 22.9438 -11.8958
      vertex 14.7813 23.5754 -11.6686
      vertex 15.5735 22.754 -11.9289
    endloop
  endfacet
  facet normal 0.439454 0.627717 -0.642535
    outer loop
      vertex 18.2568 25.5607 -7.35475
      vertex 17.5205 26.0423 -7.38784
      vertex 17.775 25.898 -7.35475
    endloop
  endfacet
  facet normal -0.438224 0.774371 0.456409
    outer loop
      vertex 15.4863 26.4657 -8.36504
      vertex 2.53564 7.66438 11.0997
      vertex 15.7172 26.4896 -8.18389
    endloop
  endfacet
  facet normal -0.191836 0.764601 0.615292
    outer loop
      vertex 16.2112 26.47 -7.86533
      vertex 3.28797 7.60153 11.5526
      vertex 16.4695 26.4267 -7.73099
    endloop
  endfacet
  facet normal -0.191745 0.764586 0.615339
    outer loop
      vertex 3.28797 7.60153 11.5526
      vertex 16.2112 26.47 -7.86533
      vertex 3.0296 7.64482 11.4183
    endloop
  endfacet
  facet normal 0.437455 0.629756 -0.641904
    outer loop
      vertex 18.7623 21.9631 -10.5213
      vertex 18.561 21.8952 -10.7251
      vertex 18.9457 22.0522 -10.3089
    endloop
  endfacet
  facet normal 0.438337 -0.77436 -0.45632
    outer loop
      vertex 5 3.09763 8.08377
      vertex 5.1624 3.02381 8.36504
      vertex 5 3.00698 8.2376
    endloop
  endfacet
  facet normal 0.438338 -0.774359 -0.45632
    outer loop
      vertex 5.1624 3.02381 8.36504
      vertex 5 3.09763 8.08377
      vertex 18.1131 21.8251 -11.0997
    endloop
  endfacet
  facet normal 0.277068 -0.775344 -0.567516
    outer loop
      vertex 5 3.82265 7.04258
      vertex 17.8707 21.8236 -11.2668
      vertex 5 3.80673 7.06433
    endloop
  endfacet
  facet normal 0.276804 -0.77532 -0.567678
    outer loop
      vertex 17.8707 21.8236 -11.2668
      vertex 5 3.82265 7.04258
      vertex 17.6191 21.8447 -11.4183
    endloop
  endfacet
  facet normal 0.439396 0.628074 -0.642226
    outer loop
      vertex 16.8337 22.0395 -11.765
      vertex 16.5701 22.1462 -11.841
      vertex 17.0981 21.9531 -11.6686
    endloop
  endfacet
  facet normal -0.647169 0.717381 0.257946
    outer loop
      vertex 14.8846 26.2625 -8.9747
      vertex 1.70303 7.43731 10.3089
      vertex 15.068 26.3516 -8.76236
    endloop
  endfacet
  facet normal -0.705006 0.684335 0.186151
    outer loop
      vertex 14.8846 26.2625 -8.9747
      vertex 1.53915 7.32797 10.0902
      vertex 1.70303 7.43731 10.3089
    endloop
  endfacet
  facet normal -0.513119 0.762657 0.39378
    outer loop
      vertex 15.4863 26.4657 -8.36504
      vertex 2.08771 7.59431 10.7251
      vertex 2.3048 7.64046 10.9186
    endloop
  endfacet
  facet normal 0.439422 0.627284 -0.64298
    outer loop
      vertex 16.9966 26.2752 -7.51862
      vertex 15.9596 26.491 -8.01679
      vertex 16.2112 26.47 -7.86533
    endloop
  endfacet
  facet normal -0.582723 0.743682 0.327674
    outer loop
      vertex 15.068 26.3516 -8.76236
      vertex 2.08771 7.59431 10.7251
      vertex 15.2693 26.4195 -8.55848
    endloop
  endfacet
  facet normal 0.439379 0.627498 -0.6428
    outer loop
      vertex 15.2693 26.4195 -8.55848
      vertex 14.8846 26.2625 -8.9747
      vertex 15.068 26.3516 -8.76236
    endloop
  endfacet
  facet normal 0.4083 0.497865 0.765128
    outer loop
      vertex 18.2568 25.5607 -7.35475
      vertex 4.83966 6.91176 11.9399
      vertex 5.07521 6.73549 11.9289
    endloop
  endfacet
  facet normal 0.40843 0.497766 0.765123
    outer loop
      vertex 18.0212 25.737 -7.34368
      vertex 4.83966 6.91176 11.9399
      vertex 18.2568 25.5607 -7.35475
    endloop
  endfacet
  facet normal -0.439282 -0.627452 0.642912
    outer loop
      vertex 5.29784 6.54571 11.8958
      vertex 5.07521 6.73549 11.9289
      vertex 5.8675 5.91409 11.6686
    endloop
  endfacet
  facet normal 0.43982 0.627791 -0.642213
    outer loop
      vertex 18.687 25.1694 -7.44264
      vertex 18.2568 25.5607 -7.35475
      vertex 18.4794 25.3709 -7.38784
    endloop
  endfacet
  facet normal 0.623226 0.302389 0.721214
    outer loop
      vertex 5.5054 6.34424 11.841
      vertex 18.8774 24.9582 -7.51862
      vertex 18.687 25.1694 -7.44264
    endloop
  endfacet
  facet normal 0.623135 0.302491 0.72125
    outer loop
      vertex 18.8774 24.9582 -7.51862
      vertex 5.5054 6.34424 11.841
      vertex 5.6959 6.13302 11.765
    endloop
  endfacet
  facet normal 0.439482 0.627463 -0.642764
    outer loop
      vertex 19.5412 22.7778 -9.19347
      vertex 19.1096 22.1615 -10.0902
      vertex 19.5165 23.8293 -8.18389
    endloop
  endfacet
  facet normal 0.439368 0.627518 -0.642788
    outer loop
      vertex 19.5165 23.8293 -8.18389
      vertex 19.1096 22.1615 -10.0902
      vertex 19.4349 24.0576 -8.01679
    endloop
  endfacet
  facet normal -0.439448 -0.627496 0.642755
    outer loop
      vertex 1.21381 5.43191 8.01679
      vertex 1.04492 6.10505 8.55848
      vertex 1.0758 5.88528 8.36504
    endloop
  endfacet
  facet normal -0.898137 0.293319 -0.327588
    outer loop
      vertex 14.2265 24.9303 -10.7251
      vertex 1.04492 6.10505 8.55848
      vertex 14.2215 25.1426 -10.5213
    endloop
  endfacet
  facet normal 0.892163 -0.221335 0.393772
    outer loop
      vertex 19.5729 23.6042 -8.36504
      vertex 6.3914 4.77899 10.9186
      vertex 6.42228 4.55921 10.7251
    endloop
  endfacet
  facet normal 0.898138 -0.293318 0.327586
    outer loop
      vertex 19.6088 23.1721 -8.76236
      vertex 6.42228 4.55921 10.7251
      vertex 6.42727 4.34688 10.5213
    endloop
  endfacet
  facet normal 0.439212 0.627587 -0.642828
    outer loop
      vertex 19.5879 22.9692 -8.9747
      vertex 19.5412 22.7778 -9.19347
      vertex 19.6038 23.3844 -8.55848
    endloop
  endfacet
  facet normal 0.898139 -0.293383 0.327525
    outer loop
      vertex 19.6038 23.3844 -8.55848
      vertex 6.42228 4.55921 10.7251
      vertex 19.6088 23.1721 -8.76236
    endloop
  endfacet
  facet normal 0.89547 -0.362711 0.258019
    outer loop
      vertex 6.42727 4.34688 10.5213
      vertex 6.40631 4.14404 10.3089
      vertex 19.6088 23.1721 -8.76236
    endloop
  endfacet
  facet normal -0.328106 -0.554013 -0.765125
    outer loop
      vertex 3.52503 5 6.05553
      vertex 15.8091 22.5777 -11.9399
      vertex 16.0553 22.4167 -11.9289
    endloop
  endfacet
  facet normal -0.32786 -0.554173 -0.765114
    outer loop
      vertex 15.8091 22.5777 -11.9399
      vertex 3.52503 5 6.05553
      vertex 3.50104 5 6.06581
    endloop
  endfacet
  facet normal 0.440061 0.629163 -0.640703
    outer loop
      vertex 16.0553 22.4167 -11.9289
      vertex 15.8091 22.5777 -11.9399
      vertex 16.3098 22.2724 -11.8958
    endloop
  endfacet
  facet normal -0.556699 -0.371371 -0.743081
    outer loop
      vertex 2.78655 5 6.48493
      vertex 15.1434 23.1452 -11.841
      vertex 15.3509 22.9438 -11.8958
    endloop
  endfacet
  facet normal -0.556689 -0.371381 -0.743084
    outer loop
      vertex 15.1434 23.1452 -11.841
      vertex 2.78655 5 6.48493
      vertex 2.43792 5 6.74611
    endloop
  endfacet
  facet normal -0.683518 -0.230757 -0.692499
    outer loop
      vertex 2.09153 5 7.04634
      vertex 1.77463 5 7.35913
      vertex 14.7813 23.5754 -11.6686
    endloop
  endfacet
  facet normal -0.88419 0.428434 -0.186148
    outer loop
      vertex 14.2424 25.3454 -10.3089
      vertex 1.06089 6.52023 8.9747
      vertex 14.2891 25.5368 -10.0902
    endloop
  endfacet
  facet normal 0.439381 0.627523 -0.642775
    outer loop
      vertex 19.4349 24.0576 -8.01679
      vertex 14.2265 24.9303 -10.7251
      vertex 14.2891 25.5368 -10.0902
    endloop
  endfacet
  facet normal -0.823315 -0.00489031 -0.567564
    outer loop
      vertex 14.5012 24.0279 -11.4183
      vertex 1.21381 5.43191 8.01679
      vertex 14.3954 24.2571 -11.2668
    endloop
  endfacet
  facet normal -0.854544 0.0713825 -0.514451
    outer loop
      vertex 1.21381 5.43191 8.01679
      vertex 1.13228 5.66017 8.18389
      vertex 14.3954 24.2571 -11.2668
    endloop
  endfacet
  facet normal -0.877576 0.147037 -0.456335
    outer loop
      vertex 1.13228 5.66017 8.18389
      vertex 1.0758 5.88528 8.36504
      vertex 14.3138 24.4854 -11.0997
    endloop
  endfacet
  facet normal -0.439423 -0.627499 0.64277
    outer loop
      vertex 1.21381 5.43191 8.01679
      vertex 1.0758 5.88528 8.36504
      vertex 1.13228 5.66017 8.18389
    endloop
  endfacet
  facet normal -0.898139 0.293383 -0.327525
    outer loop
      vertex 1.04492 6.10505 8.55848
      vertex 1.03993 6.31738 8.76236
      vertex 14.2215 25.1426 -10.5213
    endloop
  endfacet
  facet normal -0.43891 -0.627676 0.642948
    outer loop
      vertex 1.06089 6.52023 8.9747
      vertex 1.03993 6.31738 8.76236
      vertex 1.04492 6.10505 8.55848
    endloop
  endfacet
  facet normal -0.864387 0.4901 -0.112412
    outer loop
      vertex 14.2891 25.5368 -10.0902
      vertex 1.10758 6.71163 9.19347
      vertex 1.17956 6.88975 9.41656
    endloop
  endfacet
  facet normal -0.884188 0.428444 -0.186138
    outer loop
      vertex 14.2891 25.5368 -10.0902
      vertex 1.06089 6.52023 8.9747
      vertex 1.10758 6.71163 9.19347
    endloop
  endfacet
  facet normal 0.440959 0.626041 -0.643139
    outer loop
      vertex 14.8846 26.2625 -8.9747
      vertex 14.5779 26.0246 -9.41656
      vertex 14.7207 26.1532 -9.19347
    endloop
  endfacet
  facet normal -0.756174 0.644641 0.112425
    outer loop
      vertex 14.5779 26.0246 -9.41656
      vertex 1.53915 7.32797 10.0902
      vertex 14.7207 26.1532 -9.19347
    endloop
  endfacet
  facet normal -0.439378 -0.627493 0.642807
    outer loop
      vertex 1.70303 7.43731 10.3089
      vertex 1.39639 7.19941 9.86707
      vertex 2.08771 7.59431 10.7251
    endloop
  endfacet
  facet normal -0.437684 -0.629031 0.642459
    outer loop
      vertex 1.53915 7.32797 10.0902
      vertex 1.39639 7.19941 9.86707
      vertex 1.70303 7.43731 10.3089
    endloop
  endfacet
  facet normal -0.623109 -0.302519 -0.721261
    outer loop
      vertex 2.43792 5 6.74611
      vertex 2.10805 5 7.03109
      vertex 15.1434 23.1452 -11.841
    endloop
  endfacet
  facet normal 0.440317 0.627827 -0.641837
    outer loop
      vertex 14.9529 23.3565 -11.765
      vertex 14.7813 23.5754 -11.6686
      vertex 15.1434 23.1452 -11.841
    endloop
  endfacet
  facet normal 0.43941 0.62752 -0.642758
    outer loop
      vertex 14.7813 23.5754 -11.6686
      vertex 14.2265 24.9303 -10.7251
      vertex 17.0981 21.9531 -11.6686
    endloop
  endfacet
  facet normal 0.439337 0.627415 -0.64291
    outer loop
      vertex 15.8091 22.5777 -11.9399
      vertex 14.7813 23.5754 -11.6686
      vertex 17.0981 21.9531 -11.6686
    endloop
  endfacet
  facet normal -0.73736 -0.156755 -0.65706
    outer loop
      vertex 1.77059 5 7.36367
      vertex 1.46636 5 7.70508
      vertex 14.6302 23.7999 -11.5526
    endloop
  endfacet
  facet normal -0.784113 -0.0812207 -0.615281
    outer loop
      vertex 14.6302 23.7999 -11.5526
      vertex 1.31961 5.20269 7.86533
      vertex 14.5012 24.0279 -11.4183
    endloop
  endfacet
  facet normal -0.784102 -0.0812397 -0.615292
    outer loop
      vertex 1.46636 5 7.70508
      vertex 1.31961 5.20269 7.86533
      vertex 14.6302 23.7999 -11.5526
    endloop
  endfacet
  facet normal -0.784135 -0.0813033 -0.615241
    outer loop
      vertex 1.31961 5.20269 7.86533
      vertex 1.46636 5 7.70508
      vertex 1.43434 5 7.74589
    endloop
  endfacet
  facet normal 0.439445 0.627702 -0.642556
    outer loop
      vertex 18.2568 25.5607 -7.35475
      vertex 16.9966 26.2752 -7.51862
      vertex 17.5205 26.0423 -7.38784
    endloop
  endfacet
  facet normal 0.43936 0.627491 -0.64282
    outer loop
      vertex 19.4349 24.0576 -8.01679
      vertex 16.9966 26.2752 -7.51862
      vertex 18.2568 25.5607 -7.35475
    endloop
  endfacet
  facet normal 0.438978 0.629462 -0.641152
    outer loop
      vertex 16.7322 26.3616 -7.61504
      vertex 16.2112 26.47 -7.86533
      vertex 16.4695 26.4267 -7.73099
    endloop
  endfacet
  facet normal 0.439459 0.627022 -0.64321
    outer loop
      vertex 16.9966 26.2752 -7.51862
      vertex 16.2112 26.47 -7.86533
      vertex 16.7322 26.3616 -7.61504
    endloop
  endfacet
  facet normal 0.439363 0.627589 -0.642723
    outer loop
      vertex 16.9966 26.2752 -7.51862
      vertex 15.4863 26.4657 -8.36504
      vertex 15.9596 26.491 -8.01679
    endloop
  endfacet
  facet normal 0.582663 -0.743703 -0.327736
    outer loop
      vertex 18.7623 21.9631 -10.5213
      vertex 5.58072 3.13789 8.76236
      vertex 18.561 21.8952 -10.7251
    endloop
  endfacet
  facet normal -0.43949 -0.627331 0.642888
    outer loop
      vertex 5 3.0106 8.24113
      vertex 5.1624 3.02381 8.36504
      vertex 5.37949 3.06996 8.55848
    endloop
  endfacet
  facet normal -0.439636 -0.627062 0.64305
    outer loop
      vertex 5.1624 3.02381 8.36504
      vertex 5 3.0106 8.24113
      vertex 5 3.00698 8.2376
    endloop
  endfacet
  facet normal 0.191837 -0.764601 -0.615292
    outer loop
      vertex 17.3608 21.8879 -11.5526
      vertex 5 3.84059 7.02028
      vertex 5 4.23492 6.53026
    endloop
  endfacet
  facet normal 0.0169591 -0.721228 -0.69249
    outer loop
      vertex 5 5 5.69177
      vertex 17.0981 21.9531 -11.6686
      vertex 5 4.67518 6.03007
    endloop
  endfacet
  facet normal 0.016913 -0.721212 -0.692508
    outer loop
      vertex 16.8337 22.0395 -11.765
      vertex 5 5 5.69177
      vertex 4.90255 5 5.68939
    endloop
  endfacet
  facet normal 0.0168312 -0.721186 -0.692537
    outer loop
      vertex 5 5 5.69177
      vertex 16.8337 22.0395 -11.765
      vertex 17.0981 21.9531 -11.6686
    endloop
  endfacet
  facet normal -0.0709845 -0.689068 -0.721211
    outer loop
      vertex 4.90255 5 5.68939
      vertex 16.5701 22.1462 -11.841
      vertex 16.8337 22.0395 -11.765
    endloop
  endfacet
  facet normal -0.0711775 -0.688992 -0.721265
    outer loop
      vertex 16.5701 22.1462 -11.841
      vertex 4.90255 5 5.68939
      vertex 4.87063 5 5.69254
    endloop
  endfacet
  facet normal -0.158725 -0.650069 -0.743113
    outer loop
      vertex 4.56415 5 5.72278
      vertex 16.3098 22.2724 -11.8958
      vertex 16.5701 22.1462 -11.841
    endloop
  endfacet
  facet normal -0.158601 -0.650128 -0.743088
    outer loop
      vertex 16.3098 22.2724 -11.8958
      vertex 4.56415 5 5.72278
      vertex 4.21552 5 5.79719
    endloop
  endfacet
  facet normal -0.328063 -0.554042 -0.765123
    outer loop
      vertex 3.86001 5 5.9119
      vertex 3.52503 5 6.05553
      vertex 16.0553 22.4167 -11.9289
    endloop
  endfacet
  facet normal -0.244486 -0.605012 -0.757751
    outer loop
      vertex 4.21552 5 5.79719
      vertex 16.0553 22.4167 -11.9289
      vertex 16.3098 22.2724 -11.8958
    endloop
  endfacet
  facet normal -0.244499 -0.605005 -0.757753
    outer loop
      vertex 16.0553 22.4167 -11.9289
      vertex 4.21552 5 5.79719
      vertex 3.86001 5 5.9119
    endloop
  endfacet
  facet normal 0.439488 0.627369 -0.642852
    outer loop
      vertex 15.4863 26.4657 -8.36504
      vertex 14.8846 26.2625 -8.9747
      vertex 15.2693 26.4195 -8.55848
    endloop
  endfacet
  facet normal -0.513271 0.762626 0.393643
    outer loop
      vertex 15.2693 26.4195 -8.55848
      vertex 2.08771 7.59431 10.7251
      vertex 15.4863 26.4657 -8.36504
    endloop
  endfacet
  facet normal -0.647074 0.717427 0.258059
    outer loop
      vertex 15.068 26.3516 -8.76236
      vertex 1.70303 7.43731 10.3089
      vertex 1.88648 7.52637 10.5213
    endloop
  endfacet
  facet normal -0.582827 0.743646 0.327571
    outer loop
      vertex 15.068 26.3516 -8.76236
      vertex 1.88648 7.52637 10.5213
      vertex 2.08771 7.59431 10.7251
    endloop
  endfacet
  facet normal -0.439376 -0.627441 0.642857
    outer loop
      vertex 4.07867 7.34324 11.841
      vertex 3.55062 7.53638 11.6686
      vertex 4.33898 7.2171 11.8958
    endloop
  endfacet
  facet normal -0.439382 -0.627499 0.642797
    outer loop
      vertex 4.33898 7.2171 11.8958
      vertex 3.55062 7.53638 11.6686
      vertex 5.07521 6.73549 11.9289
    endloop
  endfacet
  facet normal -0.4382 -0.627584 0.64352
    outer loop
      vertex 6.25339 5.23236 11.2668
      vertex 6.14759 5.46158 11.4183
      vertex 6.33492 5.00409 11.0997
    endloop
  endfacet
  facet normal 0.784064 0.0813088 0.615331
    outer loop
      vertex 19.3291 24.2868 -7.86533
      vertex 6.01855 5.68956 11.5526
      vertex 6.14759 5.46158 11.4183
    endloop
  endfacet
  facet normal 0.683489 0.230796 0.692514
    outer loop
      vertex 19.049 24.7393 -7.61504
      vertex 5.6959 6.13302 11.765
      vertex 5.8675 5.91409 11.6686
    endloop
  endfacet
  facet normal -0.438719 -0.627228 0.643515
    outer loop
      vertex 5.6959 6.13302 11.765
      vertex 5.5054 6.34424 11.841
      vertex 5.8675 5.91409 11.6686
    endloop
  endfacet
  facet normal 0.737296 0.156853 0.657109
    outer loop
      vertex 19.049 24.7393 -7.61504
      vertex 5.8675 5.91409 11.6686
      vertex 19.2001 24.5148 -7.73099
    endloop
  endfacet
  facet normal 0.484941 0.436639 0.757746
    outer loop
      vertex 18.2568 25.5607 -7.35475
      vertex 5.29784 6.54571 11.8958
      vertex 18.4794 25.3709 -7.38784
    endloop
  endfacet
  facet normal 0.484901 0.436673 0.757752
    outer loop
      vertex 18.2568 25.5607 -7.35475
      vertex 5.07521 6.73549 11.9289
      vertex 5.29784 6.54571 11.8958
    endloop
  endfacet
  facet normal 0.513061 -0.762669 -0.393833
    outer loop
      vertex 5.37949 3.06996 8.55848
      vertex 5.1624 3.02381 8.36504
      vertex 18.561 21.8952 -10.7251
    endloop
  endfacet
  facet normal 0.513329 -0.762614 -0.39359
    outer loop
      vertex 18.561 21.8952 -10.7251
      vertex 5.1624 3.02381 8.36504
      vertex 18.344 21.849 -10.9186
    endloop
  endfacet
  facet normal 0.440662 0.624497 -0.644842
    outer loop
      vertex 17.8707 21.8236 -11.2668
      vertex 17.6191 21.8447 -11.4183
      vertex 18.1131 21.8251 -11.0997
    endloop
  endfacet
  facet normal 0.356732 -0.778607 -0.51625
    outer loop
      vertex 5 3.09946 8.08101
      vertex 18.1131 21.8251 -11.0997
      vertex 5 3.09763 8.08377
    endloop
  endfacet
  facet normal 0.359422 -0.778594 -0.514399
    outer loop
      vertex 18.1131 21.8251 -11.0997
      vertex 5 3.09946 8.08101
      vertex 17.8707 21.8236 -11.2668
    endloop
  endfacet
  facet normal 0.877562 -0.146981 0.456378
    outer loop
      vertex 19.5729 23.6042 -8.36504
      vertex 6.33492 5.00409 11.0997
      vertex 6.3914 4.77899 10.9186
    endloop
  endfacet
  facet normal -0.441239 -0.627129 0.641886
    outer loop
      vertex 6.3914 4.77899 10.9186
      vertex 6.33492 5.00409 11.0997
      vertex 6.42228 4.55921 10.7251
    endloop
  endfacet
  facet normal 0.438029 0.628019 -0.643213
    outer loop
      vertex 19.6088 23.1721 -8.76236
      vertex 19.5879 22.9692 -8.9747
      vertex 19.6038 23.3844 -8.55848
    endloop
  endfacet
  facet normal 0.895491 -0.3625 0.258244
    outer loop
      vertex 19.6088 23.1721 -8.76236
      vertex 6.40631 4.14404 10.3089
      vertex 19.5879 22.9692 -8.9747
    endloop
  endfacet
  facet normal -0.438363 -0.627729 0.643269
    outer loop
      vertex 6.42228 4.55921 10.7251
      vertex 6.33492 5.00409 11.0997
      vertex 6.42727 4.34688 10.5213
    endloop
  endfacet
  facet normal -0.440129 -0.627291 0.64249
    outer loop
      vertex 6.42727 4.34688 10.5213
      vertex 6.33492 5.00409 11.0997
      vertex 6.40631 4.14404 10.3089
    endloop
  endfacet
  facet normal -0.408452 -0.497753 -0.76512
    outer loop
      vertex 3.47747 5 6.07839
      vertex 3.14207 5 6.25744
      vertex 15.5735 22.754 -11.9289
    endloop
  endfacet
  facet normal -0.892153 0.22128 -0.393824
    outer loop
      vertex 14.2574 24.7105 -10.9186
      vertex 1.04492 6.10505 8.55848
      vertex 14.2265 24.9303 -10.7251
    endloop
  endfacet
  facet normal 0.442218 0.626875 -0.64146
    outer loop
      vertex 14.2574 24.7105 -10.9186
      vertex 14.2265 24.9303 -10.7251
      vertex 14.3138 24.4854 -11.0997
    endloop
  endfacet
  facet normal 0.442778 0.626338 -0.641598
    outer loop
      vertex 14.2265 24.9303 -10.7251
      vertex 14.2215 25.1426 -10.5213
      vertex 14.2424 25.3454 -10.3089
    endloop
  endfacet
  facet normal -0.895479 0.36262 -0.258115
    outer loop
      vertex 14.2215 25.1426 -10.5213
      vertex 1.06089 6.52023 8.9747
      vertex 14.2424 25.3454 -10.3089
    endloop
  endfacet
  facet normal -0.892154 0.221282 -0.393822
    outer loop
      vertex 1.0758 5.88528 8.36504
      vertex 1.04492 6.10505 8.55848
      vertex 14.2574 24.7105 -10.9186
    endloop
  endfacet
  facet normal -0.877607 0.147165 -0.456234
    outer loop
      vertex 14.3138 24.4854 -11.0997
      vertex 1.0758 5.88528 8.36504
      vertex 14.2574 24.7105 -10.9186
    endloop
  endfacet
  facet normal -0.836253 0.547055 -0.0375798
    outer loop
      vertex 14.4577 25.8781 -9.64181
      vertex 1.17956 6.88975 9.41656
      vertex 1.27614 7.05286 9.64181
    endloop
  endfacet
  facet normal -0.439318 -0.62755 0.642792
    outer loop
      vertex 1.27614 7.05286 9.64181
      vertex 1.17956 6.88975 9.41656
      vertex 1.39639 7.19941 9.86707
    endloop
  endfacet
  facet normal 0.438894 0.627247 -0.643377
    outer loop
      vertex 15.1434 23.1452 -11.841
      vertex 14.7813 23.5754 -11.6686
      vertex 15.3509 22.9438 -11.8958
    endloop
  endfacet
  facet normal 0.435582 0.626926 -0.645935
    outer loop
      vertex 14.6302 23.7999 -11.5526
      vertex 14.5012 24.0279 -11.4183
      vertex 14.7813 23.5754 -11.6686
    endloop
  endfacet
  facet normal -0.737352 -0.156767 -0.657067
    outer loop
      vertex 1.77463 5 7.35913
      vertex 14.6302 23.7999 -11.5526
      vertex 14.7813 23.5754 -11.6686
    endloop
  endfacet
  facet normal -0.737905 -0.155957 -0.656638
    outer loop
      vertex 14.6302 23.7999 -11.5526
      vertex 1.77463 5 7.35913
      vertex 1.77059 5 7.36367
    endloop
  endfacet
  facet normal -0.104993 0.746531 0.657015
    outer loop
      vertex 16.4695 26.4267 -7.73099
      vertex 3.28797 7.60153 11.5526
      vertex 16.7322 26.3616 -7.61504
    endloop
  endfacet
  facet normal -0.104995 0.746531 0.657014
    outer loop
      vertex 16.7322 26.3616 -7.61504
      vertex 3.28797 7.60153 11.5526
      vertex 3.55062 7.53638 11.6686
    endloop
  endfacet
  facet normal -0.016873 0.7212 0.692521
    outer loop
      vertex 16.7322 26.3616 -7.61504
      vertex 3.81504 7.45001 11.765
      vertex 16.9966 26.2752 -7.51862
    endloop
  endfacet
  facet normal -0.0168958 0.721207 0.692513
    outer loop
      vertex 3.81504 7.45001 11.765
      vertex 16.7322 26.3616 -7.61504
      vertex 3.55062 7.53638 11.6686
    endloop
  endfacet
  facet normal 0.0712391 0.688967 0.721283
    outer loop
      vertex 16.9966 26.2752 -7.51862
      vertex 4.07867 7.34324 11.841
      vertex 17.2602 26.1684 -7.44264
    endloop
  endfacet
  facet normal 0.15853 0.650164 0.743071
    outer loop
      vertex 17.2602 26.1684 -7.44264
      vertex 4.07867 7.34324 11.841
      vertex 17.5205 26.0423 -7.38784
    endloop
  endfacet
  facet normal 0.439884 0.626571 -0.643358
    outer loop
      vertex 15.9596 26.491 -8.01679
      vertex 15.4863 26.4657 -8.36504
      vertex 15.7172 26.4896 -8.18389
    endloop
  endfacet
  facet normal -0.439689 -0.626859 0.643212
    outer loop
      vertex 2.77802 7.66583 11.2668
      vertex 2.53564 7.66438 11.0997
      vertex 3.0296 7.64482 11.4183
    endloop
  endfacet
  facet normal -0.359333 0.778596 0.514459
    outer loop
      vertex 15.9596 26.491 -8.01679
      vertex 2.53564 7.66438 11.0997
      vertex 2.77802 7.66583 11.2668
    endloop
  endfacet
  facet normal -0.359205 0.778596 0.514549
    outer loop
      vertex 2.53564 7.66438 11.0997
      vertex 15.9596 26.491 -8.01679
      vertex 15.7172 26.4896 -8.18389
    endloop
  endfacet
  facet normal -0.276962 0.775335 0.567581
    outer loop
      vertex 15.9596 26.491 -8.01679
      vertex 3.0296 7.64482 11.4183
      vertex 16.2112 26.47 -7.86533
    endloop
  endfacet
  facet normal -0.277022 0.775339 0.567545
    outer loop
      vertex 3.0296 7.64482 11.4183
      vertex 15.9596 26.491 -8.01679
      vertex 2.77802 7.66583 11.2668
    endloop
  endfacet
  facet normal 0.43712 0.627162 -0.644666
    outer loop
      vertex 19.3291 24.2868 -7.86533
      vertex 19.049 24.7393 -7.61504
      vertex 19.2001 24.5148 -7.73099
    endloop
  endfacet
  facet normal 0.439189 0.627488 -0.64294
    outer loop
      vertex 19.3291 24.2868 -7.86533
      vertex 18.8774 24.9582 -7.51862
      vertex 19.049 24.7393 -7.61504
    endloop
  endfacet
  facet normal 0.784149 0.081156 0.615243
    outer loop
      vertex 19.2001 24.5148 -7.73099
      vertex 6.01855 5.68956 11.5526
      vertex 19.3291 24.2868 -7.86533
    endloop
  endfacet
  facet normal 0.737424 0.156659 0.657011
    outer loop
      vertex 19.2001 24.5148 -7.73099
      vertex 5.8675 5.91409 11.6686
      vertex 6.01855 5.68956 11.5526
    endloop
  endfacet
  facet normal 0.556681 0.371389 0.743086
    outer loop
      vertex 18.4794 25.3709 -7.38784
      vertex 5.29784 6.54571 11.8958
      vertex 5.5054 6.34424 11.841
    endloop
  endfacet
  facet normal 0.556655 0.371414 0.743093
    outer loop
      vertex 18.4794 25.3709 -7.38784
      vertex 5.5054 6.34424 11.841
      vertex 18.687 25.1694 -7.44264
    endloop
  endfacet
  facet normal -0.623187 -0.302431 -0.721231
    outer loop
      vertex 2.10805 5 7.03109
      vertex 14.9529 23.3565 -11.765
      vertex 15.1434 23.1452 -11.841
    endloop
  endfacet
  facet normal -0.623074 -0.302556 -0.721276
    outer loop
      vertex 14.9529 23.3565 -11.765
      vertex 2.10805 5 7.03109
      vertex 2.09953 5 7.03845
    endloop
  endfacet
  facet normal -0.683474 -0.230812 -0.692524
    outer loop
      vertex 2.09953 5 7.03845
      vertex 14.7813 23.5754 -11.6686
      vertex 14.9529 23.3565 -11.765
    endloop
  endfacet
  facet normal -0.683171 -0.231192 -0.692696
    outer loop
      vertex 14.7813 23.5754 -11.6686
      vertex 2.09953 5 7.03845
      vertex 2.09153 5 7.04634
    endloop
  endfacet
  facet normal 0.104885 -0.746504 -0.657062
    outer loop
      vertex 5 4.67518 6.03007
      vertex 17.3608 21.8879 -11.5526
      vertex 5 4.23492 6.53026
    endloop
  endfacet
  facet normal 0.104866 -0.746499 -0.65707
    outer loop
      vertex 17.3608 21.8879 -11.5526
      vertex 5 4.67518 6.03007
      vertex 17.0981 21.9531 -11.6686
    endloop
  endfacet
  facet normal -0.998793 -0.0491153 0
    outer loop
      vertex -46.9759 -5.49009 -36.5
      vertex -47 -5 -31.5
      vertex -47 -5 -36.5
    endloop
  endfacet
  facet normal -0.998793 -0.0491153 0
    outer loop
      vertex -47 -5 -31.5
      vertex -46.9759 -5.49009 -36.5
      vertex -46.9759 -5.49009 -31.5
    endloop
  endfacet
  facet normal -0.941548 0.336879 0
    outer loop
      vertex -46.7847 -3.54858 -36.5
      vertex -46.6194 -3.08658 -31.5
      vertex -46.6194 -3.08658 -36.5
    endloop
  endfacet
  facet normal -0.941548 0.336879 0
    outer loop
      vertex -46.6194 -3.08658 -31.5
      vertex -46.7847 -3.54858 -36.5
      vertex -46.7847 -3.54858 -31.5
    endloop
  endfacet
  facet normal 0.989175 0.146738 0
    outer loop
      vertex -37.0241 -4.50991 -31.5
      vertex -37.0961 -4.02455 -36.5
      vertex -37.0961 -4.02455 -31.5
    endloop
  endfacet
  facet normal 0.989175 0.146738 0
    outer loop
      vertex -37.0961 -4.02455 -36.5
      vertex -37.0241 -4.50991 -31.5
      vertex -37.0241 -4.50991 -36.5
    endloop
  endfacet
  facet normal 0.998793 0.0491153 0
    outer loop
      vertex -37 -5 -31.5
      vertex -37.0241 -4.50991 -36.5
      vertex -37.0241 -4.50991 -31.5
    endloop
  endfacet
  facet normal 0.998793 0.0491153 0
    outer loop
      vertex -37.0241 -4.50991 -36.5
      vertex -37 -5 -31.5
      vertex -37 -5 -36.5
    endloop
  endfacet
  facet normal 0.970043 0.242934 0
    outer loop
      vertex -37.0961 -4.02455 -31.5
      vertex -37.2153 -3.54858 -36.5
      vertex -37.2153 -3.54858 -31.5
    endloop
  endfacet
  facet normal 0.970043 0.242934 0
    outer loop
      vertex -37.2153 -3.54858 -36.5
      vertex -37.0961 -4.02455 -31.5
      vertex -37.0961 -4.02455 -36.5
    endloop
  endfacet
  facet normal 0.0490645 0.998796 -0
    outer loop
      vertex -41.5099 -0.0240755 -36.5
      vertex -42 0 -31.5
      vertex -41.5099 -0.0240755 -31.5
    endloop
  endfacet
  facet normal 0.0490645 0.998796 0
    outer loop
      vertex -42 0 -31.5
      vertex -41.5099 -0.0240755 -36.5
      vertex -42 0 -36.5
    endloop
  endfacet
  facet normal -0.0490736 -0.998795 0
    outer loop
      vertex -42.4901 -9.97592 -36.5
      vertex -42 -10 -31.5
      vertex -42.4901 -9.97592 -31.5
    endloop
  endfacet
  facet normal -0.0490736 -0.998795 -0
    outer loop
      vertex -42 -10 -31.5
      vertex -42.4901 -9.97592 -36.5
      vertex -42 -10 -36.5
    endloop
  endfacet
  facet normal 0.427526 -0.904003 0
    outer loop
      vertex -40.0866 -9.6194 -36.5
      vertex -39.643 -9.40961 -31.5
      vertex -40.0866 -9.6194 -31.5
    endloop
  endfacet
  facet normal 0.427526 -0.904003 0
    outer loop
      vertex -39.643 -9.40961 -31.5
      vertex -40.0866 -9.6194 -36.5
      vertex -39.643 -9.40961 -36.5
    endloop
  endfacet
  facet normal -0.336879 -0.941548 0
    outer loop
      vertex -43.9134 -9.6194 -36.5
      vertex -43.4514 -9.7847 -31.5
      vertex -43.9134 -9.6194 -31.5
    endloop
  endfacet
  facet normal -0.336879 -0.941548 -0
    outer loop
      vertex -43.4514 -9.7847 -31.5
      vertex -43.9134 -9.6194 -36.5
      vertex -43.4514 -9.7847 -36.5
    endloop
  endfacet
  facet normal -0.595718 0.803193 0
    outer loop
      vertex -44.7779 -0.842651 -36.5
      vertex -45.172 -1.13495 -31.5
      vertex -44.7779 -0.842651 -31.5
    endloop
  endfacet
  facet normal -0.595718 0.803193 0
    outer loop
      vertex -45.172 -1.13495 -31.5
      vertex -44.7779 -0.842651 -36.5
      vertex -45.172 -1.13495 -36.5
    endloop
  endfacet
  facet normal 0.146706 -0.98918 0
    outer loop
      vertex -41.5099 -9.97592 -36.5
      vertex -41.0245 -9.90393 -31.5
      vertex -41.5099 -9.97592 -31.5
    endloop
  endfacet
  facet normal 0.146706 -0.98918 0
    outer loop
      vertex -41.0245 -9.90393 -31.5
      vertex -41.5099 -9.97592 -36.5
      vertex -41.0245 -9.90393 -36.5
    endloop
  endfacet
  facet normal 0.857692 -0.514163 0
    outer loop
      vertex -37.8427 -7.77785 -31.5
      vertex -37.5904 -7.35698 -36.5
      vertex -37.5904 -7.35698 -31.5
    endloop
  endfacet
  facet normal 0.857692 -0.514163 0
    outer loop
      vertex -37.5904 -7.35698 -36.5
      vertex -37.8427 -7.77785 -31.5
      vertex -37.8427 -7.77785 -36.5
    endloop
  endfacet
  facet normal 0.514076 -0.857745 0
    outer loop
      vertex -39.643 -9.40961 -36.5
      vertex -39.2221 -9.15735 -31.5
      vertex -39.643 -9.40961 -31.5
    endloop
  endfacet
  facet normal 0.514076 -0.857745 0
    outer loop
      vertex -39.2221 -9.15735 -31.5
      vertex -39.643 -9.40961 -36.5
      vertex -39.2221 -9.15735 -36.5
    endloop
  endfacet
  facet normal -0.146721 0.989178 0
    outer loop
      vertex -42.4901 -0.0240755 -36.5
      vertex -42.9755 -0.0960732 -31.5
      vertex -42.4901 -0.0240755 -31.5
    endloop
  endfacet
  facet normal -0.146721 0.989178 0
    outer loop
      vertex -42.9755 -0.0960732 -31.5
      vertex -42.4901 -0.0240755 -36.5
      vertex -42.9755 -0.0960732 -36.5
    endloop
  endfacet
  facet normal 0.90398 0.427575 0
    outer loop
      vertex -37.3806 -3.08658 -31.5
      vertex -37.5904 -2.64302 -36.5
      vertex -37.5904 -2.64302 -31.5
    endloop
  endfacet
  facet normal 0.90398 0.427575 0
    outer loop
      vertex -37.5904 -2.64302 -36.5
      vertex -37.3806 -3.08658 -31.5
      vertex -37.3806 -3.08658 -36.5
    endloop
  endfacet
  facet normal -0.970043 0.242934 0
    outer loop
      vertex -46.9039 -4.02455 -36.5
      vertex -46.7847 -3.54858 -31.5
      vertex -46.7847 -3.54858 -36.5
    endloop
  endfacet
  facet normal -0.970043 0.242934 0
    outer loop
      vertex -46.7847 -3.54858 -31.5
      vertex -46.9039 -4.02455 -36.5
      vertex -46.9039 -4.02455 -31.5
    endloop
  endfacet
  facet normal 0.90398 -0.427575 0
    outer loop
      vertex -37.5904 -7.35698 -31.5
      vertex -37.3806 -6.91342 -36.5
      vertex -37.3806 -6.91342 -31.5
    endloop
  endfacet
  facet normal 0.90398 -0.427575 0
    outer loop
      vertex -37.3806 -6.91342 -36.5
      vertex -37.5904 -7.35698 -31.5
      vertex -37.5904 -7.35698 -36.5
    endloop
  endfacet
  facet normal 0.740861 -0.671658 0
    outer loop
      vertex -38.4645 -8.53553 -31.5
      vertex -38.1349 -8.17197 -36.5
      vertex -38.1349 -8.17197 -31.5
    endloop
  endfacet
  facet normal 0.740861 -0.671658 0
    outer loop
      vertex -38.1349 -8.17197 -36.5
      vertex -38.4645 -8.53553 -31.5
      vertex -38.4645 -8.53553 -36.5
    endloop
  endfacet
  facet normal 0.595718 0.803193 -0
    outer loop
      vertex -38.828 -1.13495 -36.5
      vertex -39.2221 -0.842651 -31.5
      vertex -38.828 -1.13495 -31.5
    endloop
  endfacet
  facet normal 0.595718 0.803193 0
    outer loop
      vertex -39.2221 -0.842651 -31.5
      vertex -38.828 -1.13495 -36.5
      vertex -39.2221 -0.842651 -36.5
    endloop
  endfacet
  facet normal -0.970043 -0.242934 0
    outer loop
      vertex -46.7847 -6.45142 -36.5
      vertex -46.9039 -5.97545 -31.5
      vertex -46.9039 -5.97545 -36.5
    endloop
  endfacet
  facet normal -0.970043 -0.242934 0
    outer loop
      vertex -46.9039 -5.97545 -31.5
      vertex -46.7847 -6.45142 -36.5
      vertex -46.7847 -6.45142 -31.5
    endloop
  endfacet
  facet normal -0.514073 0.857746 0
    outer loop
      vertex -44.357 -0.590393 -36.5
      vertex -44.7779 -0.842651 -31.5
      vertex -44.357 -0.590393 -31.5
    endloop
  endfacet
  facet normal -0.514073 0.857746 0
    outer loop
      vertex -44.7779 -0.842651 -31.5
      vertex -44.357 -0.590393 -36.5
      vertex -44.7779 -0.842651 -36.5
    endloop
  endfacet
  facet normal 0.803304 0.595569 0
    outer loop
      vertex -37.8427 -2.22215 -31.5
      vertex -38.1349 -1.82803 -36.5
      vertex -38.1349 -1.82803 -31.5
    endloop
  endfacet
  facet normal 0.803304 0.595569 0
    outer loop
      vertex -38.1349 -1.82803 -36.5
      vertex -37.8427 -2.22215 -31.5
      vertex -37.8427 -2.22215 -36.5
    endloop
  endfacet
  facet normal -0.671629 -0.740887 0
    outer loop
      vertex -45.5355 -8.53553 -36.5
      vertex -45.172 -8.86505 -31.5
      vertex -45.5355 -8.53553 -31.5
    endloop
  endfacet
  facet normal -0.671629 -0.740887 -0
    outer loop
      vertex -45.172 -8.86505 -31.5
      vertex -45.5355 -8.53553 -36.5
      vertex -45.172 -8.86505 -36.5
    endloop
  endfacet
  facet normal 0.243025 -0.97002 0
    outer loop
      vertex -41.0245 -9.90393 -36.5
      vertex -40.5486 -9.7847 -31.5
      vertex -41.0245 -9.90393 -31.5
    endloop
  endfacet
  facet normal 0.243025 -0.97002 0
    outer loop
      vertex -40.5486 -9.7847 -31.5
      vertex -41.0245 -9.90393 -36.5
      vertex -40.5486 -9.7847 -36.5
    endloop
  endfacet
  facet normal 0.514073 0.857746 -0
    outer loop
      vertex -39.2221 -0.842651 -36.5
      vertex -39.643 -0.590393 -31.5
      vertex -39.2221 -0.842651 -31.5
    endloop
  endfacet
  facet normal 0.514073 0.857746 0
    outer loop
      vertex -39.643 -0.590393 -31.5
      vertex -39.2221 -0.842651 -36.5
      vertex -39.643 -0.590393 -36.5
    endloop
  endfacet
  facet normal 0.243015 0.970023 -0
    outer loop
      vertex -40.5486 -0.215298 -36.5
      vertex -41.0245 -0.0960732 -31.5
      vertex -40.5486 -0.215298 -31.5
    endloop
  endfacet
  facet normal 0.243015 0.970023 0
    outer loop
      vertex -41.0245 -0.0960732 -31.5
      vertex -40.5486 -0.215298 -36.5
      vertex -41.0245 -0.0960732 -36.5
    endloop
  endfacet
  facet normal 0.998793 -0.0491153 0
    outer loop
      vertex -37.0241 -5.49009 -31.5
      vertex -37 -5 -36.5
      vertex -37 -5 -31.5
    endloop
  endfacet
  facet normal 0.998793 -0.0491153 0
    outer loop
      vertex -37 -5 -36.5
      vertex -37.0241 -5.49009 -31.5
      vertex -37.0241 -5.49009 -36.5
    endloop
  endfacet
  facet normal -0.740861 -0.671658 0
    outer loop
      vertex -45.5355 -8.53553 -36.5
      vertex -45.8651 -8.17197 -31.5
      vertex -45.8651 -8.17197 -36.5
    endloop
  endfacet
  facet normal -0.740861 -0.671658 0
    outer loop
      vertex -45.8651 -8.17197 -31.5
      vertex -45.5355 -8.53553 -36.5
      vertex -45.5355 -8.53553 -31.5
    endloop
  endfacet
  facet normal -0.336886 0.941546 0
    outer loop
      vertex -43.4514 -0.215298 -36.5
      vertex -43.9134 -0.380602 -31.5
      vertex -43.4514 -0.215298 -31.5
    endloop
  endfacet
  facet normal -0.336886 0.941546 0
    outer loop
      vertex -43.9134 -0.380602 -31.5
      vertex -43.4514 -0.215298 -36.5
      vertex -43.9134 -0.380602 -36.5
    endloop
  endfacet
  facet normal 0.146721 0.989178 -0
    outer loop
      vertex -41.0245 -0.0960732 -36.5
      vertex -41.5099 -0.0240755 -31.5
      vertex -41.0245 -0.0960732 -31.5
    endloop
  endfacet
  facet normal 0.146721 0.989178 0
    outer loop
      vertex -41.5099 -0.0240755 -31.5
      vertex -41.0245 -0.0960732 -36.5
      vertex -41.5099 -0.0240755 -36.5
    endloop
  endfacet
  facet normal -0.514076 -0.857745 0
    outer loop
      vertex -44.7779 -9.15735 -36.5
      vertex -44.357 -9.40961 -31.5
      vertex -44.7779 -9.15735 -31.5
    endloop
  endfacet
  facet normal -0.514076 -0.857745 -0
    outer loop
      vertex -44.357 -9.40961 -31.5
      vertex -44.7779 -9.15735 -36.5
      vertex -44.357 -9.40961 -36.5
    endloop
  endfacet
  facet normal -0.146706 -0.98918 0
    outer loop
      vertex -42.9755 -9.90393 -36.5
      vertex -42.4901 -9.97592 -31.5
      vertex -42.9755 -9.90393 -31.5
    endloop
  endfacet
  facet normal -0.146706 -0.98918 -0
    outer loop
      vertex -42.4901 -9.97592 -31.5
      vertex -42.9755 -9.90393 -36.5
      vertex -42.4901 -9.97592 -36.5
    endloop
  endfacet
  facet normal 0.941548 0.336879 0
    outer loop
      vertex -37.2153 -3.54858 -31.5
      vertex -37.3806 -3.08658 -36.5
      vertex -37.3806 -3.08658 -31.5
    endloop
  endfacet
  facet normal 0.941548 0.336879 0
    outer loop
      vertex -37.3806 -3.08658 -36.5
      vertex -37.2153 -3.54858 -31.5
      vertex -37.2153 -3.54858 -36.5
    endloop
  endfacet
  facet normal -0.427526 -0.904003 0
    outer loop
      vertex -44.357 -9.40961 -36.5
      vertex -43.9134 -9.6194 -31.5
      vertex -44.357 -9.40961 -31.5
    endloop
  endfacet
  facet normal -0.427526 -0.904003 -0
    outer loop
      vertex -43.9134 -9.6194 -31.5
      vertex -44.357 -9.40961 -36.5
      vertex -43.9134 -9.6194 -36.5
    endloop
  endfacet
  facet normal -0.740861 0.671658 0
    outer loop
      vertex -45.8651 -1.82803 -36.5
      vertex -45.5355 -1.46447 -31.5
      vertex -45.5355 -1.46447 -36.5
    endloop
  endfacet
  facet normal -0.740861 0.671658 0
    outer loop
      vertex -45.5355 -1.46447 -31.5
      vertex -45.8651 -1.82803 -36.5
      vertex -45.8651 -1.82803 -31.5
    endloop
  endfacet
  facet normal 0.970043 -0.242934 0
    outer loop
      vertex -37.2153 -6.45142 -31.5
      vertex -37.0961 -5.97545 -36.5
      vertex -37.0961 -5.97545 -31.5
    endloop
  endfacet
  facet normal 0.970043 -0.242934 0
    outer loop
      vertex -37.0961 -5.97545 -36.5
      vertex -37.2153 -6.45142 -31.5
      vertex -37.2153 -6.45142 -36.5
    endloop
  endfacet
  facet normal 0.989175 -0.146738 0
    outer loop
      vertex -37.0961 -5.97545 -31.5
      vertex -37.0241 -5.49009 -36.5
      vertex -37.0241 -5.49009 -31.5
    endloop
  endfacet
  facet normal 0.989175 -0.146738 0
    outer loop
      vertex -37.0241 -5.49009 -36.5
      vertex -37.0961 -5.97545 -31.5
      vertex -37.0961 -5.97545 -36.5
    endloop
  endfacet
  facet normal 0.740861 0.671658 0
    outer loop
      vertex -38.1349 -1.82803 -31.5
      vertex -38.4645 -1.46447 -36.5
      vertex -38.4645 -1.46447 -31.5
    endloop
  endfacet
  facet normal 0.740861 0.671658 0
    outer loop
      vertex -38.4645 -1.46447 -36.5
      vertex -38.1349 -1.82803 -31.5
      vertex -38.1349 -1.82803 -36.5
    endloop
  endfacet
  facet normal 0.336886 0.941546 -0
    outer loop
      vertex -40.0866 -0.380602 -36.5
      vertex -40.5486 -0.215298 -31.5
      vertex -40.0866 -0.380602 -31.5
    endloop
  endfacet
  facet normal 0.336886 0.941546 0
    outer loop
      vertex -40.5486 -0.215298 -31.5
      vertex -40.0866 -0.380602 -36.5
      vertex -40.5486 -0.215298 -36.5
    endloop
  endfacet
  facet normal 0.0490736 -0.998795 0
    outer loop
      vertex -42 -10 -36.5
      vertex -41.5099 -9.97592 -31.5
      vertex -42 -10 -31.5
    endloop
  endfacet
  facet normal 0.0490736 -0.998795 0
    outer loop
      vertex -41.5099 -9.97592 -31.5
      vertex -42 -10 -36.5
      vertex -41.5099 -9.97592 -36.5
    endloop
  endfacet
  facet normal 0.803304 -0.595569 0
    outer loop
      vertex -38.1349 -8.17197 -31.5
      vertex -37.8427 -7.77785 -36.5
      vertex -37.8427 -7.77785 -31.5
    endloop
  endfacet
  facet normal 0.803304 -0.595569 0
    outer loop
      vertex -37.8427 -7.77785 -36.5
      vertex -38.1349 -8.17197 -31.5
      vertex -38.1349 -8.17197 -36.5
    endloop
  endfacet
  facet normal -0.998793 0.0491153 0
    outer loop
      vertex -47 -5 -36.5
      vertex -46.9759 -4.50991 -31.5
      vertex -46.9759 -4.50991 -36.5
    endloop
  endfacet
  facet normal -0.998793 0.0491153 0
    outer loop
      vertex -46.9759 -4.50991 -31.5
      vertex -47 -5 -36.5
      vertex -47 -5 -31.5
    endloop
  endfacet
  facet normal 0.941548 -0.336879 0
    outer loop
      vertex -37.3806 -6.91342 -31.5
      vertex -37.2153 -6.45142 -36.5
      vertex -37.2153 -6.45142 -31.5
    endloop
  endfacet
  facet normal 0.941548 -0.336879 0
    outer loop
      vertex -37.2153 -6.45142 -36.5
      vertex -37.3806 -6.91342 -31.5
      vertex -37.3806 -6.91342 -36.5
    endloop
  endfacet
  facet normal 0.427528 0.904002 -0
    outer loop
      vertex -39.643 -0.590393 -36.5
      vertex -40.0866 -0.380602 -31.5
      vertex -39.643 -0.590393 -31.5
    endloop
  endfacet
  facet normal 0.427528 0.904002 0
    outer loop
      vertex -40.0866 -0.380602 -31.5
      vertex -39.643 -0.590393 -36.5
      vertex -40.0866 -0.380602 -36.5
    endloop
  endfacet
  facet normal 0.671629 0.740887 -0
    outer loop
      vertex -38.4645 -1.46447 -36.5
      vertex -38.828 -1.13495 -31.5
      vertex -38.4645 -1.46447 -31.5
    endloop
  endfacet
  facet normal 0.671629 0.740887 0
    outer loop
      vertex -38.828 -1.13495 -31.5
      vertex -38.4645 -1.46447 -36.5
      vertex -38.828 -1.13495 -36.5
    endloop
  endfacet
  facet normal 0.857692 0.514163 0
    outer loop
      vertex -37.5904 -2.64302 -31.5
      vertex -37.8427 -2.22215 -36.5
      vertex -37.8427 -2.22215 -31.5
    endloop
  endfacet
  facet normal 0.857692 0.514163 0
    outer loop
      vertex -37.8427 -2.22215 -36.5
      vertex -37.5904 -2.64302 -31.5
      vertex -37.5904 -2.64302 -36.5
    endloop
  endfacet
  facet normal -0.857692 0.514163 0
    outer loop
      vertex -46.4096 -2.64302 -36.5
      vertex -46.1573 -2.22215 -31.5
      vertex -46.1573 -2.22215 -36.5
    endloop
  endfacet
  facet normal -0.857692 0.514163 0
    outer loop
      vertex -46.1573 -2.22215 -31.5
      vertex -46.4096 -2.64302 -36.5
      vertex -46.4096 -2.64302 -31.5
    endloop
  endfacet
  facet normal 0.59572 -0.803192 0
    outer loop
      vertex -39.2221 -9.15735 -36.5
      vertex -38.828 -8.86505 -31.5
      vertex -39.2221 -9.15735 -31.5
    endloop
  endfacet
  facet normal 0.59572 -0.803192 0
    outer loop
      vertex -38.828 -8.86505 -31.5
      vertex -39.2221 -9.15735 -36.5
      vertex -38.828 -8.86505 -36.5
    endloop
  endfacet
  facet normal -0.0490645 0.998796 0
    outer loop
      vertex -42 0 -36.5
      vertex -42.4901 -0.0240755 -31.5
      vertex -42 0 -31.5
    endloop
  endfacet
  facet normal -0.0490645 0.998796 0
    outer loop
      vertex -42.4901 -0.0240755 -31.5
      vertex -42 0 -36.5
      vertex -42.4901 -0.0240755 -36.5
    endloop
  endfacet
  facet normal -0.243025 -0.97002 0
    outer loop
      vertex -43.4514 -9.7847 -36.5
      vertex -42.9755 -9.90393 -31.5
      vertex -43.4514 -9.7847 -31.5
    endloop
  endfacet
  facet normal -0.243025 -0.97002 -0
    outer loop
      vertex -42.9755 -9.90393 -31.5
      vertex -43.4514 -9.7847 -36.5
      vertex -42.9755 -9.90393 -36.5
    endloop
  endfacet
  facet normal -0.671629 0.740887 0
    outer loop
      vertex -45.172 -1.13495 -36.5
      vertex -45.5355 -1.46447 -31.5
      vertex -45.172 -1.13495 -31.5
    endloop
  endfacet
  facet normal -0.671629 0.740887 0
    outer loop
      vertex -45.5355 -1.46447 -31.5
      vertex -45.172 -1.13495 -36.5
      vertex -45.5355 -1.46447 -36.5
    endloop
  endfacet
  facet normal -0.427528 0.904002 0
    outer loop
      vertex -43.9134 -0.380602 -36.5
      vertex -44.357 -0.590393 -31.5
      vertex -43.9134 -0.380602 -31.5
    endloop
  endfacet
  facet normal -0.427528 0.904002 0
    outer loop
      vertex -44.357 -0.590393 -31.5
      vertex -43.9134 -0.380602 -36.5
      vertex -44.357 -0.590393 -36.5
    endloop
  endfacet
  facet normal -0.941548 -0.336879 0
    outer loop
      vertex -46.6194 -6.91342 -36.5
      vertex -46.7847 -6.45142 -31.5
      vertex -46.7847 -6.45142 -36.5
    endloop
  endfacet
  facet normal -0.941548 -0.336879 0
    outer loop
      vertex -46.7847 -6.45142 -31.5
      vertex -46.6194 -6.91342 -36.5
      vertex -46.6194 -6.91342 -31.5
    endloop
  endfacet
  facet normal -0.90398 -0.427575 0
    outer loop
      vertex -46.4096 -7.35698 -36.5
      vertex -46.6194 -6.91342 -31.5
      vertex -46.6194 -6.91342 -36.5
    endloop
  endfacet
  facet normal -0.90398 -0.427575 0
    outer loop
      vertex -46.6194 -6.91342 -31.5
      vertex -46.4096 -7.35698 -36.5
      vertex -46.4096 -7.35698 -31.5
    endloop
  endfacet
  facet normal 0 0 1
    outer loop
      vertex -37.0241 -4.50991 -31.5
      vertex -37.0241 -5.49009 -31.5
      vertex -37 -5 -31.5
    endloop
  endfacet
  facet normal 0 0 1
    outer loop
      vertex -37.0961 -4.02455 -31.5
      vertex -37.0241 -5.49009 -31.5
      vertex -37.0241 -4.50991 -31.5
    endloop
  endfacet
  facet normal 0 0 1
    outer loop
      vertex -37.0961 -4.02455 -31.5
      vertex -37.0961 -5.97545 -31.5
      vertex -37.0241 -5.49009 -31.5
    endloop
  endfacet
  facet normal 0 0 1
    outer loop
      vertex -37.2153 -3.54858 -31.5
      vertex -37.0961 -5.97545 -31.5
      vertex -37.0961 -4.02455 -31.5
    endloop
  endfacet
  facet normal 0 0 1
    outer loop
      vertex -37.2153 -3.54858 -31.5
      vertex -37.2153 -6.45142 -31.5
      vertex -37.0961 -5.97545 -31.5
    endloop
  endfacet
  facet normal 0 0 1
    outer loop
      vertex -37.3806 -3.08658 -31.5
      vertex -37.2153 -6.45142 -31.5
      vertex -37.2153 -3.54858 -31.5
    endloop
  endfacet
  facet normal 0 0 1
    outer loop
      vertex -37.3806 -3.08658 -31.5
      vertex -37.3806 -6.91342 -31.5
      vertex -37.2153 -6.45142 -31.5
    endloop
  endfacet
  facet normal 0 0 1
    outer loop
      vertex -37.5904 -2.64302 -31.5
      vertex -37.3806 -6.91342 -31.5
      vertex -37.3806 -3.08658 -31.5
    endloop
  endfacet
  facet normal 0 0 1
    outer loop
      vertex -37.5904 -2.64302 -31.5
      vertex -37.5904 -7.35698 -31.5
      vertex -37.3806 -6.91342 -31.5
    endloop
  endfacet
  facet normal 0 0 1
    outer loop
      vertex -37.8427 -2.22215 -31.5
      vertex -37.5904 -7.35698 -31.5
      vertex -37.5904 -2.64302 -31.5
    endloop
  endfacet
  facet normal 0 0 1
    outer loop
      vertex -37.8427 -2.22215 -31.5
      vertex -37.8427 -7.77785 -31.5
      vertex -37.5904 -7.35698 -31.5
    endloop
  endfacet
  facet normal 0 0 1
    outer loop
      vertex -38.1349 -1.82803 -31.5
      vertex -37.8427 -7.77785 -31.5
      vertex -37.8427 -2.22215 -31.5
    endloop
  endfacet
  facet normal 0 0 1
    outer loop
      vertex -38.1349 -1.82803 -31.5
      vertex -38.1349 -8.17197 -31.5
      vertex -37.8427 -7.77785 -31.5
    endloop
  endfacet
  facet normal 0 0 1
    outer loop
      vertex -38.4645 -1.46447 -31.5
      vertex -38.1349 -8.17197 -31.5
      vertex -38.1349 -1.82803 -31.5
    endloop
  endfacet
  facet normal 0 0 1
    outer loop
      vertex -38.4645 -1.46447 -31.5
      vertex -38.4645 -8.53553 -31.5
      vertex -38.1349 -8.17197 -31.5
    endloop
  endfacet
  facet normal 0 0 1
    outer loop
      vertex -38.828 -1.13495 -31.5
      vertex -38.4645 -8.53553 -31.5
      vertex -38.4645 -1.46447 -31.5
    endloop
  endfacet
  facet normal 0 0 1
    outer loop
      vertex -38.828 -1.13495 -31.5
      vertex -38.828 -8.86505 -31.5
      vertex -38.4645 -8.53553 -31.5
    endloop
  endfacet
  facet normal 0 0 1
    outer loop
      vertex -39.2221 -0.842651 -31.5
      vertex -38.828 -8.86505 -31.5
      vertex -38.828 -1.13495 -31.5
    endloop
  endfacet
  facet normal 0 0 1
    outer loop
      vertex -39.2221 -0.842651 -31.5
      vertex -39.2221 -9.15735 -31.5
      vertex -38.828 -8.86505 -31.5
    endloop
  endfacet
  facet normal 0 0 1
    outer loop
      vertex -39.643 -0.590393 -31.5
      vertex -39.2221 -9.15735 -31.5
      vertex -39.2221 -0.842651 -31.5
    endloop
  endfacet
  facet normal 0 0 1
    outer loop
      vertex -39.643 -0.590393 -31.5
      vertex -39.643 -9.40961 -31.5
      vertex -39.2221 -9.15735 -31.5
    endloop
  endfacet
  facet normal 0 0 1
    outer loop
      vertex -40.0866 -0.380602 -31.5
      vertex -39.643 -9.40961 -31.5
      vertex -39.643 -0.590393 -31.5
    endloop
  endfacet
  facet normal 0 0 1
    outer loop
      vertex -40.0866 -0.380602 -31.5
      vertex -40.0866 -9.6194 -31.5
      vertex -39.643 -9.40961 -31.5
    endloop
  endfacet
  facet normal 0 0 1
    outer loop
      vertex -40.5486 -0.215298 -31.5
      vertex -40.0866 -9.6194 -31.5
      vertex -40.0866 -0.380602 -31.5
    endloop
  endfacet
  facet normal 0 0 1
    outer loop
      vertex -40.5486 -0.215298 -31.5
      vertex -40.5486 -9.7847 -31.5
      vertex -40.0866 -9.6194 -31.5
    endloop
  endfacet
  facet normal 0 0 1
    outer loop
      vertex -41.0245 -0.0960732 -31.5
      vertex -40.5486 -9.7847 -31.5
      vertex -40.5486 -0.215298 -31.5
    endloop
  endfacet
  facet normal 0 0 1
    outer loop
      vertex -41.0245 -0.0960732 -31.5
      vertex -41.0245 -9.90393 -31.5
      vertex -40.5486 -9.7847 -31.5
    endloop
  endfacet
  facet normal 0 0 1
    outer loop
      vertex -41.5099 -0.0240755 -31.5
      vertex -41.0245 -9.90393 -31.5
      vertex -41.0245 -0.0960732 -31.5
    endloop
  endfacet
  facet normal 0 0 1
    outer loop
      vertex -41.5099 -0.0240755 -31.5
      vertex -41.5099 -9.97592 -31.5
      vertex -41.0245 -9.90393 -31.5
    endloop
  endfacet
  facet normal 0 0 1
    outer loop
      vertex -42 0 -31.5
      vertex -41.5099 -9.97592 -31.5
      vertex -41.5099 -0.0240755 -31.5
    endloop
  endfacet
  facet normal 0 0 1
    outer loop
      vertex -42 0 -31.5
      vertex -42 -10 -31.5
      vertex -41.5099 -9.97592 -31.5
    endloop
  endfacet
  facet normal -0 0 1
    outer loop
      vertex -42.4901 -0.0240755 -31.5
      vertex -42 -10 -31.5
      vertex -42 0 -31.5
    endloop
  endfacet
  facet normal 0 0 1
    outer loop
      vertex -42.4901 -0.0240755 -31.5
      vertex -42.4901 -9.97592 -31.5
      vertex -42 -10 -31.5
    endloop
  endfacet
  facet normal -0 0 1
    outer loop
      vertex -42.9755 -0.0960732 -31.5
      vertex -42.4901 -9.97592 -31.5
      vertex -42.4901 -0.0240755 -31.5
    endloop
  endfacet
  facet normal 0 0 1
    outer loop
      vertex -42.9755 -0.0960732 -31.5
      vertex -42.9755 -9.90393 -31.5
      vertex -42.4901 -9.97592 -31.5
    endloop
  endfacet
  facet normal -0 0 1
    outer loop
      vertex -43.4514 -0.215298 -31.5
      vertex -42.9755 -9.90393 -31.5
      vertex -42.9755 -0.0960732 -31.5
    endloop
  endfacet
  facet normal 0 0 1
    outer loop
      vertex -43.4514 -0.215298 -31.5
      vertex -43.4514 -9.7847 -31.5
      vertex -42.9755 -9.90393 -31.5
    endloop
  endfacet
  facet normal -0 0 1
    outer loop
      vertex -43.9134 -0.380602 -31.5
      vertex -43.4514 -9.7847 -31.5
      vertex -43.4514 -0.215298 -31.5
    endloop
  endfacet
  facet normal 0 0 1
    outer loop
      vertex -43.9134 -0.380602 -31.5
      vertex -43.9134 -9.6194 -31.5
      vertex -43.4514 -9.7847 -31.5
    endloop
  endfacet
  facet normal -0 0 1
    outer loop
      vertex -44.357 -0.590393 -31.5
      vertex -43.9134 -9.6194 -31.5
      vertex -43.9134 -0.380602 -31.5
    endloop
  endfacet
  facet normal 0 0 1
    outer loop
      vertex -44.357 -0.590393 -31.5
      vertex -44.357 -9.40961 -31.5
      vertex -43.9134 -9.6194 -31.5
    endloop
  endfacet
  facet normal -0 0 1
    outer loop
      vertex -44.7779 -0.842651 -31.5
      vertex -44.357 -9.40961 -31.5
      vertex -44.357 -0.590393 -31.5
    endloop
  endfacet
  facet normal 0 0 1
    outer loop
      vertex -44.7779 -0.842651 -31.5
      vertex -44.7779 -9.15735 -31.5
      vertex -44.357 -9.40961 -31.5
    endloop
  endfacet
  facet normal -0 0 1
    outer loop
      vertex -45.172 -1.13495 -31.5
      vertex -44.7779 -9.15735 -31.5
      vertex -44.7779 -0.842651 -31.5
    endloop
  endfacet
  facet normal 0 0 1
    outer loop
      vertex -45.172 -1.13495 -31.5
      vertex -45.172 -8.86505 -31.5
      vertex -44.7779 -9.15735 -31.5
    endloop
  endfacet
  facet normal -0 0 1
    outer loop
      vertex -45.5355 -1.46447 -31.5
      vertex -45.172 -8.86505 -31.5
      vertex -45.172 -1.13495 -31.5
    endloop
  endfacet
  facet normal 0 0 1
    outer loop
      vertex -45.5355 -1.46447 -31.5
      vertex -45.5355 -8.53553 -31.5
      vertex -45.172 -8.86505 -31.5
    endloop
  endfacet
  facet normal -0 0 1
    outer loop
      vertex -45.8651 -1.82803 -31.5
      vertex -45.5355 -8.53553 -31.5
      vertex -45.5355 -1.46447 -31.5
    endloop
  endfacet
  facet normal 0 0 1
    outer loop
      vertex -45.8651 -1.82803 -31.5
      vertex -45.8651 -8.17197 -31.5
      vertex -45.5355 -8.53553 -31.5
    endloop
  endfacet
  facet normal -0 0 1
    outer loop
      vertex -46.1573 -2.22215 -31.5
      vertex -45.8651 -8.17197 -31.5
      vertex -45.8651 -1.82803 -31.5
    endloop
  endfacet
  facet normal 0 0 1
    outer loop
      vertex -46.1573 -2.22215 -31.5
      vertex -46.1573 -7.77785 -31.5
      vertex -45.8651 -8.17197 -31.5
    endloop
  endfacet
  facet normal -0 0 1
    outer loop
      vertex -46.4096 -2.64302 -31.5
      vertex -46.1573 -7.77785 -31.5
      vertex -46.1573 -2.22215 -31.5
    endloop
  endfacet
  facet normal 0 0 1
    outer loop
      vertex -46.4096 -2.64302 -31.5
      vertex -46.4096 -7.35698 -31.5
      vertex -46.1573 -7.77785 -31.5
    endloop
  endfacet
  facet normal -0 0 1
    outer loop
      vertex -46.6194 -3.08658 -31.5
      vertex -46.4096 -7.35698 -31.5
      vertex -46.4096 -2.64302 -31.5
    endloop
  endfacet
  facet normal 0 0 1
    outer loop
      vertex -46.6194 -3.08658 -31.5
      vertex -46.6194 -6.91342 -31.5
      vertex -46.4096 -7.35698 -31.5
    endloop
  endfacet
  facet normal -0 0 1
    outer loop
      vertex -46.7847 -3.54858 -31.5
      vertex -46.6194 -6.91342 -31.5
      vertex -46.6194 -3.08658 -31.5
    endloop
  endfacet
  facet normal 0 0 1
    outer loop
      vertex -46.7847 -3.54858 -31.5
      vertex -46.7847 -6.45142 -31.5
      vertex -46.6194 -6.91342 -31.5
    endloop
  endfacet
  facet normal -0 0 1
    outer loop
      vertex -46.9039 -4.02455 -31.5
      vertex -46.7847 -6.45142 -31.5
      vertex -46.7847 -3.54858 -31.5
    endloop
  endfacet
  facet normal 0 0 1
    outer loop
      vertex -46.9039 -4.02455 -31.5
      vertex -46.9039 -5.97545 -31.5
      vertex -46.7847 -6.45142 -31.5
    endloop
  endfacet
  facet normal -0 0 1
    outer loop
      vertex -46.9759 -4.50991 -31.5
      vertex -46.9039 -5.97545 -31.5
      vertex -46.9039 -4.02455 -31.5
    endloop
  endfacet
  facet normal 0 0 1
    outer loop
      vertex -46.9759 -4.50991 -31.5
      vertex -46.9759 -5.49009 -31.5
      vertex -46.9039 -5.97545 -31.5
    endloop
  endfacet
  facet normal 0 -0 1
    outer loop
      vertex -46.9759 -5.49009 -31.5
      vertex -46.9759 -4.50991 -31.5
      vertex -47 -5 -31.5
    endloop
  endfacet
  facet normal 0.336879 -0.941548 0
    outer loop
      vertex -40.5486 -9.7847 -36.5
      vertex -40.0866 -9.6194 -31.5
      vertex -40.5486 -9.7847 -31.5
    endloop
  endfacet
  facet normal 0.336879 -0.941548 0
    outer loop
      vertex -40.0866 -9.6194 -31.5
      vertex -40.5486 -9.7847 -36.5
      vertex -40.0866 -9.6194 -36.5
    endloop
  endfacet
  facet normal -0.243015 0.970023 0
    outer loop
      vertex -42.9755 -0.0960732 -36.5
      vertex -43.4514 -0.215298 -31.5
      vertex -42.9755 -0.0960732 -31.5
    endloop
  endfacet
  facet normal -0.243015 0.970023 0
    outer loop
      vertex -43.4514 -0.215298 -31.5
      vertex -42.9755 -0.0960732 -36.5
      vertex -43.4514 -0.215298 -36.5
    endloop
  endfacet
  facet normal -0.803304 -0.595569 0
    outer loop
      vertex -45.8651 -8.17197 -36.5
      vertex -46.1573 -7.77785 -31.5
      vertex -46.1573 -7.77785 -36.5
    endloop
  endfacet
  facet normal -0.803304 -0.595569 0
    outer loop
      vertex -46.1573 -7.77785 -31.5
      vertex -45.8651 -8.17197 -36.5
      vertex -45.8651 -8.17197 -31.5
    endloop
  endfacet
  facet normal -0.989175 -0.146738 0
    outer loop
      vertex -46.9039 -5.97545 -36.5
      vertex -46.9759 -5.49009 -31.5
      vertex -46.9759 -5.49009 -36.5
    endloop
  endfacet
  facet normal -0.989175 -0.146738 0
    outer loop
      vertex -46.9759 -5.49009 -31.5
      vertex -46.9039 -5.97545 -36.5
      vertex -46.9039 -5.97545 -31.5
    endloop
  endfacet
  facet normal -0.59572 -0.803192 0
    outer loop
      vertex -45.172 -8.86505 -36.5
      vertex -44.7779 -9.15735 -31.5
      vertex -45.172 -8.86505 -31.5
    endloop
  endfacet
  facet normal -0.59572 -0.803192 -0
    outer loop
      vertex -44.7779 -9.15735 -31.5
      vertex -45.172 -8.86505 -36.5
      vertex -44.7779 -9.15735 -36.5
    endloop
  endfacet
  facet normal -0.803304 0.595569 0
    outer loop
      vertex -46.1573 -2.22215 -36.5
      vertex -45.8651 -1.82803 -31.5
      vertex -45.8651 -1.82803 -36.5
    endloop
  endfacet
  facet normal -0.803304 0.595569 0
    outer loop
      vertex -45.8651 -1.82803 -31.5
      vertex -46.1573 -2.22215 -36.5
      vertex -46.1573 -2.22215 -31.5
    endloop
  endfacet
  facet normal -0.90398 0.427575 0
    outer loop
      vertex -46.6194 -3.08658 -36.5
      vertex -46.4096 -2.64302 -31.5
      vertex -46.4096 -2.64302 -36.5
    endloop
  endfacet
  facet normal -0.90398 0.427575 0
    outer loop
      vertex -46.4096 -2.64302 -31.5
      vertex -46.6194 -3.08658 -36.5
      vertex -46.6194 -3.08658 -31.5
    endloop
  endfacet
  facet normal -0.989175 0.146738 0
    outer loop
      vertex -46.9759 -4.50991 -36.5
      vertex -46.9039 -4.02455 -31.5
      vertex -46.9039 -4.02455 -36.5
    endloop
  endfacet
  facet normal -0.989175 0.146738 0
    outer loop
      vertex -46.9039 -4.02455 -31.5
      vertex -46.9759 -4.50991 -36.5
      vertex -46.9759 -4.50991 -31.5
    endloop
  endfacet
  facet normal -0.857692 -0.514163 0
    outer loop
      vertex -46.1573 -7.77785 -36.5
      vertex -46.4096 -7.35698 -31.5
      vertex -46.4096 -7.35698 -36.5
    endloop
  endfacet
  facet normal -0.857692 -0.514163 0
    outer loop
      vertex -46.4096 -7.35698 -31.5
      vertex -46.1573 -7.77785 -36.5
      vertex -46.1573 -7.77785 -31.5
    endloop
  endfacet
  facet normal 0.671629 -0.740887 0
    outer loop
      vertex -38.828 -8.86505 -36.5
      vertex -38.4645 -8.53553 -31.5
      vertex -38.828 -8.86505 -31.5
    endloop
  endfacet
  facet normal 0.671629 -0.740887 0
    outer loop
      vertex -38.4645 -8.53553 -31.5
      vertex -38.828 -8.86505 -36.5
      vertex -38.4645 -8.53553 -36.5
    endloop
  endfacet
  facet normal 0 0 -1
    outer loop
      vertex -37.0241 -5.49009 -36.5
      vertex -37.0241 -4.50991 -36.5
      vertex -37 -5 -36.5
    endloop
  endfacet
  facet normal 0 0 -1
    outer loop
      vertex -37.0961 -5.97545 -36.5
      vertex -37.0241 -4.50991 -36.5
      vertex -37.0241 -5.49009 -36.5
    endloop
  endfacet
  facet normal 0 0 -1
    outer loop
      vertex -37.0961 -5.97545 -36.5
      vertex -37.0961 -4.02455 -36.5
      vertex -37.0241 -4.50991 -36.5
    endloop
  endfacet
  facet normal 0 0 -1
    outer loop
      vertex -37.2153 -6.45142 -36.5
      vertex -37.0961 -4.02455 -36.5
      vertex -37.0961 -5.97545 -36.5
    endloop
  endfacet
  facet normal 0 0 -1
    outer loop
      vertex -37.2153 -6.45142 -36.5
      vertex -37.2153 -3.54858 -36.5
      vertex -37.0961 -4.02455 -36.5
    endloop
  endfacet
  facet normal 0 0 -1
    outer loop
      vertex -37.3806 -6.91342 -36.5
      vertex -37.2153 -3.54858 -36.5
      vertex -37.2153 -6.45142 -36.5
    endloop
  endfacet
  facet normal 0 0 -1
    outer loop
      vertex -37.3806 -6.91342 -36.5
      vertex -37.3806 -3.08658 -36.5
      vertex -37.2153 -3.54858 -36.5
    endloop
  endfacet
  facet normal 0 0 -1
    outer loop
      vertex -37.5904 -7.35698 -36.5
      vertex -37.3806 -3.08658 -36.5
      vertex -37.3806 -6.91342 -36.5
    endloop
  endfacet
  facet normal 0 0 -1
    outer loop
      vertex -37.5904 -7.35698 -36.5
      vertex -37.5904 -2.64302 -36.5
      vertex -37.3806 -3.08658 -36.5
    endloop
  endfacet
  facet normal 0 0 -1
    outer loop
      vertex -37.8427 -7.77785 -36.5
      vertex -37.5904 -2.64302 -36.5
      vertex -37.5904 -7.35698 -36.5
    endloop
  endfacet
  facet normal 0 0 -1
    outer loop
      vertex -37.8427 -7.77785 -36.5
      vertex -37.8427 -2.22215 -36.5
      vertex -37.5904 -2.64302 -36.5
    endloop
  endfacet
  facet normal 0 0 -1
    outer loop
      vertex -38.1349 -8.17197 -36.5
      vertex -37.8427 -2.22215 -36.5
      vertex -37.8427 -7.77785 -36.5
    endloop
  endfacet
  facet normal 0 0 -1
    outer loop
      vertex -38.1349 -8.17197 -36.5
      vertex -38.1349 -1.82803 -36.5
      vertex -37.8427 -2.22215 -36.5
    endloop
  endfacet
  facet normal 0 0 -1
    outer loop
      vertex -38.4645 -8.53553 -36.5
      vertex -38.1349 -1.82803 -36.5
      vertex -38.1349 -8.17197 -36.5
    endloop
  endfacet
  facet normal 0 0 -1
    outer loop
      vertex -38.4645 -8.53553 -36.5
      vertex -38.4645 -1.46447 -36.5
      vertex -38.1349 -1.82803 -36.5
    endloop
  endfacet
  facet normal 0 0 -1
    outer loop
      vertex -38.828 -8.86505 -36.5
      vertex -38.4645 -1.46447 -36.5
      vertex -38.4645 -8.53553 -36.5
    endloop
  endfacet
  facet normal 0 0 -1
    outer loop
      vertex -38.828 -8.86505 -36.5
      vertex -38.828 -1.13495 -36.5
      vertex -38.4645 -1.46447 -36.5
    endloop
  endfacet
  facet normal 0 0 -1
    outer loop
      vertex -39.2221 -9.15735 -36.5
      vertex -38.828 -1.13495 -36.5
      vertex -38.828 -8.86505 -36.5
    endloop
  endfacet
  facet normal 0 0 -1
    outer loop
      vertex -39.2221 -9.15735 -36.5
      vertex -39.2221 -0.842651 -36.5
      vertex -38.828 -1.13495 -36.5
    endloop
  endfacet
  facet normal 0 0 -1
    outer loop
      vertex -39.643 -9.40961 -36.5
      vertex -39.2221 -0.842651 -36.5
      vertex -39.2221 -9.15735 -36.5
    endloop
  endfacet
  facet normal 0 0 -1
    outer loop
      vertex -39.643 -9.40961 -36.5
      vertex -39.643 -0.590393 -36.5
      vertex -39.2221 -0.842651 -36.5
    endloop
  endfacet
  facet normal 0 0 -1
    outer loop
      vertex -40.0866 -9.6194 -36.5
      vertex -39.643 -0.590393 -36.5
      vertex -39.643 -9.40961 -36.5
    endloop
  endfacet
  facet normal 0 0 -1
    outer loop
      vertex -40.0866 -9.6194 -36.5
      vertex -40.0866 -0.380602 -36.5
      vertex -39.643 -0.590393 -36.5
    endloop
  endfacet
  facet normal 0 0 -1
    outer loop
      vertex -40.5486 -9.7847 -36.5
      vertex -40.0866 -0.380602 -36.5
      vertex -40.0866 -9.6194 -36.5
    endloop
  endfacet
  facet normal 0 0 -1
    outer loop
      vertex -40.5486 -9.7847 -36.5
      vertex -40.5486 -0.215298 -36.5
      vertex -40.0866 -0.380602 -36.5
    endloop
  endfacet
  facet normal 0 0 -1
    outer loop
      vertex -41.0245 -9.90393 -36.5
      vertex -40.5486 -0.215298 -36.5
      vertex -40.5486 -9.7847 -36.5
    endloop
  endfacet
  facet normal 0 0 -1
    outer loop
      vertex -41.0245 -9.90393 -36.5
      vertex -41.0245 -0.0960732 -36.5
      vertex -40.5486 -0.215298 -36.5
    endloop
  endfacet
  facet normal 0 0 -1
    outer loop
      vertex -41.5099 -9.97592 -36.5
      vertex -41.0245 -0.0960732 -36.5
      vertex -41.0245 -9.90393 -36.5
    endloop
  endfacet
  facet normal 0 0 -1
    outer loop
      vertex -41.5099 -9.97592 -36.5
      vertex -41.5099 -0.0240755 -36.5
      vertex -41.0245 -0.0960732 -36.5
    endloop
  endfacet
  facet normal 0 0 -1
    outer loop
      vertex -42 -10 -36.5
      vertex -41.5099 -0.0240755 -36.5
      vertex -41.5099 -9.97592 -36.5
    endloop
  endfacet
  facet normal 0 0 -1
    outer loop
      vertex -42 -10 -36.5
      vertex -42 0 -36.5
      vertex -41.5099 -0.0240755 -36.5
    endloop
  endfacet
  facet normal 0 0 -1
    outer loop
      vertex -42.4901 -9.97592 -36.5
      vertex -42 0 -36.5
      vertex -42 -10 -36.5
    endloop
  endfacet
  facet normal 0 0 -1
    outer loop
      vertex -42.4901 -9.97592 -36.5
      vertex -42.4901 -0.0240755 -36.5
      vertex -42 0 -36.5
    endloop
  endfacet
  facet normal 0 0 -1
    outer loop
      vertex -42.9755 -9.90393 -36.5
      vertex -42.4901 -0.0240755 -36.5
      vertex -42.4901 -9.97592 -36.5
    endloop
  endfacet
  facet normal 0 0 -1
    outer loop
      vertex -42.9755 -9.90393 -36.5
      vertex -42.9755 -0.0960732 -36.5
      vertex -42.4901 -0.0240755 -36.5
    endloop
  endfacet
  facet normal 0 0 -1
    outer loop
      vertex -43.4514 -9.7847 -36.5
      vertex -42.9755 -0.0960732 -36.5
      vertex -42.9755 -9.90393 -36.5
    endloop
  endfacet
  facet normal 0 0 -1
    outer loop
      vertex -43.4514 -9.7847 -36.5
      vertex -43.4514 -0.215298 -36.5
      vertex -42.9755 -0.0960732 -36.5
    endloop
  endfacet
  facet normal 0 0 -1
    outer loop
      vertex -43.9134 -9.6194 -36.5
      vertex -43.4514 -0.215298 -36.5
      vertex -43.4514 -9.7847 -36.5
    endloop
  endfacet
  facet normal 0 0 -1
    outer loop
      vertex -43.9134 -9.6194 -36.5
      vertex -43.9134 -0.380602 -36.5
      vertex -43.4514 -0.215298 -36.5
    endloop
  endfacet
  facet normal 0 0 -1
    outer loop
      vertex -44.357 -9.40961 -36.5
      vertex -43.9134 -0.380602 -36.5
      vertex -43.9134 -9.6194 -36.5
    endloop
  endfacet
  facet normal 0 0 -1
    outer loop
      vertex -44.357 -9.40961 -36.5
      vertex -44.357 -0.590393 -36.5
      vertex -43.9134 -0.380602 -36.5
    endloop
  endfacet
  facet normal 0 0 -1
    outer loop
      vertex -44.7779 -9.15735 -36.5
      vertex -44.357 -0.590393 -36.5
      vertex -44.357 -9.40961 -36.5
    endloop
  endfacet
  facet normal 0 0 -1
    outer loop
      vertex -44.7779 -9.15735 -36.5
      vertex -44.7779 -0.842651 -36.5
      vertex -44.357 -0.590393 -36.5
    endloop
  endfacet
  facet normal 0 0 -1
    outer loop
      vertex -45.172 -8.86505 -36.5
      vertex -44.7779 -0.842651 -36.5
      vertex -44.7779 -9.15735 -36.5
    endloop
  endfacet
  facet normal 0 0 -1
    outer loop
      vertex -45.172 -8.86505 -36.5
      vertex -45.172 -1.13495 -36.5
      vertex -44.7779 -0.842651 -36.5
    endloop
  endfacet
  facet normal 0 0 -1
    outer loop
      vertex -45.5355 -8.53553 -36.5
      vertex -45.172 -1.13495 -36.5
      vertex -45.172 -8.86505 -36.5
    endloop
  endfacet
  facet normal 0 0 -1
    outer loop
      vertex -45.5355 -8.53553 -36.5
      vertex -45.5355 -1.46447 -36.5
      vertex -45.172 -1.13495 -36.5
    endloop
  endfacet
  facet normal 0 0 -1
    outer loop
      vertex -45.8651 -8.17197 -36.5
      vertex -45.5355 -1.46447 -36.5
      vertex -45.5355 -8.53553 -36.5
    endloop
  endfacet
  facet normal 0 0 -1
    outer loop
      vertex -45.8651 -8.17197 -36.5
      vertex -45.8651 -1.82803 -36.5
      vertex -45.5355 -1.46447 -36.5
    endloop
  endfacet
  facet normal 0 0 -1
    outer loop
      vertex -46.1573 -7.77785 -36.5
      vertex -45.8651 -1.82803 -36.5
      vertex -45.8651 -8.17197 -36.5
    endloop
  endfacet
  facet normal 0 0 -1
    outer loop
      vertex -46.1573 -7.77785 -36.5
      vertex -46.1573 -2.22215 -36.5
      vertex -45.8651 -1.82803 -36.5
    endloop
  endfacet
  facet normal 0 0 -1
    outer loop
      vertex -46.4096 -7.35698 -36.5
      vertex -46.1573 -2.22215 -36.5
      vertex -46.1573 -7.77785 -36.5
    endloop
  endfacet
  facet normal 0 0 -1
    outer loop
      vertex -46.4096 -7.35698 -36.5
      vertex -46.4096 -2.64302 -36.5
      vertex -46.1573 -2.22215 -36.5
    endloop
  endfacet
  facet normal 0 0 -1
    outer loop
      vertex -46.6194 -6.91342 -36.5
      vertex -46.4096 -2.64302 -36.5
      vertex -46.4096 -7.35698 -36.5
    endloop
  endfacet
  facet normal 0 0 -1
    outer loop
      vertex -46.6194 -6.91342 -36.5
      vertex -46.6194 -3.08658 -36.5
      vertex -46.4096 -2.64302 -36.5
    endloop
  endfacet
  facet normal 0 0 -1
    outer loop
      vertex -46.7847 -6.45142 -36.5
      vertex -46.6194 -3.08658 -36.5
      vertex -46.6194 -6.91342 -36.5
    endloop
  endfacet
  facet normal 0 0 -1
    outer loop
      vertex -46.7847 -6.45142 -36.5
      vertex -46.7847 -3.54858 -36.5
      vertex -46.6194 -3.08658 -36.5
    endloop
  endfacet
  facet normal 0 0 -1
    outer loop
      vertex -46.9039 -5.97545 -36.5
      vertex -46.7847 -3.54858 -36.5
      vertex -46.7847 -6.45142 -36.5
    endloop
  endfacet
  facet normal 0 0 -1
    outer loop
      vertex -46.9039 -5.97545 -36.5
      vertex -46.9039 -4.02455 -36.5
      vertex -46.7847 -3.54858 -36.5
    endloop
  endfacet
  facet normal 0 0 -1
    outer loop
      vertex -46.9759 -5.49009 -36.5
      vertex -46.9039 -4.02455 -36.5
      vertex -46.9039 -5.97545 -36.5
    endloop
  endfacet
  facet normal 0 0 -1
    outer loop
      vertex -46.9759 -5.49009 -36.5
      vertex -46.9759 -4.50991 -36.5
      vertex -46.9039 -4.02455 -36.5
    endloop
  endfacet
  facet normal 0 -0 -1
    outer loop
      vertex -46.9759 -4.50991 -36.5
      vertex -46.9759 -5.49009 -36.5
      vertex -47 -5 -36.5
    endloop
  endfacet
  facet normal 0.989175 0.146738 0
    outer loop
      vertex -37.0241 5.49009 -31.5
      vertex -37.0961 5.97545 -36.5
      vertex -37.0961 5.97545 -31.5
    endloop
  endfacet
  facet normal 0.989175 0.146738 0
    outer loop
      vertex -37.0961 5.97545 -36.5
      vertex -37.0241 5.49009 -31.5
      vertex -37.0241 5.49009 -36.5
    endloop
  endfacet
  facet normal 0.998793 0.0491153 0
    outer loop
      vertex -37 5 -31.5
      vertex -37.0241 5.49009 -36.5
      vertex -37.0241 5.49009 -31.5
    endloop
  endfacet
  facet normal 0.998793 0.0491153 0
    outer loop
      vertex -37.0241 5.49009 -36.5
      vertex -37 5 -31.5
      vertex -37 5 -36.5
    endloop
  endfacet
  facet normal 0.970043 0.242934 0
    outer loop
      vertex -37.0961 5.97545 -31.5
      vertex -37.2153 6.45142 -36.5
      vertex -37.2153 6.45142 -31.5
    endloop
  endfacet
  facet normal 0.970043 0.242934 0
    outer loop
      vertex -37.2153 6.45142 -36.5
      vertex -37.0961 5.97545 -31.5
      vertex -37.0961 5.97545 -36.5
    endloop
  endfacet
  facet normal 0.146706 0.98918 -0
    outer loop
      vertex -41.0245 9.90393 -36.5
      vertex -41.5099 9.97592 -31.5
      vertex -41.0245 9.90393 -31.5
    endloop
  endfacet
  facet normal 0.146706 0.98918 0
    outer loop
      vertex -41.5099 9.97592 -31.5
      vertex -41.0245 9.90393 -36.5
      vertex -41.5099 9.97592 -36.5
    endloop
  endfacet
  facet normal 0.0490645 -0.998796 0
    outer loop
      vertex -42 0 -36.5
      vertex -41.5099 0.0240755 -31.5
      vertex -42 0 -31.5
    endloop
  endfacet
  facet normal 0.0490645 -0.998796 0
    outer loop
      vertex -41.5099 0.0240755 -31.5
      vertex -42 0 -36.5
      vertex -41.5099 0.0240755 -36.5
    endloop
  endfacet
  facet normal 0.989175 -0.146738 0
    outer loop
      vertex -37.0961 4.02455 -31.5
      vertex -37.0241 4.50991 -36.5
      vertex -37.0241 4.50991 -31.5
    endloop
  endfacet
  facet normal 0.989175 -0.146738 0
    outer loop
      vertex -37.0241 4.50991 -36.5
      vertex -37.0961 4.02455 -31.5
      vertex -37.0961 4.02455 -36.5
    endloop
  endfacet
  facet normal 0.146721 -0.989178 0
    outer loop
      vertex -41.5099 0.0240755 -36.5
      vertex -41.0245 0.0960732 -31.5
      vertex -41.5099 0.0240755 -31.5
    endloop
  endfacet
  facet normal 0.146721 -0.989178 0
    outer loop
      vertex -41.0245 0.0960732 -31.5
      vertex -41.5099 0.0240755 -36.5
      vertex -41.0245 0.0960732 -36.5
    endloop
  endfacet
  facet normal 0.857692 0.514163 0
    outer loop
      vertex -37.5904 7.35698 -31.5
      vertex -37.8427 7.77785 -36.5
      vertex -37.8427 7.77785 -31.5
    endloop
  endfacet
  facet normal 0.857692 0.514163 0
    outer loop
      vertex -37.8427 7.77785 -36.5
      vertex -37.5904 7.35698 -31.5
      vertex -37.5904 7.35698 -36.5
    endloop
  endfacet
  facet normal -0.0490645 -0.998796 0
    outer loop
      vertex -42.4901 0.0240755 -36.5
      vertex -42 0 -31.5
      vertex -42.4901 0.0240755 -31.5
    endloop
  endfacet
  facet normal -0.0490645 -0.998796 -0
    outer loop
      vertex -42 0 -31.5
      vertex -42.4901 0.0240755 -36.5
      vertex -42 0 -36.5
    endloop
  endfacet
  facet normal 0.740861 0.671658 0
    outer loop
      vertex -38.1349 8.17197 -31.5
      vertex -38.4645 8.53553 -36.5
      vertex -38.4645 8.53553 -31.5
    endloop
  endfacet
  facet normal 0.740861 0.671658 0
    outer loop
      vertex -38.4645 8.53553 -36.5
      vertex -38.1349 8.17197 -31.5
      vertex -38.1349 8.17197 -36.5
    endloop
  endfacet
  facet normal 0.90398 0.427575 0
    outer loop
      vertex -37.3806 6.91342 -31.5
      vertex -37.5904 7.35698 -36.5
      vertex -37.5904 7.35698 -31.5
    endloop
  endfacet
  facet normal 0.90398 0.427575 0
    outer loop
      vertex -37.5904 7.35698 -36.5
      vertex -37.3806 6.91342 -31.5
      vertex -37.3806 6.91342 -36.5
    endloop
  endfacet
  facet normal -0.970043 -0.242934 0
    outer loop
      vertex -46.7847 3.54858 -36.5
      vertex -46.9039 4.02455 -31.5
      vertex -46.9039 4.02455 -36.5
    endloop
  endfacet
  facet normal -0.970043 -0.242934 0
    outer loop
      vertex -46.9039 4.02455 -31.5
      vertex -46.7847 3.54858 -36.5
      vertex -46.7847 3.54858 -31.5
    endloop
  endfacet
  facet normal -0.427526 0.904003 0
    outer loop
      vertex -43.9134 9.6194 -36.5
      vertex -44.357 9.40961 -31.5
      vertex -43.9134 9.6194 -31.5
    endloop
  endfacet
  facet normal -0.427526 0.904003 0
    outer loop
      vertex -44.357 9.40961 -31.5
      vertex -43.9134 9.6194 -36.5
      vertex -44.357 9.40961 -36.5
    endloop
  endfacet
  facet normal -0.803304 0.595569 0
    outer loop
      vertex -46.1573 7.77785 -36.5
      vertex -45.8651 8.17197 -31.5
      vertex -45.8651 8.17197 -36.5
    endloop
  endfacet
  facet normal -0.803304 0.595569 0
    outer loop
      vertex -45.8651 8.17197 -31.5
      vertex -46.1573 7.77785 -36.5
      vertex -46.1573 7.77785 -31.5
    endloop
  endfacet
  facet normal -0.336886 -0.941546 0
    outer loop
      vertex -43.9134 0.380602 -36.5
      vertex -43.4514 0.215298 -31.5
      vertex -43.9134 0.380602 -31.5
    endloop
  endfacet
  facet normal -0.336886 -0.941546 -0
    outer loop
      vertex -43.4514 0.215298 -31.5
      vertex -43.9134 0.380602 -36.5
      vertex -43.4514 0.215298 -36.5
    endloop
  endfacet
  facet normal -0.989175 0.146738 0
    outer loop
      vertex -46.9759 5.49009 -36.5
      vertex -46.9039 5.97545 -31.5
      vertex -46.9039 5.97545 -36.5
    endloop
  endfacet
  facet normal -0.989175 0.146738 0
    outer loop
      vertex -46.9039 5.97545 -31.5
      vertex -46.9759 5.49009 -36.5
      vertex -46.9759 5.49009 -31.5
    endloop
  endfacet
  facet normal -0.243025 0.97002 0
    outer loop
      vertex -42.9755 9.90393 -36.5
      vertex -43.4514 9.7847 -31.5
      vertex -42.9755 9.90393 -31.5
    endloop
  endfacet
  facet normal -0.243025 0.97002 0
    outer loop
      vertex -43.4514 9.7847 -31.5
      vertex -42.9755 9.90393 -36.5
      vertex -43.4514 9.7847 -36.5
    endloop
  endfacet
  facet normal -0.740861 0.671658 0
    outer loop
      vertex -45.8651 8.17197 -36.5
      vertex -45.5355 8.53553 -31.5
      vertex -45.5355 8.53553 -36.5
    endloop
  endfacet
  facet normal -0.740861 0.671658 0
    outer loop
      vertex -45.5355 8.53553 -31.5
      vertex -45.8651 8.17197 -36.5
      vertex -45.8651 8.17197 -31.5
    endloop
  endfacet
  facet normal 0.998793 -0.0491153 0
    outer loop
      vertex -37.0241 4.50991 -31.5
      vertex -37 5 -36.5
      vertex -37 5 -31.5
    endloop
  endfacet
  facet normal 0.998793 -0.0491153 0
    outer loop
      vertex -37 5 -36.5
      vertex -37.0241 4.50991 -31.5
      vertex -37.0241 4.50991 -36.5
    endloop
  endfacet
  facet normal 0.970043 -0.242934 0
    outer loop
      vertex -37.2153 3.54858 -31.5
      vertex -37.0961 4.02455 -36.5
      vertex -37.0961 4.02455 -31.5
    endloop
  endfacet
  facet normal 0.970043 -0.242934 0
    outer loop
      vertex -37.0961 4.02455 -36.5
      vertex -37.2153 3.54858 -31.5
      vertex -37.2153 3.54858 -36.5
    endloop
  endfacet
  facet normal 0.803304 0.595569 0
    outer loop
      vertex -37.8427 7.77785 -31.5
      vertex -38.1349 8.17197 -36.5
      vertex -38.1349 8.17197 -31.5
    endloop
  endfacet
  facet normal 0.803304 0.595569 0
    outer loop
      vertex -38.1349 8.17197 -36.5
      vertex -37.8427 7.77785 -31.5
      vertex -37.8427 7.77785 -36.5
    endloop
  endfacet
  facet normal 0.427528 -0.904002 0
    outer loop
      vertex -40.0866 0.380602 -36.5
      vertex -39.643 0.590393 -31.5
      vertex -40.0866 0.380602 -31.5
    endloop
  endfacet
  facet normal 0.427528 -0.904002 0
    outer loop
      vertex -39.643 0.590393 -31.5
      vertex -40.0866 0.380602 -36.5
      vertex -39.643 0.590393 -36.5
    endloop
  endfacet
  facet normal -0.998793 -0.0491153 0
    outer loop
      vertex -46.9759 4.50991 -36.5
      vertex -47 5 -31.5
      vertex -47 5 -36.5
    endloop
  endfacet
  facet normal -0.998793 -0.0491153 0
    outer loop
      vertex -47 5 -31.5
      vertex -46.9759 4.50991 -36.5
      vertex -46.9759 4.50991 -31.5
    endloop
  endfacet
  facet normal 0.336879 0.941548 -0
    outer loop
      vertex -40.0866 9.6194 -36.5
      vertex -40.5486 9.7847 -31.5
      vertex -40.0866 9.6194 -31.5
    endloop
  endfacet
  facet normal 0.336879 0.941548 0
    outer loop
      vertex -40.5486 9.7847 -31.5
      vertex -40.0866 9.6194 -36.5
      vertex -40.5486 9.7847 -36.5
    endloop
  endfacet
  facet normal -0.998793 0.0491153 0
    outer loop
      vertex -47 5 -36.5
      vertex -46.9759 5.49009 -31.5
      vertex -46.9759 5.49009 -36.5
    endloop
  endfacet
  facet normal -0.998793 0.0491153 0
    outer loop
      vertex -46.9759 5.49009 -31.5
      vertex -47 5 -36.5
      vertex -47 5 -31.5
    endloop
  endfacet
  facet normal -0.514076 0.857745 0
    outer loop
      vertex -44.357 9.40961 -36.5
      vertex -44.7779 9.15735 -31.5
      vertex -44.357 9.40961 -31.5
    endloop
  endfacet
  facet normal -0.514076 0.857745 0
    outer loop
      vertex -44.7779 9.15735 -31.5
      vertex -44.357 9.40961 -36.5
      vertex -44.7779 9.15735 -36.5
    endloop
  endfacet
  facet normal -0.941548 -0.336879 0
    outer loop
      vertex -46.6194 3.08658 -36.5
      vertex -46.7847 3.54858 -31.5
      vertex -46.7847 3.54858 -36.5
    endloop
  endfacet
  facet normal -0.941548 -0.336879 0
    outer loop
      vertex -46.7847 3.54858 -31.5
      vertex -46.6194 3.08658 -36.5
      vertex -46.6194 3.08658 -31.5
    endloop
  endfacet
  facet normal -0.146706 0.98918 0
    outer loop
      vertex -42.4901 9.97592 -36.5
      vertex -42.9755 9.90393 -31.5
      vertex -42.4901 9.97592 -31.5
    endloop
  endfacet
  facet normal -0.146706 0.98918 0
    outer loop
      vertex -42.9755 9.90393 -31.5
      vertex -42.4901 9.97592 -36.5
      vertex -42.9755 9.90393 -36.5
    endloop
  endfacet
  facet normal -0.0490736 0.998795 0
    outer loop
      vertex -42 10 -36.5
      vertex -42.4901 9.97592 -31.5
      vertex -42 10 -31.5
    endloop
  endfacet
  facet normal -0.0490736 0.998795 0
    outer loop
      vertex -42.4901 9.97592 -31.5
      vertex -42 10 -36.5
      vertex -42.4901 9.97592 -36.5
    endloop
  endfacet
  facet normal 0.740861 -0.671658 0
    outer loop
      vertex -38.4645 1.46447 -31.5
      vertex -38.1349 1.82803 -36.5
      vertex -38.1349 1.82803 -31.5
    endloop
  endfacet
  facet normal 0.740861 -0.671658 0
    outer loop
      vertex -38.1349 1.82803 -36.5
      vertex -38.4645 1.46447 -31.5
      vertex -38.4645 1.46447 -36.5
    endloop
  endfacet
  facet normal 0.671629 0.740887 -0
    outer loop
      vertex -38.4645 8.53553 -36.5
      vertex -38.828 8.86505 -31.5
      vertex -38.4645 8.53553 -31.5
    endloop
  endfacet
  facet normal 0.671629 0.740887 0
    outer loop
      vertex -38.828 8.86505 -31.5
      vertex -38.4645 8.53553 -36.5
      vertex -38.828 8.86505 -36.5
    endloop
  endfacet
  facet normal 0.59572 0.803192 -0
    outer loop
      vertex -38.828 8.86505 -36.5
      vertex -39.2221 9.15735 -31.5
      vertex -38.828 8.86505 -31.5
    endloop
  endfacet
  facet normal 0.59572 0.803192 0
    outer loop
      vertex -39.2221 9.15735 -31.5
      vertex -38.828 8.86505 -36.5
      vertex -39.2221 9.15735 -36.5
    endloop
  endfacet
  facet normal 0.941548 -0.336879 0
    outer loop
      vertex -37.3806 3.08658 -31.5
      vertex -37.2153 3.54858 -36.5
      vertex -37.2153 3.54858 -31.5
    endloop
  endfacet
  facet normal 0.941548 -0.336879 0
    outer loop
      vertex -37.2153 3.54858 -36.5
      vertex -37.3806 3.08658 -31.5
      vertex -37.3806 3.08658 -36.5
    endloop
  endfacet
  facet normal -0.989175 -0.146738 0
    outer loop
      vertex -46.9039 4.02455 -36.5
      vertex -46.9759 4.50991 -31.5
      vertex -46.9759 4.50991 -36.5
    endloop
  endfacet
  facet normal -0.989175 -0.146738 0
    outer loop
      vertex -46.9759 4.50991 -31.5
      vertex -46.9039 4.02455 -36.5
      vertex -46.9039 4.02455 -31.5
    endloop
  endfacet
  facet normal 0.514076 0.857745 -0
    outer loop
      vertex -39.2221 9.15735 -36.5
      vertex -39.643 9.40961 -31.5
      vertex -39.2221 9.15735 -31.5
    endloop
  endfacet
  facet normal 0.514076 0.857745 0
    outer loop
      vertex -39.643 9.40961 -31.5
      vertex -39.2221 9.15735 -36.5
      vertex -39.643 9.40961 -36.5
    endloop
  endfacet
  facet normal 0.941548 0.336879 0
    outer loop
      vertex -37.2153 6.45142 -31.5
      vertex -37.3806 6.91342 -36.5
      vertex -37.3806 6.91342 -31.5
    endloop
  endfacet
  facet normal 0.941548 0.336879 0
    outer loop
      vertex -37.3806 6.91342 -36.5
      vertex -37.2153 6.45142 -31.5
      vertex -37.2153 6.45142 -36.5
    endloop
  endfacet
  facet normal 0.90398 -0.427575 0
    outer loop
      vertex -37.5904 2.64302 -31.5
      vertex -37.3806 3.08658 -36.5
      vertex -37.3806 3.08658 -31.5
    endloop
  endfacet
  facet normal 0.90398 -0.427575 0
    outer loop
      vertex -37.3806 3.08658 -36.5
      vertex -37.5904 2.64302 -31.5
      vertex -37.5904 2.64302 -36.5
    endloop
  endfacet
  facet normal 0.243025 0.97002 -0
    outer loop
      vertex -40.5486 9.7847 -36.5
      vertex -41.0245 9.90393 -31.5
      vertex -40.5486 9.7847 -31.5
    endloop
  endfacet
  facet normal 0.243025 0.97002 0
    outer loop
      vertex -41.0245 9.90393 -31.5
      vertex -40.5486 9.7847 -36.5
      vertex -41.0245 9.90393 -36.5
    endloop
  endfacet
  facet normal -0.970043 0.242934 0
    outer loop
      vertex -46.9039 5.97545 -36.5
      vertex -46.7847 6.45142 -31.5
      vertex -46.7847 6.45142 -36.5
    endloop
  endfacet
  facet normal -0.970043 0.242934 0
    outer loop
      vertex -46.7847 6.45142 -31.5
      vertex -46.9039 5.97545 -36.5
      vertex -46.9039 5.97545 -31.5
    endloop
  endfacet
  facet normal 0.0490736 0.998795 -0
    outer loop
      vertex -41.5099 9.97592 -36.5
      vertex -42 10 -31.5
      vertex -41.5099 9.97592 -31.5
    endloop
  endfacet
  facet normal 0.0490736 0.998795 0
    outer loop
      vertex -42 10 -31.5
      vertex -41.5099 9.97592 -36.5
      vertex -42 10 -36.5
    endloop
  endfacet
  facet normal 0.243015 -0.970023 0
    outer loop
      vertex -41.0245 0.0960732 -36.5
      vertex -40.5486 0.215298 -31.5
      vertex -41.0245 0.0960732 -31.5
    endloop
  endfacet
  facet normal 0.243015 -0.970023 0
    outer loop
      vertex -40.5486 0.215298 -31.5
      vertex -41.0245 0.0960732 -36.5
      vertex -40.5486 0.215298 -36.5
    endloop
  endfacet
  facet normal -0.59572 0.803192 0
    outer loop
      vertex -44.7779 9.15735 -36.5
      vertex -45.172 8.86505 -31.5
      vertex -44.7779 9.15735 -31.5
    endloop
  endfacet
  facet normal -0.59572 0.803192 0
    outer loop
      vertex -45.172 8.86505 -31.5
      vertex -44.7779 9.15735 -36.5
      vertex -45.172 8.86505 -36.5
    endloop
  endfacet
  facet normal 0.427526 0.904003 -0
    outer loop
      vertex -39.643 9.40961 -36.5
      vertex -40.0866 9.6194 -31.5
      vertex -39.643 9.40961 -31.5
    endloop
  endfacet
  facet normal 0.427526 0.904003 0
    outer loop
      vertex -40.0866 9.6194 -31.5
      vertex -39.643 9.40961 -36.5
      vertex -40.0866 9.6194 -36.5
    endloop
  endfacet
  facet normal -0.941548 0.336879 0
    outer loop
      vertex -46.7847 6.45142 -36.5
      vertex -46.6194 6.91342 -31.5
      vertex -46.6194 6.91342 -36.5
    endloop
  endfacet
  facet normal -0.941548 0.336879 0
    outer loop
      vertex -46.6194 6.91342 -31.5
      vertex -46.7847 6.45142 -36.5
      vertex -46.7847 6.45142 -31.5
    endloop
  endfacet
  facet normal -0.671629 0.740887 0
    outer loop
      vertex -45.172 8.86505 -36.5
      vertex -45.5355 8.53553 -31.5
      vertex -45.172 8.86505 -31.5
    endloop
  endfacet
  facet normal -0.671629 0.740887 0
    outer loop
      vertex -45.5355 8.53553 -31.5
      vertex -45.172 8.86505 -36.5
      vertex -45.5355 8.53553 -36.5
    endloop
  endfacet
  facet normal -0.90398 -0.427575 0
    outer loop
      vertex -46.4096 2.64302 -36.5
      vertex -46.6194 3.08658 -31.5
      vertex -46.6194 3.08658 -36.5
    endloop
  endfacet
  facet normal -0.90398 -0.427575 0
    outer loop
      vertex -46.6194 3.08658 -31.5
      vertex -46.4096 2.64302 -36.5
      vertex -46.4096 2.64302 -31.5
    endloop
  endfacet
  facet normal -0.803304 -0.595569 0
    outer loop
      vertex -45.8651 1.82803 -36.5
      vertex -46.1573 2.22215 -31.5
      vertex -46.1573 2.22215 -36.5
    endloop
  endfacet
  facet normal -0.803304 -0.595569 0
    outer loop
      vertex -46.1573 2.22215 -31.5
      vertex -45.8651 1.82803 -36.5
      vertex -45.8651 1.82803 -31.5
    endloop
  endfacet
  facet normal 0.514073 -0.857746 0
    outer loop
      vertex -39.643 0.590393 -36.5
      vertex -39.2221 0.842651 -31.5
      vertex -39.643 0.590393 -31.5
    endloop
  endfacet
  facet normal 0.514073 -0.857746 0
    outer loop
      vertex -39.2221 0.842651 -31.5
      vertex -39.643 0.590393 -36.5
      vertex -39.2221 0.842651 -36.5
    endloop
  endfacet
  facet normal -0.740861 -0.671658 0
    outer loop
      vertex -45.5355 1.46447 -36.5
      vertex -45.8651 1.82803 -31.5
      vertex -45.8651 1.82803 -36.5
    endloop
  endfacet
  facet normal -0.740861 -0.671658 0
    outer loop
      vertex -45.8651 1.82803 -31.5
      vertex -45.5355 1.46447 -36.5
      vertex -45.5355 1.46447 -31.5
    endloop
  endfacet
  facet normal -0.336879 0.941548 0
    outer loop
      vertex -43.4514 9.7847 -36.5
      vertex -43.9134 9.6194 -31.5
      vertex -43.4514 9.7847 -31.5
    endloop
  endfacet
  facet normal -0.336879 0.941548 0
    outer loop
      vertex -43.9134 9.6194 -31.5
      vertex -43.4514 9.7847 -36.5
      vertex -43.9134 9.6194 -36.5
    endloop
  endfacet
  facet normal 0 0 1
    outer loop
      vertex -37.0241 5.49009 -31.5
      vertex -37.0241 4.50991 -31.5
      vertex -37 5 -31.5
    endloop
  endfacet
  facet normal 0 0 1
    outer loop
      vertex -37.0961 5.97545 -31.5
      vertex -37.0241 4.50991 -31.5
      vertex -37.0241 5.49009 -31.5
    endloop
  endfacet
  facet normal 0 0 1
    outer loop
      vertex -37.0961 5.97545 -31.5
      vertex -37.0961 4.02455 -31.5
      vertex -37.0241 4.50991 -31.5
    endloop
  endfacet
  facet normal 0 0 1
    outer loop
      vertex -37.2153 6.45142 -31.5
      vertex -37.0961 4.02455 -31.5
      vertex -37.0961 5.97545 -31.5
    endloop
  endfacet
  facet normal 0 0 1
    outer loop
      vertex -37.2153 6.45142 -31.5
      vertex -37.2153 3.54858 -31.5
      vertex -37.0961 4.02455 -31.5
    endloop
  endfacet
  facet normal 0 0 1
    outer loop
      vertex -37.3806 6.91342 -31.5
      vertex -37.2153 3.54858 -31.5
      vertex -37.2153 6.45142 -31.5
    endloop
  endfacet
  facet normal 0 0 1
    outer loop
      vertex -37.3806 6.91342 -31.5
      vertex -37.3806 3.08658 -31.5
      vertex -37.2153 3.54858 -31.5
    endloop
  endfacet
  facet normal 0 0 1
    outer loop
      vertex -37.5904 7.35698 -31.5
      vertex -37.3806 3.08658 -31.5
      vertex -37.3806 6.91342 -31.5
    endloop
  endfacet
  facet normal 0 0 1
    outer loop
      vertex -37.5904 7.35698 -31.5
      vertex -37.5904 2.64302 -31.5
      vertex -37.3806 3.08658 -31.5
    endloop
  endfacet
  facet normal 0 0 1
    outer loop
      vertex -37.8427 7.77785 -31.5
      vertex -37.5904 2.64302 -31.5
      vertex -37.5904 7.35698 -31.5
    endloop
  endfacet
  facet normal 0 0 1
    outer loop
      vertex -37.8427 7.77785 -31.5
      vertex -37.8427 2.22215 -31.5
      vertex -37.5904 2.64302 -31.5
    endloop
  endfacet
  facet normal 0 0 1
    outer loop
      vertex -38.1349 8.17197 -31.5
      vertex -37.8427 2.22215 -31.5
      vertex -37.8427 7.77785 -31.5
    endloop
  endfacet
  facet normal 0 0 1
    outer loop
      vertex -38.1349 8.17197 -31.5
      vertex -38.1349 1.82803 -31.5
      vertex -37.8427 2.22215 -31.5
    endloop
  endfacet
  facet normal 0 0 1
    outer loop
      vertex -38.4645 8.53553 -31.5
      vertex -38.1349 1.82803 -31.5
      vertex -38.1349 8.17197 -31.5
    endloop
  endfacet
  facet normal 0 0 1
    outer loop
      vertex -38.4645 8.53553 -31.5
      vertex -38.4645 1.46447 -31.5
      vertex -38.1349 1.82803 -31.5
    endloop
  endfacet
  facet normal 0 0 1
    outer loop
      vertex -38.828 8.86505 -31.5
      vertex -38.4645 1.46447 -31.5
      vertex -38.4645 8.53553 -31.5
    endloop
  endfacet
  facet normal 0 0 1
    outer loop
      vertex -38.828 8.86505 -31.5
      vertex -38.828 1.13495 -31.5
      vertex -38.4645 1.46447 -31.5
    endloop
  endfacet
  facet normal 0 0 1
    outer loop
      vertex -39.2221 9.15735 -31.5
      vertex -38.828 1.13495 -31.5
      vertex -38.828 8.86505 -31.5
    endloop
  endfacet
  facet normal 0 0 1
    outer loop
      vertex -39.2221 9.15735 -31.5
      vertex -39.2221 0.842651 -31.5
      vertex -38.828 1.13495 -31.5
    endloop
  endfacet
  facet normal 0 0 1
    outer loop
      vertex -39.643 9.40961 -31.5
      vertex -39.2221 0.842651 -31.5
      vertex -39.2221 9.15735 -31.5
    endloop
  endfacet
  facet normal 0 0 1
    outer loop
      vertex -39.643 9.40961 -31.5
      vertex -39.643 0.590393 -31.5
      vertex -39.2221 0.842651 -31.5
    endloop
  endfacet
  facet normal 0 0 1
    outer loop
      vertex -40.0866 9.6194 -31.5
      vertex -39.643 0.590393 -31.5
      vertex -39.643 9.40961 -31.5
    endloop
  endfacet
  facet normal 0 0 1
    outer loop
      vertex -40.0866 9.6194 -31.5
      vertex -40.0866 0.380602 -31.5
      vertex -39.643 0.590393 -31.5
    endloop
  endfacet
  facet normal 0 0 1
    outer loop
      vertex -40.5486 9.7847 -31.5
      vertex -40.0866 0.380602 -31.5
      vertex -40.0866 9.6194 -31.5
    endloop
  endfacet
  facet normal 0 0 1
    outer loop
      vertex -40.5486 9.7847 -31.5
      vertex -40.5486 0.215298 -31.5
      vertex -40.0866 0.380602 -31.5
    endloop
  endfacet
  facet normal 0 0 1
    outer loop
      vertex -41.0245 9.90393 -31.5
      vertex -40.5486 0.215298 -31.5
      vertex -40.5486 9.7847 -31.5
    endloop
  endfacet
  facet normal 0 0 1
    outer loop
      vertex -41.0245 9.90393 -31.5
      vertex -41.0245 0.0960732 -31.5
      vertex -40.5486 0.215298 -31.5
    endloop
  endfacet
  facet normal 0 0 1
    outer loop
      vertex -41.5099 9.97592 -31.5
      vertex -41.0245 0.0960732 -31.5
      vertex -41.0245 9.90393 -31.5
    endloop
  endfacet
  facet normal 0 0 1
    outer loop
      vertex -41.5099 9.97592 -31.5
      vertex -41.5099 0.0240755 -31.5
      vertex -41.0245 0.0960732 -31.5
    endloop
  endfacet
  facet normal 0 0 1
    outer loop
      vertex -42 10 -31.5
      vertex -41.5099 0.0240755 -31.5
      vertex -41.5099 9.97592 -31.5
    endloop
  endfacet
  facet normal 0 0 1
    outer loop
      vertex -42 10 -31.5
      vertex -42 0 -31.5
      vertex -41.5099 0.0240755 -31.5
    endloop
  endfacet
  facet normal -0 0 1
    outer loop
      vertex -42.4901 9.97592 -31.5
      vertex -42 0 -31.5
      vertex -42 10 -31.5
    endloop
  endfacet
  facet normal 0 0 1
    outer loop
      vertex -42.4901 9.97592 -31.5
      vertex -42.4901 0.0240755 -31.5
      vertex -42 0 -31.5
    endloop
  endfacet
  facet normal -0 0 1
    outer loop
      vertex -42.9755 9.90393 -31.5
      vertex -42.4901 0.0240755 -31.5
      vertex -42.4901 9.97592 -31.5
    endloop
  endfacet
  facet normal 0 0 1
    outer loop
      vertex -42.9755 9.90393 -31.5
      vertex -42.9755 0.0960732 -31.5
      vertex -42.4901 0.0240755 -31.5
    endloop
  endfacet
  facet normal -0 0 1
    outer loop
      vertex -43.4514 9.7847 -31.5
      vertex -42.9755 0.0960732 -31.5
      vertex -42.9755 9.90393 -31.5
    endloop
  endfacet
  facet normal 0 0 1
    outer loop
      vertex -43.4514 9.7847 -31.5
      vertex -43.4514 0.215298 -31.5
      vertex -42.9755 0.0960732 -31.5
    endloop
  endfacet
  facet normal -0 0 1
    outer loop
      vertex -43.9134 9.6194 -31.5
      vertex -43.4514 0.215298 -31.5
      vertex -43.4514 9.7847 -31.5
    endloop
  endfacet
  facet normal 0 0 1
    outer loop
      vertex -43.9134 9.6194 -31.5
      vertex -43.9134 0.380602 -31.5
      vertex -43.4514 0.215298 -31.5
    endloop
  endfacet
  facet normal -0 0 1
    outer loop
      vertex -44.357 9.40961 -31.5
      vertex -43.9134 0.380602 -31.5
      vertex -43.9134 9.6194 -31.5
    endloop
  endfacet
  facet normal 0 0 1
    outer loop
      vertex -44.357 9.40961 -31.5
      vertex -44.357 0.590393 -31.5
      vertex -43.9134 0.380602 -31.5
    endloop
  endfacet
  facet normal -0 0 1
    outer loop
      vertex -44.7779 9.15735 -31.5
      vertex -44.357 0.590393 -31.5
      vertex -44.357 9.40961 -31.5
    endloop
  endfacet
  facet normal 0 0 1
    outer loop
      vertex -44.7779 9.15735 -31.5
      vertex -44.7779 0.842651 -31.5
      vertex -44.357 0.590393 -31.5
    endloop
  endfacet
  facet normal -0 0 1
    outer loop
      vertex -45.172 8.86505 -31.5
      vertex -44.7779 0.842651 -31.5
      vertex -44.7779 9.15735 -31.5
    endloop
  endfacet
  facet normal 0 0 1
    outer loop
      vertex -45.172 8.86505 -31.5
      vertex -45.172 1.13495 -31.5
      vertex -44.7779 0.842651 -31.5
    endloop
  endfacet
  facet normal -0 0 1
    outer loop
      vertex -45.5355 8.53553 -31.5
      vertex -45.172 1.13495 -31.5
      vertex -45.172 8.86505 -31.5
    endloop
  endfacet
  facet normal 0 0 1
    outer loop
      vertex -45.5355 8.53553 -31.5
      vertex -45.5355 1.46447 -31.5
      vertex -45.172 1.13495 -31.5
    endloop
  endfacet
  facet normal -0 0 1
    outer loop
      vertex -45.8651 8.17197 -31.5
      vertex -45.5355 1.46447 -31.5
      vertex -45.5355 8.53553 -31.5
    endloop
  endfacet
  facet normal 0 0 1
    outer loop
      vertex -45.8651 8.17197 -31.5
      vertex -45.8651 1.82803 -31.5
      vertex -45.5355 1.46447 -31.5
    endloop
  endfacet
  facet normal -0 0 1
    outer loop
      vertex -46.1573 7.77785 -31.5
      vertex -45.8651 1.82803 -31.5
      vertex -45.8651 8.17197 -31.5
    endloop
  endfacet
  facet normal 0 0 1
    outer loop
      vertex -46.1573 7.77785 -31.5
      vertex -46.1573 2.22215 -31.5
      vertex -45.8651 1.82803 -31.5
    endloop
  endfacet
  facet normal -0 0 1
    outer loop
      vertex -46.4096 7.35698 -31.5
      vertex -46.1573 2.22215 -31.5
      vertex -46.1573 7.77785 -31.5
    endloop
  endfacet
  facet normal 0 0 1
    outer loop
      vertex -46.4096 7.35698 -31.5
      vertex -46.4096 2.64302 -31.5
      vertex -46.1573 2.22215 -31.5
    endloop
  endfacet
  facet normal -0 0 1
    outer loop
      vertex -46.6194 6.91342 -31.5
      vertex -46.4096 2.64302 -31.5
      vertex -46.4096 7.35698 -31.5
    endloop
  endfacet
  facet normal 0 0 1
    outer loop
      vertex -46.6194 6.91342 -31.5
      vertex -46.6194 3.08658 -31.5
      vertex -46.4096 2.64302 -31.5
    endloop
  endfacet
  facet normal -0 0 1
    outer loop
      vertex -46.7847 6.45142 -31.5
      vertex -46.6194 3.08658 -31.5
      vertex -46.6194 6.91342 -31.5
    endloop
  endfacet
  facet normal 0 0 1
    outer loop
      vertex -46.7847 6.45142 -31.5
      vertex -46.7847 3.54858 -31.5
      vertex -46.6194 3.08658 -31.5
    endloop
  endfacet
  facet normal -0 0 1
    outer loop
      vertex -46.9039 5.97545 -31.5
      vertex -46.7847 3.54858 -31.5
      vertex -46.7847 6.45142 -31.5
    endloop
  endfacet
  facet normal 0 0 1
    outer loop
      vertex -46.9039 5.97545 -31.5
      vertex -46.9039 4.02455 -31.5
      vertex -46.7847 3.54858 -31.5
    endloop
  endfacet
  facet normal -0 0 1
    outer loop
      vertex -46.9759 5.49009 -31.5
      vertex -46.9039 4.02455 -31.5
      vertex -46.9039 5.97545 -31.5
    endloop
  endfacet
  facet normal 0 0 1
    outer loop
      vertex -46.9759 5.49009 -31.5
      vertex -46.9759 4.50991 -31.5
      vertex -46.9039 4.02455 -31.5
    endloop
  endfacet
  facet normal 0 -0 1
    outer loop
      vertex -46.9759 4.50991 -31.5
      vertex -46.9759 5.49009 -31.5
      vertex -47 5 -31.5
    endloop
  endfacet
  facet normal 0.803304 -0.595569 0
    outer loop
      vertex -38.1349 1.82803 -31.5
      vertex -37.8427 2.22215 -36.5
      vertex -37.8427 2.22215 -31.5
    endloop
  endfacet
  facet normal 0.803304 -0.595569 0
    outer loop
      vertex -37.8427 2.22215 -36.5
      vertex -38.1349 1.82803 -31.5
      vertex -38.1349 1.82803 -36.5
    endloop
  endfacet
  facet normal 0.857692 -0.514163 0
    outer loop
      vertex -37.8427 2.22215 -31.5
      vertex -37.5904 2.64302 -36.5
      vertex -37.5904 2.64302 -31.5
    endloop
  endfacet
  facet normal 0.857692 -0.514163 0
    outer loop
      vertex -37.5904 2.64302 -36.5
      vertex -37.8427 2.22215 -31.5
      vertex -37.8427 2.22215 -36.5
    endloop
  endfacet
  facet normal -0.595718 -0.803193 0
    outer loop
      vertex -45.172 1.13495 -36.5
      vertex -44.7779 0.842651 -31.5
      vertex -45.172 1.13495 -31.5
    endloop
  endfacet
  facet normal -0.595718 -0.803193 -0
    outer loop
      vertex -44.7779 0.842651 -31.5
      vertex -45.172 1.13495 -36.5
      vertex -44.7779 0.842651 -36.5
    endloop
  endfacet
  facet normal -0.243015 -0.970023 0
    outer loop
      vertex -43.4514 0.215298 -36.5
      vertex -42.9755 0.0960732 -31.5
      vertex -43.4514 0.215298 -31.5
    endloop
  endfacet
  facet normal -0.243015 -0.970023 -0
    outer loop
      vertex -42.9755 0.0960732 -31.5
      vertex -43.4514 0.215298 -36.5
      vertex -42.9755 0.0960732 -36.5
    endloop
  endfacet
  facet normal -0.857692 0.514163 0
    outer loop
      vertex -46.4096 7.35698 -36.5
      vertex -46.1573 7.77785 -31.5
      vertex -46.1573 7.77785 -36.5
    endloop
  endfacet
  facet normal -0.857692 0.514163 0
    outer loop
      vertex -46.1573 7.77785 -31.5
      vertex -46.4096 7.35698 -36.5
      vertex -46.4096 7.35698 -31.5
    endloop
  endfacet
  facet normal 0.595718 -0.803193 0
    outer loop
      vertex -39.2221 0.842651 -36.5
      vertex -38.828 1.13495 -31.5
      vertex -39.2221 0.842651 -31.5
    endloop
  endfacet
  facet normal 0.595718 -0.803193 0
    outer loop
      vertex -38.828 1.13495 -31.5
      vertex -39.2221 0.842651 -36.5
      vertex -38.828 1.13495 -36.5
    endloop
  endfacet
  facet normal 0.336886 -0.941546 0
    outer loop
      vertex -40.5486 0.215298 -36.5
      vertex -40.0866 0.380602 -31.5
      vertex -40.5486 0.215298 -31.5
    endloop
  endfacet
  facet normal 0.336886 -0.941546 0
    outer loop
      vertex -40.0866 0.380602 -31.5
      vertex -40.5486 0.215298 -36.5
      vertex -40.0866 0.380602 -36.5
    endloop
  endfacet
  facet normal -0.514073 -0.857746 0
    outer loop
      vertex -44.7779 0.842651 -36.5
      vertex -44.357 0.590393 -31.5
      vertex -44.7779 0.842651 -31.5
    endloop
  endfacet
  facet normal -0.514073 -0.857746 -0
    outer loop
      vertex -44.357 0.590393 -31.5
      vertex -44.7779 0.842651 -36.5
      vertex -44.357 0.590393 -36.5
    endloop
  endfacet
  facet normal -0.90398 0.427575 0
    outer loop
      vertex -46.6194 6.91342 -36.5
      vertex -46.4096 7.35698 -31.5
      vertex -46.4096 7.35698 -36.5
    endloop
  endfacet
  facet normal -0.90398 0.427575 0
    outer loop
      vertex -46.4096 7.35698 -31.5
      vertex -46.6194 6.91342 -36.5
      vertex -46.6194 6.91342 -31.5
    endloop
  endfacet
  facet normal -0.857692 -0.514163 0
    outer loop
      vertex -46.1573 2.22215 -36.5
      vertex -46.4096 2.64302 -31.5
      vertex -46.4096 2.64302 -36.5
    endloop
  endfacet
  facet normal -0.857692 -0.514163 0
    outer loop
      vertex -46.4096 2.64302 -31.5
      vertex -46.1573 2.22215 -36.5
      vertex -46.1573 2.22215 -31.5
    endloop
  endfacet
  facet normal -0.146721 -0.989178 0
    outer loop
      vertex -42.9755 0.0960732 -36.5
      vertex -42.4901 0.0240755 -31.5
      vertex -42.9755 0.0960732 -31.5
    endloop
  endfacet
  facet normal -0.146721 -0.989178 -0
    outer loop
      vertex -42.4901 0.0240755 -31.5
      vertex -42.9755 0.0960732 -36.5
      vertex -42.4901 0.0240755 -36.5
    endloop
  endfacet
  facet normal 0.671629 -0.740887 0
    outer loop
      vertex -38.828 1.13495 -36.5
      vertex -38.4645 1.46447 -31.5
      vertex -38.828 1.13495 -31.5
    endloop
  endfacet
  facet normal 0.671629 -0.740887 0
    outer loop
      vertex -38.4645 1.46447 -31.5
      vertex -38.828 1.13495 -36.5
      vertex -38.4645 1.46447 -36.5
    endloop
  endfacet
  facet normal -0.427528 -0.904002 0
    outer loop
      vertex -44.357 0.590393 -36.5
      vertex -43.9134 0.380602 -31.5
      vertex -44.357 0.590393 -31.5
    endloop
  endfacet
  facet normal -0.427528 -0.904002 -0
    outer loop
      vertex -43.9134 0.380602 -31.5
      vertex -44.357 0.590393 -36.5
      vertex -43.9134 0.380602 -36.5
    endloop
  endfacet
  facet normal -0.671629 -0.740887 0
    outer loop
      vertex -45.5355 1.46447 -36.5
      vertex -45.172 1.13495 -31.5
      vertex -45.5355 1.46447 -31.5
    endloop
  endfacet
  facet normal -0.671629 -0.740887 -0
    outer loop
      vertex -45.172 1.13495 -31.5
      vertex -45.5355 1.46447 -36.5
      vertex -45.172 1.13495 -36.5
    endloop
  endfacet
  facet normal 0 0 -1
    outer loop
      vertex -37.0241 4.50991 -36.5
      vertex -37.0241 5.49009 -36.5
      vertex -37 5 -36.5
    endloop
  endfacet
  facet normal 0 0 -1
    outer loop
      vertex -37.0961 4.02455 -36.5
      vertex -37.0241 5.49009 -36.5
      vertex -37.0241 4.50991 -36.5
    endloop
  endfacet
  facet normal 0 0 -1
    outer loop
      vertex -37.0961 4.02455 -36.5
      vertex -37.0961 5.97545 -36.5
      vertex -37.0241 5.49009 -36.5
    endloop
  endfacet
  facet normal 0 0 -1
    outer loop
      vertex -37.2153 3.54858 -36.5
      vertex -37.0961 5.97545 -36.5
      vertex -37.0961 4.02455 -36.5
    endloop
  endfacet
  facet normal 0 0 -1
    outer loop
      vertex -37.2153 3.54858 -36.5
      vertex -37.2153 6.45142 -36.5
      vertex -37.0961 5.97545 -36.5
    endloop
  endfacet
  facet normal 0 0 -1
    outer loop
      vertex -37.3806 3.08658 -36.5
      vertex -37.2153 6.45142 -36.5
      vertex -37.2153 3.54858 -36.5
    endloop
  endfacet
  facet normal 0 0 -1
    outer loop
      vertex -37.3806 3.08658 -36.5
      vertex -37.3806 6.91342 -36.5
      vertex -37.2153 6.45142 -36.5
    endloop
  endfacet
  facet normal 0 0 -1
    outer loop
      vertex -37.5904 2.64302 -36.5
      vertex -37.3806 6.91342 -36.5
      vertex -37.3806 3.08658 -36.5
    endloop
  endfacet
  facet normal 0 0 -1
    outer loop
      vertex -37.5904 2.64302 -36.5
      vertex -37.5904 7.35698 -36.5
      vertex -37.3806 6.91342 -36.5
    endloop
  endfacet
  facet normal 0 0 -1
    outer loop
      vertex -37.8427 2.22215 -36.5
      vertex -37.5904 7.35698 -36.5
      vertex -37.5904 2.64302 -36.5
    endloop
  endfacet
  facet normal 0 0 -1
    outer loop
      vertex -37.8427 2.22215 -36.5
      vertex -37.8427 7.77785 -36.5
      vertex -37.5904 7.35698 -36.5
    endloop
  endfacet
  facet normal 0 0 -1
    outer loop
      vertex -38.1349 1.82803 -36.5
      vertex -37.8427 7.77785 -36.5
      vertex -37.8427 2.22215 -36.5
    endloop
  endfacet
  facet normal 0 0 -1
    outer loop
      vertex -38.1349 1.82803 -36.5
      vertex -38.1349 8.17197 -36.5
      vertex -37.8427 7.77785 -36.5
    endloop
  endfacet
  facet normal 0 0 -1
    outer loop
      vertex -38.4645 1.46447 -36.5
      vertex -38.1349 8.17197 -36.5
      vertex -38.1349 1.82803 -36.5
    endloop
  endfacet
  facet normal 0 0 -1
    outer loop
      vertex -38.4645 1.46447 -36.5
      vertex -38.4645 8.53553 -36.5
      vertex -38.1349 8.17197 -36.5
    endloop
  endfacet
  facet normal 0 0 -1
    outer loop
      vertex -38.828 1.13495 -36.5
      vertex -38.4645 8.53553 -36.5
      vertex -38.4645 1.46447 -36.5
    endloop
  endfacet
  facet normal 0 0 -1
    outer loop
      vertex -38.828 1.13495 -36.5
      vertex -38.828 8.86505 -36.5
      vertex -38.4645 8.53553 -36.5
    endloop
  endfacet
  facet normal 0 0 -1
    outer loop
      vertex -39.2221 0.842651 -36.5
      vertex -38.828 8.86505 -36.5
      vertex -38.828 1.13495 -36.5
    endloop
  endfacet
  facet normal 0 0 -1
    outer loop
      vertex -39.2221 0.842651 -36.5
      vertex -39.2221 9.15735 -36.5
      vertex -38.828 8.86505 -36.5
    endloop
  endfacet
  facet normal 0 0 -1
    outer loop
      vertex -39.643 0.590393 -36.5
      vertex -39.2221 9.15735 -36.5
      vertex -39.2221 0.842651 -36.5
    endloop
  endfacet
  facet normal 0 0 -1
    outer loop
      vertex -39.643 0.590393 -36.5
      vertex -39.643 9.40961 -36.5
      vertex -39.2221 9.15735 -36.5
    endloop
  endfacet
  facet normal 0 0 -1
    outer loop
      vertex -40.0866 0.380602 -36.5
      vertex -39.643 9.40961 -36.5
      vertex -39.643 0.590393 -36.5
    endloop
  endfacet
  facet normal 0 0 -1
    outer loop
      vertex -40.0866 0.380602 -36.5
      vertex -40.0866 9.6194 -36.5
      vertex -39.643 9.40961 -36.5
    endloop
  endfacet
  facet normal 0 0 -1
    outer loop
      vertex -40.5486 0.215298 -36.5
      vertex -40.0866 9.6194 -36.5
      vertex -40.0866 0.380602 -36.5
    endloop
  endfacet
  facet normal 0 0 -1
    outer loop
      vertex -40.5486 0.215298 -36.5
      vertex -40.5486 9.7847 -36.5
      vertex -40.0866 9.6194 -36.5
    endloop
  endfacet
  facet normal 0 0 -1
    outer loop
      vertex -41.0245 0.0960732 -36.5
      vertex -40.5486 9.7847 -36.5
      vertex -40.5486 0.215298 -36.5
    endloop
  endfacet
  facet normal 0 0 -1
    outer loop
      vertex -41.0245 0.0960732 -36.5
      vertex -41.0245 9.90393 -36.5
      vertex -40.5486 9.7847 -36.5
    endloop
  endfacet
  facet normal 0 0 -1
    outer loop
      vertex -41.5099 0.0240755 -36.5
      vertex -41.0245 9.90393 -36.5
      vertex -41.0245 0.0960732 -36.5
    endloop
  endfacet
  facet normal 0 0 -1
    outer loop
      vertex -41.5099 0.0240755 -36.5
      vertex -41.5099 9.97592 -36.5
      vertex -41.0245 9.90393 -36.5
    endloop
  endfacet
  facet normal 0 0 -1
    outer loop
      vertex -42 0 -36.5
      vertex -41.5099 9.97592 -36.5
      vertex -41.5099 0.0240755 -36.5
    endloop
  endfacet
  facet normal 0 0 -1
    outer loop
      vertex -42 0 -36.5
      vertex -42 10 -36.5
      vertex -41.5099 9.97592 -36.5
    endloop
  endfacet
  facet normal 0 0 -1
    outer loop
      vertex -42.4901 0.0240755 -36.5
      vertex -42 10 -36.5
      vertex -42 0 -36.5
    endloop
  endfacet
  facet normal 0 0 -1
    outer loop
      vertex -42.4901 0.0240755 -36.5
      vertex -42.4901 9.97592 -36.5
      vertex -42 10 -36.5
    endloop
  endfacet
  facet normal 0 0 -1
    outer loop
      vertex -42.9755 0.0960732 -36.5
      vertex -42.4901 9.97592 -36.5
      vertex -42.4901 0.0240755 -36.5
    endloop
  endfacet
  facet normal 0 0 -1
    outer loop
      vertex -42.9755 0.0960732 -36.5
      vertex -42.9755 9.90393 -36.5
      vertex -42.4901 9.97592 -36.5
    endloop
  endfacet
  facet normal 0 0 -1
    outer loop
      vertex -43.4514 0.215298 -36.5
      vertex -42.9755 9.90393 -36.5
      vertex -42.9755 0.0960732 -36.5
    endloop
  endfacet
  facet normal 0 0 -1
    outer loop
      vertex -43.4514 0.215298 -36.5
      vertex -43.4514 9.7847 -36.5
      vertex -42.9755 9.90393 -36.5
    endloop
  endfacet
  facet normal 0 0 -1
    outer loop
      vertex -43.9134 0.380602 -36.5
      vertex -43.4514 9.7847 -36.5
      vertex -43.4514 0.215298 -36.5
    endloop
  endfacet
  facet normal 0 0 -1
    outer loop
      vertex -43.9134 0.380602 -36.5
      vertex -43.9134 9.6194 -36.5
      vertex -43.4514 9.7847 -36.5
    endloop
  endfacet
  facet normal 0 0 -1
    outer loop
      vertex -44.357 0.590393 -36.5
      vertex -43.9134 9.6194 -36.5
      vertex -43.9134 0.380602 -36.5
    endloop
  endfacet
  facet normal 0 0 -1
    outer loop
      vertex -44.357 0.590393 -36.5
      vertex -44.357 9.40961 -36.5
      vertex -43.9134 9.6194 -36.5
    endloop
  endfacet
  facet normal 0 0 -1
    outer loop
      vertex -44.7779 0.842651 -36.5
      vertex -44.357 9.40961 -36.5
      vertex -44.357 0.590393 -36.5
    endloop
  endfacet
  facet normal 0 0 -1
    outer loop
      vertex -44.7779 0.842651 -36.5
      vertex -44.7779 9.15735 -36.5
      vertex -44.357 9.40961 -36.5
    endloop
  endfacet
  facet normal 0 0 -1
    outer loop
      vertex -45.172 1.13495 -36.5
      vertex -44.7779 9.15735 -36.5
      vertex -44.7779 0.842651 -36.5
    endloop
  endfacet
  facet normal 0 0 -1
    outer loop
      vertex -45.172 1.13495 -36.5
      vertex -45.172 8.86505 -36.5
      vertex -44.7779 9.15735 -36.5
    endloop
  endfacet
  facet normal 0 0 -1
    outer loop
      vertex -45.5355 1.46447 -36.5
      vertex -45.172 8.86505 -36.5
      vertex -45.172 1.13495 -36.5
    endloop
  endfacet
  facet normal 0 0 -1
    outer loop
      vertex -45.5355 1.46447 -36.5
      vertex -45.5355 8.53553 -36.5
      vertex -45.172 8.86505 -36.5
    endloop
  endfacet
  facet normal 0 0 -1
    outer loop
      vertex -45.8651 1.82803 -36.5
      vertex -45.5355 8.53553 -36.5
      vertex -45.5355 1.46447 -36.5
    endloop
  endfacet
  facet normal 0 0 -1
    outer loop
      vertex -45.8651 1.82803 -36.5
      vertex -45.8651 8.17197 -36.5
      vertex -45.5355 8.53553 -36.5
    endloop
  endfacet
  facet normal 0 0 -1
    outer loop
      vertex -46.1573 2.22215 -36.5
      vertex -45.8651 8.17197 -36.5
      vertex -45.8651 1.82803 -36.5
    endloop
  endfacet
  facet normal 0 0 -1
    outer loop
      vertex -46.1573 2.22215 -36.5
      vertex -46.1573 7.77785 -36.5
      vertex -45.8651 8.17197 -36.5
    endloop
  endfacet
  facet normal 0 0 -1
    outer loop
      vertex -46.4096 2.64302 -36.5
      vertex -46.1573 7.77785 -36.5
      vertex -46.1573 2.22215 -36.5
    endloop
  endfacet
  facet normal 0 0 -1
    outer loop
      vertex -46.4096 2.64302 -36.5
      vertex -46.4096 7.35698 -36.5
      vertex -46.1573 7.77785 -36.5
    endloop
  endfacet
  facet normal 0 0 -1
    outer loop
      vertex -46.6194 3.08658 -36.5
      vertex -46.4096 7.35698 -36.5
      vertex -46.4096 2.64302 -36.5
    endloop
  endfacet
  facet normal 0 0 -1
    outer loop
      vertex -46.6194 3.08658 -36.5
      vertex -46.6194 6.91342 -36.5
      vertex -46.4096 7.35698 -36.5
    endloop
  endfacet
  facet normal 0 0 -1
    outer loop
      vertex -46.7847 3.54858 -36.5
      vertex -46.6194 6.91342 -36.5
      vertex -46.6194 3.08658 -36.5
    endloop
  endfacet
  facet normal 0 0 -1
    outer loop
      vertex -46.7847 3.54858 -36.5
      vertex -46.7847 6.45142 -36.5
      vertex -46.6194 6.91342 -36.5
    endloop
  endfacet
  facet normal 0 0 -1
    outer loop
      vertex -46.9039 4.02455 -36.5
      vertex -46.7847 6.45142 -36.5
      vertex -46.7847 3.54858 -36.5
    endloop
  endfacet
  facet normal 0 0 -1
    outer loop
      vertex -46.9039 4.02455 -36.5
      vertex -46.9039 5.97545 -36.5
      vertex -46.7847 6.45142 -36.5
    endloop
  endfacet
  facet normal 0 0 -1
    outer loop
      vertex -46.9759 4.50991 -36.5
      vertex -46.9039 5.97545 -36.5
      vertex -46.9039 4.02455 -36.5
    endloop
  endfacet
  facet normal 0 0 -1
    outer loop
      vertex -46.9759 4.50991 -36.5
      vertex -46.9759 5.49009 -36.5
      vertex -46.9039 5.97545 -36.5
    endloop
  endfacet
  facet normal 0 -0 -1
    outer loop
      vertex -46.9759 5.49009 -36.5
      vertex -46.9759 4.50991 -36.5
      vertex -47 5 -36.5
    endloop
  endfacet
  facet normal 0.336886 0.941546 -0
    outer loop
      vertex 43.9134 -0.380602 -36.5
      vertex 43.4514 -0.215298 -31.5
      vertex 43.9134 -0.380602 -31.5
    endloop
  endfacet
  facet normal 0.336886 0.941546 0
    outer loop
      vertex 43.4514 -0.215298 -31.5
      vertex 43.9134 -0.380602 -36.5
      vertex 43.4514 -0.215298 -36.5
    endloop
  endfacet
  facet normal 0.941548 0.336879 0
    outer loop
      vertex 46.7847 -3.54858 -31.5
      vertex 46.6194 -3.08658 -36.5
      vertex 46.6194 -3.08658 -31.5
    endloop
  endfacet
  facet normal 0.941548 0.336879 0
    outer loop
      vertex 46.6194 -3.08658 -36.5
      vertex 46.7847 -3.54858 -31.5
      vertex 46.7847 -3.54858 -36.5
    endloop
  endfacet
  facet normal 0 0 -1
    outer loop
      vertex 46.9759 -5.49009 -36.5
      vertex 46.9759 -4.50991 -36.5
      vertex 47 -5 -36.5
    endloop
  endfacet
  facet normal 0 0 -1
    outer loop
      vertex 46.9039 -5.97545 -36.5
      vertex 46.9759 -4.50991 -36.5
      vertex 46.9759 -5.49009 -36.5
    endloop
  endfacet
  facet normal 0 0 -1
    outer loop
      vertex 46.9039 -5.97545 -36.5
      vertex 46.9039 -4.02455 -36.5
      vertex 46.9759 -4.50991 -36.5
    endloop
  endfacet
  facet normal 0 0 -1
    outer loop
      vertex 46.7847 -6.45142 -36.5
      vertex 46.9039 -4.02455 -36.5
      vertex 46.9039 -5.97545 -36.5
    endloop
  endfacet
  facet normal 0 0 -1
    outer loop
      vertex 46.7847 -6.45142 -36.5
      vertex 46.7847 -3.54858 -36.5
      vertex 46.9039 -4.02455 -36.5
    endloop
  endfacet
  facet normal 0 0 -1
    outer loop
      vertex 46.6194 -6.91342 -36.5
      vertex 46.7847 -3.54858 -36.5
      vertex 46.7847 -6.45142 -36.5
    endloop
  endfacet
  facet normal 0 0 -1
    outer loop
      vertex 46.6194 -6.91342 -36.5
      vertex 46.6194 -3.08658 -36.5
      vertex 46.7847 -3.54858 -36.5
    endloop
  endfacet
  facet normal 0 0 -1
    outer loop
      vertex 46.4096 -7.35698 -36.5
      vertex 46.6194 -3.08658 -36.5
      vertex 46.6194 -6.91342 -36.5
    endloop
  endfacet
  facet normal 0 0 -1
    outer loop
      vertex 46.4096 -7.35698 -36.5
      vertex 46.4096 -2.64302 -36.5
      vertex 46.6194 -3.08658 -36.5
    endloop
  endfacet
  facet normal 0 0 -1
    outer loop
      vertex 46.1573 -7.77785 -36.5
      vertex 46.4096 -2.64302 -36.5
      vertex 46.4096 -7.35698 -36.5
    endloop
  endfacet
  facet normal 0 0 -1
    outer loop
      vertex 46.1573 -7.77785 -36.5
      vertex 46.1573 -2.22215 -36.5
      vertex 46.4096 -2.64302 -36.5
    endloop
  endfacet
  facet normal 0 0 -1
    outer loop
      vertex 45.8651 -8.17197 -36.5
      vertex 46.1573 -2.22215 -36.5
      vertex 46.1573 -7.77785 -36.5
    endloop
  endfacet
  facet normal 0 0 -1
    outer loop
      vertex 45.8651 -8.17197 -36.5
      vertex 45.8651 -1.82803 -36.5
      vertex 46.1573 -2.22215 -36.5
    endloop
  endfacet
  facet normal 0 0 -1
    outer loop
      vertex 45.5355 -8.53553 -36.5
      vertex 45.8651 -1.82803 -36.5
      vertex 45.8651 -8.17197 -36.5
    endloop
  endfacet
  facet normal 0 0 -1
    outer loop
      vertex 45.5355 -8.53553 -36.5
      vertex 45.5355 -1.46447 -36.5
      vertex 45.8651 -1.82803 -36.5
    endloop
  endfacet
  facet normal 0 0 -1
    outer loop
      vertex 45.172 -8.86505 -36.5
      vertex 45.5355 -1.46447 -36.5
      vertex 45.5355 -8.53553 -36.5
    endloop
  endfacet
  facet normal 0 0 -1
    outer loop
      vertex 45.172 -8.86505 -36.5
      vertex 45.172 -1.13495 -36.5
      vertex 45.5355 -1.46447 -36.5
    endloop
  endfacet
  facet normal 0 0 -1
    outer loop
      vertex 44.7779 -9.15735 -36.5
      vertex 45.172 -1.13495 -36.5
      vertex 45.172 -8.86505 -36.5
    endloop
  endfacet
  facet normal 0 0 -1
    outer loop
      vertex 44.7779 -9.15735 -36.5
      vertex 44.7779 -0.842651 -36.5
      vertex 45.172 -1.13495 -36.5
    endloop
  endfacet
  facet normal 0 0 -1
    outer loop
      vertex 44.357 -9.40961 -36.5
      vertex 44.7779 -0.842651 -36.5
      vertex 44.7779 -9.15735 -36.5
    endloop
  endfacet
  facet normal 0 0 -1
    outer loop
      vertex 44.357 -9.40961 -36.5
      vertex 44.357 -0.590393 -36.5
      vertex 44.7779 -0.842651 -36.5
    endloop
  endfacet
  facet normal 0 0 -1
    outer loop
      vertex 43.9134 -9.6194 -36.5
      vertex 44.357 -0.590393 -36.5
      vertex 44.357 -9.40961 -36.5
    endloop
  endfacet
  facet normal 0 0 -1
    outer loop
      vertex 43.9134 -9.6194 -36.5
      vertex 43.9134 -0.380602 -36.5
      vertex 44.357 -0.590393 -36.5
    endloop
  endfacet
  facet normal 0 0 -1
    outer loop
      vertex 43.4514 -9.7847 -36.5
      vertex 43.9134 -0.380602 -36.5
      vertex 43.9134 -9.6194 -36.5
    endloop
  endfacet
  facet normal 0 0 -1
    outer loop
      vertex 43.4514 -9.7847 -36.5
      vertex 43.4514 -0.215298 -36.5
      vertex 43.9134 -0.380602 -36.5
    endloop
  endfacet
  facet normal 0 0 -1
    outer loop
      vertex 42.9755 -9.90393 -36.5
      vertex 43.4514 -0.215298 -36.5
      vertex 43.4514 -9.7847 -36.5
    endloop
  endfacet
  facet normal 0 0 -1
    outer loop
      vertex 42.9755 -9.90393 -36.5
      vertex 42.9755 -0.0960732 -36.5
      vertex 43.4514 -0.215298 -36.5
    endloop
  endfacet
  facet normal 0 0 -1
    outer loop
      vertex 42.4901 -9.97592 -36.5
      vertex 42.9755 -0.0960732 -36.5
      vertex 42.9755 -9.90393 -36.5
    endloop
  endfacet
  facet normal 0 0 -1
    outer loop
      vertex 42.4901 -9.97592 -36.5
      vertex 42.4901 -0.0240755 -36.5
      vertex 42.9755 -0.0960732 -36.5
    endloop
  endfacet
  facet normal 0 0 -1
    outer loop
      vertex 42 -10 -36.5
      vertex 42.4901 -0.0240755 -36.5
      vertex 42.4901 -9.97592 -36.5
    endloop
  endfacet
  facet normal 0 0 -1
    outer loop
      vertex 42 -10 -36.5
      vertex 42 0 -36.5
      vertex 42.4901 -0.0240755 -36.5
    endloop
  endfacet
  facet normal 0 0 -1
    outer loop
      vertex 41.5099 -9.97592 -36.5
      vertex 42 0 -36.5
      vertex 42 -10 -36.5
    endloop
  endfacet
  facet normal 0 0 -1
    outer loop
      vertex 41.5099 -9.97592 -36.5
      vertex 41.5099 -0.0240755 -36.5
      vertex 42 0 -36.5
    endloop
  endfacet
  facet normal 0 0 -1
    outer loop
      vertex 41.0245 -9.90393 -36.5
      vertex 41.5099 -0.0240755 -36.5
      vertex 41.5099 -9.97592 -36.5
    endloop
  endfacet
  facet normal 0 0 -1
    outer loop
      vertex 41.0245 -9.90393 -36.5
      vertex 41.0245 -0.0960732 -36.5
      vertex 41.5099 -0.0240755 -36.5
    endloop
  endfacet
  facet normal 0 0 -1
    outer loop
      vertex 40.5486 -9.7847 -36.5
      vertex 41.0245 -0.0960732 -36.5
      vertex 41.0245 -9.90393 -36.5
    endloop
  endfacet
  facet normal 0 0 -1
    outer loop
      vertex 40.5486 -9.7847 -36.5
      vertex 40.5486 -0.215298 -36.5
      vertex 41.0245 -0.0960732 -36.5
    endloop
  endfacet
  facet normal 0 0 -1
    outer loop
      vertex 40.0866 -9.6194 -36.5
      vertex 40.5486 -0.215298 -36.5
      vertex 40.5486 -9.7847 -36.5
    endloop
  endfacet
  facet normal 0 0 -1
    outer loop
      vertex 40.0866 -9.6194 -36.5
      vertex 40.0866 -0.380602 -36.5
      vertex 40.5486 -0.215298 -36.5
    endloop
  endfacet
  facet normal 0 0 -1
    outer loop
      vertex 39.643 -9.40961 -36.5
      vertex 40.0866 -0.380602 -36.5
      vertex 40.0866 -9.6194 -36.5
    endloop
  endfacet
  facet normal 0 0 -1
    outer loop
      vertex 39.643 -9.40961 -36.5
      vertex 39.643 -0.590393 -36.5
      vertex 40.0866 -0.380602 -36.5
    endloop
  endfacet
  facet normal 0 0 -1
    outer loop
      vertex 39.2221 -9.15735 -36.5
      vertex 39.643 -0.590393 -36.5
      vertex 39.643 -9.40961 -36.5
    endloop
  endfacet
  facet normal 0 0 -1
    outer loop
      vertex 39.2221 -9.15735 -36.5
      vertex 39.2221 -0.842651 -36.5
      vertex 39.643 -0.590393 -36.5
    endloop
  endfacet
  facet normal 0 0 -1
    outer loop
      vertex 38.828 -8.86505 -36.5
      vertex 39.2221 -0.842651 -36.5
      vertex 39.2221 -9.15735 -36.5
    endloop
  endfacet
  facet normal 0 0 -1
    outer loop
      vertex 38.828 -8.86505 -36.5
      vertex 38.828 -1.13495 -36.5
      vertex 39.2221 -0.842651 -36.5
    endloop
  endfacet
  facet normal 0 0 -1
    outer loop
      vertex 38.4645 -8.53553 -36.5
      vertex 38.828 -1.13495 -36.5
      vertex 38.828 -8.86505 -36.5
    endloop
  endfacet
  facet normal 0 0 -1
    outer loop
      vertex 38.4645 -8.53553 -36.5
      vertex 38.4645 -1.46447 -36.5
      vertex 38.828 -1.13495 -36.5
    endloop
  endfacet
  facet normal 0 0 -1
    outer loop
      vertex 38.1349 -8.17197 -36.5
      vertex 38.4645 -1.46447 -36.5
      vertex 38.4645 -8.53553 -36.5
    endloop
  endfacet
  facet normal 0 0 -1
    outer loop
      vertex 38.1349 -8.17197 -36.5
      vertex 38.1349 -1.82803 -36.5
      vertex 38.4645 -1.46447 -36.5
    endloop
  endfacet
  facet normal 0 0 -1
    outer loop
      vertex 37.8427 -7.77785 -36.5
      vertex 38.1349 -1.82803 -36.5
      vertex 38.1349 -8.17197 -36.5
    endloop
  endfacet
  facet normal 0 0 -1
    outer loop
      vertex 37.8427 -7.77785 -36.5
      vertex 37.8427 -2.22215 -36.5
      vertex 38.1349 -1.82803 -36.5
    endloop
  endfacet
  facet normal 0 0 -1
    outer loop
      vertex 37.5904 -7.35698 -36.5
      vertex 37.8427 -2.22215 -36.5
      vertex 37.8427 -7.77785 -36.5
    endloop
  endfacet
  facet normal 0 0 -1
    outer loop
      vertex 37.5904 -7.35698 -36.5
      vertex 37.5904 -2.64302 -36.5
      vertex 37.8427 -2.22215 -36.5
    endloop
  endfacet
  facet normal 0 0 -1
    outer loop
      vertex 37.3806 -6.91342 -36.5
      vertex 37.5904 -2.64302 -36.5
      vertex 37.5904 -7.35698 -36.5
    endloop
  endfacet
  facet normal 0 0 -1
    outer loop
      vertex 37.3806 -6.91342 -36.5
      vertex 37.3806 -3.08658 -36.5
      vertex 37.5904 -2.64302 -36.5
    endloop
  endfacet
  facet normal 0 0 -1
    outer loop
      vertex 37.2153 -6.45142 -36.5
      vertex 37.3806 -3.08658 -36.5
      vertex 37.3806 -6.91342 -36.5
    endloop
  endfacet
  facet normal 0 0 -1
    outer loop
      vertex 37.2153 -6.45142 -36.5
      vertex 37.2153 -3.54858 -36.5
      vertex 37.3806 -3.08658 -36.5
    endloop
  endfacet
  facet normal 0 0 -1
    outer loop
      vertex 37.0961 -5.97545 -36.5
      vertex 37.2153 -3.54858 -36.5
      vertex 37.2153 -6.45142 -36.5
    endloop
  endfacet
  facet normal 0 0 -1
    outer loop
      vertex 37.0961 -5.97545 -36.5
      vertex 37.0961 -4.02455 -36.5
      vertex 37.2153 -3.54858 -36.5
    endloop
  endfacet
  facet normal 0 0 -1
    outer loop
      vertex 37.0241 -5.49009 -36.5
      vertex 37.0961 -4.02455 -36.5
      vertex 37.0961 -5.97545 -36.5
    endloop
  endfacet
  facet normal 0 0 -1
    outer loop
      vertex 37.0241 -5.49009 -36.5
      vertex 37.0241 -4.50991 -36.5
      vertex 37.0961 -4.02455 -36.5
    endloop
  endfacet
  facet normal 0 -0 -1
    outer loop
      vertex 37.0241 -4.50991 -36.5
      vertex 37.0241 -5.49009 -36.5
      vertex 37 -5 -36.5
    endloop
  endfacet
  facet normal -0.740861 -0.671658 0
    outer loop
      vertex 38.4645 -8.53553 -36.5
      vertex 38.1349 -8.17197 -31.5
      vertex 38.1349 -8.17197 -36.5
    endloop
  endfacet
  facet normal -0.740861 -0.671658 0
    outer loop
      vertex 38.1349 -8.17197 -31.5
      vertex 38.4645 -8.53553 -36.5
      vertex 38.4645 -8.53553 -31.5
    endloop
  endfacet
  facet normal -0.336879 -0.941548 0
    outer loop
      vertex 40.0866 -9.6194 -36.5
      vertex 40.5486 -9.7847 -31.5
      vertex 40.0866 -9.6194 -31.5
    endloop
  endfacet
  facet normal -0.336879 -0.941548 -0
    outer loop
      vertex 40.5486 -9.7847 -31.5
      vertex 40.0866 -9.6194 -36.5
      vertex 40.5486 -9.7847 -36.5
    endloop
  endfacet
  facet normal -0.90398 0.427575 0
    outer loop
      vertex 37.3806 -3.08658 -36.5
      vertex 37.5904 -2.64302 -31.5
      vertex 37.5904 -2.64302 -36.5
    endloop
  endfacet
  facet normal -0.90398 0.427575 0
    outer loop
      vertex 37.5904 -2.64302 -31.5
      vertex 37.3806 -3.08658 -36.5
      vertex 37.3806 -3.08658 -31.5
    endloop
  endfacet
  facet normal 0.427526 -0.904003 0
    outer loop
      vertex 43.9134 -9.6194 -36.5
      vertex 44.357 -9.40961 -31.5
      vertex 43.9134 -9.6194 -31.5
    endloop
  endfacet
  facet normal 0.427526 -0.904003 0
    outer loop
      vertex 44.357 -9.40961 -31.5
      vertex 43.9134 -9.6194 -36.5
      vertex 44.357 -9.40961 -36.5
    endloop
  endfacet
  facet normal 0.803304 0.595569 0
    outer loop
      vertex 46.1573 -2.22215 -31.5
      vertex 45.8651 -1.82803 -36.5
      vertex 45.8651 -1.82803 -31.5
    endloop
  endfacet
  facet normal 0.803304 0.595569 0
    outer loop
      vertex 45.8651 -1.82803 -36.5
      vertex 46.1573 -2.22215 -31.5
      vertex 46.1573 -2.22215 -36.5
    endloop
  endfacet
  facet normal -0.671629 -0.740887 0
    outer loop
      vertex 38.4645 -8.53553 -36.5
      vertex 38.828 -8.86505 -31.5
      vertex 38.4645 -8.53553 -31.5
    endloop
  endfacet
  facet normal -0.671629 -0.740887 -0
    outer loop
      vertex 38.828 -8.86505 -31.5
      vertex 38.4645 -8.53553 -36.5
      vertex 38.828 -8.86505 -36.5
    endloop
  endfacet
  facet normal -0.857692 -0.514163 0
    outer loop
      vertex 37.8427 -7.77785 -36.5
      vertex 37.5904 -7.35698 -31.5
      vertex 37.5904 -7.35698 -36.5
    endloop
  endfacet
  facet normal -0.857692 -0.514163 0
    outer loop
      vertex 37.5904 -7.35698 -31.5
      vertex 37.8427 -7.77785 -36.5
      vertex 37.8427 -7.77785 -31.5
    endloop
  endfacet
  facet normal 0 0 1
    outer loop
      vertex 46.9759 -4.50991 -31.5
      vertex 46.9759 -5.49009 -31.5
      vertex 47 -5 -31.5
    endloop
  endfacet
  facet normal 0 0 1
    outer loop
      vertex 46.9039 -4.02455 -31.5
      vertex 46.9759 -5.49009 -31.5
      vertex 46.9759 -4.50991 -31.5
    endloop
  endfacet
  facet normal 0 0 1
    outer loop
      vertex 46.9039 -4.02455 -31.5
      vertex 46.9039 -5.97545 -31.5
      vertex 46.9759 -5.49009 -31.5
    endloop
  endfacet
  facet normal 0 0 1
    outer loop
      vertex 46.7847 -3.54858 -31.5
      vertex 46.9039 -5.97545 -31.5
      vertex 46.9039 -4.02455 -31.5
    endloop
  endfacet
  facet normal 0 0 1
    outer loop
      vertex 46.7847 -3.54858 -31.5
      vertex 46.7847 -6.45142 -31.5
      vertex 46.9039 -5.97545 -31.5
    endloop
  endfacet
  facet normal 0 0 1
    outer loop
      vertex 46.6194 -3.08658 -31.5
      vertex 46.7847 -6.45142 -31.5
      vertex 46.7847 -3.54858 -31.5
    endloop
  endfacet
  facet normal 0 0 1
    outer loop
      vertex 46.6194 -3.08658 -31.5
      vertex 46.6194 -6.91342 -31.5
      vertex 46.7847 -6.45142 -31.5
    endloop
  endfacet
  facet normal 0 0 1
    outer loop
      vertex 46.4096 -2.64302 -31.5
      vertex 46.6194 -6.91342 -31.5
      vertex 46.6194 -3.08658 -31.5
    endloop
  endfacet
  facet normal 0 0 1
    outer loop
      vertex 46.4096 -2.64302 -31.5
      vertex 46.4096 -7.35698 -31.5
      vertex 46.6194 -6.91342 -31.5
    endloop
  endfacet
  facet normal 0 0 1
    outer loop
      vertex 46.1573 -2.22215 -31.5
      vertex 46.4096 -7.35698 -31.5
      vertex 46.4096 -2.64302 -31.5
    endloop
  endfacet
  facet normal 0 0 1
    outer loop
      vertex 46.1573 -2.22215 -31.5
      vertex 46.1573 -7.77785 -31.5
      vertex 46.4096 -7.35698 -31.5
    endloop
  endfacet
  facet normal 0 0 1
    outer loop
      vertex 45.8651 -1.82803 -31.5
      vertex 46.1573 -7.77785 -31.5
      vertex 46.1573 -2.22215 -31.5
    endloop
  endfacet
  facet normal 0 0 1
    outer loop
      vertex 45.8651 -1.82803 -31.5
      vertex 45.8651 -8.17197 -31.5
      vertex 46.1573 -7.77785 -31.5
    endloop
  endfacet
  facet normal 0 0 1
    outer loop
      vertex 45.5355 -1.46447 -31.5
      vertex 45.8651 -8.17197 -31.5
      vertex 45.8651 -1.82803 -31.5
    endloop
  endfacet
  facet normal 0 0 1
    outer loop
      vertex 45.5355 -1.46447 -31.5
      vertex 45.5355 -8.53553 -31.5
      vertex 45.8651 -8.17197 -31.5
    endloop
  endfacet
  facet normal 0 0 1
    outer loop
      vertex 45.172 -1.13495 -31.5
      vertex 45.5355 -8.53553 -31.5
      vertex 45.5355 -1.46447 -31.5
    endloop
  endfacet
  facet normal 0 0 1
    outer loop
      vertex 45.172 -1.13495 -31.5
      vertex 45.172 -8.86505 -31.5
      vertex 45.5355 -8.53553 -31.5
    endloop
  endfacet
  facet normal 0 0 1
    outer loop
      vertex 44.7779 -0.842651 -31.5
      vertex 45.172 -8.86505 -31.5
      vertex 45.172 -1.13495 -31.5
    endloop
  endfacet
  facet normal 0 0 1
    outer loop
      vertex 44.7779 -0.842651 -31.5
      vertex 44.7779 -9.15735 -31.5
      vertex 45.172 -8.86505 -31.5
    endloop
  endfacet
  facet normal 0 0 1
    outer loop
      vertex 44.357 -0.590393 -31.5
      vertex 44.7779 -9.15735 -31.5
      vertex 44.7779 -0.842651 -31.5
    endloop
  endfacet
  facet normal 0 0 1
    outer loop
      vertex 44.357 -0.590393 -31.5
      vertex 44.357 -9.40961 -31.5
      vertex 44.7779 -9.15735 -31.5
    endloop
  endfacet
  facet normal 0 0 1
    outer loop
      vertex 43.9134 -0.380602 -31.5
      vertex 44.357 -9.40961 -31.5
      vertex 44.357 -0.590393 -31.5
    endloop
  endfacet
  facet normal 0 0 1
    outer loop
      vertex 43.9134 -0.380602 -31.5
      vertex 43.9134 -9.6194 -31.5
      vertex 44.357 -9.40961 -31.5
    endloop
  endfacet
  facet normal 0 0 1
    outer loop
      vertex 43.4514 -0.215298 -31.5
      vertex 43.9134 -9.6194 -31.5
      vertex 43.9134 -0.380602 -31.5
    endloop
  endfacet
  facet normal 0 0 1
    outer loop
      vertex 43.4514 -0.215298 -31.5
      vertex 43.4514 -9.7847 -31.5
      vertex 43.9134 -9.6194 -31.5
    endloop
  endfacet
  facet normal 0 0 1
    outer loop
      vertex 42.9755 -0.0960732 -31.5
      vertex 43.4514 -9.7847 -31.5
      vertex 43.4514 -0.215298 -31.5
    endloop
  endfacet
  facet normal 0 0 1
    outer loop
      vertex 42.9755 -0.0960732 -31.5
      vertex 42.9755 -9.90393 -31.5
      vertex 43.4514 -9.7847 -31.5
    endloop
  endfacet
  facet normal 0 0 1
    outer loop
      vertex 42.4901 -0.0240755 -31.5
      vertex 42.9755 -9.90393 -31.5
      vertex 42.9755 -0.0960732 -31.5
    endloop
  endfacet
  facet normal 0 0 1
    outer loop
      vertex 42.4901 -0.0240755 -31.5
      vertex 42.4901 -9.97592 -31.5
      vertex 42.9755 -9.90393 -31.5
    endloop
  endfacet
  facet normal 0 0 1
    outer loop
      vertex 42 0 -31.5
      vertex 42.4901 -9.97592 -31.5
      vertex 42.4901 -0.0240755 -31.5
    endloop
  endfacet
  facet normal 0 0 1
    outer loop
      vertex 42 0 -31.5
      vertex 42 -10 -31.5
      vertex 42.4901 -9.97592 -31.5
    endloop
  endfacet
  facet normal -0 0 1
    outer loop
      vertex 41.5099 -0.0240755 -31.5
      vertex 42 -10 -31.5
      vertex 42 0 -31.5
    endloop
  endfacet
  facet normal 0 0 1
    outer loop
      vertex 41.5099 -0.0240755 -31.5
      vertex 41.5099 -9.97592 -31.5
      vertex 42 -10 -31.5
    endloop
  endfacet
  facet normal -0 0 1
    outer loop
      vertex 41.0245 -0.0960732 -31.5
      vertex 41.5099 -9.97592 -31.5
      vertex 41.5099 -0.0240755 -31.5
    endloop
  endfacet
  facet normal 0 0 1
    outer loop
      vertex 41.0245 -0.0960732 -31.5
      vertex 41.0245 -9.90393 -31.5
      vertex 41.5099 -9.97592 -31.5
    endloop
  endfacet
  facet normal -0 0 1
    outer loop
      vertex 40.5486 -0.215298 -31.5
      vertex 41.0245 -9.90393 -31.5
      vertex 41.0245 -0.0960732 -31.5
    endloop
  endfacet
  facet normal 0 0 1
    outer loop
      vertex 40.5486 -0.215298 -31.5
      vertex 40.5486 -9.7847 -31.5
      vertex 41.0245 -9.90393 -31.5
    endloop
  endfacet
  facet normal -0 0 1
    outer loop
      vertex 40.0866 -0.380602 -31.5
      vertex 40.5486 -9.7847 -31.5
      vertex 40.5486 -0.215298 -31.5
    endloop
  endfacet
  facet normal 0 0 1
    outer loop
      vertex 40.0866 -0.380602 -31.5
      vertex 40.0866 -9.6194 -31.5
      vertex 40.5486 -9.7847 -31.5
    endloop
  endfacet
  facet normal -0 0 1
    outer loop
      vertex 39.643 -0.590393 -31.5
      vertex 40.0866 -9.6194 -31.5
      vertex 40.0866 -0.380602 -31.5
    endloop
  endfacet
  facet normal 0 0 1
    outer loop
      vertex 39.643 -0.590393 -31.5
      vertex 39.643 -9.40961 -31.5
      vertex 40.0866 -9.6194 -31.5
    endloop
  endfacet
  facet normal -0 0 1
    outer loop
      vertex 39.2221 -0.842651 -31.5
      vertex 39.643 -9.40961 -31.5
      vertex 39.643 -0.590393 -31.5
    endloop
  endfacet
  facet normal 0 0 1
    outer loop
      vertex 39.2221 -0.842651 -31.5
      vertex 39.2221 -9.15735 -31.5
      vertex 39.643 -9.40961 -31.5
    endloop
  endfacet
  facet normal -0 0 1
    outer loop
      vertex 38.828 -1.13495 -31.5
      vertex 39.2221 -9.15735 -31.5
      vertex 39.2221 -0.842651 -31.5
    endloop
  endfacet
  facet normal 0 0 1
    outer loop
      vertex 38.828 -1.13495 -31.5
      vertex 38.828 -8.86505 -31.5
      vertex 39.2221 -9.15735 -31.5
    endloop
  endfacet
  facet normal -0 0 1
    outer loop
      vertex 38.4645 -1.46447 -31.5
      vertex 38.828 -8.86505 -31.5
      vertex 38.828 -1.13495 -31.5
    endloop
  endfacet
  facet normal 0 0 1
    outer loop
      vertex 38.4645 -1.46447 -31.5
      vertex 38.4645 -8.53553 -31.5
      vertex 38.828 -8.86505 -31.5
    endloop
  endfacet
  facet normal -0 0 1
    outer loop
      vertex 38.1349 -1.82803 -31.5
      vertex 38.4645 -8.53553 -31.5
      vertex 38.4645 -1.46447 -31.5
    endloop
  endfacet
  facet normal 0 0 1
    outer loop
      vertex 38.1349 -1.82803 -31.5
      vertex 38.1349 -8.17197 -31.5
      vertex 38.4645 -8.53553 -31.5
    endloop
  endfacet
  facet normal -0 0 1
    outer loop
      vertex 37.8427 -2.22215 -31.5
      vertex 38.1349 -8.17197 -31.5
      vertex 38.1349 -1.82803 -31.5
    endloop
  endfacet
  facet normal 0 0 1
    outer loop
      vertex 37.8427 -2.22215 -31.5
      vertex 37.8427 -7.77785 -31.5
      vertex 38.1349 -8.17197 -31.5
    endloop
  endfacet
  facet normal -0 0 1
    outer loop
      vertex 37.5904 -2.64302 -31.5
      vertex 37.8427 -7.77785 -31.5
      vertex 37.8427 -2.22215 -31.5
    endloop
  endfacet
  facet normal 0 0 1
    outer loop
      vertex 37.5904 -2.64302 -31.5
      vertex 37.5904 -7.35698 -31.5
      vertex 37.8427 -7.77785 -31.5
    endloop
  endfacet
  facet normal -0 0 1
    outer loop
      vertex 37.3806 -3.08658 -31.5
      vertex 37.5904 -7.35698 -31.5
      vertex 37.5904 -2.64302 -31.5
    endloop
  endfacet
  facet normal 0 0 1
    outer loop
      vertex 37.3806 -3.08658 -31.5
      vertex 37.3806 -6.91342 -31.5
      vertex 37.5904 -7.35698 -31.5
    endloop
  endfacet
  facet normal -0 0 1
    outer loop
      vertex 37.2153 -3.54858 -31.5
      vertex 37.3806 -6.91342 -31.5
      vertex 37.3806 -3.08658 -31.5
    endloop
  endfacet
  facet normal 0 0 1
    outer loop
      vertex 37.2153 -3.54858 -31.5
      vertex 37.2153 -6.45142 -31.5
      vertex 37.3806 -6.91342 -31.5
    endloop
  endfacet
  facet normal -0 0 1
    outer loop
      vertex 37.0961 -4.02455 -31.5
      vertex 37.2153 -6.45142 -31.5
      vertex 37.2153 -3.54858 -31.5
    endloop
  endfacet
  facet normal 0 0 1
    outer loop
      vertex 37.0961 -4.02455 -31.5
      vertex 37.0961 -5.97545 -31.5
      vertex 37.2153 -6.45142 -31.5
    endloop
  endfacet
  facet normal -0 0 1
    outer loop
      vertex 37.0241 -4.50991 -31.5
      vertex 37.0961 -5.97545 -31.5
      vertex 37.0961 -4.02455 -31.5
    endloop
  endfacet
  facet normal 0 0 1
    outer loop
      vertex 37.0241 -4.50991 -31.5
      vertex 37.0241 -5.49009 -31.5
      vertex 37.0961 -5.97545 -31.5
    endloop
  endfacet
  facet normal 0 -0 1
    outer loop
      vertex 37.0241 -5.49009 -31.5
      vertex 37.0241 -4.50991 -31.5
      vertex 37 -5 -31.5
    endloop
  endfacet
  facet normal -0.941548 0.336879 0
    outer loop
      vertex 37.2153 -3.54858 -36.5
      vertex 37.3806 -3.08658 -31.5
      vertex 37.3806 -3.08658 -36.5
    endloop
  endfacet
  facet normal -0.941548 0.336879 0
    outer loop
      vertex 37.3806 -3.08658 -31.5
      vertex 37.2153 -3.54858 -36.5
      vertex 37.2153 -3.54858 -31.5
    endloop
  endfacet
  facet normal -0.998793 0.0491153 0
    outer loop
      vertex 37 -5 -36.5
      vertex 37.0241 -4.50991 -31.5
      vertex 37.0241 -4.50991 -36.5
    endloop
  endfacet
  facet normal -0.998793 0.0491153 0
    outer loop
      vertex 37.0241 -4.50991 -31.5
      vertex 37 -5 -36.5
      vertex 37 -5 -31.5
    endloop
  endfacet
  facet normal 0.336879 -0.941548 0
    outer loop
      vertex 43.4514 -9.7847 -36.5
      vertex 43.9134 -9.6194 -31.5
      vertex 43.4514 -9.7847 -31.5
    endloop
  endfacet
  facet normal 0.336879 -0.941548 0
    outer loop
      vertex 43.9134 -9.6194 -31.5
      vertex 43.4514 -9.7847 -36.5
      vertex 43.9134 -9.6194 -36.5
    endloop
  endfacet
  facet normal -0.989175 0.146738 0
    outer loop
      vertex 37.0241 -4.50991 -36.5
      vertex 37.0961 -4.02455 -31.5
      vertex 37.0961 -4.02455 -36.5
    endloop
  endfacet
  facet normal -0.989175 0.146738 0
    outer loop
      vertex 37.0961 -4.02455 -31.5
      vertex 37.0241 -4.50991 -36.5
      vertex 37.0241 -4.50991 -31.5
    endloop
  endfacet
  facet normal 0.740861 -0.671658 0
    outer loop
      vertex 45.5355 -8.53553 -31.5
      vertex 45.8651 -8.17197 -36.5
      vertex 45.8651 -8.17197 -31.5
    endloop
  endfacet
  facet normal 0.740861 -0.671658 0
    outer loop
      vertex 45.8651 -8.17197 -36.5
      vertex 45.5355 -8.53553 -31.5
      vertex 45.5355 -8.53553 -36.5
    endloop
  endfacet
  facet normal 0.989175 0.146738 0
    outer loop
      vertex 46.9759 -4.50991 -31.5
      vertex 46.9039 -4.02455 -36.5
      vertex 46.9039 -4.02455 -31.5
    endloop
  endfacet
  facet normal 0.989175 0.146738 0
    outer loop
      vertex 46.9039 -4.02455 -36.5
      vertex 46.9759 -4.50991 -31.5
      vertex 46.9759 -4.50991 -36.5
    endloop
  endfacet
  facet normal -0.243025 -0.97002 0
    outer loop
      vertex 40.5486 -9.7847 -36.5
      vertex 41.0245 -9.90393 -31.5
      vertex 40.5486 -9.7847 -31.5
    endloop
  endfacet
  facet normal -0.243025 -0.97002 -0
    outer loop
      vertex 41.0245 -9.90393 -31.5
      vertex 40.5486 -9.7847 -36.5
      vertex 41.0245 -9.90393 -36.5
    endloop
  endfacet
  facet normal 0.998793 0.0491153 0
    outer loop
      vertex 47 -5 -31.5
      vertex 46.9759 -4.50991 -36.5
      vertex 46.9759 -4.50991 -31.5
    endloop
  endfacet
  facet normal 0.998793 0.0491153 0
    outer loop
      vertex 46.9759 -4.50991 -36.5
      vertex 47 -5 -31.5
      vertex 47 -5 -36.5
    endloop
  endfacet
  facet normal 0.803304 -0.595569 0
    outer loop
      vertex 45.8651 -8.17197 -31.5
      vertex 46.1573 -7.77785 -36.5
      vertex 46.1573 -7.77785 -31.5
    endloop
  endfacet
  facet normal 0.803304 -0.595569 0
    outer loop
      vertex 46.1573 -7.77785 -36.5
      vertex 45.8651 -8.17197 -31.5
      vertex 45.8651 -8.17197 -36.5
    endloop
  endfacet
  facet normal 0.671629 0.740887 -0
    outer loop
      vertex 45.5355 -1.46447 -36.5
      vertex 45.172 -1.13495 -31.5
      vertex 45.5355 -1.46447 -31.5
    endloop
  endfacet
  facet normal 0.671629 0.740887 0
    outer loop
      vertex 45.172 -1.13495 -31.5
      vertex 45.5355 -1.46447 -36.5
      vertex 45.172 -1.13495 -36.5
    endloop
  endfacet
  facet normal -0.243015 0.970023 0
    outer loop
      vertex 41.0245 -0.0960732 -36.5
      vertex 40.5486 -0.215298 -31.5
      vertex 41.0245 -0.0960732 -31.5
    endloop
  endfacet
  facet normal -0.243015 0.970023 0
    outer loop
      vertex 40.5486 -0.215298 -31.5
      vertex 41.0245 -0.0960732 -36.5
      vertex 40.5486 -0.215298 -36.5
    endloop
  endfacet
  facet normal 0.998793 -0.0491153 0
    outer loop
      vertex 46.9759 -5.49009 -31.5
      vertex 47 -5 -36.5
      vertex 47 -5 -31.5
    endloop
  endfacet
  facet normal 0.998793 -0.0491153 0
    outer loop
      vertex 47 -5 -36.5
      vertex 46.9759 -5.49009 -31.5
      vertex 46.9759 -5.49009 -36.5
    endloop
  endfacet
  facet normal 0.514073 0.857746 -0
    outer loop
      vertex 44.7779 -0.842651 -36.5
      vertex 44.357 -0.590393 -31.5
      vertex 44.7779 -0.842651 -31.5
    endloop
  endfacet
  facet normal 0.514073 0.857746 0
    outer loop
      vertex 44.357 -0.590393 -31.5
      vertex 44.7779 -0.842651 -36.5
      vertex 44.357 -0.590393 -36.5
    endloop
  endfacet
  facet normal -0.146721 0.989178 0
    outer loop
      vertex 41.5099 -0.0240755 -36.5
      vertex 41.0245 -0.0960732 -31.5
      vertex 41.5099 -0.0240755 -31.5
    endloop
  endfacet
  facet normal -0.146721 0.989178 0
    outer loop
      vertex 41.0245 -0.0960732 -31.5
      vertex 41.5099 -0.0240755 -36.5
      vertex 41.0245 -0.0960732 -36.5
    endloop
  endfacet
  facet normal 0.970043 0.242934 0
    outer loop
      vertex 46.9039 -4.02455 -31.5
      vertex 46.7847 -3.54858 -36.5
      vertex 46.7847 -3.54858 -31.5
    endloop
  endfacet
  facet normal 0.970043 0.242934 0
    outer loop
      vertex 46.7847 -3.54858 -36.5
      vertex 46.9039 -4.02455 -31.5
      vertex 46.9039 -4.02455 -36.5
    endloop
  endfacet
  facet normal -0.336886 0.941546 0
    outer loop
      vertex 40.5486 -0.215298 -36.5
      vertex 40.0866 -0.380602 -31.5
      vertex 40.5486 -0.215298 -31.5
    endloop
  endfacet
  facet normal -0.336886 0.941546 0
    outer loop
      vertex 40.0866 -0.380602 -31.5
      vertex 40.5486 -0.215298 -36.5
      vertex 40.0866 -0.380602 -36.5
    endloop
  endfacet
  facet normal 0.427528 0.904002 -0
    outer loop
      vertex 44.357 -0.590393 -36.5
      vertex 43.9134 -0.380602 -31.5
      vertex 44.357 -0.590393 -31.5
    endloop
  endfacet
  facet normal 0.427528 0.904002 0
    outer loop
      vertex 43.9134 -0.380602 -31.5
      vertex 44.357 -0.590393 -36.5
      vertex 43.9134 -0.380602 -36.5
    endloop
  endfacet
  facet normal -0.740861 0.671658 0
    outer loop
      vertex 38.1349 -1.82803 -36.5
      vertex 38.4645 -1.46447 -31.5
      vertex 38.4645 -1.46447 -36.5
    endloop
  endfacet
  facet normal -0.740861 0.671658 0
    outer loop
      vertex 38.4645 -1.46447 -31.5
      vertex 38.1349 -1.82803 -36.5
      vertex 38.1349 -1.82803 -31.5
    endloop
  endfacet
  facet normal -0.90398 -0.427575 0
    outer loop
      vertex 37.5904 -7.35698 -36.5
      vertex 37.3806 -6.91342 -31.5
      vertex 37.3806 -6.91342 -36.5
    endloop
  endfacet
  facet normal -0.90398 -0.427575 0
    outer loop
      vertex 37.3806 -6.91342 -31.5
      vertex 37.5904 -7.35698 -36.5
      vertex 37.5904 -7.35698 -31.5
    endloop
  endfacet
  facet normal 0.90398 0.427575 0
    outer loop
      vertex 46.6194 -3.08658 -31.5
      vertex 46.4096 -2.64302 -36.5
      vertex 46.4096 -2.64302 -31.5
    endloop
  endfacet
  facet normal 0.90398 0.427575 0
    outer loop
      vertex 46.4096 -2.64302 -36.5
      vertex 46.6194 -3.08658 -31.5
      vertex 46.6194 -3.08658 -36.5
    endloop
  endfacet
  facet normal -0.0490736 -0.998795 0
    outer loop
      vertex 41.5099 -9.97592 -36.5
      vertex 42 -10 -31.5
      vertex 41.5099 -9.97592 -31.5
    endloop
  endfacet
  facet normal -0.0490736 -0.998795 -0
    outer loop
      vertex 42 -10 -31.5
      vertex 41.5099 -9.97592 -36.5
      vertex 42 -10 -36.5
    endloop
  endfacet
  facet normal 0.0490645 0.998796 -0
    outer loop
      vertex 42.4901 -0.0240755 -36.5
      vertex 42 0 -31.5
      vertex 42.4901 -0.0240755 -31.5
    endloop
  endfacet
  facet normal 0.0490645 0.998796 0
    outer loop
      vertex 42 0 -31.5
      vertex 42.4901 -0.0240755 -36.5
      vertex 42 0 -36.5
    endloop
  endfacet
  facet normal 0.595718 0.803193 -0
    outer loop
      vertex 45.172 -1.13495 -36.5
      vertex 44.7779 -0.842651 -31.5
      vertex 45.172 -1.13495 -31.5
    endloop
  endfacet
  facet normal 0.595718 0.803193 0
    outer loop
      vertex 44.7779 -0.842651 -31.5
      vertex 45.172 -1.13495 -36.5
      vertex 44.7779 -0.842651 -36.5
    endloop
  endfacet
  facet normal 0.243025 -0.97002 0
    outer loop
      vertex 42.9755 -9.90393 -36.5
      vertex 43.4514 -9.7847 -31.5
      vertex 42.9755 -9.90393 -31.5
    endloop
  endfacet
  facet normal 0.243025 -0.97002 0
    outer loop
      vertex 43.4514 -9.7847 -31.5
      vertex 42.9755 -9.90393 -36.5
      vertex 43.4514 -9.7847 -36.5
    endloop
  endfacet
  facet normal 0.989175 -0.146738 0
    outer loop
      vertex 46.9039 -5.97545 -31.5
      vertex 46.9759 -5.49009 -36.5
      vertex 46.9759 -5.49009 -31.5
    endloop
  endfacet
  facet normal 0.989175 -0.146738 0
    outer loop
      vertex 46.9759 -5.49009 -36.5
      vertex 46.9039 -5.97545 -31.5
      vertex 46.9039 -5.97545 -36.5
    endloop
  endfacet
  facet normal -0.803304 0.595569 0
    outer loop
      vertex 37.8427 -2.22215 -36.5
      vertex 38.1349 -1.82803 -31.5
      vertex 38.1349 -1.82803 -36.5
    endloop
  endfacet
  facet normal -0.803304 0.595569 0
    outer loop
      vertex 38.1349 -1.82803 -31.5
      vertex 37.8427 -2.22215 -36.5
      vertex 37.8427 -2.22215 -31.5
    endloop
  endfacet
  facet normal 0.59572 -0.803192 0
    outer loop
      vertex 44.7779 -9.15735 -36.5
      vertex 45.172 -8.86505 -31.5
      vertex 44.7779 -9.15735 -31.5
    endloop
  endfacet
  facet normal 0.59572 -0.803192 0
    outer loop
      vertex 45.172 -8.86505 -31.5
      vertex 44.7779 -9.15735 -36.5
      vertex 45.172 -8.86505 -36.5
    endloop
  endfacet
  facet normal -0.998793 -0.0491153 0
    outer loop
      vertex 37.0241 -5.49009 -36.5
      vertex 37 -5 -31.5
      vertex 37 -5 -36.5
    endloop
  endfacet
  facet normal -0.998793 -0.0491153 0
    outer loop
      vertex 37 -5 -31.5
      vertex 37.0241 -5.49009 -36.5
      vertex 37.0241 -5.49009 -31.5
    endloop
  endfacet
  facet normal 0.514076 -0.857745 0
    outer loop
      vertex 44.357 -9.40961 -36.5
      vertex 44.7779 -9.15735 -31.5
      vertex 44.357 -9.40961 -31.5
    endloop
  endfacet
  facet normal 0.514076 -0.857745 0
    outer loop
      vertex 44.7779 -9.15735 -31.5
      vertex 44.357 -9.40961 -36.5
      vertex 44.7779 -9.15735 -36.5
    endloop
  endfacet
  facet normal -0.970043 -0.242934 0
    outer loop
      vertex 37.2153 -6.45142 -36.5
      vertex 37.0961 -5.97545 -31.5
      vertex 37.0961 -5.97545 -36.5
    endloop
  endfacet
  facet normal -0.970043 -0.242934 0
    outer loop
      vertex 37.0961 -5.97545 -31.5
      vertex 37.2153 -6.45142 -36.5
      vertex 37.2153 -6.45142 -31.5
    endloop
  endfacet
  facet normal -0.427526 -0.904003 0
    outer loop
      vertex 39.643 -9.40961 -36.5
      vertex 40.0866 -9.6194 -31.5
      vertex 39.643 -9.40961 -31.5
    endloop
  endfacet
  facet normal -0.427526 -0.904003 -0
    outer loop
      vertex 40.0866 -9.6194 -31.5
      vertex 39.643 -9.40961 -36.5
      vertex 40.0866 -9.6194 -36.5
    endloop
  endfacet
  facet normal 0.857692 0.514163 0
    outer loop
      vertex 46.4096 -2.64302 -31.5
      vertex 46.1573 -2.22215 -36.5
      vertex 46.1573 -2.22215 -31.5
    endloop
  endfacet
  facet normal 0.857692 0.514163 0
    outer loop
      vertex 46.1573 -2.22215 -36.5
      vertex 46.4096 -2.64302 -31.5
      vertex 46.4096 -2.64302 -36.5
    endloop
  endfacet
  facet normal -0.0490645 0.998796 0
    outer loop
      vertex 42 0 -36.5
      vertex 41.5099 -0.0240755 -31.5
      vertex 42 0 -31.5
    endloop
  endfacet
  facet normal -0.0490645 0.998796 0
    outer loop
      vertex 41.5099 -0.0240755 -31.5
      vertex 42 0 -36.5
      vertex 41.5099 -0.0240755 -36.5
    endloop
  endfacet
  facet normal -0.146706 -0.98918 0
    outer loop
      vertex 41.0245 -9.90393 -36.5
      vertex 41.5099 -9.97592 -31.5
      vertex 41.0245 -9.90393 -31.5
    endloop
  endfacet
  facet normal -0.146706 -0.98918 -0
    outer loop
      vertex 41.5099 -9.97592 -31.5
      vertex 41.0245 -9.90393 -36.5
      vertex 41.5099 -9.97592 -36.5
    endloop
  endfacet
  facet normal 0.243015 0.970023 -0
    outer loop
      vertex 43.4514 -0.215298 -36.5
      vertex 42.9755 -0.0960732 -31.5
      vertex 43.4514 -0.215298 -31.5
    endloop
  endfacet
  facet normal 0.243015 0.970023 0
    outer loop
      vertex 42.9755 -0.0960732 -31.5
      vertex 43.4514 -0.215298 -36.5
      vertex 42.9755 -0.0960732 -36.5
    endloop
  endfacet
  facet normal -0.671629 0.740887 0
    outer loop
      vertex 38.828 -1.13495 -36.5
      vertex 38.4645 -1.46447 -31.5
      vertex 38.828 -1.13495 -31.5
    endloop
  endfacet
  facet normal -0.671629 0.740887 0
    outer loop
      vertex 38.4645 -1.46447 -31.5
      vertex 38.828 -1.13495 -36.5
      vertex 38.4645 -1.46447 -36.5
    endloop
  endfacet
  facet normal 0.146721 0.989178 -0
    outer loop
      vertex 42.9755 -0.0960732 -36.5
      vertex 42.4901 -0.0240755 -31.5
      vertex 42.9755 -0.0960732 -31.5
    endloop
  endfacet
  facet normal 0.146721 0.989178 0
    outer loop
      vertex 42.4901 -0.0240755 -31.5
      vertex 42.9755 -0.0960732 -36.5
      vertex 42.4901 -0.0240755 -36.5
    endloop
  endfacet
  facet normal -0.989175 -0.146738 0
    outer loop
      vertex 37.0961 -5.97545 -36.5
      vertex 37.0241 -5.49009 -31.5
      vertex 37.0241 -5.49009 -36.5
    endloop
  endfacet
  facet normal -0.989175 -0.146738 0
    outer loop
      vertex 37.0241 -5.49009 -31.5
      vertex 37.0961 -5.97545 -36.5
      vertex 37.0961 -5.97545 -31.5
    endloop
  endfacet
  facet normal 0.857692 -0.514163 0
    outer loop
      vertex 46.1573 -7.77785 -31.5
      vertex 46.4096 -7.35698 -36.5
      vertex 46.4096 -7.35698 -31.5
    endloop
  endfacet
  facet normal 0.857692 -0.514163 0
    outer loop
      vertex 46.4096 -7.35698 -36.5
      vertex 46.1573 -7.77785 -31.5
      vertex 46.1573 -7.77785 -36.5
    endloop
  endfacet
  facet normal -0.427528 0.904002 0
    outer loop
      vertex 40.0866 -0.380602 -36.5
      vertex 39.643 -0.590393 -31.5
      vertex 40.0866 -0.380602 -31.5
    endloop
  endfacet
  facet normal -0.427528 0.904002 0
    outer loop
      vertex 39.643 -0.590393 -31.5
      vertex 40.0866 -0.380602 -36.5
      vertex 39.643 -0.590393 -36.5
    endloop
  endfacet
  facet normal 0.0490736 -0.998795 0
    outer loop
      vertex 42 -10 -36.5
      vertex 42.4901 -9.97592 -31.5
      vertex 42 -10 -31.5
    endloop
  endfacet
  facet normal 0.0490736 -0.998795 0
    outer loop
      vertex 42.4901 -9.97592 -31.5
      vertex 42 -10 -36.5
      vertex 42.4901 -9.97592 -36.5
    endloop
  endfacet
  facet normal -0.803304 -0.595569 0
    outer loop
      vertex 38.1349 -8.17197 -36.5
      vertex 37.8427 -7.77785 -31.5
      vertex 37.8427 -7.77785 -36.5
    endloop
  endfacet
  facet normal -0.803304 -0.595569 0
    outer loop
      vertex 37.8427 -7.77785 -31.5
      vertex 38.1349 -8.17197 -36.5
      vertex 38.1349 -8.17197 -31.5
    endloop
  endfacet
  facet normal 0.970043 -0.242934 0
    outer loop
      vertex 46.7847 -6.45142 -31.5
      vertex 46.9039 -5.97545 -36.5
      vertex 46.9039 -5.97545 -31.5
    endloop
  endfacet
  facet normal 0.970043 -0.242934 0
    outer loop
      vertex 46.9039 -5.97545 -36.5
      vertex 46.7847 -6.45142 -31.5
      vertex 46.7847 -6.45142 -36.5
    endloop
  endfacet
  facet normal 0.90398 -0.427575 0
    outer loop
      vertex 46.4096 -7.35698 -31.5
      vertex 46.6194 -6.91342 -36.5
      vertex 46.6194 -6.91342 -31.5
    endloop
  endfacet
  facet normal 0.90398 -0.427575 0
    outer loop
      vertex 46.6194 -6.91342 -36.5
      vertex 46.4096 -7.35698 -31.5
      vertex 46.4096 -7.35698 -36.5
    endloop
  endfacet
  facet normal -0.857692 0.514163 0
    outer loop
      vertex 37.5904 -2.64302 -36.5
      vertex 37.8427 -2.22215 -31.5
      vertex 37.8427 -2.22215 -36.5
    endloop
  endfacet
  facet normal -0.857692 0.514163 0
    outer loop
      vertex 37.8427 -2.22215 -31.5
      vertex 37.5904 -2.64302 -36.5
      vertex 37.5904 -2.64302 -31.5
    endloop
  endfacet
  facet normal -0.941548 -0.336879 0
    outer loop
      vertex 37.3806 -6.91342 -36.5
      vertex 37.2153 -6.45142 -31.5
      vertex 37.2153 -6.45142 -36.5
    endloop
  endfacet
  facet normal -0.941548 -0.336879 0
    outer loop
      vertex 37.2153 -6.45142 -31.5
      vertex 37.3806 -6.91342 -36.5
      vertex 37.3806 -6.91342 -31.5
    endloop
  endfacet
  facet normal -0.514073 0.857746 0
    outer loop
      vertex 39.643 -0.590393 -36.5
      vertex 39.2221 -0.842651 -31.5
      vertex 39.643 -0.590393 -31.5
    endloop
  endfacet
  facet normal -0.514073 0.857746 0
    outer loop
      vertex 39.2221 -0.842651 -31.5
      vertex 39.643 -0.590393 -36.5
      vertex 39.2221 -0.842651 -36.5
    endloop
  endfacet
  facet normal 0.146706 -0.98918 0
    outer loop
      vertex 42.4901 -9.97592 -36.5
      vertex 42.9755 -9.90393 -31.5
      vertex 42.4901 -9.97592 -31.5
    endloop
  endfacet
  facet normal 0.146706 -0.98918 0
    outer loop
      vertex 42.9755 -9.90393 -31.5
      vertex 42.4901 -9.97592 -36.5
      vertex 42.9755 -9.90393 -36.5
    endloop
  endfacet
  facet normal 0.740861 0.671658 0
    outer loop
      vertex 45.8651 -1.82803 -31.5
      vertex 45.5355 -1.46447 -36.5
      vertex 45.5355 -1.46447 -31.5
    endloop
  endfacet
  facet normal 0.740861 0.671658 0
    outer loop
      vertex 45.5355 -1.46447 -36.5
      vertex 45.8651 -1.82803 -31.5
      vertex 45.8651 -1.82803 -36.5
    endloop
  endfacet
  facet normal -0.595718 0.803193 0
    outer loop
      vertex 39.2221 -0.842651 -36.5
      vertex 38.828 -1.13495 -31.5
      vertex 39.2221 -0.842651 -31.5
    endloop
  endfacet
  facet normal -0.595718 0.803193 0
    outer loop
      vertex 38.828 -1.13495 -31.5
      vertex 39.2221 -0.842651 -36.5
      vertex 38.828 -1.13495 -36.5
    endloop
  endfacet
  facet normal -0.514076 -0.857745 0
    outer loop
      vertex 39.2221 -9.15735 -36.5
      vertex 39.643 -9.40961 -31.5
      vertex 39.2221 -9.15735 -31.5
    endloop
  endfacet
  facet normal -0.514076 -0.857745 -0
    outer loop
      vertex 39.643 -9.40961 -31.5
      vertex 39.2221 -9.15735 -36.5
      vertex 39.643 -9.40961 -36.5
    endloop
  endfacet
  facet normal -0.970043 0.242934 0
    outer loop
      vertex 37.0961 -4.02455 -36.5
      vertex 37.2153 -3.54858 -31.5
      vertex 37.2153 -3.54858 -36.5
    endloop
  endfacet
  facet normal -0.970043 0.242934 0
    outer loop
      vertex 37.2153 -3.54858 -31.5
      vertex 37.0961 -4.02455 -36.5
      vertex 37.0961 -4.02455 -31.5
    endloop
  endfacet
  facet normal 0.941548 -0.336879 0
    outer loop
      vertex 46.6194 -6.91342 -31.5
      vertex 46.7847 -6.45142 -36.5
      vertex 46.7847 -6.45142 -31.5
    endloop
  endfacet
  facet normal 0.941548 -0.336879 0
    outer loop
      vertex 46.7847 -6.45142 -36.5
      vertex 46.6194 -6.91342 -31.5
      vertex 46.6194 -6.91342 -36.5
    endloop
  endfacet
  facet normal 0.671629 -0.740887 0
    outer loop
      vertex 45.172 -8.86505 -36.5
      vertex 45.5355 -8.53553 -31.5
      vertex 45.172 -8.86505 -31.5
    endloop
  endfacet
  facet normal 0.671629 -0.740887 0
    outer loop
      vertex 45.5355 -8.53553 -31.5
      vertex 45.172 -8.86505 -36.5
      vertex 45.5355 -8.53553 -36.5
    endloop
  endfacet
  facet normal -0.59572 -0.803192 0
    outer loop
      vertex 38.828 -8.86505 -36.5
      vertex 39.2221 -9.15735 -31.5
      vertex 38.828 -8.86505 -31.5
    endloop
  endfacet
  facet normal -0.59572 -0.803192 -0
    outer loop
      vertex 39.2221 -9.15735 -31.5
      vertex 38.828 -8.86505 -36.5
      vertex 39.2221 -9.15735 -36.5
    endloop
  endfacet
  facet normal -0.336886 -0.941546 0
    outer loop
      vertex 40.0866 0.380602 -36.5
      vertex 40.5486 0.215298 -31.5
      vertex 40.0866 0.380602 -31.5
    endloop
  endfacet
  facet normal -0.336886 -0.941546 -0
    outer loop
      vertex 40.5486 0.215298 -31.5
      vertex 40.0866 0.380602 -36.5
      vertex 40.5486 0.215298 -36.5
    endloop
  endfacet
  facet normal 0.989175 0.146738 0
    outer loop
      vertex 46.9759 5.49009 -31.5
      vertex 46.9039 5.97545 -36.5
      vertex 46.9039 5.97545 -31.5
    endloop
  endfacet
  facet normal 0.989175 0.146738 0
    outer loop
      vertex 46.9039 5.97545 -36.5
      vertex 46.9759 5.49009 -31.5
      vertex 46.9759 5.49009 -36.5
    endloop
  endfacet
  facet normal 0.998793 0.0491153 0
    outer loop
      vertex 47 5 -31.5
      vertex 46.9759 5.49009 -36.5
      vertex 46.9759 5.49009 -31.5
    endloop
  endfacet
  facet normal 0.998793 0.0491153 0
    outer loop
      vertex 46.9759 5.49009 -36.5
      vertex 47 5 -31.5
      vertex 47 5 -36.5
    endloop
  endfacet
  facet normal 0.970043 0.242934 0
    outer loop
      vertex 46.9039 5.97545 -31.5
      vertex 46.7847 6.45142 -36.5
      vertex 46.7847 6.45142 -31.5
    endloop
  endfacet
  facet normal 0.970043 0.242934 0
    outer loop
      vertex 46.7847 6.45142 -36.5
      vertex 46.9039 5.97545 -31.5
      vertex 46.9039 5.97545 -36.5
    endloop
  endfacet
  facet normal -0.989175 0.146738 0
    outer loop
      vertex 37.0241 5.49009 -36.5
      vertex 37.0961 5.97545 -31.5
      vertex 37.0961 5.97545 -36.5
    endloop
  endfacet
  facet normal -0.989175 0.146738 0
    outer loop
      vertex 37.0961 5.97545 -31.5
      vertex 37.0241 5.49009 -36.5
      vertex 37.0241 5.49009 -31.5
    endloop
  endfacet
  facet normal -0.243015 -0.970023 0
    outer loop
      vertex 40.5486 0.215298 -36.5
      vertex 41.0245 0.0960732 -31.5
      vertex 40.5486 0.215298 -31.5
    endloop
  endfacet
  facet normal -0.243015 -0.970023 -0
    outer loop
      vertex 41.0245 0.0960732 -31.5
      vertex 40.5486 0.215298 -36.5
      vertex 41.0245 0.0960732 -36.5
    endloop
  endfacet
  facet normal 0.336879 0.941548 -0
    outer loop
      vertex 43.9134 9.6194 -36.5
      vertex 43.4514 9.7847 -31.5
      vertex 43.9134 9.6194 -31.5
    endloop
  endfacet
  facet normal 0.336879 0.941548 0
    outer loop
      vertex 43.4514 9.7847 -31.5
      vertex 43.9134 9.6194 -36.5
      vertex 43.4514 9.7847 -36.5
    endloop
  endfacet
  facet normal -0.514076 0.857745 0
    outer loop
      vertex 39.643 9.40961 -36.5
      vertex 39.2221 9.15735 -31.5
      vertex 39.643 9.40961 -31.5
    endloop
  endfacet
  facet normal -0.514076 0.857745 0
    outer loop
      vertex 39.2221 9.15735 -31.5
      vertex 39.643 9.40961 -36.5
      vertex 39.2221 9.15735 -36.5
    endloop
  endfacet
  facet normal -0.90398 -0.427575 0
    outer loop
      vertex 37.5904 2.64302 -36.5
      vertex 37.3806 3.08658 -31.5
      vertex 37.3806 3.08658 -36.5
    endloop
  endfacet
  facet normal -0.90398 -0.427575 0
    outer loop
      vertex 37.3806 3.08658 -31.5
      vertex 37.5904 2.64302 -36.5
      vertex 37.5904 2.64302 -31.5
    endloop
  endfacet
  facet normal -0.243025 0.97002 0
    outer loop
      vertex 41.0245 9.90393 -36.5
      vertex 40.5486 9.7847 -31.5
      vertex 41.0245 9.90393 -31.5
    endloop
  endfacet
  facet normal -0.243025 0.97002 0
    outer loop
      vertex 40.5486 9.7847 -31.5
      vertex 41.0245 9.90393 -36.5
      vertex 40.5486 9.7847 -36.5
    endloop
  endfacet
  facet normal -0.857692 -0.514163 0
    outer loop
      vertex 37.8427 2.22215 -36.5
      vertex 37.5904 2.64302 -31.5
      vertex 37.5904 2.64302 -36.5
    endloop
  endfacet
  facet normal -0.857692 -0.514163 0
    outer loop
      vertex 37.5904 2.64302 -31.5
      vertex 37.8427 2.22215 -36.5
      vertex 37.8427 2.22215 -31.5
    endloop
  endfacet
  facet normal 0.243015 -0.970023 0
    outer loop
      vertex 42.9755 0.0960732 -36.5
      vertex 43.4514 0.215298 -31.5
      vertex 42.9755 0.0960732 -31.5
    endloop
  endfacet
  facet normal 0.243015 -0.970023 0
    outer loop
      vertex 43.4514 0.215298 -31.5
      vertex 42.9755 0.0960732 -36.5
      vertex 43.4514 0.215298 -36.5
    endloop
  endfacet
  facet normal -0.595718 -0.803193 0
    outer loop
      vertex 38.828 1.13495 -36.5
      vertex 39.2221 0.842651 -31.5
      vertex 38.828 1.13495 -31.5
    endloop
  endfacet
  facet normal -0.595718 -0.803193 -0
    outer loop
      vertex 39.2221 0.842651 -31.5
      vertex 38.828 1.13495 -36.5
      vertex 39.2221 0.842651 -36.5
    endloop
  endfacet
  facet normal 0.514073 -0.857746 0
    outer loop
      vertex 44.357 0.590393 -36.5
      vertex 44.7779 0.842651 -31.5
      vertex 44.357 0.590393 -31.5
    endloop
  endfacet
  facet normal 0.514073 -0.857746 0
    outer loop
      vertex 44.7779 0.842651 -31.5
      vertex 44.357 0.590393 -36.5
      vertex 44.7779 0.842651 -36.5
    endloop
  endfacet
  facet normal 0.803304 -0.595569 0
    outer loop
      vertex 45.8651 1.82803 -31.5
      vertex 46.1573 2.22215 -36.5
      vertex 46.1573 2.22215 -31.5
    endloop
  endfacet
  facet normal 0.803304 -0.595569 0
    outer loop
      vertex 46.1573 2.22215 -36.5
      vertex 45.8651 1.82803 -31.5
      vertex 45.8651 1.82803 -36.5
    endloop
  endfacet
  facet normal 0.146706 0.98918 -0
    outer loop
      vertex 42.9755 9.90393 -36.5
      vertex 42.4901 9.97592 -31.5
      vertex 42.9755 9.90393 -31.5
    endloop
  endfacet
  facet normal 0.146706 0.98918 0
    outer loop
      vertex 42.4901 9.97592 -31.5
      vertex 42.9755 9.90393 -36.5
      vertex 42.4901 9.97592 -36.5
    endloop
  endfacet
  facet normal -0.59572 0.803192 0
    outer loop
      vertex 39.2221 9.15735 -36.5
      vertex 38.828 8.86505 -31.5
      vertex 39.2221 9.15735 -31.5
    endloop
  endfacet
  facet normal -0.59572 0.803192 0
    outer loop
      vertex 38.828 8.86505 -31.5
      vertex 39.2221 9.15735 -36.5
      vertex 38.828 8.86505 -36.5
    endloop
  endfacet
  facet normal -0.803304 0.595569 0
    outer loop
      vertex 37.8427 7.77785 -36.5
      vertex 38.1349 8.17197 -31.5
      vertex 38.1349 8.17197 -36.5
    endloop
  endfacet
  facet normal -0.803304 0.595569 0
    outer loop
      vertex 38.1349 8.17197 -31.5
      vertex 37.8427 7.77785 -36.5
      vertex 37.8427 7.77785 -31.5
    endloop
  endfacet
  facet normal 0.989175 -0.146738 0
    outer loop
      vertex 46.9039 4.02455 -31.5
      vertex 46.9759 4.50991 -36.5
      vertex 46.9759 4.50991 -31.5
    endloop
  endfacet
  facet normal 0.989175 -0.146738 0
    outer loop
      vertex 46.9759 4.50991 -36.5
      vertex 46.9039 4.02455 -31.5
      vertex 46.9039 4.02455 -36.5
    endloop
  endfacet
  facet normal -0.941548 0.336879 0
    outer loop
      vertex 37.2153 6.45142 -36.5
      vertex 37.3806 6.91342 -31.5
      vertex 37.3806 6.91342 -36.5
    endloop
  endfacet
  facet normal -0.941548 0.336879 0
    outer loop
      vertex 37.3806 6.91342 -31.5
      vertex 37.2153 6.45142 -36.5
      vertex 37.2153 6.45142 -31.5
    endloop
  endfacet
  facet normal 0.427526 0.904003 -0
    outer loop
      vertex 44.357 9.40961 -36.5
      vertex 43.9134 9.6194 -31.5
      vertex 44.357 9.40961 -31.5
    endloop
  endfacet
  facet normal 0.427526 0.904003 0
    outer loop
      vertex 43.9134 9.6194 -31.5
      vertex 44.357 9.40961 -36.5
      vertex 43.9134 9.6194 -36.5
    endloop
  endfacet
  facet normal -0.941548 -0.336879 0
    outer loop
      vertex 37.3806 3.08658 -36.5
      vertex 37.2153 3.54858 -31.5
      vertex 37.2153 3.54858 -36.5
    endloop
  endfacet
  facet normal -0.941548 -0.336879 0
    outer loop
      vertex 37.2153 3.54858 -31.5
      vertex 37.3806 3.08658 -36.5
      vertex 37.3806 3.08658 -31.5
    endloop
  endfacet
  facet normal 0.970043 -0.242934 0
    outer loop
      vertex 46.7847 3.54858 -31.5
      vertex 46.9039 4.02455 -36.5
      vertex 46.9039 4.02455 -31.5
    endloop
  endfacet
  facet normal 0.970043 -0.242934 0
    outer loop
      vertex 46.9039 4.02455 -36.5
      vertex 46.7847 3.54858 -31.5
      vertex 46.7847 3.54858 -36.5
    endloop
  endfacet
  facet normal -0.0490736 0.998795 0
    outer loop
      vertex 42 10 -36.5
      vertex 41.5099 9.97592 -31.5
      vertex 42 10 -31.5
    endloop
  endfacet
  facet normal -0.0490736 0.998795 0
    outer loop
      vertex 41.5099 9.97592 -31.5
      vertex 42 10 -36.5
      vertex 41.5099 9.97592 -36.5
    endloop
  endfacet
  facet normal 0.671629 0.740887 -0
    outer loop
      vertex 45.5355 8.53553 -36.5
      vertex 45.172 8.86505 -31.5
      vertex 45.5355 8.53553 -31.5
    endloop
  endfacet
  facet normal 0.671629 0.740887 0
    outer loop
      vertex 45.172 8.86505 -31.5
      vertex 45.5355 8.53553 -36.5
      vertex 45.172 8.86505 -36.5
    endloop
  endfacet
  facet normal -0.427526 0.904003 0
    outer loop
      vertex 40.0866 9.6194 -36.5
      vertex 39.643 9.40961 -31.5
      vertex 40.0866 9.6194 -31.5
    endloop
  endfacet
  facet normal -0.427526 0.904003 0
    outer loop
      vertex 39.643 9.40961 -31.5
      vertex 40.0866 9.6194 -36.5
      vertex 39.643 9.40961 -36.5
    endloop
  endfacet
  facet normal -0.671629 0.740887 0
    outer loop
      vertex 38.828 8.86505 -36.5
      vertex 38.4645 8.53553 -31.5
      vertex 38.828 8.86505 -31.5
    endloop
  endfacet
  facet normal -0.671629 0.740887 0
    outer loop
      vertex 38.4645 8.53553 -31.5
      vertex 38.828 8.86505 -36.5
      vertex 38.4645 8.53553 -36.5
    endloop
  endfacet
  facet normal 0.336886 -0.941546 0
    outer loop
      vertex 43.4514 0.215298 -36.5
      vertex 43.9134 0.380602 -31.5
      vertex 43.4514 0.215298 -31.5
    endloop
  endfacet
  facet normal 0.336886 -0.941546 0
    outer loop
      vertex 43.9134 0.380602 -31.5
      vertex 43.4514 0.215298 -36.5
      vertex 43.9134 0.380602 -36.5
    endloop
  endfacet
  facet normal -0.336879 0.941548 0
    outer loop
      vertex 40.5486 9.7847 -36.5
      vertex 40.0866 9.6194 -31.5
      vertex 40.5486 9.7847 -31.5
    endloop
  endfacet
  facet normal -0.336879 0.941548 0
    outer loop
      vertex 40.0866 9.6194 -31.5
      vertex 40.5486 9.7847 -36.5
      vertex 40.0866 9.6194 -36.5
    endloop
  endfacet
  facet normal 0.803304 0.595569 0
    outer loop
      vertex 46.1573 7.77785 -31.5
      vertex 45.8651 8.17197 -36.5
      vertex 45.8651 8.17197 -31.5
    endloop
  endfacet
  facet normal 0.803304 0.595569 0
    outer loop
      vertex 45.8651 8.17197 -36.5
      vertex 46.1573 7.77785 -31.5
      vertex 46.1573 7.77785 -36.5
    endloop
  endfacet
  facet normal -0.857692 0.514163 0
    outer loop
      vertex 37.5904 7.35698 -36.5
      vertex 37.8427 7.77785 -31.5
      vertex 37.8427 7.77785 -36.5
    endloop
  endfacet
  facet normal -0.857692 0.514163 0
    outer loop
      vertex 37.8427 7.77785 -31.5
      vertex 37.5904 7.35698 -36.5
      vertex 37.5904 7.35698 -31.5
    endloop
  endfacet
  facet normal 0.998793 -0.0491153 0
    outer loop
      vertex 46.9759 4.50991 -31.5
      vertex 47 5 -36.5
      vertex 47 5 -31.5
    endloop
  endfacet
  facet normal 0.998793 -0.0491153 0
    outer loop
      vertex 47 5 -36.5
      vertex 46.9759 4.50991 -31.5
      vertex 46.9759 4.50991 -36.5
    endloop
  endfacet
  facet normal 0.90398 -0.427575 0
    outer loop
      vertex 46.4096 2.64302 -31.5
      vertex 46.6194 3.08658 -36.5
      vertex 46.6194 3.08658 -31.5
    endloop
  endfacet
  facet normal 0.90398 -0.427575 0
    outer loop
      vertex 46.6194 3.08658 -36.5
      vertex 46.4096 2.64302 -31.5
      vertex 46.4096 2.64302 -36.5
    endloop
  endfacet
  facet normal 0 0 1
    outer loop
      vertex 46.9759 5.49009 -31.5
      vertex 46.9759 4.50991 -31.5
      vertex 47 5 -31.5
    endloop
  endfacet
  facet normal 0 0 1
    outer loop
      vertex 46.9039 5.97545 -31.5
      vertex 46.9759 4.50991 -31.5
      vertex 46.9759 5.49009 -31.5
    endloop
  endfacet
  facet normal 0 0 1
    outer loop
      vertex 46.9039 5.97545 -31.5
      vertex 46.9039 4.02455 -31.5
      vertex 46.9759 4.50991 -31.5
    endloop
  endfacet
  facet normal 0 0 1
    outer loop
      vertex 46.7847 6.45142 -31.5
      vertex 46.9039 4.02455 -31.5
      vertex 46.9039 5.97545 -31.5
    endloop
  endfacet
  facet normal 0 0 1
    outer loop
      vertex 46.7847 6.45142 -31.5
      vertex 46.7847 3.54858 -31.5
      vertex 46.9039 4.02455 -31.5
    endloop
  endfacet
  facet normal 0 0 1
    outer loop
      vertex 46.6194 6.91342 -31.5
      vertex 46.7847 3.54858 -31.5
      vertex 46.7847 6.45142 -31.5
    endloop
  endfacet
  facet normal 0 0 1
    outer loop
      vertex 46.6194 6.91342 -31.5
      vertex 46.6194 3.08658 -31.5
      vertex 46.7847 3.54858 -31.5
    endloop
  endfacet
  facet normal 0 0 1
    outer loop
      vertex 46.4096 7.35698 -31.5
      vertex 46.6194 3.08658 -31.5
      vertex 46.6194 6.91342 -31.5
    endloop
  endfacet
  facet normal 0 0 1
    outer loop
      vertex 46.4096 7.35698 -31.5
      vertex 46.4096 2.64302 -31.5
      vertex 46.6194 3.08658 -31.5
    endloop
  endfacet
  facet normal 0 0 1
    outer loop
      vertex 46.1573 7.77785 -31.5
      vertex 46.4096 2.64302 -31.5
      vertex 46.4096 7.35698 -31.5
    endloop
  endfacet
  facet normal 0 0 1
    outer loop
      vertex 46.1573 7.77785 -31.5
      vertex 46.1573 2.22215 -31.5
      vertex 46.4096 2.64302 -31.5
    endloop
  endfacet
  facet normal 0 0 1
    outer loop
      vertex 45.8651 8.17197 -31.5
      vertex 46.1573 2.22215 -31.5
      vertex 46.1573 7.77785 -31.5
    endloop
  endfacet
  facet normal 0 0 1
    outer loop
      vertex 45.8651 8.17197 -31.5
      vertex 45.8651 1.82803 -31.5
      vertex 46.1573 2.22215 -31.5
    endloop
  endfacet
  facet normal 0 0 1
    outer loop
      vertex 45.5355 8.53553 -31.5
      vertex 45.8651 1.82803 -31.5
      vertex 45.8651 8.17197 -31.5
    endloop
  endfacet
  facet normal 0 0 1
    outer loop
      vertex 45.5355 8.53553 -31.5
      vertex 45.5355 1.46447 -31.5
      vertex 45.8651 1.82803 -31.5
    endloop
  endfacet
  facet normal 0 0 1
    outer loop
      vertex 45.172 8.86505 -31.5
      vertex 45.5355 1.46447 -31.5
      vertex 45.5355 8.53553 -31.5
    endloop
  endfacet
  facet normal 0 0 1
    outer loop
      vertex 45.172 8.86505 -31.5
      vertex 45.172 1.13495 -31.5
      vertex 45.5355 1.46447 -31.5
    endloop
  endfacet
  facet normal 0 0 1
    outer loop
      vertex 44.7779 9.15735 -31.5
      vertex 45.172 1.13495 -31.5
      vertex 45.172 8.86505 -31.5
    endloop
  endfacet
  facet normal 0 0 1
    outer loop
      vertex 44.7779 9.15735 -31.5
      vertex 44.7779 0.842651 -31.5
      vertex 45.172 1.13495 -31.5
    endloop
  endfacet
  facet normal 0 0 1
    outer loop
      vertex 44.357 9.40961 -31.5
      vertex 44.7779 0.842651 -31.5
      vertex 44.7779 9.15735 -31.5
    endloop
  endfacet
  facet normal 0 0 1
    outer loop
      vertex 44.357 9.40961 -31.5
      vertex 44.357 0.590393 -31.5
      vertex 44.7779 0.842651 -31.5
    endloop
  endfacet
  facet normal 0 0 1
    outer loop
      vertex 43.9134 9.6194 -31.5
      vertex 44.357 0.590393 -31.5
      vertex 44.357 9.40961 -31.5
    endloop
  endfacet
  facet normal 0 0 1
    outer loop
      vertex 43.9134 9.6194 -31.5
      vertex 43.9134 0.380602 -31.5
      vertex 44.357 0.590393 -31.5
    endloop
  endfacet
  facet normal 0 0 1
    outer loop
      vertex 43.4514 9.7847 -31.5
      vertex 43.9134 0.380602 -31.5
      vertex 43.9134 9.6194 -31.5
    endloop
  endfacet
  facet normal 0 0 1
    outer loop
      vertex 43.4514 9.7847 -31.5
      vertex 43.4514 0.215298 -31.5
      vertex 43.9134 0.380602 -31.5
    endloop
  endfacet
  facet normal 0 0 1
    outer loop
      vertex 42.9755 9.90393 -31.5
      vertex 43.4514 0.215298 -31.5
      vertex 43.4514 9.7847 -31.5
    endloop
  endfacet
  facet normal 0 0 1
    outer loop
      vertex 42.9755 9.90393 -31.5
      vertex 42.9755 0.0960732 -31.5
      vertex 43.4514 0.215298 -31.5
    endloop
  endfacet
  facet normal 0 0 1
    outer loop
      vertex 42.4901 9.97592 -31.5
      vertex 42.9755 0.0960732 -31.5
      vertex 42.9755 9.90393 -31.5
    endloop
  endfacet
  facet normal 0 0 1
    outer loop
      vertex 42.4901 9.97592 -31.5
      vertex 42.4901 0.0240755 -31.5
      vertex 42.9755 0.0960732 -31.5
    endloop
  endfacet
  facet normal 0 0 1
    outer loop
      vertex 42 10 -31.5
      vertex 42.4901 0.0240755 -31.5
      vertex 42.4901 9.97592 -31.5
    endloop
  endfacet
  facet normal 0 0 1
    outer loop
      vertex 42 10 -31.5
      vertex 42 0 -31.5
      vertex 42.4901 0.0240755 -31.5
    endloop
  endfacet
  facet normal -0 0 1
    outer loop
      vertex 41.5099 9.97592 -31.5
      vertex 42 0 -31.5
      vertex 42 10 -31.5
    endloop
  endfacet
  facet normal 0 0 1
    outer loop
      vertex 41.5099 9.97592 -31.5
      vertex 41.5099 0.0240755 -31.5
      vertex 42 0 -31.5
    endloop
  endfacet
  facet normal -0 0 1
    outer loop
      vertex 41.0245 9.90393 -31.5
      vertex 41.5099 0.0240755 -31.5
      vertex 41.5099 9.97592 -31.5
    endloop
  endfacet
  facet normal 0 0 1
    outer loop
      vertex 41.0245 9.90393 -31.5
      vertex 41.0245 0.0960732 -31.5
      vertex 41.5099 0.0240755 -31.5
    endloop
  endfacet
  facet normal -0 0 1
    outer loop
      vertex 40.5486 9.7847 -31.5
      vertex 41.0245 0.0960732 -31.5
      vertex 41.0245 9.90393 -31.5
    endloop
  endfacet
  facet normal 0 0 1
    outer loop
      vertex 40.5486 9.7847 -31.5
      vertex 40.5486 0.215298 -31.5
      vertex 41.0245 0.0960732 -31.5
    endloop
  endfacet
  facet normal -0 0 1
    outer loop
      vertex 40.0866 9.6194 -31.5
      vertex 40.5486 0.215298 -31.5
      vertex 40.5486 9.7847 -31.5
    endloop
  endfacet
  facet normal 0 0 1
    outer loop
      vertex 40.0866 9.6194 -31.5
      vertex 40.0866 0.380602 -31.5
      vertex 40.5486 0.215298 -31.5
    endloop
  endfacet
  facet normal -0 0 1
    outer loop
      vertex 39.643 9.40961 -31.5
      vertex 40.0866 0.380602 -31.5
      vertex 40.0866 9.6194 -31.5
    endloop
  endfacet
  facet normal 0 0 1
    outer loop
      vertex 39.643 9.40961 -31.5
      vertex 39.643 0.590393 -31.5
      vertex 40.0866 0.380602 -31.5
    endloop
  endfacet
  facet normal -0 0 1
    outer loop
      vertex 39.2221 9.15735 -31.5
      vertex 39.643 0.590393 -31.5
      vertex 39.643 9.40961 -31.5
    endloop
  endfacet
  facet normal 0 0 1
    outer loop
      vertex 39.2221 9.15735 -31.5
      vertex 39.2221 0.842651 -31.5
      vertex 39.643 0.590393 -31.5
    endloop
  endfacet
  facet normal -0 0 1
    outer loop
      vertex 38.828 8.86505 -31.5
      vertex 39.2221 0.842651 -31.5
      vertex 39.2221 9.15735 -31.5
    endloop
  endfacet
  facet normal 0 0 1
    outer loop
      vertex 38.828 8.86505 -31.5
      vertex 38.828 1.13495 -31.5
      vertex 39.2221 0.842651 -31.5
    endloop
  endfacet
  facet normal -0 0 1
    outer loop
      vertex 38.4645 8.53553 -31.5
      vertex 38.828 1.13495 -31.5
      vertex 38.828 8.86505 -31.5
    endloop
  endfacet
  facet normal 0 0 1
    outer loop
      vertex 38.4645 8.53553 -31.5
      vertex 38.4645 1.46447 -31.5
      vertex 38.828 1.13495 -31.5
    endloop
  endfacet
  facet normal -0 0 1
    outer loop
      vertex 38.1349 8.17197 -31.5
      vertex 38.4645 1.46447 -31.5
      vertex 38.4645 8.53553 -31.5
    endloop
  endfacet
  facet normal 0 0 1
    outer loop
      vertex 38.1349 8.17197 -31.5
      vertex 38.1349 1.82803 -31.5
      vertex 38.4645 1.46447 -31.5
    endloop
  endfacet
  facet normal -0 0 1
    outer loop
      vertex 37.8427 7.77785 -31.5
      vertex 38.1349 1.82803 -31.5
      vertex 38.1349 8.17197 -31.5
    endloop
  endfacet
  facet normal 0 0 1
    outer loop
      vertex 37.8427 7.77785 -31.5
      vertex 37.8427 2.22215 -31.5
      vertex 38.1349 1.82803 -31.5
    endloop
  endfacet
  facet normal -0 0 1
    outer loop
      vertex 37.5904 7.35698 -31.5
      vertex 37.8427 2.22215 -31.5
      vertex 37.8427 7.77785 -31.5
    endloop
  endfacet
  facet normal 0 0 1
    outer loop
      vertex 37.5904 7.35698 -31.5
      vertex 37.5904 2.64302 -31.5
      vertex 37.8427 2.22215 -31.5
    endloop
  endfacet
  facet normal -0 0 1
    outer loop
      vertex 37.3806 6.91342 -31.5
      vertex 37.5904 2.64302 -31.5
      vertex 37.5904 7.35698 -31.5
    endloop
  endfacet
  facet normal 0 0 1
    outer loop
      vertex 37.3806 6.91342 -31.5
      vertex 37.3806 3.08658 -31.5
      vertex 37.5904 2.64302 -31.5
    endloop
  endfacet
  facet normal -0 0 1
    outer loop
      vertex 37.2153 6.45142 -31.5
      vertex 37.3806 3.08658 -31.5
      vertex 37.3806 6.91342 -31.5
    endloop
  endfacet
  facet normal 0 0 1
    outer loop
      vertex 37.2153 6.45142 -31.5
      vertex 37.2153 3.54858 -31.5
      vertex 37.3806 3.08658 -31.5
    endloop
  endfacet
  facet normal -0 0 1
    outer loop
      vertex 37.0961 5.97545 -31.5
      vertex 37.2153 3.54858 -31.5
      vertex 37.2153 6.45142 -31.5
    endloop
  endfacet
  facet normal 0 0 1
    outer loop
      vertex 37.0961 5.97545 -31.5
      vertex 37.0961 4.02455 -31.5
      vertex 37.2153 3.54858 -31.5
    endloop
  endfacet
  facet normal -0 0 1
    outer loop
      vertex 37.0241 5.49009 -31.5
      vertex 37.0961 4.02455 -31.5
      vertex 37.0961 5.97545 -31.5
    endloop
  endfacet
  facet normal 0 0 1
    outer loop
      vertex 37.0241 5.49009 -31.5
      vertex 37.0241 4.50991 -31.5
      vertex 37.0961 4.02455 -31.5
    endloop
  endfacet
  facet normal 0 -0 1
    outer loop
      vertex 37.0241 4.50991 -31.5
      vertex 37.0241 5.49009 -31.5
      vertex 37 5 -31.5
    endloop
  endfacet
  facet normal -0.671629 -0.740887 0
    outer loop
      vertex 38.4645 1.46447 -36.5
      vertex 38.828 1.13495 -31.5
      vertex 38.4645 1.46447 -31.5
    endloop
  endfacet
  facet normal -0.671629 -0.740887 -0
    outer loop
      vertex 38.828 1.13495 -31.5
      vertex 38.4645 1.46447 -36.5
      vertex 38.828 1.13495 -36.5
    endloop
  endfacet
  facet normal 0.59572 0.803192 -0
    outer loop
      vertex 45.172 8.86505 -36.5
      vertex 44.7779 9.15735 -31.5
      vertex 45.172 8.86505 -31.5
    endloop
  endfacet
  facet normal 0.59572 0.803192 0
    outer loop
      vertex 44.7779 9.15735 -31.5
      vertex 45.172 8.86505 -36.5
      vertex 44.7779 9.15735 -36.5
    endloop
  endfacet
  facet normal -0.514073 -0.857746 0
    outer loop
      vertex 39.2221 0.842651 -36.5
      vertex 39.643 0.590393 -31.5
      vertex 39.2221 0.842651 -31.5
    endloop
  endfacet
  facet normal -0.514073 -0.857746 -0
    outer loop
      vertex 39.643 0.590393 -31.5
      vertex 39.2221 0.842651 -36.5
      vertex 39.643 0.590393 -36.5
    endloop
  endfacet
  facet normal 0.514076 0.857745 -0
    outer loop
      vertex 44.7779 9.15735 -36.5
      vertex 44.357 9.40961 -31.5
      vertex 44.7779 9.15735 -31.5
    endloop
  endfacet
  facet normal 0.514076 0.857745 0
    outer loop
      vertex 44.357 9.40961 -31.5
      vertex 44.7779 9.15735 -36.5
      vertex 44.357 9.40961 -36.5
    endloop
  endfacet
  facet normal 0.146721 -0.989178 0
    outer loop
      vertex 42.4901 0.0240755 -36.5
      vertex 42.9755 0.0960732 -31.5
      vertex 42.4901 0.0240755 -31.5
    endloop
  endfacet
  facet normal 0.146721 -0.989178 0
    outer loop
      vertex 42.9755 0.0960732 -31.5
      vertex 42.4901 0.0240755 -36.5
      vertex 42.9755 0.0960732 -36.5
    endloop
  endfacet
  facet normal 0.941548 0.336879 0
    outer loop
      vertex 46.7847 6.45142 -31.5
      vertex 46.6194 6.91342 -36.5
      vertex 46.6194 6.91342 -31.5
    endloop
  endfacet
  facet normal 0.941548 0.336879 0
    outer loop
      vertex 46.6194 6.91342 -36.5
      vertex 46.7847 6.45142 -31.5
      vertex 46.7847 6.45142 -36.5
    endloop
  endfacet
  facet normal 0.857692 -0.514163 0
    outer loop
      vertex 46.1573 2.22215 -31.5
      vertex 46.4096 2.64302 -36.5
      vertex 46.4096 2.64302 -31.5
    endloop
  endfacet
  facet normal 0.857692 -0.514163 0
    outer loop
      vertex 46.4096 2.64302 -36.5
      vertex 46.1573 2.22215 -31.5
      vertex 46.1573 2.22215 -36.5
    endloop
  endfacet
  facet normal -0.998793 -0.0491153 0
    outer loop
      vertex 37.0241 4.50991 -36.5
      vertex 37 5 -31.5
      vertex 37 5 -36.5
    endloop
  endfacet
  facet normal -0.998793 -0.0491153 0
    outer loop
      vertex 37 5 -31.5
      vertex 37.0241 4.50991 -36.5
      vertex 37.0241 4.50991 -31.5
    endloop
  endfacet
  facet normal 0.941548 -0.336879 0
    outer loop
      vertex 46.6194 3.08658 -31.5
      vertex 46.7847 3.54858 -36.5
      vertex 46.7847 3.54858 -31.5
    endloop
  endfacet
  facet normal 0.941548 -0.336879 0
    outer loop
      vertex 46.7847 3.54858 -36.5
      vertex 46.6194 3.08658 -31.5
      vertex 46.6194 3.08658 -36.5
    endloop
  endfacet
  facet normal 0.740861 0.671658 0
    outer loop
      vertex 45.8651 8.17197 -31.5
      vertex 45.5355 8.53553 -36.5
      vertex 45.5355 8.53553 -31.5
    endloop
  endfacet
  facet normal 0.740861 0.671658 0
    outer loop
      vertex 45.5355 8.53553 -36.5
      vertex 45.8651 8.17197 -31.5
      vertex 45.8651 8.17197 -36.5
    endloop
  endfacet
  facet normal 0.0490736 0.998795 -0
    outer loop
      vertex 42.4901 9.97592 -36.5
      vertex 42 10 -31.5
      vertex 42.4901 9.97592 -31.5
    endloop
  endfacet
  facet normal 0.0490736 0.998795 0
    outer loop
      vertex 42 10 -31.5
      vertex 42.4901 9.97592 -36.5
      vertex 42 10 -36.5
    endloop
  endfacet
  facet normal 0.90398 0.427575 0
    outer loop
      vertex 46.6194 6.91342 -31.5
      vertex 46.4096 7.35698 -36.5
      vertex 46.4096 7.35698 -31.5
    endloop
  endfacet
  facet normal 0.90398 0.427575 0
    outer loop
      vertex 46.4096 7.35698 -36.5
      vertex 46.6194 6.91342 -31.5
      vertex 46.6194 6.91342 -36.5
    endloop
  endfacet
  facet normal -0.146721 -0.989178 0
    outer loop
      vertex 41.0245 0.0960732 -36.5
      vertex 41.5099 0.0240755 -31.5
      vertex 41.0245 0.0960732 -31.5
    endloop
  endfacet
  facet normal -0.146721 -0.989178 -0
    outer loop
      vertex 41.5099 0.0240755 -31.5
      vertex 41.0245 0.0960732 -36.5
      vertex 41.5099 0.0240755 -36.5
    endloop
  endfacet
  facet normal 0.671629 -0.740887 0
    outer loop
      vertex 45.172 1.13495 -36.5
      vertex 45.5355 1.46447 -31.5
      vertex 45.172 1.13495 -31.5
    endloop
  endfacet
  facet normal 0.671629 -0.740887 0
    outer loop
      vertex 45.5355 1.46447 -31.5
      vertex 45.172 1.13495 -36.5
      vertex 45.5355 1.46447 -36.5
    endloop
  endfacet
  facet normal 0.857692 0.514163 0
    outer loop
      vertex 46.4096 7.35698 -31.5
      vertex 46.1573 7.77785 -36.5
      vertex 46.1573 7.77785 -31.5
    endloop
  endfacet
  facet normal 0.857692 0.514163 0
    outer loop
      vertex 46.1573 7.77785 -36.5
      vertex 46.4096 7.35698 -31.5
      vertex 46.4096 7.35698 -36.5
    endloop
  endfacet
  facet normal -0.0490645 -0.998796 0
    outer loop
      vertex 41.5099 0.0240755 -36.5
      vertex 42 0 -31.5
      vertex 41.5099 0.0240755 -31.5
    endloop
  endfacet
  facet normal -0.0490645 -0.998796 -0
    outer loop
      vertex 42 0 -31.5
      vertex 41.5099 0.0240755 -36.5
      vertex 42 0 -36.5
    endloop
  endfacet
  facet normal -0.740861 0.671658 0
    outer loop
      vertex 38.1349 8.17197 -36.5
      vertex 38.4645 8.53553 -31.5
      vertex 38.4645 8.53553 -36.5
    endloop
  endfacet
  facet normal -0.740861 0.671658 0
    outer loop
      vertex 38.4645 8.53553 -31.5
      vertex 38.1349 8.17197 -36.5
      vertex 38.1349 8.17197 -31.5
    endloop
  endfacet
  facet normal -0.146706 0.98918 0
    outer loop
      vertex 41.5099 9.97592 -36.5
      vertex 41.0245 9.90393 -31.5
      vertex 41.5099 9.97592 -31.5
    endloop
  endfacet
  facet normal -0.146706 0.98918 0
    outer loop
      vertex 41.0245 9.90393 -31.5
      vertex 41.5099 9.97592 -36.5
      vertex 41.0245 9.90393 -36.5
    endloop
  endfacet
  facet normal -0.90398 0.427575 0
    outer loop
      vertex 37.3806 6.91342 -36.5
      vertex 37.5904 7.35698 -31.5
      vertex 37.5904 7.35698 -36.5
    endloop
  endfacet
  facet normal -0.90398 0.427575 0
    outer loop
      vertex 37.5904 7.35698 -31.5
      vertex 37.3806 6.91342 -36.5
      vertex 37.3806 6.91342 -31.5
    endloop
  endfacet
  facet normal -0.970043 0.242934 0
    outer loop
      vertex 37.0961 5.97545 -36.5
      vertex 37.2153 6.45142 -31.5
      vertex 37.2153 6.45142 -36.5
    endloop
  endfacet
  facet normal -0.970043 0.242934 0
    outer loop
      vertex 37.2153 6.45142 -31.5
      vertex 37.0961 5.97545 -36.5
      vertex 37.0961 5.97545 -31.5
    endloop
  endfacet
  facet normal 0.243025 0.97002 -0
    outer loop
      vertex 43.4514 9.7847 -36.5
      vertex 42.9755 9.90393 -31.5
      vertex 43.4514 9.7847 -31.5
    endloop
  endfacet
  facet normal 0.243025 0.97002 0
    outer loop
      vertex 42.9755 9.90393 -31.5
      vertex 43.4514 9.7847 -36.5
      vertex 42.9755 9.90393 -36.5
    endloop
  endfacet
  facet normal -0.970043 -0.242934 0
    outer loop
      vertex 37.2153 3.54858 -36.5
      vertex 37.0961 4.02455 -31.5
      vertex 37.0961 4.02455 -36.5
    endloop
  endfacet
  facet normal -0.970043 -0.242934 0
    outer loop
      vertex 37.0961 4.02455 -31.5
      vertex 37.2153 3.54858 -36.5
      vertex 37.2153 3.54858 -31.5
    endloop
  endfacet
  facet normal -0.427528 -0.904002 0
    outer loop
      vertex 39.643 0.590393 -36.5
      vertex 40.0866 0.380602 -31.5
      vertex 39.643 0.590393 -31.5
    endloop
  endfacet
  facet normal -0.427528 -0.904002 -0
    outer loop
      vertex 40.0866 0.380602 -31.5
      vertex 39.643 0.590393 -36.5
      vertex 40.0866 0.380602 -36.5
    endloop
  endfacet
  facet normal -0.740861 -0.671658 0
    outer loop
      vertex 38.4645 1.46447 -36.5
      vertex 38.1349 1.82803 -31.5
      vertex 38.1349 1.82803 -36.5
    endloop
  endfacet
  facet normal -0.740861 -0.671658 0
    outer loop
      vertex 38.1349 1.82803 -31.5
      vertex 38.4645 1.46447 -36.5
      vertex 38.4645 1.46447 -31.5
    endloop
  endfacet
  facet normal 0.427528 -0.904002 0
    outer loop
      vertex 43.9134 0.380602 -36.5
      vertex 44.357 0.590393 -31.5
      vertex 43.9134 0.380602 -31.5
    endloop
  endfacet
  facet normal 0.427528 -0.904002 0
    outer loop
      vertex 44.357 0.590393 -31.5
      vertex 43.9134 0.380602 -36.5
      vertex 44.357 0.590393 -36.5
    endloop
  endfacet
  facet normal 0.0490645 -0.998796 0
    outer loop
      vertex 42 0 -36.5
      vertex 42.4901 0.0240755 -31.5
      vertex 42 0 -31.5
    endloop
  endfacet
  facet normal 0.0490645 -0.998796 0
    outer loop
      vertex 42.4901 0.0240755 -31.5
      vertex 42 0 -36.5
      vertex 42.4901 0.0240755 -36.5
    endloop
  endfacet
  facet normal -0.989175 -0.146738 0
    outer loop
      vertex 37.0961 4.02455 -36.5
      vertex 37.0241 4.50991 -31.5
      vertex 37.0241 4.50991 -36.5
    endloop
  endfacet
  facet normal -0.989175 -0.146738 0
    outer loop
      vertex 37.0241 4.50991 -31.5
      vertex 37.0961 4.02455 -36.5
      vertex 37.0961 4.02455 -31.5
    endloop
  endfacet
  facet normal 0.595718 -0.803193 0
    outer loop
      vertex 44.7779 0.842651 -36.5
      vertex 45.172 1.13495 -31.5
      vertex 44.7779 0.842651 -31.5
    endloop
  endfacet
  facet normal 0.595718 -0.803193 0
    outer loop
      vertex 45.172 1.13495 -31.5
      vertex 44.7779 0.842651 -36.5
      vertex 45.172 1.13495 -36.5
    endloop
  endfacet
  facet normal 0 0 -1
    outer loop
      vertex 46.9759 4.50991 -36.5
      vertex 46.9759 5.49009 -36.5
      vertex 47 5 -36.5
    endloop
  endfacet
  facet normal 0 0 -1
    outer loop
      vertex 46.9039 4.02455 -36.5
      vertex 46.9759 5.49009 -36.5
      vertex 46.9759 4.50991 -36.5
    endloop
  endfacet
  facet normal 0 0 -1
    outer loop
      vertex 46.9039 4.02455 -36.5
      vertex 46.9039 5.97545 -36.5
      vertex 46.9759 5.49009 -36.5
    endloop
  endfacet
  facet normal 0 0 -1
    outer loop
      vertex 46.7847 3.54858 -36.5
      vertex 46.9039 5.97545 -36.5
      vertex 46.9039 4.02455 -36.5
    endloop
  endfacet
  facet normal 0 0 -1
    outer loop
      vertex 46.7847 3.54858 -36.5
      vertex 46.7847 6.45142 -36.5
      vertex 46.9039 5.97545 -36.5
    endloop
  endfacet
  facet normal 0 0 -1
    outer loop
      vertex 46.6194 3.08658 -36.5
      vertex 46.7847 6.45142 -36.5
      vertex 46.7847 3.54858 -36.5
    endloop
  endfacet
  facet normal 0 0 -1
    outer loop
      vertex 46.6194 3.08658 -36.5
      vertex 46.6194 6.91342 -36.5
      vertex 46.7847 6.45142 -36.5
    endloop
  endfacet
  facet normal 0 0 -1
    outer loop
      vertex 46.4096 2.64302 -36.5
      vertex 46.6194 6.91342 -36.5
      vertex 46.6194 3.08658 -36.5
    endloop
  endfacet
  facet normal 0 0 -1
    outer loop
      vertex 46.4096 2.64302 -36.5
      vertex 46.4096 7.35698 -36.5
      vertex 46.6194 6.91342 -36.5
    endloop
  endfacet
  facet normal 0 0 -1
    outer loop
      vertex 46.1573 2.22215 -36.5
      vertex 46.4096 7.35698 -36.5
      vertex 46.4096 2.64302 -36.5
    endloop
  endfacet
  facet normal 0 0 -1
    outer loop
      vertex 46.1573 2.22215 -36.5
      vertex 46.1573 7.77785 -36.5
      vertex 46.4096 7.35698 -36.5
    endloop
  endfacet
  facet normal 0 0 -1
    outer loop
      vertex 45.8651 1.82803 -36.5
      vertex 46.1573 7.77785 -36.5
      vertex 46.1573 2.22215 -36.5
    endloop
  endfacet
  facet normal 0 0 -1
    outer loop
      vertex 45.8651 1.82803 -36.5
      vertex 45.8651 8.17197 -36.5
      vertex 46.1573 7.77785 -36.5
    endloop
  endfacet
  facet normal 0 0 -1
    outer loop
      vertex 45.5355 1.46447 -36.5
      vertex 45.8651 8.17197 -36.5
      vertex 45.8651 1.82803 -36.5
    endloop
  endfacet
  facet normal 0 0 -1
    outer loop
      vertex 45.5355 1.46447 -36.5
      vertex 45.5355 8.53553 -36.5
      vertex 45.8651 8.17197 -36.5
    endloop
  endfacet
  facet normal 0 0 -1
    outer loop
      vertex 45.172 1.13495 -36.5
      vertex 45.5355 8.53553 -36.5
      vertex 45.5355 1.46447 -36.5
    endloop
  endfacet
  facet normal 0 0 -1
    outer loop
      vertex 45.172 1.13495 -36.5
      vertex 45.172 8.86505 -36.5
      vertex 45.5355 8.53553 -36.5
    endloop
  endfacet
  facet normal 0 0 -1
    outer loop
      vertex 44.7779 0.842651 -36.5
      vertex 45.172 8.86505 -36.5
      vertex 45.172 1.13495 -36.5
    endloop
  endfacet
  facet normal 0 0 -1
    outer loop
      vertex 44.7779 0.842651 -36.5
      vertex 44.7779 9.15735 -36.5
      vertex 45.172 8.86505 -36.5
    endloop
  endfacet
  facet normal 0 0 -1
    outer loop
      vertex 44.357 0.590393 -36.5
      vertex 44.7779 9.15735 -36.5
      vertex 44.7779 0.842651 -36.5
    endloop
  endfacet
  facet normal 0 0 -1
    outer loop
      vertex 44.357 0.590393 -36.5
      vertex 44.357 9.40961 -36.5
      vertex 44.7779 9.15735 -36.5
    endloop
  endfacet
  facet normal 0 0 -1
    outer loop
      vertex 43.9134 0.380602 -36.5
      vertex 44.357 9.40961 -36.5
      vertex 44.357 0.590393 -36.5
    endloop
  endfacet
  facet normal 0 0 -1
    outer loop
      vertex 43.9134 0.380602 -36.5
      vertex 43.9134 9.6194 -36.5
      vertex 44.357 9.40961 -36.5
    endloop
  endfacet
  facet normal 0 0 -1
    outer loop
      vertex 43.4514 0.215298 -36.5
      vertex 43.9134 9.6194 -36.5
      vertex 43.9134 0.380602 -36.5
    endloop
  endfacet
  facet normal 0 0 -1
    outer loop
      vertex 43.4514 0.215298 -36.5
      vertex 43.4514 9.7847 -36.5
      vertex 43.9134 9.6194 -36.5
    endloop
  endfacet
  facet normal 0 0 -1
    outer loop
      vertex 42.9755 0.0960732 -36.5
      vertex 43.4514 9.7847 -36.5
      vertex 43.4514 0.215298 -36.5
    endloop
  endfacet
  facet normal 0 0 -1
    outer loop
      vertex 42.9755 0.0960732 -36.5
      vertex 42.9755 9.90393 -36.5
      vertex 43.4514 9.7847 -36.5
    endloop
  endfacet
  facet normal 0 0 -1
    outer loop
      vertex 42.4901 0.0240755 -36.5
      vertex 42.9755 9.90393 -36.5
      vertex 42.9755 0.0960732 -36.5
    endloop
  endfacet
  facet normal 0 0 -1
    outer loop
      vertex 42.4901 0.0240755 -36.5
      vertex 42.4901 9.97592 -36.5
      vertex 42.9755 9.90393 -36.5
    endloop
  endfacet
  facet normal 0 0 -1
    outer loop
      vertex 42 0 -36.5
      vertex 42.4901 9.97592 -36.5
      vertex 42.4901 0.0240755 -36.5
    endloop
  endfacet
  facet normal 0 0 -1
    outer loop
      vertex 42 0 -36.5
      vertex 42 10 -36.5
      vertex 42.4901 9.97592 -36.5
    endloop
  endfacet
  facet normal 0 0 -1
    outer loop
      vertex 41.5099 0.0240755 -36.5
      vertex 42 10 -36.5
      vertex 42 0 -36.5
    endloop
  endfacet
  facet normal 0 0 -1
    outer loop
      vertex 41.5099 0.0240755 -36.5
      vertex 41.5099 9.97592 -36.5
      vertex 42 10 -36.5
    endloop
  endfacet
  facet normal 0 0 -1
    outer loop
      vertex 41.0245 0.0960732 -36.5
      vertex 41.5099 9.97592 -36.5
      vertex 41.5099 0.0240755 -36.5
    endloop
  endfacet
  facet normal 0 0 -1
    outer loop
      vertex 41.0245 0.0960732 -36.5
      vertex 41.0245 9.90393 -36.5
      vertex 41.5099 9.97592 -36.5
    endloop
  endfacet
  facet normal 0 0 -1
    outer loop
      vertex 40.5486 0.215298 -36.5
      vertex 41.0245 9.90393 -36.5
      vertex 41.0245 0.0960732 -36.5
    endloop
  endfacet
  facet normal 0 0 -1
    outer loop
      vertex 40.5486 0.215298 -36.5
      vertex 40.5486 9.7847 -36.5
      vertex 41.0245 9.90393 -36.5
    endloop
  endfacet
  facet normal 0 0 -1
    outer loop
      vertex 40.0866 0.380602 -36.5
      vertex 40.5486 9.7847 -36.5
      vertex 40.5486 0.215298 -36.5
    endloop
  endfacet
  facet normal 0 0 -1
    outer loop
      vertex 40.0866 0.380602 -36.5
      vertex 40.0866 9.6194 -36.5
      vertex 40.5486 9.7847 -36.5
    endloop
  endfacet
  facet normal 0 0 -1
    outer loop
      vertex 39.643 0.590393 -36.5
      vertex 40.0866 9.6194 -36.5
      vertex 40.0866 0.380602 -36.5
    endloop
  endfacet
  facet normal 0 0 -1
    outer loop
      vertex 39.643 0.590393 -36.5
      vertex 39.643 9.40961 -36.5
      vertex 40.0866 9.6194 -36.5
    endloop
  endfacet
  facet normal 0 0 -1
    outer loop
      vertex 39.2221 0.842651 -36.5
      vertex 39.643 9.40961 -36.5
      vertex 39.643 0.590393 -36.5
    endloop
  endfacet
  facet normal 0 0 -1
    outer loop
      vertex 39.2221 0.842651 -36.5
      vertex 39.2221 9.15735 -36.5
      vertex 39.643 9.40961 -36.5
    endloop
  endfacet
  facet normal 0 0 -1
    outer loop
      vertex 38.828 1.13495 -36.5
      vertex 39.2221 9.15735 -36.5
      vertex 39.2221 0.842651 -36.5
    endloop
  endfacet
  facet normal 0 0 -1
    outer loop
      vertex 38.828 1.13495 -36.5
      vertex 38.828 8.86505 -36.5
      vertex 39.2221 9.15735 -36.5
    endloop
  endfacet
  facet normal 0 0 -1
    outer loop
      vertex 38.4645 1.46447 -36.5
      vertex 38.828 8.86505 -36.5
      vertex 38.828 1.13495 -36.5
    endloop
  endfacet
  facet normal 0 0 -1
    outer loop
      vertex 38.4645 1.46447 -36.5
      vertex 38.4645 8.53553 -36.5
      vertex 38.828 8.86505 -36.5
    endloop
  endfacet
  facet normal 0 0 -1
    outer loop
      vertex 38.1349 1.82803 -36.5
      vertex 38.4645 8.53553 -36.5
      vertex 38.4645 1.46447 -36.5
    endloop
  endfacet
  facet normal 0 0 -1
    outer loop
      vertex 38.1349 1.82803 -36.5
      vertex 38.1349 8.17197 -36.5
      vertex 38.4645 8.53553 -36.5
    endloop
  endfacet
  facet normal 0 0 -1
    outer loop
      vertex 37.8427 2.22215 -36.5
      vertex 38.1349 8.17197 -36.5
      vertex 38.1349 1.82803 -36.5
    endloop
  endfacet
  facet normal 0 0 -1
    outer loop
      vertex 37.8427 2.22215 -36.5
      vertex 37.8427 7.77785 -36.5
      vertex 38.1349 8.17197 -36.5
    endloop
  endfacet
  facet normal 0 0 -1
    outer loop
      vertex 37.5904 2.64302 -36.5
      vertex 37.8427 7.77785 -36.5
      vertex 37.8427 2.22215 -36.5
    endloop
  endfacet
  facet normal 0 0 -1
    outer loop
      vertex 37.5904 2.64302 -36.5
      vertex 37.5904 7.35698 -36.5
      vertex 37.8427 7.77785 -36.5
    endloop
  endfacet
  facet normal 0 0 -1
    outer loop
      vertex 37.3806 3.08658 -36.5
      vertex 37.5904 7.35698 -36.5
      vertex 37.5904 2.64302 -36.5
    endloop
  endfacet
  facet normal 0 0 -1
    outer loop
      vertex 37.3806 3.08658 -36.5
      vertex 37.3806 6.91342 -36.5
      vertex 37.5904 7.35698 -36.5
    endloop
  endfacet
  facet normal 0 0 -1
    outer loop
      vertex 37.2153 3.54858 -36.5
      vertex 37.3806 6.91342 -36.5
      vertex 37.3806 3.08658 -36.5
    endloop
  endfacet
  facet normal 0 0 -1
    outer loop
      vertex 37.2153 3.54858 -36.5
      vertex 37.2153 6.45142 -36.5
      vertex 37.3806 6.91342 -36.5
    endloop
  endfacet
  facet normal 0 0 -1
    outer loop
      vertex 37.0961 4.02455 -36.5
      vertex 37.2153 6.45142 -36.5
      vertex 37.2153 3.54858 -36.5
    endloop
  endfacet
  facet normal 0 0 -1
    outer loop
      vertex 37.0961 4.02455 -36.5
      vertex 37.0961 5.97545 -36.5
      vertex 37.2153 6.45142 -36.5
    endloop
  endfacet
  facet normal 0 0 -1
    outer loop
      vertex 37.0241 4.50991 -36.5
      vertex 37.0961 5.97545 -36.5
      vertex 37.0961 4.02455 -36.5
    endloop
  endfacet
  facet normal 0 0 -1
    outer loop
      vertex 37.0241 4.50991 -36.5
      vertex 37.0241 5.49009 -36.5
      vertex 37.0961 5.97545 -36.5
    endloop
  endfacet
  facet normal 0 -0 -1
    outer loop
      vertex 37.0241 5.49009 -36.5
      vertex 37.0241 4.50991 -36.5
      vertex 37 5 -36.5
    endloop
  endfacet
  facet normal -0.803304 -0.595569 0
    outer loop
      vertex 38.1349 1.82803 -36.5
      vertex 37.8427 2.22215 -31.5
      vertex 37.8427 2.22215 -36.5
    endloop
  endfacet
  facet normal -0.803304 -0.595569 0
    outer loop
      vertex 37.8427 2.22215 -31.5
      vertex 38.1349 1.82803 -36.5
      vertex 38.1349 1.82803 -31.5
    endloop
  endfacet
  facet normal -0.998793 0.0491153 0
    outer loop
      vertex 37 5 -36.5
      vertex 37.0241 5.49009 -31.5
      vertex 37.0241 5.49009 -36.5
    endloop
  endfacet
  facet normal -0.998793 0.0491153 0
    outer loop
      vertex 37.0241 5.49009 -31.5
      vertex 37 5 -36.5
      vertex 37 5 -31.5
    endloop
  endfacet
  facet normal 0.740861 -0.671658 0
    outer loop
      vertex 45.5355 1.46447 -31.5
      vertex 45.8651 1.82803 -36.5
      vertex 45.8651 1.82803 -31.5
    endloop
  endfacet
  facet normal 0.740861 -0.671658 0
    outer loop
      vertex 45.8651 1.82803 -36.5
      vertex 45.5355 1.46447 -31.5
      vertex 45.5355 1.46447 -36.5
    endloop
  endfacet
  facet normal -0.998791 -0.0491666 0
    outer loop
      vertex -45.9807 -0.392068 -23
      vertex -46 0 -13
      vertex -46 0 -23
    endloop
  endfacet
  facet normal -0.998791 -0.0491666 0
    outer loop
      vertex -46 0 -13
      vertex -45.9807 -0.392068 -23
      vertex -45.9807 -0.392068 -13
    endloop
  endfacet
  facet normal 0.989176 0.146736 0
    outer loop
      vertex -38.0193 0.392068 -13
      vertex -38.0769 0.780361 -23
      vertex -38.0769 0.780361 -13
    endloop
  endfacet
  facet normal 0.989176 0.146736 0
    outer loop
      vertex -38.0769 0.780361 -23
      vertex -38.0193 0.392068 -13
      vertex -38.0193 0.392068 -23
    endloop
  endfacet
  facet normal 0.998791 0.0491666 0
    outer loop
      vertex -38 0 -13
      vertex -38.0193 0.392068 -23
      vertex -38.0193 0.392068 -13
    endloop
  endfacet
  facet normal 0.998791 0.0491666 0
    outer loop
      vertex -38.0193 0.392068 -23
      vertex -38 0 -13
      vertex -38 0 -23
    endloop
  endfacet
  facet normal 0.970079 0.242788 0
    outer loop
      vertex -38.0769 0.780361 -13
      vertex -38.1722 1.16114 -23
      vertex -38.1722 1.16114 -13
    endloop
  endfacet
  facet normal 0.970079 0.242788 0
    outer loop
      vertex -38.1722 1.16114 -23
      vertex -38.0769 0.780361 -13
      vertex -38.0769 0.780361 -23
    endloop
  endfacet
  facet normal 0.336879 -0.941548 0
    outer loop
      vertex -40.8389 -3.82776 -23
      vertex -40.4693 -3.69552 -13
      vertex -40.8389 -3.82776 -13
    endloop
  endfacet
  facet normal 0.336879 -0.941548 0
    outer loop
      vertex -40.4693 -3.69552 -13
      vertex -40.8389 -3.82776 -23
      vertex -40.4693 -3.69552 -23
    endloop
  endfacet
  facet normal 0 0 1
    outer loop
      vertex -38.0193 0.392068 -13
      vertex -38.0193 -0.392068 -13
      vertex -38 0 -13
    endloop
  endfacet
  facet normal 0 0 1
    outer loop
      vertex -38.0769 0.780361 -13
      vertex -38.0193 -0.392068 -13
      vertex -38.0193 0.392068 -13
    endloop
  endfacet
  facet normal 0 0 1
    outer loop
      vertex -38.0769 0.780361 -13
      vertex -38.0769 -0.780361 -13
      vertex -38.0193 -0.392068 -13
    endloop
  endfacet
  facet normal 0 0 1
    outer loop
      vertex -38.1722 1.16114 -13
      vertex -38.0769 -0.780361 -13
      vertex -38.0769 0.780361 -13
    endloop
  endfacet
  facet normal 0 0 1
    outer loop
      vertex -38.1722 1.16114 -13
      vertex -38.1722 -1.16114 -13
      vertex -38.0769 -0.780361 -13
    endloop
  endfacet
  facet normal 0 0 1
    outer loop
      vertex -38.3045 1.53073 -13
      vertex -38.1722 -1.16114 -13
      vertex -38.1722 1.16114 -13
    endloop
  endfacet
  facet normal 0 0 1
    outer loop
      vertex -38.3045 1.53073 -13
      vertex -38.3045 -1.53073 -13
      vertex -38.1722 -1.16114 -13
    endloop
  endfacet
  facet normal 0 0 1
    outer loop
      vertex -38.4723 1.88559 -13
      vertex -38.3045 -1.53073 -13
      vertex -38.3045 1.53073 -13
    endloop
  endfacet
  facet normal 0 0 1
    outer loop
      vertex -38.4723 1.88559 -13
      vertex -38.4723 -1.88559 -13
      vertex -38.3045 -1.53073 -13
    endloop
  endfacet
  facet normal 0 0 1
    outer loop
      vertex -38.6741 2.22228 -13
      vertex -38.4723 -1.88559 -13
      vertex -38.4723 1.88559 -13
    endloop
  endfacet
  facet normal 0 0 1
    outer loop
      vertex -38.6741 2.22228 -13
      vertex -38.6741 -2.22228 -13
      vertex -38.4723 -1.88559 -13
    endloop
  endfacet
  facet normal 0 0 1
    outer loop
      vertex -38.908 2.53757 -13
      vertex -38.6741 -2.22228 -13
      vertex -38.6741 2.22228 -13
    endloop
  endfacet
  facet normal 0 0 1
    outer loop
      vertex -38.908 2.53757 -13
      vertex -38.908 -2.53757 -13
      vertex -38.6741 -2.22228 -13
    endloop
  endfacet
  facet normal 0 0 1
    outer loop
      vertex -39.1716 2.82843 -13
      vertex -38.908 -2.53757 -13
      vertex -38.908 2.53757 -13
    endloop
  endfacet
  facet normal 0 0 1
    outer loop
      vertex -39.1716 2.82843 -13
      vertex -39.1716 -2.82843 -13
      vertex -38.908 -2.53757 -13
    endloop
  endfacet
  facet normal 0 0 1
    outer loop
      vertex -39.4624 3.09204 -13
      vertex -39.1716 -2.82843 -13
      vertex -39.1716 2.82843 -13
    endloop
  endfacet
  facet normal 0 0 1
    outer loop
      vertex -39.4624 3.09204 -13
      vertex -39.4624 -3.09204 -13
      vertex -39.1716 -2.82843 -13
    endloop
  endfacet
  facet normal 0 0 1
    outer loop
      vertex -39.7777 3.32588 -13
      vertex -39.4624 -3.09204 -13
      vertex -39.4624 3.09204 -13
    endloop
  endfacet
  facet normal 0 0 1
    outer loop
      vertex -39.7777 3.32588 -13
      vertex -39.7777 -3.32588 -13
      vertex -39.4624 -3.09204 -13
    endloop
  endfacet
  facet normal 0 0 1
    outer loop
      vertex -40.1144 3.52768 -13
      vertex -39.7777 -3.32588 -13
      vertex -39.7777 3.32588 -13
    endloop
  endfacet
  facet normal 0 0 1
    outer loop
      vertex -40.1144 3.52768 -13
      vertex -40.1144 -3.52768 -13
      vertex -39.7777 -3.32588 -13
    endloop
  endfacet
  facet normal 0 0 1
    outer loop
      vertex -40.4693 3.69552 -13
      vertex -40.1144 -3.52768 -13
      vertex -40.1144 3.52768 -13
    endloop
  endfacet
  facet normal 0 0 1
    outer loop
      vertex -40.4693 3.69552 -13
      vertex -40.4693 -3.69552 -13
      vertex -40.1144 -3.52768 -13
    endloop
  endfacet
  facet normal 0 0 1
    outer loop
      vertex -40.8389 3.82776 -13
      vertex -40.4693 -3.69552 -13
      vertex -40.4693 3.69552 -13
    endloop
  endfacet
  facet normal 0 0 1
    outer loop
      vertex -40.8389 3.82776 -13
      vertex -40.8389 -3.82776 -13
      vertex -40.4693 -3.69552 -13
    endloop
  endfacet
  facet normal 0 0 1
    outer loop
      vertex -41.2196 3.92314 -13
      vertex -40.8389 -3.82776 -13
      vertex -40.8389 3.82776 -13
    endloop
  endfacet
  facet normal 0 0 1
    outer loop
      vertex -41.2196 3.92314 -13
      vertex -41.2196 -3.92314 -13
      vertex -40.8389 -3.82776 -13
    endloop
  endfacet
  facet normal 0 0 1
    outer loop
      vertex -41.6079 3.98074 -13
      vertex -41.2196 -3.92314 -13
      vertex -41.2196 3.92314 -13
    endloop
  endfacet
  facet normal 0 0 1
    outer loop
      vertex -41.6079 3.98074 -13
      vertex -41.6079 -3.98074 -13
      vertex -41.2196 -3.92314 -13
    endloop
  endfacet
  facet normal 0 0 1
    outer loop
      vertex -42 4 -13
      vertex -41.6079 -3.98074 -13
      vertex -41.6079 3.98074 -13
    endloop
  endfacet
  facet normal 0 0 1
    outer loop
      vertex -42 4 -13
      vertex -42 -4 -13
      vertex -41.6079 -3.98074 -13
    endloop
  endfacet
  facet normal -0 0 1
    outer loop
      vertex -42.3921 3.98074 -13
      vertex -42 -4 -13
      vertex -42 4 -13
    endloop
  endfacet
  facet normal 0 0 1
    outer loop
      vertex -42.3921 3.98074 -13
      vertex -42.3921 -3.98074 -13
      vertex -42 -4 -13
    endloop
  endfacet
  facet normal -0 0 1
    outer loop
      vertex -42.7804 3.92314 -13
      vertex -42.3921 -3.98074 -13
      vertex -42.3921 3.98074 -13
    endloop
  endfacet
  facet normal 0 0 1
    outer loop
      vertex -42.7804 3.92314 -13
      vertex -42.7804 -3.92314 -13
      vertex -42.3921 -3.98074 -13
    endloop
  endfacet
  facet normal -0 0 1
    outer loop
      vertex -43.1611 3.82776 -13
      vertex -42.7804 -3.92314 -13
      vertex -42.7804 3.92314 -13
    endloop
  endfacet
  facet normal 0 0 1
    outer loop
      vertex -43.1611 3.82776 -13
      vertex -43.1611 -3.82776 -13
      vertex -42.7804 -3.92314 -13
    endloop
  endfacet
  facet normal -0 0 1
    outer loop
      vertex -43.5307 3.69552 -13
      vertex -43.1611 -3.82776 -13
      vertex -43.1611 3.82776 -13
    endloop
  endfacet
  facet normal 0 0 1
    outer loop
      vertex -43.5307 3.69552 -13
      vertex -43.5307 -3.69552 -13
      vertex -43.1611 -3.82776 -13
    endloop
  endfacet
  facet normal -0 0 1
    outer loop
      vertex -43.8856 3.52768 -13
      vertex -43.5307 -3.69552 -13
      vertex -43.5307 3.69552 -13
    endloop
  endfacet
  facet normal 0 0 1
    outer loop
      vertex -43.8856 3.52768 -13
      vertex -43.8856 -3.52768 -13
      vertex -43.5307 -3.69552 -13
    endloop
  endfacet
  facet normal -0 0 1
    outer loop
      vertex -44.2223 3.32588 -13
      vertex -43.8856 -3.52768 -13
      vertex -43.8856 3.52768 -13
    endloop
  endfacet
  facet normal 0 0 1
    outer loop
      vertex -44.2223 3.32588 -13
      vertex -44.2223 -3.32588 -13
      vertex -43.8856 -3.52768 -13
    endloop
  endfacet
  facet normal -0 0 1
    outer loop
      vertex -44.5376 3.09204 -13
      vertex -44.2223 -3.32588 -13
      vertex -44.2223 3.32588 -13
    endloop
  endfacet
  facet normal 0 0 1
    outer loop
      vertex -44.5376 3.09204 -13
      vertex -44.5376 -3.09204 -13
      vertex -44.2223 -3.32588 -13
    endloop
  endfacet
  facet normal -0 0 1
    outer loop
      vertex -44.8284 2.82843 -13
      vertex -44.5376 -3.09204 -13
      vertex -44.5376 3.09204 -13
    endloop
  endfacet
  facet normal 0 0 1
    outer loop
      vertex -44.8284 2.82843 -13
      vertex -44.8284 -2.82843 -13
      vertex -44.5376 -3.09204 -13
    endloop
  endfacet
  facet normal -0 0 1
    outer loop
      vertex -45.092 2.53757 -13
      vertex -44.8284 -2.82843 -13
      vertex -44.8284 2.82843 -13
    endloop
  endfacet
  facet normal 0 0 1
    outer loop
      vertex -45.092 2.53757 -13
      vertex -45.092 -2.53757 -13
      vertex -44.8284 -2.82843 -13
    endloop
  endfacet
  facet normal -0 0 1
    outer loop
      vertex -45.3259 2.22228 -13
      vertex -45.092 -2.53757 -13
      vertex -45.092 2.53757 -13
    endloop
  endfacet
  facet normal 0 0 1
    outer loop
      vertex -45.3259 2.22228 -13
      vertex -45.3259 -2.22228 -13
      vertex -45.092 -2.53757 -13
    endloop
  endfacet
  facet normal -0 0 1
    outer loop
      vertex -45.5277 1.88559 -13
      vertex -45.3259 -2.22228 -13
      vertex -45.3259 2.22228 -13
    endloop
  endfacet
  facet normal 0 0 1
    outer loop
      vertex -45.5277 1.88559 -13
      vertex -45.5277 -1.88559 -13
      vertex -45.3259 -2.22228 -13
    endloop
  endfacet
  facet normal -0 0 1
    outer loop
      vertex -45.6955 1.53073 -13
      vertex -45.5277 -1.88559 -13
      vertex -45.5277 1.88559 -13
    endloop
  endfacet
  facet normal 0 0 1
    outer loop
      vertex -45.6955 1.53073 -13
      vertex -45.6955 -1.53073 -13
      vertex -45.5277 -1.88559 -13
    endloop
  endfacet
  facet normal -0 0 1
    outer loop
      vertex -45.8278 1.16114 -13
      vertex -45.6955 -1.53073 -13
      vertex -45.6955 1.53073 -13
    endloop
  endfacet
  facet normal 0 0 1
    outer loop
      vertex -45.8278 1.16114 -13
      vertex -45.8278 -1.16114 -13
      vertex -45.6955 -1.53073 -13
    endloop
  endfacet
  facet normal -0 0 1
    outer loop
      vertex -45.9231 0.780361 -13
      vertex -45.8278 -1.16114 -13
      vertex -45.8278 1.16114 -13
    endloop
  endfacet
  facet normal 0 0 1
    outer loop
      vertex -45.9231 0.780361 -13
      vertex -45.9231 -0.780361 -13
      vertex -45.8278 -1.16114 -13
    endloop
  endfacet
  facet normal -0 0 1
    outer loop
      vertex -45.9807 0.392068 -13
      vertex -45.9231 -0.780361 -13
      vertex -45.9231 0.780361 -13
    endloop
  endfacet
  facet normal 0 0 1
    outer loop
      vertex -45.9807 0.392068 -13
      vertex -45.9807 -0.392068 -13
      vertex -45.9231 -0.780361 -13
    endloop
  endfacet
  facet normal 0 -0 1
    outer loop
      vertex -45.9807 -0.392068 -13
      vertex -45.9807 0.392068 -13
      vertex -46 0 -13
    endloop
  endfacet
  facet normal 0.427523 -0.904004 0
    outer loop
      vertex -40.4693 -3.69552 -23
      vertex -40.1144 -3.52768 -13
      vertex -40.4693 -3.69552 -13
    endloop
  endfacet
  facet normal 0.427523 -0.904004 0
    outer loop
      vertex -40.1144 -3.52768 -13
      vertex -40.4693 -3.69552 -23
      vertex -40.1144 -3.52768 -23
    endloop
  endfacet
  facet normal 0.427523 0.904004 -0
    outer loop
      vertex -40.1144 3.52768 -23
      vertex -40.4693 3.69552 -13
      vertex -40.1144 3.52768 -13
    endloop
  endfacet
  facet normal 0.427523 0.904004 0
    outer loop
      vertex -40.4693 3.69552 -13
      vertex -40.1144 3.52768 -23
      vertex -40.4693 3.69552 -23
    endloop
  endfacet
  facet normal 0.049061 0.998796 -0
    outer loop
      vertex -41.6079 3.98074 -23
      vertex -42 4 -13
      vertex -41.6079 3.98074 -13
    endloop
  endfacet
  facet normal 0.049061 0.998796 0
    outer loop
      vertex -42 4 -13
      vertex -41.6079 3.98074 -23
      vertex -42 4 -23
    endloop
  endfacet
  facet normal -0.857733 0.514095 0
    outer loop
      vertex -45.5277 1.88559 -23
      vertex -45.3259 2.22228 -13
      vertex -45.3259 2.22228 -23
    endloop
  endfacet
  facet normal -0.857733 0.514095 0
    outer loop
      vertex -45.3259 2.22228 -13
      vertex -45.5277 1.88559 -23
      vertex -45.5277 1.88559 -13
    endloop
  endfacet
  facet normal 0.146733 -0.989176 0
    outer loop
      vertex -41.6079 -3.98074 -23
      vertex -41.2196 -3.92314 -13
      vertex -41.6079 -3.98074 -13
    endloop
  endfacet
  facet normal 0.146733 -0.989176 0
    outer loop
      vertex -41.2196 -3.92314 -13
      vertex -41.6079 -3.98074 -23
      vertex -41.2196 -3.92314 -23
    endloop
  endfacet
  facet normal 0.243027 0.970019 -0
    outer loop
      vertex -40.8389 3.82776 -23
      vertex -41.2196 3.92314 -13
      vertex -40.8389 3.82776 -13
    endloop
  endfacet
  facet normal 0.243027 0.970019 0
    outer loop
      vertex -41.2196 3.92314 -13
      vertex -40.8389 3.82776 -23
      vertex -41.2196 3.92314 -23
    endloop
  endfacet
  facet normal 0.514084 -0.85774 0
    outer loop
      vertex -40.1144 -3.52768 -23
      vertex -39.7777 -3.32588 -13
      vertex -40.1144 -3.52768 -13
    endloop
  endfacet
  facet normal 0.514084 -0.85774 0
    outer loop
      vertex -39.7777 -3.32588 -13
      vertex -40.1144 -3.52768 -23
      vertex -39.7777 -3.32588 -23
    endloop
  endfacet
  facet normal -0.970079 0.242788 0
    outer loop
      vertex -45.9231 0.780361 -23
      vertex -45.8278 1.16114 -13
      vertex -45.8278 1.16114 -23
    endloop
  endfacet
  facet normal -0.970079 0.242788 0
    outer loop
      vertex -45.8278 1.16114 -13
      vertex -45.9231 0.780361 -23
      vertex -45.9231 0.780361 -13
    endloop
  endfacet
  facet normal 0.904025 0.42748 0
    outer loop
      vertex -38.3045 1.53073 -13
      vertex -38.4723 1.88559 -23
      vertex -38.4723 1.88559 -13
    endloop
  endfacet
  facet normal 0.904025 0.42748 0
    outer loop
      vertex -38.4723 1.88559 -23
      vertex -38.3045 1.53073 -13
      vertex -38.3045 1.53073 -23
    endloop
  endfacet
  facet normal 0.595695 0.80321 -0
    outer loop
      vertex -39.4624 3.09204 -23
      vertex -39.7777 3.32588 -13
      vertex -39.4624 3.09204 -13
    endloop
  endfacet
  facet normal 0.595695 0.80321 0
    outer loop
      vertex -39.7777 3.32588 -13
      vertex -39.4624 3.09204 -23
      vertex -39.7777 3.32588 -23
    endloop
  endfacet
  facet normal 0.803128 -0.595806 0
    outer loop
      vertex -38.908 -2.53757 -13
      vertex -38.6741 -2.22228 -23
      vertex -38.6741 -2.22228 -13
    endloop
  endfacet
  facet normal 0.803128 -0.595806 0
    outer loop
      vertex -38.6741 -2.22228 -23
      vertex -38.908 -2.53757 -13
      vertex -38.908 -2.53757 -23
    endloop
  endfacet
  facet normal -0.243027 0.970019 0
    outer loop
      vertex -42.7804 3.92314 -23
      vertex -43.1611 3.82776 -13
      vertex -42.7804 3.92314 -13
    endloop
  endfacet
  facet normal -0.243027 0.970019 0
    outer loop
      vertex -43.1611 3.82776 -13
      vertex -42.7804 3.92314 -23
      vertex -43.1611 3.82776 -23
    endloop
  endfacet
  facet normal 0.514084 0.85774 -0
    outer loop
      vertex -39.7777 3.32588 -23
      vertex -40.1144 3.52768 -13
      vertex -39.7777 3.32588 -13
    endloop
  endfacet
  facet normal 0.514084 0.85774 0
    outer loop
      vertex -40.1144 3.52768 -13
      vertex -39.7777 3.32588 -23
      vertex -40.1144 3.52768 -23
    endloop
  endfacet
  facet normal -0.857733 -0.514095 0
    outer loop
      vertex -45.3259 -2.22228 -23
      vertex -45.5277 -1.88559 -13
      vertex -45.5277 -1.88559 -23
    endloop
  endfacet
  facet normal -0.857733 -0.514095 0
    outer loop
      vertex -45.5277 -1.88559 -13
      vertex -45.3259 -2.22228 -23
      vertex -45.3259 -2.22228 -13
    endloop
  endfacet
  facet normal 0.803128 0.595806 0
    outer loop
      vertex -38.6741 2.22228 -13
      vertex -38.908 2.53757 -23
      vertex -38.908 2.53757 -13
    endloop
  endfacet
  facet normal 0.803128 0.595806 0
    outer loop
      vertex -38.908 2.53757 -23
      vertex -38.6741 2.22228 -13
      vertex -38.6741 2.22228 -23
    endloop
  endfacet
  facet normal -0.427523 0.904004 0
    outer loop
      vertex -43.5307 3.69552 -23
      vertex -43.8856 3.52768 -13
      vertex -43.5307 3.69552 -13
    endloop
  endfacet
  facet normal -0.427523 0.904004 0
    outer loop
      vertex -43.8856 3.52768 -13
      vertex -43.5307 3.69552 -23
      vertex -43.8856 3.52768 -23
    endloop
  endfacet
  facet normal -0.243027 -0.970019 0
    outer loop
      vertex -43.1611 -3.82776 -23
      vertex -42.7804 -3.92314 -13
      vertex -43.1611 -3.82776 -13
    endloop
  endfacet
  facet normal -0.243027 -0.970019 -0
    outer loop
      vertex -42.7804 -3.92314 -13
      vertex -43.1611 -3.82776 -23
      vertex -42.7804 -3.92314 -23
    endloop
  endfacet
  facet normal -0.904025 -0.42748 0
    outer loop
      vertex -45.5277 -1.88559 -23
      vertex -45.6955 -1.53073 -13
      vertex -45.6955 -1.53073 -23
    endloop
  endfacet
  facet normal -0.904025 -0.42748 0
    outer loop
      vertex -45.6955 -1.53073 -13
      vertex -45.5277 -1.88559 -23
      vertex -45.5277 -1.88559 -13
    endloop
  endfacet
  facet normal -0.740977 -0.671531 0
    outer loop
      vertex -44.8284 -2.82843 -23
      vertex -45.092 -2.53757 -13
      vertex -45.092 -2.53757 -23
    endloop
  endfacet
  facet normal -0.740977 -0.671531 0
    outer loop
      vertex -45.092 -2.53757 -13
      vertex -44.8284 -2.82843 -23
      vertex -44.8284 -2.82843 -13
    endloop
  endfacet
  facet normal -0.904025 0.42748 0
    outer loop
      vertex -45.6955 1.53073 -23
      vertex -45.5277 1.88559 -13
      vertex -45.5277 1.88559 -23
    endloop
  endfacet
  facet normal -0.904025 0.42748 0
    outer loop
      vertex -45.5277 1.88559 -13
      vertex -45.6955 1.53073 -23
      vertex -45.6955 1.53073 -13
    endloop
  endfacet
  facet normal 0.998791 -0.0491666 0
    outer loop
      vertex -38.0193 -0.392068 -13
      vertex -38 0 -23
      vertex -38 0 -13
    endloop
  endfacet
  facet normal 0.998791 -0.0491666 0
    outer loop
      vertex -38 0 -23
      vertex -38.0193 -0.392068 -13
      vertex -38.0193 -0.392068 -23
    endloop
  endfacet
  facet normal -0.941497 -0.337022 0
    outer loop
      vertex -45.6955 -1.53073 -23
      vertex -45.8278 -1.16114 -13
      vertex -45.8278 -1.16114 -23
    endloop
  endfacet
  facet normal -0.941497 -0.337022 0
    outer loop
      vertex -45.8278 -1.16114 -13
      vertex -45.6955 -1.53073 -23
      vertex -45.6955 -1.53073 -13
    endloop
  endfacet
  facet normal 0.904025 -0.42748 0
    outer loop
      vertex -38.4723 -1.88559 -13
      vertex -38.3045 -1.53073 -23
      vertex -38.3045 -1.53073 -13
    endloop
  endfacet
  facet normal 0.904025 -0.42748 0
    outer loop
      vertex -38.3045 -1.53073 -23
      vertex -38.4723 -1.88559 -13
      vertex -38.4723 -1.88559 -23
    endloop
  endfacet
  facet normal -0.595695 0.80321 0
    outer loop
      vertex -44.2223 3.32588 -23
      vertex -44.5376 3.09204 -13
      vertex -44.2223 3.32588 -13
    endloop
  endfacet
  facet normal -0.595695 0.80321 0
    outer loop
      vertex -44.5376 3.09204 -13
      vertex -44.2223 3.32588 -23
      vertex -44.5376 3.09204 -23
    endloop
  endfacet
  facet normal -0.970079 -0.242788 0
    outer loop
      vertex -45.8278 -1.16114 -23
      vertex -45.9231 -0.780361 -13
      vertex -45.9231 -0.780361 -23
    endloop
  endfacet
  facet normal -0.970079 -0.242788 0
    outer loop
      vertex -45.9231 -0.780361 -13
      vertex -45.8278 -1.16114 -23
      vertex -45.8278 -1.16114 -13
    endloop
  endfacet
  facet normal 0.671621 -0.740895 0
    outer loop
      vertex -39.4624 -3.09204 -23
      vertex -39.1716 -2.82843 -13
      vertex -39.4624 -3.09204 -13
    endloop
  endfacet
  facet normal 0.671621 -0.740895 0
    outer loop
      vertex -39.1716 -2.82843 -13
      vertex -39.4624 -3.09204 -23
      vertex -39.1716 -2.82843 -23
    endloop
  endfacet
  facet normal 0.941497 0.337022 0
    outer loop
      vertex -38.1722 1.16114 -13
      vertex -38.3045 1.53073 -23
      vertex -38.3045 1.53073 -13
    endloop
  endfacet
  facet normal 0.941497 0.337022 0
    outer loop
      vertex -38.3045 1.53073 -23
      vertex -38.1722 1.16114 -13
      vertex -38.1722 1.16114 -23
    endloop
  endfacet
  facet normal -0.049061 0.998796 0
    outer loop
      vertex -42 4 -23
      vertex -42.3921 3.98074 -13
      vertex -42 4 -13
    endloop
  endfacet
  facet normal -0.049061 0.998796 0
    outer loop
      vertex -42.3921 3.98074 -13
      vertex -42 4 -23
      vertex -42.3921 3.98074 -23
    endloop
  endfacet
  facet normal -0.740977 0.671531 0
    outer loop
      vertex -45.092 2.53757 -23
      vertex -44.8284 2.82843 -13
      vertex -44.8284 2.82843 -23
    endloop
  endfacet
  facet normal -0.740977 0.671531 0
    outer loop
      vertex -44.8284 2.82843 -13
      vertex -45.092 2.53757 -23
      vertex -45.092 2.53757 -13
    endloop
  endfacet
  facet normal 0.970079 -0.242788 0
    outer loop
      vertex -38.1722 -1.16114 -13
      vertex -38.0769 -0.780361 -23
      vertex -38.0769 -0.780361 -13
    endloop
  endfacet
  facet normal 0.970079 -0.242788 0
    outer loop
      vertex -38.0769 -0.780361 -23
      vertex -38.1722 -1.16114 -13
      vertex -38.1722 -1.16114 -23
    endloop
  endfacet
  facet normal 0.989176 -0.146736 0
    outer loop
      vertex -38.0769 -0.780361 -13
      vertex -38.0193 -0.392068 -23
      vertex -38.0193 -0.392068 -13
    endloop
  endfacet
  facet normal 0.989176 -0.146736 0
    outer loop
      vertex -38.0193 -0.392068 -23
      vertex -38.0769 -0.780361 -13
      vertex -38.0769 -0.780361 -23
    endloop
  endfacet
  facet normal 0.243027 -0.970019 0
    outer loop
      vertex -41.2196 -3.92314 -23
      vertex -40.8389 -3.82776 -13
      vertex -41.2196 -3.92314 -13
    endloop
  endfacet
  facet normal 0.243027 -0.970019 0
    outer loop
      vertex -40.8389 -3.82776 -13
      vertex -41.2196 -3.92314 -23
      vertex -40.8389 -3.82776 -23
    endloop
  endfacet
  facet normal -0.671621 -0.740895 0
    outer loop
      vertex -44.8284 -2.82843 -23
      vertex -44.5376 -3.09204 -13
      vertex -44.8284 -2.82843 -13
    endloop
  endfacet
  facet normal -0.671621 -0.740895 -0
    outer loop
      vertex -44.5376 -3.09204 -13
      vertex -44.8284 -2.82843 -23
      vertex -44.5376 -3.09204 -23
    endloop
  endfacet
  facet normal -0.146733 0.989176 0
    outer loop
      vertex -42.3921 3.98074 -23
      vertex -42.7804 3.92314 -13
      vertex -42.3921 3.98074 -13
    endloop
  endfacet
  facet normal -0.146733 0.989176 0
    outer loop
      vertex -42.7804 3.92314 -13
      vertex -42.3921 3.98074 -23
      vertex -42.7804 3.92314 -23
    endloop
  endfacet
  facet normal 0.049061 -0.998796 0
    outer loop
      vertex -42 -4 -23
      vertex -41.6079 -3.98074 -13
      vertex -42 -4 -13
    endloop
  endfacet
  facet normal 0.049061 -0.998796 0
    outer loop
      vertex -41.6079 -3.98074 -13
      vertex -42 -4 -23
      vertex -41.6079 -3.98074 -23
    endloop
  endfacet
  facet normal 0.857733 -0.514095 0
    outer loop
      vertex -38.6741 -2.22228 -13
      vertex -38.4723 -1.88559 -23
      vertex -38.4723 -1.88559 -13
    endloop
  endfacet
  facet normal 0.857733 -0.514095 0
    outer loop
      vertex -38.4723 -1.88559 -23
      vertex -38.6741 -2.22228 -13
      vertex -38.6741 -2.22228 -23
    endloop
  endfacet
  facet normal 0.740977 0.671531 0
    outer loop
      vertex -38.908 2.53757 -13
      vertex -39.1716 2.82843 -23
      vertex -39.1716 2.82843 -13
    endloop
  endfacet
  facet normal 0.740977 0.671531 0
    outer loop
      vertex -39.1716 2.82843 -23
      vertex -38.908 2.53757 -13
      vertex -38.908 2.53757 -23
    endloop
  endfacet
  facet normal -0.049061 -0.998796 0
    outer loop
      vertex -42.3921 -3.98074 -23
      vertex -42 -4 -13
      vertex -42.3921 -3.98074 -13
    endloop
  endfacet
  facet normal -0.049061 -0.998796 -0
    outer loop
      vertex -42 -4 -13
      vertex -42.3921 -3.98074 -23
      vertex -42 -4 -23
    endloop
  endfacet
  facet normal -0.671621 0.740895 0
    outer loop
      vertex -44.5376 3.09204 -23
      vertex -44.8284 2.82843 -13
      vertex -44.5376 3.09204 -13
    endloop
  endfacet
  facet normal -0.671621 0.740895 0
    outer loop
      vertex -44.8284 2.82843 -13
      vertex -44.5376 3.09204 -23
      vertex -44.8284 2.82843 -23
    endloop
  endfacet
  facet normal 0.857733 0.514095 0
    outer loop
      vertex -38.4723 1.88559 -13
      vertex -38.6741 2.22228 -23
      vertex -38.6741 2.22228 -13
    endloop
  endfacet
  facet normal 0.857733 0.514095 0
    outer loop
      vertex -38.6741 2.22228 -23
      vertex -38.4723 1.88559 -13
      vertex -38.4723 1.88559 -23
    endloop
  endfacet
  facet normal 0.595695 -0.80321 0
    outer loop
      vertex -39.7777 -3.32588 -23
      vertex -39.4624 -3.09204 -13
      vertex -39.7777 -3.32588 -13
    endloop
  endfacet
  facet normal 0.595695 -0.80321 0
    outer loop
      vertex -39.4624 -3.09204 -13
      vertex -39.7777 -3.32588 -23
      vertex -39.4624 -3.09204 -23
    endloop
  endfacet
  facet normal 0.336879 0.941548 -0
    outer loop
      vertex -40.4693 3.69552 -23
      vertex -40.8389 3.82776 -13
      vertex -40.4693 3.69552 -13
    endloop
  endfacet
  facet normal 0.336879 0.941548 0
    outer loop
      vertex -40.8389 3.82776 -13
      vertex -40.4693 3.69552 -23
      vertex -40.8389 3.82776 -23
    endloop
  endfacet
  facet normal -0.336879 0.941548 0
    outer loop
      vertex -43.1611 3.82776 -23
      vertex -43.5307 3.69552 -13
      vertex -43.1611 3.82776 -13
    endloop
  endfacet
  facet normal -0.336879 0.941548 0
    outer loop
      vertex -43.5307 3.69552 -13
      vertex -43.1611 3.82776 -23
      vertex -43.5307 3.69552 -23
    endloop
  endfacet
  facet normal 0.671621 0.740895 -0
    outer loop
      vertex -39.1716 2.82843 -23
      vertex -39.4624 3.09204 -13
      vertex -39.1716 2.82843 -13
    endloop
  endfacet
  facet normal 0.671621 0.740895 0
    outer loop
      vertex -39.4624 3.09204 -13
      vertex -39.1716 2.82843 -23
      vertex -39.4624 3.09204 -23
    endloop
  endfacet
  facet normal -0.514084 -0.85774 0
    outer loop
      vertex -44.2223 -3.32588 -23
      vertex -43.8856 -3.52768 -13
      vertex -44.2223 -3.32588 -13
    endloop
  endfacet
  facet normal -0.514084 -0.85774 -0
    outer loop
      vertex -43.8856 -3.52768 -13
      vertex -44.2223 -3.32588 -23
      vertex -43.8856 -3.52768 -23
    endloop
  endfacet
  facet normal -0.514084 0.85774 0
    outer loop
      vertex -43.8856 3.52768 -23
      vertex -44.2223 3.32588 -13
      vertex -43.8856 3.52768 -13
    endloop
  endfacet
  facet normal -0.514084 0.85774 0
    outer loop
      vertex -44.2223 3.32588 -13
      vertex -43.8856 3.52768 -23
      vertex -44.2223 3.32588 -23
    endloop
  endfacet
  facet normal -0.989176 -0.146736 0
    outer loop
      vertex -45.9231 -0.780361 -23
      vertex -45.9807 -0.392068 -13
      vertex -45.9807 -0.392068 -23
    endloop
  endfacet
  facet normal -0.989176 -0.146736 0
    outer loop
      vertex -45.9807 -0.392068 -13
      vertex -45.9231 -0.780361 -23
      vertex -45.9231 -0.780361 -13
    endloop
  endfacet
  facet normal 0.146733 0.989176 -0
    outer loop
      vertex -41.2196 3.92314 -23
      vertex -41.6079 3.98074 -13
      vertex -41.2196 3.92314 -13
    endloop
  endfacet
  facet normal 0.146733 0.989176 0
    outer loop
      vertex -41.6079 3.98074 -13
      vertex -41.2196 3.92314 -23
      vertex -41.6079 3.98074 -23
    endloop
  endfacet
  facet normal -0.941497 0.337022 0
    outer loop
      vertex -45.8278 1.16114 -23
      vertex -45.6955 1.53073 -13
      vertex -45.6955 1.53073 -23
    endloop
  endfacet
  facet normal -0.941497 0.337022 0
    outer loop
      vertex -45.6955 1.53073 -13
      vertex -45.8278 1.16114 -23
      vertex -45.8278 1.16114 -13
    endloop
  endfacet
  facet normal -0.803128 -0.595806 0
    outer loop
      vertex -45.092 -2.53757 -23
      vertex -45.3259 -2.22228 -13
      vertex -45.3259 -2.22228 -23
    endloop
  endfacet
  facet normal -0.803128 -0.595806 0
    outer loop
      vertex -45.3259 -2.22228 -13
      vertex -45.092 -2.53757 -23
      vertex -45.092 -2.53757 -13
    endloop
  endfacet
  facet normal -0.595695 -0.80321 0
    outer loop
      vertex -44.5376 -3.09204 -23
      vertex -44.2223 -3.32588 -13
      vertex -44.5376 -3.09204 -13
    endloop
  endfacet
  facet normal -0.595695 -0.80321 -0
    outer loop
      vertex -44.2223 -3.32588 -13
      vertex -44.5376 -3.09204 -23
      vertex -44.2223 -3.32588 -23
    endloop
  endfacet
  facet normal 0.941497 -0.337022 0
    outer loop
      vertex -38.3045 -1.53073 -13
      vertex -38.1722 -1.16114 -23
      vertex -38.1722 -1.16114 -13
    endloop
  endfacet
  facet normal 0.941497 -0.337022 0
    outer loop
      vertex -38.1722 -1.16114 -23
      vertex -38.3045 -1.53073 -13
      vertex -38.3045 -1.53073 -23
    endloop
  endfacet
  facet normal -0.803128 0.595806 0
    outer loop
      vertex -45.3259 2.22228 -23
      vertex -45.092 2.53757 -13
      vertex -45.092 2.53757 -23
    endloop
  endfacet
  facet normal -0.803128 0.595806 0
    outer loop
      vertex -45.092 2.53757 -13
      vertex -45.3259 2.22228 -23
      vertex -45.3259 2.22228 -13
    endloop
  endfacet
  facet normal -0.427523 -0.904004 0
    outer loop
      vertex -43.8856 -3.52768 -23
      vertex -43.5307 -3.69552 -13
      vertex -43.8856 -3.52768 -13
    endloop
  endfacet
  facet normal -0.427523 -0.904004 -0
    outer loop
      vertex -43.5307 -3.69552 -13
      vertex -43.8856 -3.52768 -23
      vertex -43.5307 -3.69552 -23
    endloop
  endfacet
  facet normal -0.146733 -0.989176 0
    outer loop
      vertex -42.7804 -3.92314 -23
      vertex -42.3921 -3.98074 -13
      vertex -42.7804 -3.92314 -13
    endloop
  endfacet
  facet normal -0.146733 -0.989176 -0
    outer loop
      vertex -42.3921 -3.98074 -13
      vertex -42.7804 -3.92314 -23
      vertex -42.3921 -3.98074 -23
    endloop
  endfacet
  facet normal 0.740977 -0.671531 0
    outer loop
      vertex -39.1716 -2.82843 -13
      vertex -38.908 -2.53757 -23
      vertex -38.908 -2.53757 -13
    endloop
  endfacet
  facet normal 0.740977 -0.671531 0
    outer loop
      vertex -38.908 -2.53757 -23
      vertex -39.1716 -2.82843 -13
      vertex -39.1716 -2.82843 -23
    endloop
  endfacet
  facet normal -0.989176 0.146736 0
    outer loop
      vertex -45.9807 0.392068 -23
      vertex -45.9231 0.780361 -13
      vertex -45.9231 0.780361 -23
    endloop
  endfacet
  facet normal -0.989176 0.146736 0
    outer loop
      vertex -45.9231 0.780361 -13
      vertex -45.9807 0.392068 -23
      vertex -45.9807 0.392068 -13
    endloop
  endfacet
  facet normal -0.998791 0.0491666 0
    outer loop
      vertex -46 0 -23
      vertex -45.9807 0.392068 -13
      vertex -45.9807 0.392068 -23
    endloop
  endfacet
  facet normal -0.998791 0.0491666 0
    outer loop
      vertex -45.9807 0.392068 -13
      vertex -46 0 -23
      vertex -46 0 -13
    endloop
  endfacet
  facet normal -0.336879 -0.941548 0
    outer loop
      vertex -43.5307 -3.69552 -23
      vertex -43.1611 -3.82776 -13
      vertex -43.5307 -3.69552 -13
    endloop
  endfacet
  facet normal -0.336879 -0.941548 -0
    outer loop
      vertex -43.1611 -3.82776 -13
      vertex -43.5307 -3.69552 -23
      vertex -43.1611 -3.82776 -23
    endloop
  endfacet
  facet normal 0 0 -1
    outer loop
      vertex -38.0193 -0.392068 -23
      vertex -38.0193 0.392068 -23
      vertex -38 0 -23
    endloop
  endfacet
  facet normal 0 0 -1
    outer loop
      vertex -38.0769 -0.780361 -23
      vertex -38.0193 0.392068 -23
      vertex -38.0193 -0.392068 -23
    endloop
  endfacet
  facet normal 0 0 -1
    outer loop
      vertex -38.0769 -0.780361 -23
      vertex -38.0769 0.780361 -23
      vertex -38.0193 0.392068 -23
    endloop
  endfacet
  facet normal 0 0 -1
    outer loop
      vertex -38.1722 -1.16114 -23
      vertex -38.0769 0.780361 -23
      vertex -38.0769 -0.780361 -23
    endloop
  endfacet
  facet normal 0 0 -1
    outer loop
      vertex -38.1722 -1.16114 -23
      vertex -38.1722 1.16114 -23
      vertex -38.0769 0.780361 -23
    endloop
  endfacet
  facet normal 0 0 -1
    outer loop
      vertex -38.3045 -1.53073 -23
      vertex -38.1722 1.16114 -23
      vertex -38.1722 -1.16114 -23
    endloop
  endfacet
  facet normal 0 0 -1
    outer loop
      vertex -38.3045 -1.53073 -23
      vertex -38.3045 1.53073 -23
      vertex -38.1722 1.16114 -23
    endloop
  endfacet
  facet normal 0 0 -1
    outer loop
      vertex -38.4723 -1.88559 -23
      vertex -38.3045 1.53073 -23
      vertex -38.3045 -1.53073 -23
    endloop
  endfacet
  facet normal 0 0 -1
    outer loop
      vertex -38.4723 -1.88559 -23
      vertex -38.4723 1.88559 -23
      vertex -38.3045 1.53073 -23
    endloop
  endfacet
  facet normal 0 0 -1
    outer loop
      vertex -38.6741 -2.22228 -23
      vertex -38.4723 1.88559 -23
      vertex -38.4723 -1.88559 -23
    endloop
  endfacet
  facet normal 0 0 -1
    outer loop
      vertex -38.6741 -2.22228 -23
      vertex -38.6741 2.22228 -23
      vertex -38.4723 1.88559 -23
    endloop
  endfacet
  facet normal 0 0 -1
    outer loop
      vertex -38.908 -2.53757 -23
      vertex -38.6741 2.22228 -23
      vertex -38.6741 -2.22228 -23
    endloop
  endfacet
  facet normal 0 0 -1
    outer loop
      vertex -38.908 -2.53757 -23
      vertex -38.908 2.53757 -23
      vertex -38.6741 2.22228 -23
    endloop
  endfacet
  facet normal 0 0 -1
    outer loop
      vertex -39.1716 -2.82843 -23
      vertex -38.908 2.53757 -23
      vertex -38.908 -2.53757 -23
    endloop
  endfacet
  facet normal 0 0 -1
    outer loop
      vertex -39.1716 -2.82843 -23
      vertex -39.1716 2.82843 -23
      vertex -38.908 2.53757 -23
    endloop
  endfacet
  facet normal 0 0 -1
    outer loop
      vertex -39.4624 -3.09204 -23
      vertex -39.1716 2.82843 -23
      vertex -39.1716 -2.82843 -23
    endloop
  endfacet
  facet normal 0 0 -1
    outer loop
      vertex -39.4624 -3.09204 -23
      vertex -39.4624 3.09204 -23
      vertex -39.1716 2.82843 -23
    endloop
  endfacet
  facet normal 0 0 -1
    outer loop
      vertex -39.7777 -3.32588 -23
      vertex -39.4624 3.09204 -23
      vertex -39.4624 -3.09204 -23
    endloop
  endfacet
  facet normal 0 0 -1
    outer loop
      vertex -39.7777 -3.32588 -23
      vertex -39.7777 3.32588 -23
      vertex -39.4624 3.09204 -23
    endloop
  endfacet
  facet normal 0 0 -1
    outer loop
      vertex -40.1144 -3.52768 -23
      vertex -39.7777 3.32588 -23
      vertex -39.7777 -3.32588 -23
    endloop
  endfacet
  facet normal 0 0 -1
    outer loop
      vertex -40.1144 -3.52768 -23
      vertex -40.1144 3.52768 -23
      vertex -39.7777 3.32588 -23
    endloop
  endfacet
  facet normal 0 0 -1
    outer loop
      vertex -40.4693 -3.69552 -23
      vertex -40.1144 3.52768 -23
      vertex -40.1144 -3.52768 -23
    endloop
  endfacet
  facet normal 0 0 -1
    outer loop
      vertex -40.4693 -3.69552 -23
      vertex -40.4693 3.69552 -23
      vertex -40.1144 3.52768 -23
    endloop
  endfacet
  facet normal 0 0 -1
    outer loop
      vertex -40.8389 -3.82776 -23
      vertex -40.4693 3.69552 -23
      vertex -40.4693 -3.69552 -23
    endloop
  endfacet
  facet normal 0 0 -1
    outer loop
      vertex -40.8389 -3.82776 -23
      vertex -40.8389 3.82776 -23
      vertex -40.4693 3.69552 -23
    endloop
  endfacet
  facet normal 0 0 -1
    outer loop
      vertex -41.2196 -3.92314 -23
      vertex -40.8389 3.82776 -23
      vertex -40.8389 -3.82776 -23
    endloop
  endfacet
  facet normal 0 0 -1
    outer loop
      vertex -41.2196 -3.92314 -23
      vertex -41.2196 3.92314 -23
      vertex -40.8389 3.82776 -23
    endloop
  endfacet
  facet normal 0 0 -1
    outer loop
      vertex -41.6079 -3.98074 -23
      vertex -41.2196 3.92314 -23
      vertex -41.2196 -3.92314 -23
    endloop
  endfacet
  facet normal 0 0 -1
    outer loop
      vertex -41.6079 -3.98074 -23
      vertex -41.6079 3.98074 -23
      vertex -41.2196 3.92314 -23
    endloop
  endfacet
  facet normal 0 0 -1
    outer loop
      vertex -42 -4 -23
      vertex -41.6079 3.98074 -23
      vertex -41.6079 -3.98074 -23
    endloop
  endfacet
  facet normal 0 0 -1
    outer loop
      vertex -42 -4 -23
      vertex -42 4 -23
      vertex -41.6079 3.98074 -23
    endloop
  endfacet
  facet normal 0 0 -1
    outer loop
      vertex -42.3921 -3.98074 -23
      vertex -42 4 -23
      vertex -42 -4 -23
    endloop
  endfacet
  facet normal 0 0 -1
    outer loop
      vertex -42.3921 -3.98074 -23
      vertex -42.3921 3.98074 -23
      vertex -42 4 -23
    endloop
  endfacet
  facet normal 0 0 -1
    outer loop
      vertex -42.7804 -3.92314 -23
      vertex -42.3921 3.98074 -23
      vertex -42.3921 -3.98074 -23
    endloop
  endfacet
  facet normal 0 0 -1
    outer loop
      vertex -42.7804 -3.92314 -23
      vertex -42.7804 3.92314 -23
      vertex -42.3921 3.98074 -23
    endloop
  endfacet
  facet normal 0 0 -1
    outer loop
      vertex -43.1611 -3.82776 -23
      vertex -42.7804 3.92314 -23
      vertex -42.7804 -3.92314 -23
    endloop
  endfacet
  facet normal 0 0 -1
    outer loop
      vertex -43.1611 -3.82776 -23
      vertex -43.1611 3.82776 -23
      vertex -42.7804 3.92314 -23
    endloop
  endfacet
  facet normal 0 0 -1
    outer loop
      vertex -43.5307 -3.69552 -23
      vertex -43.1611 3.82776 -23
      vertex -43.1611 -3.82776 -23
    endloop
  endfacet
  facet normal 0 0 -1
    outer loop
      vertex -43.5307 -3.69552 -23
      vertex -43.5307 3.69552 -23
      vertex -43.1611 3.82776 -23
    endloop
  endfacet
  facet normal 0 0 -1
    outer loop
      vertex -43.8856 -3.52768 -23
      vertex -43.5307 3.69552 -23
      vertex -43.5307 -3.69552 -23
    endloop
  endfacet
  facet normal 0 0 -1
    outer loop
      vertex -43.8856 -3.52768 -23
      vertex -43.8856 3.52768 -23
      vertex -43.5307 3.69552 -23
    endloop
  endfacet
  facet normal 0 0 -1
    outer loop
      vertex -44.2223 -3.32588 -23
      vertex -43.8856 3.52768 -23
      vertex -43.8856 -3.52768 -23
    endloop
  endfacet
  facet normal 0 0 -1
    outer loop
      vertex -44.2223 -3.32588 -23
      vertex -44.2223 3.32588 -23
      vertex -43.8856 3.52768 -23
    endloop
  endfacet
  facet normal 0 0 -1
    outer loop
      vertex -44.5376 -3.09204 -23
      vertex -44.2223 3.32588 -23
      vertex -44.2223 -3.32588 -23
    endloop
  endfacet
  facet normal 0 0 -1
    outer loop
      vertex -44.5376 -3.09204 -23
      vertex -44.5376 3.09204 -23
      vertex -44.2223 3.32588 -23
    endloop
  endfacet
  facet normal 0 0 -1
    outer loop
      vertex -44.8284 -2.82843 -23
      vertex -44.5376 3.09204 -23
      vertex -44.5376 -3.09204 -23
    endloop
  endfacet
  facet normal 0 0 -1
    outer loop
      vertex -44.8284 -2.82843 -23
      vertex -44.8284 2.82843 -23
      vertex -44.5376 3.09204 -23
    endloop
  endfacet
  facet normal 0 0 -1
    outer loop
      vertex -45.092 -2.53757 -23
      vertex -44.8284 2.82843 -23
      vertex -44.8284 -2.82843 -23
    endloop
  endfacet
  facet normal 0 0 -1
    outer loop
      vertex -45.092 -2.53757 -23
      vertex -45.092 2.53757 -23
      vertex -44.8284 2.82843 -23
    endloop
  endfacet
  facet normal 0 0 -1
    outer loop
      vertex -45.3259 -2.22228 -23
      vertex -45.092 2.53757 -23
      vertex -45.092 -2.53757 -23
    endloop
  endfacet
  facet normal 0 0 -1
    outer loop
      vertex -45.3259 -2.22228 -23
      vertex -45.3259 2.22228 -23
      vertex -45.092 2.53757 -23
    endloop
  endfacet
  facet normal 0 0 -1
    outer loop
      vertex -45.5277 -1.88559 -23
      vertex -45.3259 2.22228 -23
      vertex -45.3259 -2.22228 -23
    endloop
  endfacet
  facet normal 0 0 -1
    outer loop
      vertex -45.5277 -1.88559 -23
      vertex -45.5277 1.88559 -23
      vertex -45.3259 2.22228 -23
    endloop
  endfacet
  facet normal 0 0 -1
    outer loop
      vertex -45.6955 -1.53073 -23
      vertex -45.5277 1.88559 -23
      vertex -45.5277 -1.88559 -23
    endloop
  endfacet
  facet normal 0 0 -1
    outer loop
      vertex -45.6955 -1.53073 -23
      vertex -45.6955 1.53073 -23
      vertex -45.5277 1.88559 -23
    endloop
  endfacet
  facet normal 0 0 -1
    outer loop
      vertex -45.8278 -1.16114 -23
      vertex -45.6955 1.53073 -23
      vertex -45.6955 -1.53073 -23
    endloop
  endfacet
  facet normal 0 0 -1
    outer loop
      vertex -45.8278 -1.16114 -23
      vertex -45.8278 1.16114 -23
      vertex -45.6955 1.53073 -23
    endloop
  endfacet
  facet normal 0 0 -1
    outer loop
      vertex -45.9231 -0.780361 -23
      vertex -45.8278 1.16114 -23
      vertex -45.8278 -1.16114 -23
    endloop
  endfacet
  facet normal 0 0 -1
    outer loop
      vertex -45.9231 -0.780361 -23
      vertex -45.9231 0.780361 -23
      vertex -45.8278 1.16114 -23
    endloop
  endfacet
  facet normal 0 0 -1
    outer loop
      vertex -45.9807 -0.392068 -23
      vertex -45.9231 0.780361 -23
      vertex -45.9231 -0.780361 -23
    endloop
  endfacet
  facet normal 0 0 -1
    outer loop
      vertex -45.9807 -0.392068 -23
      vertex -45.9807 0.392068 -23
      vertex -45.9231 0.780361 -23
    endloop
  endfacet
  facet normal 0 -0 -1
    outer loop
      vertex -45.9807 0.392068 -23
      vertex -45.9807 -0.392068 -23
      vertex -46 0 -23
    endloop
  endfacet
  facet normal 0.514084 -0.85774 0
    outer loop
      vertex 43.8856 -3.52768 -23
      vertex 44.2223 -3.32588 -13
      vertex 43.8856 -3.52768 -13
    endloop
  endfacet
  facet normal 0.514084 -0.85774 0
    outer loop
      vertex 44.2223 -3.32588 -13
      vertex 43.8856 -3.52768 -23
      vertex 44.2223 -3.32588 -23
    endloop
  endfacet
  facet normal 0.941497 -0.337022 0
    outer loop
      vertex 45.6955 -1.53073 -13
      vertex 45.8278 -1.16114 -23
      vertex 45.8278 -1.16114 -13
    endloop
  endfacet
  facet normal 0.941497 -0.337022 0
    outer loop
      vertex 45.8278 -1.16114 -23
      vertex 45.6955 -1.53073 -13
      vertex 45.6955 -1.53073 -23
    endloop
  endfacet
  facet normal -0.514084 -0.85774 0
    outer loop
      vertex 39.7777 -3.32588 -23
      vertex 40.1144 -3.52768 -13
      vertex 39.7777 -3.32588 -13
    endloop
  endfacet
  facet normal -0.514084 -0.85774 -0
    outer loop
      vertex 40.1144 -3.52768 -13
      vertex 39.7777 -3.32588 -23
      vertex 40.1144 -3.52768 -23
    endloop
  endfacet
  facet normal -0.049061 0.998796 0
    outer loop
      vertex 42 4 -23
      vertex 41.6079 3.98074 -13
      vertex 42 4 -13
    endloop
  endfacet
  facet normal -0.049061 0.998796 0
    outer loop
      vertex 41.6079 3.98074 -13
      vertex 42 4 -23
      vertex 41.6079 3.98074 -23
    endloop
  endfacet
  facet normal -0.941497 -0.337022 0
    outer loop
      vertex 38.3045 -1.53073 -23
      vertex 38.1722 -1.16114 -13
      vertex 38.1722 -1.16114 -23
    endloop
  endfacet
  facet normal -0.941497 -0.337022 0
    outer loop
      vertex 38.1722 -1.16114 -13
      vertex 38.3045 -1.53073 -23
      vertex 38.3045 -1.53073 -13
    endloop
  endfacet
  facet normal 0.336879 -0.941548 0
    outer loop
      vertex 43.1611 -3.82776 -23
      vertex 43.5307 -3.69552 -13
      vertex 43.1611 -3.82776 -13
    endloop
  endfacet
  facet normal 0.336879 -0.941548 0
    outer loop
      vertex 43.5307 -3.69552 -13
      vertex 43.1611 -3.82776 -23
      vertex 43.5307 -3.69552 -23
    endloop
  endfacet
  facet normal 0.803128 0.595806 0
    outer loop
      vertex 45.3259 2.22228 -13
      vertex 45.092 2.53757 -23
      vertex 45.092 2.53757 -13
    endloop
  endfacet
  facet normal 0.803128 0.595806 0
    outer loop
      vertex 45.092 2.53757 -23
      vertex 45.3259 2.22228 -13
      vertex 45.3259 2.22228 -23
    endloop
  endfacet
  facet normal -0.998791 -0.0491666 0
    outer loop
      vertex 38.0193 -0.392068 -23
      vertex 38 0 -13
      vertex 38 0 -23
    endloop
  endfacet
  facet normal -0.998791 -0.0491666 0
    outer loop
      vertex 38 0 -13
      vertex 38.0193 -0.392068 -23
      vertex 38.0193 -0.392068 -13
    endloop
  endfacet
  facet normal 0.595695 -0.80321 0
    outer loop
      vertex 44.2223 -3.32588 -23
      vertex 44.5376 -3.09204 -13
      vertex 44.2223 -3.32588 -13
    endloop
  endfacet
  facet normal 0.595695 -0.80321 0
    outer loop
      vertex 44.5376 -3.09204 -13
      vertex 44.2223 -3.32588 -23
      vertex 44.5376 -3.09204 -23
    endloop
  endfacet
  facet normal -0.904025 -0.42748 0
    outer loop
      vertex 38.4723 -1.88559 -23
      vertex 38.3045 -1.53073 -13
      vertex 38.3045 -1.53073 -23
    endloop
  endfacet
  facet normal -0.904025 -0.42748 0
    outer loop
      vertex 38.3045 -1.53073 -13
      vertex 38.4723 -1.88559 -23
      vertex 38.4723 -1.88559 -13
    endloop
  endfacet
  facet normal 0.904025 0.42748 0
    outer loop
      vertex 45.6955 1.53073 -13
      vertex 45.5277 1.88559 -23
      vertex 45.5277 1.88559 -13
    endloop
  endfacet
  facet normal 0.904025 0.42748 0
    outer loop
      vertex 45.5277 1.88559 -23
      vertex 45.6955 1.53073 -13
      vertex 45.6955 1.53073 -23
    endloop
  endfacet
  facet normal -0.049061 -0.998796 0
    outer loop
      vertex 41.6079 -3.98074 -23
      vertex 42 -4 -13
      vertex 41.6079 -3.98074 -13
    endloop
  endfacet
  facet normal -0.049061 -0.998796 -0
    outer loop
      vertex 42 -4 -13
      vertex 41.6079 -3.98074 -23
      vertex 42 -4 -23
    endloop
  endfacet
  facet normal -0.427523 -0.904004 0
    outer loop
      vertex 40.1144 -3.52768 -23
      vertex 40.4693 -3.69552 -13
      vertex 40.1144 -3.52768 -13
    endloop
  endfacet
  facet normal -0.427523 -0.904004 -0
    outer loop
      vertex 40.4693 -3.69552 -13
      vertex 40.1144 -3.52768 -23
      vertex 40.4693 -3.69552 -23
    endloop
  endfacet
  facet normal -0.336879 -0.941548 0
    outer loop
      vertex 40.4693 -3.69552 -23
      vertex 40.8389 -3.82776 -13
      vertex 40.4693 -3.69552 -13
    endloop
  endfacet
  facet normal -0.336879 -0.941548 -0
    outer loop
      vertex 40.8389 -3.82776 -13
      vertex 40.4693 -3.69552 -23
      vertex 40.8389 -3.82776 -23
    endloop
  endfacet
  facet normal 0.803128 -0.595806 0
    outer loop
      vertex 45.092 -2.53757 -13
      vertex 45.3259 -2.22228 -23
      vertex 45.3259 -2.22228 -13
    endloop
  endfacet
  facet normal 0.803128 -0.595806 0
    outer loop
      vertex 45.3259 -2.22228 -23
      vertex 45.092 -2.53757 -13
      vertex 45.092 -2.53757 -23
    endloop
  endfacet
  facet normal 0.857733 0.514095 0
    outer loop
      vertex 45.5277 1.88559 -13
      vertex 45.3259 2.22228 -23
      vertex 45.3259 2.22228 -13
    endloop
  endfacet
  facet normal 0.857733 0.514095 0
    outer loop
      vertex 45.3259 2.22228 -23
      vertex 45.5277 1.88559 -13
      vertex 45.5277 1.88559 -23
    endloop
  endfacet
  facet normal 0.989176 0.146736 0
    outer loop
      vertex 45.9807 0.392068 -13
      vertex 45.9231 0.780361 -23
      vertex 45.9231 0.780361 -13
    endloop
  endfacet
  facet normal 0.989176 0.146736 0
    outer loop
      vertex 45.9231 0.780361 -23
      vertex 45.9807 0.392068 -13
      vertex 45.9807 0.392068 -23
    endloop
  endfacet
  facet normal -0.970079 -0.242788 0
    outer loop
      vertex 38.1722 -1.16114 -23
      vertex 38.0769 -0.780361 -13
      vertex 38.0769 -0.780361 -23
    endloop
  endfacet
  facet normal -0.970079 -0.242788 0
    outer loop
      vertex 38.0769 -0.780361 -13
      vertex 38.1722 -1.16114 -23
      vertex 38.1722 -1.16114 -13
    endloop
  endfacet
  facet normal 0.970079 -0.242788 0
    outer loop
      vertex 45.8278 -1.16114 -13
      vertex 45.9231 -0.780361 -23
      vertex 45.9231 -0.780361 -13
    endloop
  endfacet
  facet normal 0.970079 -0.242788 0
    outer loop
      vertex 45.9231 -0.780361 -23
      vertex 45.8278 -1.16114 -13
      vertex 45.8278 -1.16114 -23
    endloop
  endfacet
  facet normal 0.998791 0.0491666 0
    outer loop
      vertex 46 0 -13
      vertex 45.9807 0.392068 -23
      vertex 45.9807 0.392068 -13
    endloop
  endfacet
  facet normal 0.998791 0.0491666 0
    outer loop
      vertex 45.9807 0.392068 -23
      vertex 46 0 -13
      vertex 46 0 -23
    endloop
  endfacet
  facet normal -0.427523 0.904004 0
    outer loop
      vertex 40.4693 3.69552 -23
      vertex 40.1144 3.52768 -13
      vertex 40.4693 3.69552 -13
    endloop
  endfacet
  facet normal -0.427523 0.904004 0
    outer loop
      vertex 40.1144 3.52768 -13
      vertex 40.4693 3.69552 -23
      vertex 40.1144 3.52768 -23
    endloop
  endfacet
  facet normal 0.970079 0.242788 0
    outer loop
      vertex 45.9231 0.780361 -13
      vertex 45.8278 1.16114 -23
      vertex 45.8278 1.16114 -13
    endloop
  endfacet
  facet normal 0.970079 0.242788 0
    outer loop
      vertex 45.8278 1.16114 -23
      vertex 45.9231 0.780361 -13
      vertex 45.9231 0.780361 -23
    endloop
  endfacet
  facet normal 0.049061 0.998796 -0
    outer loop
      vertex 42.3921 3.98074 -23
      vertex 42 4 -13
      vertex 42.3921 3.98074 -13
    endloop
  endfacet
  facet normal 0.049061 0.998796 0
    outer loop
      vertex 42 4 -13
      vertex 42.3921 3.98074 -23
      vertex 42 4 -23
    endloop
  endfacet
  facet normal 0.998791 -0.0491666 0
    outer loop
      vertex 45.9807 -0.392068 -13
      vertex 46 0 -23
      vertex 46 0 -13
    endloop
  endfacet
  facet normal 0.998791 -0.0491666 0
    outer loop
      vertex 46 0 -23
      vertex 45.9807 -0.392068 -13
      vertex 45.9807 -0.392068 -23
    endloop
  endfacet
  facet normal -0.514084 0.85774 0
    outer loop
      vertex 40.1144 3.52768 -23
      vertex 39.7777 3.32588 -13
      vertex 40.1144 3.52768 -13
    endloop
  endfacet
  facet normal -0.514084 0.85774 0
    outer loop
      vertex 39.7777 3.32588 -13
      vertex 40.1144 3.52768 -23
      vertex 39.7777 3.32588 -23
    endloop
  endfacet
  facet normal -0.941497 0.337022 0
    outer loop
      vertex 38.1722 1.16114 -23
      vertex 38.3045 1.53073 -13
      vertex 38.3045 1.53073 -23
    endloop
  endfacet
  facet normal -0.941497 0.337022 0
    outer loop
      vertex 38.3045 1.53073 -13
      vertex 38.1722 1.16114 -23
      vertex 38.1722 1.16114 -13
    endloop
  endfacet
  facet normal 0.049061 -0.998796 0
    outer loop
      vertex 42 -4 -23
      vertex 42.3921 -3.98074 -13
      vertex 42 -4 -13
    endloop
  endfacet
  facet normal 0.049061 -0.998796 0
    outer loop
      vertex 42.3921 -3.98074 -13
      vertex 42 -4 -23
      vertex 42.3921 -3.98074 -23
    endloop
  endfacet
  facet normal -0.989176 -0.146736 0
    outer loop
      vertex 38.0769 -0.780361 -23
      vertex 38.0193 -0.392068 -13
      vertex 38.0193 -0.392068 -23
    endloop
  endfacet
  facet normal -0.989176 -0.146736 0
    outer loop
      vertex 38.0193 -0.392068 -13
      vertex 38.0769 -0.780361 -23
      vertex 38.0769 -0.780361 -13
    endloop
  endfacet
  facet normal 0.243027 -0.970019 0
    outer loop
      vertex 42.7804 -3.92314 -23
      vertex 43.1611 -3.82776 -13
      vertex 42.7804 -3.92314 -13
    endloop
  endfacet
  facet normal 0.243027 -0.970019 0
    outer loop
      vertex 43.1611 -3.82776 -13
      vertex 42.7804 -3.92314 -23
      vertex 43.1611 -3.82776 -23
    endloop
  endfacet
  facet normal -0.671621 -0.740895 0
    outer loop
      vertex 39.1716 -2.82843 -23
      vertex 39.4624 -3.09204 -13
      vertex 39.1716 -2.82843 -13
    endloop
  endfacet
  facet normal -0.671621 -0.740895 -0
    outer loop
      vertex 39.4624 -3.09204 -13
      vertex 39.1716 -2.82843 -23
      vertex 39.4624 -3.09204 -23
    endloop
  endfacet
  facet normal 0.857733 -0.514095 0
    outer loop
      vertex 45.3259 -2.22228 -13
      vertex 45.5277 -1.88559 -23
      vertex 45.5277 -1.88559 -13
    endloop
  endfacet
  facet normal 0.857733 -0.514095 0
    outer loop
      vertex 45.5277 -1.88559 -23
      vertex 45.3259 -2.22228 -13
      vertex 45.3259 -2.22228 -23
    endloop
  endfacet
  facet normal 0.941497 0.337022 0
    outer loop
      vertex 45.8278 1.16114 -13
      vertex 45.6955 1.53073 -23
      vertex 45.6955 1.53073 -13
    endloop
  endfacet
  facet normal 0.941497 0.337022 0
    outer loop
      vertex 45.6955 1.53073 -23
      vertex 45.8278 1.16114 -13
      vertex 45.8278 1.16114 -23
    endloop
  endfacet
  facet normal -0.857733 0.514095 0
    outer loop
      vertex 38.4723 1.88559 -23
      vertex 38.6741 2.22228 -13
      vertex 38.6741 2.22228 -23
    endloop
  endfacet
  facet normal -0.857733 0.514095 0
    outer loop
      vertex 38.6741 2.22228 -13
      vertex 38.4723 1.88559 -23
      vertex 38.4723 1.88559 -13
    endloop
  endfacet
  facet normal 0.336879 0.941548 -0
    outer loop
      vertex 43.5307 3.69552 -23
      vertex 43.1611 3.82776 -13
      vertex 43.5307 3.69552 -13
    endloop
  endfacet
  facet normal 0.336879 0.941548 0
    outer loop
      vertex 43.1611 3.82776 -13
      vertex 43.5307 3.69552 -23
      vertex 43.1611 3.82776 -23
    endloop
  endfacet
  facet normal 0.904025 -0.42748 0
    outer loop
      vertex 45.5277 -1.88559 -13
      vertex 45.6955 -1.53073 -23
      vertex 45.6955 -1.53073 -13
    endloop
  endfacet
  facet normal 0.904025 -0.42748 0
    outer loop
      vertex 45.6955 -1.53073 -23
      vertex 45.5277 -1.88559 -13
      vertex 45.5277 -1.88559 -23
    endloop
  endfacet
  facet normal -0.595695 0.80321 0
    outer loop
      vertex 39.7777 3.32588 -23
      vertex 39.4624 3.09204 -13
      vertex 39.7777 3.32588 -13
    endloop
  endfacet
  facet normal -0.595695 0.80321 0
    outer loop
      vertex 39.4624 3.09204 -13
      vertex 39.7777 3.32588 -23
      vertex 39.4624 3.09204 -23
    endloop
  endfacet
  facet normal -0.740977 0.671531 0
    outer loop
      vertex 38.908 2.53757 -23
      vertex 39.1716 2.82843 -13
      vertex 39.1716 2.82843 -23
    endloop
  endfacet
  facet normal -0.740977 0.671531 0
    outer loop
      vertex 39.1716 2.82843 -13
      vertex 38.908 2.53757 -23
      vertex 38.908 2.53757 -13
    endloop
  endfacet
  facet normal 0.427523 -0.904004 0
    outer loop
      vertex 43.5307 -3.69552 -23
      vertex 43.8856 -3.52768 -13
      vertex 43.5307 -3.69552 -13
    endloop
  endfacet
  facet normal 0.427523 -0.904004 0
    outer loop
      vertex 43.8856 -3.52768 -13
      vertex 43.5307 -3.69552 -23
      vertex 43.8856 -3.52768 -23
    endloop
  endfacet
  facet normal 0.671621 0.740895 -0
    outer loop
      vertex 44.8284 2.82843 -23
      vertex 44.5376 3.09204 -13
      vertex 44.8284 2.82843 -13
    endloop
  endfacet
  facet normal 0.671621 0.740895 0
    outer loop
      vertex 44.5376 3.09204 -13
      vertex 44.8284 2.82843 -23
      vertex 44.5376 3.09204 -23
    endloop
  endfacet
  facet normal -0.904025 0.42748 0
    outer loop
      vertex 38.3045 1.53073 -23
      vertex 38.4723 1.88559 -13
      vertex 38.4723 1.88559 -23
    endloop
  endfacet
  facet normal -0.904025 0.42748 0
    outer loop
      vertex 38.4723 1.88559 -13
      vertex 38.3045 1.53073 -23
      vertex 38.3045 1.53073 -13
    endloop
  endfacet
  facet normal 0.243027 0.970019 -0
    outer loop
      vertex 43.1611 3.82776 -23
      vertex 42.7804 3.92314 -13
      vertex 43.1611 3.82776 -13
    endloop
  endfacet
  facet normal 0.243027 0.970019 0
    outer loop
      vertex 42.7804 3.92314 -13
      vertex 43.1611 3.82776 -23
      vertex 42.7804 3.92314 -23
    endloop
  endfacet
  facet normal -0.970079 0.242788 0
    outer loop
      vertex 38.0769 0.780361 -23
      vertex 38.1722 1.16114 -13
      vertex 38.1722 1.16114 -23
    endloop
  endfacet
  facet normal -0.970079 0.242788 0
    outer loop
      vertex 38.1722 1.16114 -13
      vertex 38.0769 0.780361 -23
      vertex 38.0769 0.780361 -13
    endloop
  endfacet
  facet normal -0.146733 0.989176 0
    outer loop
      vertex 41.6079 3.98074 -23
      vertex 41.2196 3.92314 -13
      vertex 41.6079 3.98074 -13
    endloop
  endfacet
  facet normal -0.146733 0.989176 0
    outer loop
      vertex 41.2196 3.92314 -13
      vertex 41.6079 3.98074 -23
      vertex 41.2196 3.92314 -23
    endloop
  endfacet
  facet normal 0.427523 0.904004 -0
    outer loop
      vertex 43.8856 3.52768 -23
      vertex 43.5307 3.69552 -13
      vertex 43.8856 3.52768 -13
    endloop
  endfacet
  facet normal 0.427523 0.904004 0
    outer loop
      vertex 43.5307 3.69552 -13
      vertex 43.8856 3.52768 -23
      vertex 43.5307 3.69552 -23
    endloop
  endfacet
  facet normal 0.740977 0.671531 0
    outer loop
      vertex 45.092 2.53757 -13
      vertex 44.8284 2.82843 -23
      vertex 44.8284 2.82843 -13
    endloop
  endfacet
  facet normal 0.740977 0.671531 0
    outer loop
      vertex 44.8284 2.82843 -23
      vertex 45.092 2.53757 -13
      vertex 45.092 2.53757 -23
    endloop
  endfacet
  facet normal 0.595695 0.80321 -0
    outer loop
      vertex 44.5376 3.09204 -23
      vertex 44.2223 3.32588 -13
      vertex 44.5376 3.09204 -13
    endloop
  endfacet
  facet normal 0.595695 0.80321 0
    outer loop
      vertex 44.2223 3.32588 -13
      vertex 44.5376 3.09204 -23
      vertex 44.2223 3.32588 -23
    endloop
  endfacet
  facet normal 0 0 1
    outer loop
      vertex 45.9807 0.392068 -13
      vertex 45.9807 -0.392068 -13
      vertex 46 0 -13
    endloop
  endfacet
  facet normal 0 0 1
    outer loop
      vertex 45.9231 0.780361 -13
      vertex 45.9807 -0.392068 -13
      vertex 45.9807 0.392068 -13
    endloop
  endfacet
  facet normal 0 0 1
    outer loop
      vertex 45.9231 0.780361 -13
      vertex 45.9231 -0.780361 -13
      vertex 45.9807 -0.392068 -13
    endloop
  endfacet
  facet normal 0 0 1
    outer loop
      vertex 45.8278 1.16114 -13
      vertex 45.9231 -0.780361 -13
      vertex 45.9231 0.780361 -13
    endloop
  endfacet
  facet normal 0 0 1
    outer loop
      vertex 45.8278 1.16114 -13
      vertex 45.8278 -1.16114 -13
      vertex 45.9231 -0.780361 -13
    endloop
  endfacet
  facet normal 0 0 1
    outer loop
      vertex 45.6955 1.53073 -13
      vertex 45.8278 -1.16114 -13
      vertex 45.8278 1.16114 -13
    endloop
  endfacet
  facet normal 0 0 1
    outer loop
      vertex 45.6955 1.53073 -13
      vertex 45.6955 -1.53073 -13
      vertex 45.8278 -1.16114 -13
    endloop
  endfacet
  facet normal 0 0 1
    outer loop
      vertex 45.5277 1.88559 -13
      vertex 45.6955 -1.53073 -13
      vertex 45.6955 1.53073 -13
    endloop
  endfacet
  facet normal 0 0 1
    outer loop
      vertex 45.5277 1.88559 -13
      vertex 45.5277 -1.88559 -13
      vertex 45.6955 -1.53073 -13
    endloop
  endfacet
  facet normal 0 0 1
    outer loop
      vertex 45.3259 2.22228 -13
      vertex 45.5277 -1.88559 -13
      vertex 45.5277 1.88559 -13
    endloop
  endfacet
  facet normal 0 0 1
    outer loop
      vertex 45.3259 2.22228 -13
      vertex 45.3259 -2.22228 -13
      vertex 45.5277 -1.88559 -13
    endloop
  endfacet
  facet normal 0 0 1
    outer loop
      vertex 45.092 2.53757 -13
      vertex 45.3259 -2.22228 -13
      vertex 45.3259 2.22228 -13
    endloop
  endfacet
  facet normal 0 0 1
    outer loop
      vertex 45.092 2.53757 -13
      vertex 45.092 -2.53757 -13
      vertex 45.3259 -2.22228 -13
    endloop
  endfacet
  facet normal 0 0 1
    outer loop
      vertex 44.8284 2.82843 -13
      vertex 45.092 -2.53757 -13
      vertex 45.092 2.53757 -13
    endloop
  endfacet
  facet normal 0 0 1
    outer loop
      vertex 44.8284 2.82843 -13
      vertex 44.8284 -2.82843 -13
      vertex 45.092 -2.53757 -13
    endloop
  endfacet
  facet normal 0 0 1
    outer loop
      vertex 44.5376 3.09204 -13
      vertex 44.8284 -2.82843 -13
      vertex 44.8284 2.82843 -13
    endloop
  endfacet
  facet normal 0 0 1
    outer loop
      vertex 44.5376 3.09204 -13
      vertex 44.5376 -3.09204 -13
      vertex 44.8284 -2.82843 -13
    endloop
  endfacet
  facet normal 0 0 1
    outer loop
      vertex 44.2223 3.32588 -13
      vertex 44.5376 -3.09204 -13
      vertex 44.5376 3.09204 -13
    endloop
  endfacet
  facet normal 0 0 1
    outer loop
      vertex 44.2223 3.32588 -13
      vertex 44.2223 -3.32588 -13
      vertex 44.5376 -3.09204 -13
    endloop
  endfacet
  facet normal 0 0 1
    outer loop
      vertex 43.8856 3.52768 -13
      vertex 44.2223 -3.32588 -13
      vertex 44.2223 3.32588 -13
    endloop
  endfacet
  facet normal 0 0 1
    outer loop
      vertex 43.8856 3.52768 -13
      vertex 43.8856 -3.52768 -13
      vertex 44.2223 -3.32588 -13
    endloop
  endfacet
  facet normal 0 0 1
    outer loop
      vertex 43.5307 3.69552 -13
      vertex 43.8856 -3.52768 -13
      vertex 43.8856 3.52768 -13
    endloop
  endfacet
  facet normal 0 0 1
    outer loop
      vertex 43.5307 3.69552 -13
      vertex 43.5307 -3.69552 -13
      vertex 43.8856 -3.52768 -13
    endloop
  endfacet
  facet normal 0 0 1
    outer loop
      vertex 43.1611 3.82776 -13
      vertex 43.5307 -3.69552 -13
      vertex 43.5307 3.69552 -13
    endloop
  endfacet
  facet normal 0 0 1
    outer loop
      vertex 43.1611 3.82776 -13
      vertex 43.1611 -3.82776 -13
      vertex 43.5307 -3.69552 -13
    endloop
  endfacet
  facet normal 0 0 1
    outer loop
      vertex 42.7804 3.92314 -13
      vertex 43.1611 -3.82776 -13
      vertex 43.1611 3.82776 -13
    endloop
  endfacet
  facet normal 0 0 1
    outer loop
      vertex 42.7804 3.92314 -13
      vertex 42.7804 -3.92314 -13
      vertex 43.1611 -3.82776 -13
    endloop
  endfacet
  facet normal 0 0 1
    outer loop
      vertex 42.3921 3.98074 -13
      vertex 42.7804 -3.92314 -13
      vertex 42.7804 3.92314 -13
    endloop
  endfacet
  facet normal 0 0 1
    outer loop
      vertex 42.3921 3.98074 -13
      vertex 42.3921 -3.98074 -13
      vertex 42.7804 -3.92314 -13
    endloop
  endfacet
  facet normal 0 0 1
    outer loop
      vertex 42 4 -13
      vertex 42.3921 -3.98074 -13
      vertex 42.3921 3.98074 -13
    endloop
  endfacet
  facet normal 0 0 1
    outer loop
      vertex 42 4 -13
      vertex 42 -4 -13
      vertex 42.3921 -3.98074 -13
    endloop
  endfacet
  facet normal -0 0 1
    outer loop
      vertex 41.6079 3.98074 -13
      vertex 42 -4 -13
      vertex 42 4 -13
    endloop
  endfacet
  facet normal 0 0 1
    outer loop
      vertex 41.6079 3.98074 -13
      vertex 41.6079 -3.98074 -13
      vertex 42 -4 -13
    endloop
  endfacet
  facet normal -0 0 1
    outer loop
      vertex 41.2196 3.92314 -13
      vertex 41.6079 -3.98074 -13
      vertex 41.6079 3.98074 -13
    endloop
  endfacet
  facet normal 0 0 1
    outer loop
      vertex 41.2196 3.92314 -13
      vertex 41.2196 -3.92314 -13
      vertex 41.6079 -3.98074 -13
    endloop
  endfacet
  facet normal -0 0 1
    outer loop
      vertex 40.8389 3.82776 -13
      vertex 41.2196 -3.92314 -13
      vertex 41.2196 3.92314 -13
    endloop
  endfacet
  facet normal 0 0 1
    outer loop
      vertex 40.8389 3.82776 -13
      vertex 40.8389 -3.82776 -13
      vertex 41.2196 -3.92314 -13
    endloop
  endfacet
  facet normal -0 0 1
    outer loop
      vertex 40.4693 3.69552 -13
      vertex 40.8389 -3.82776 -13
      vertex 40.8389 3.82776 -13
    endloop
  endfacet
  facet normal 0 0 1
    outer loop
      vertex 40.4693 3.69552 -13
      vertex 40.4693 -3.69552 -13
      vertex 40.8389 -3.82776 -13
    endloop
  endfacet
  facet normal -0 0 1
    outer loop
      vertex 40.1144 3.52768 -13
      vertex 40.4693 -3.69552 -13
      vertex 40.4693 3.69552 -13
    endloop
  endfacet
  facet normal 0 0 1
    outer loop
      vertex 40.1144 3.52768 -13
      vertex 40.1144 -3.52768 -13
      vertex 40.4693 -3.69552 -13
    endloop
  endfacet
  facet normal -0 0 1
    outer loop
      vertex 39.7777 3.32588 -13
      vertex 40.1144 -3.52768 -13
      vertex 40.1144 3.52768 -13
    endloop
  endfacet
  facet normal 0 0 1
    outer loop
      vertex 39.7777 3.32588 -13
      vertex 39.7777 -3.32588 -13
      vertex 40.1144 -3.52768 -13
    endloop
  endfacet
  facet normal -0 0 1
    outer loop
      vertex 39.4624 3.09204 -13
      vertex 39.7777 -3.32588 -13
      vertex 39.7777 3.32588 -13
    endloop
  endfacet
  facet normal 0 0 1
    outer loop
      vertex 39.4624 3.09204 -13
      vertex 39.4624 -3.09204 -13
      vertex 39.7777 -3.32588 -13
    endloop
  endfacet
  facet normal -0 0 1
    outer loop
      vertex 39.1716 2.82843 -13
      vertex 39.4624 -3.09204 -13
      vertex 39.4624 3.09204 -13
    endloop
  endfacet
  facet normal 0 0 1
    outer loop
      vertex 39.1716 2.82843 -13
      vertex 39.1716 -2.82843 -13
      vertex 39.4624 -3.09204 -13
    endloop
  endfacet
  facet normal -0 0 1
    outer loop
      vertex 38.908 2.53757 -13
      vertex 39.1716 -2.82843 -13
      vertex 39.1716 2.82843 -13
    endloop
  endfacet
  facet normal 0 0 1
    outer loop
      vertex 38.908 2.53757 -13
      vertex 38.908 -2.53757 -13
      vertex 39.1716 -2.82843 -13
    endloop
  endfacet
  facet normal -0 0 1
    outer loop
      vertex 38.6741 2.22228 -13
      vertex 38.908 -2.53757 -13
      vertex 38.908 2.53757 -13
    endloop
  endfacet
  facet normal 0 0 1
    outer loop
      vertex 38.6741 2.22228 -13
      vertex 38.6741 -2.22228 -13
      vertex 38.908 -2.53757 -13
    endloop
  endfacet
  facet normal -0 0 1
    outer loop
      vertex 38.4723 1.88559 -13
      vertex 38.6741 -2.22228 -13
      vertex 38.6741 2.22228 -13
    endloop
  endfacet
  facet normal 0 0 1
    outer loop
      vertex 38.4723 1.88559 -13
      vertex 38.4723 -1.88559 -13
      vertex 38.6741 -2.22228 -13
    endloop
  endfacet
  facet normal -0 0 1
    outer loop
      vertex 38.3045 1.53073 -13
      vertex 38.4723 -1.88559 -13
      vertex 38.4723 1.88559 -13
    endloop
  endfacet
  facet normal 0 0 1
    outer loop
      vertex 38.3045 1.53073 -13
      vertex 38.3045 -1.53073 -13
      vertex 38.4723 -1.88559 -13
    endloop
  endfacet
  facet normal -0 0 1
    outer loop
      vertex 38.1722 1.16114 -13
      vertex 38.3045 -1.53073 -13
      vertex 38.3045 1.53073 -13
    endloop
  endfacet
  facet normal 0 0 1
    outer loop
      vertex 38.1722 1.16114 -13
      vertex 38.1722 -1.16114 -13
      vertex 38.3045 -1.53073 -13
    endloop
  endfacet
  facet normal -0 0 1
    outer loop
      vertex 38.0769 0.780361 -13
      vertex 38.1722 -1.16114 -13
      vertex 38.1722 1.16114 -13
    endloop
  endfacet
  facet normal 0 0 1
    outer loop
      vertex 38.0769 0.780361 -13
      vertex 38.0769 -0.780361 -13
      vertex 38.1722 -1.16114 -13
    endloop
  endfacet
  facet normal -0 0 1
    outer loop
      vertex 38.0193 0.392068 -13
      vertex 38.0769 -0.780361 -13
      vertex 38.0769 0.780361 -13
    endloop
  endfacet
  facet normal 0 0 1
    outer loop
      vertex 38.0193 0.392068 -13
      vertex 38.0193 -0.392068 -13
      vertex 38.0769 -0.780361 -13
    endloop
  endfacet
  facet normal 0 -0 1
    outer loop
      vertex 38.0193 -0.392068 -13
      vertex 38.0193 0.392068 -13
      vertex 38 0 -13
    endloop
  endfacet
  facet normal -0.671621 0.740895 0
    outer loop
      vertex 39.4624 3.09204 -23
      vertex 39.1716 2.82843 -13
      vertex 39.4624 3.09204 -13
    endloop
  endfacet
  facet normal -0.671621 0.740895 0
    outer loop
      vertex 39.1716 2.82843 -13
      vertex 39.4624 3.09204 -23
      vertex 39.1716 2.82843 -23
    endloop
  endfacet
  facet normal 0.514084 0.85774 -0
    outer loop
      vertex 44.2223 3.32588 -23
      vertex 43.8856 3.52768 -13
      vertex 44.2223 3.32588 -13
    endloop
  endfacet
  facet normal 0.514084 0.85774 0
    outer loop
      vertex 43.8856 3.52768 -13
      vertex 44.2223 3.32588 -23
      vertex 43.8856 3.52768 -23
    endloop
  endfacet
  facet normal 0.146733 -0.989176 0
    outer loop
      vertex 42.3921 -3.98074 -23
      vertex 42.7804 -3.92314 -13
      vertex 42.3921 -3.98074 -13
    endloop
  endfacet
  facet normal 0.146733 -0.989176 0
    outer loop
      vertex 42.7804 -3.92314 -13
      vertex 42.3921 -3.98074 -23
      vertex 42.7804 -3.92314 -23
    endloop
  endfacet
  facet normal -0.336879 0.941548 0
    outer loop
      vertex 40.8389 3.82776 -23
      vertex 40.4693 3.69552 -13
      vertex 40.8389 3.82776 -13
    endloop
  endfacet
  facet normal -0.336879 0.941548 0
    outer loop
      vertex 40.4693 3.69552 -13
      vertex 40.8389 3.82776 -23
      vertex 40.4693 3.69552 -23
    endloop
  endfacet
  facet normal -0.243027 -0.970019 0
    outer loop
      vertex 40.8389 -3.82776 -23
      vertex 41.2196 -3.92314 -13
      vertex 40.8389 -3.82776 -13
    endloop
  endfacet
  facet normal -0.243027 -0.970019 -0
    outer loop
      vertex 41.2196 -3.92314 -13
      vertex 40.8389 -3.82776 -23
      vertex 41.2196 -3.92314 -23
    endloop
  endfacet
  facet normal 0.989176 -0.146736 0
    outer loop
      vertex 45.9231 -0.780361 -13
      vertex 45.9807 -0.392068 -23
      vertex 45.9807 -0.392068 -13
    endloop
  endfacet
  facet normal 0.989176 -0.146736 0
    outer loop
      vertex 45.9807 -0.392068 -23
      vertex 45.9231 -0.780361 -13
      vertex 45.9231 -0.780361 -23
    endloop
  endfacet
  facet normal -0.243027 0.970019 0
    outer loop
      vertex 41.2196 3.92314 -23
      vertex 40.8389 3.82776 -13
      vertex 41.2196 3.92314 -13
    endloop
  endfacet
  facet normal -0.243027 0.970019 0
    outer loop
      vertex 40.8389 3.82776 -13
      vertex 41.2196 3.92314 -23
      vertex 40.8389 3.82776 -23
    endloop
  endfacet
  facet normal 0.671621 -0.740895 0
    outer loop
      vertex 44.5376 -3.09204 -23
      vertex 44.8284 -2.82843 -13
      vertex 44.5376 -3.09204 -13
    endloop
  endfacet
  facet normal 0.671621 -0.740895 0
    outer loop
      vertex 44.8284 -2.82843 -13
      vertex 44.5376 -3.09204 -23
      vertex 44.8284 -2.82843 -23
    endloop
  endfacet
  facet normal 0.740977 -0.671531 0
    outer loop
      vertex 44.8284 -2.82843 -13
      vertex 45.092 -2.53757 -23
      vertex 45.092 -2.53757 -13
    endloop
  endfacet
  facet normal 0.740977 -0.671531 0
    outer loop
      vertex 45.092 -2.53757 -23
      vertex 44.8284 -2.82843 -13
      vertex 44.8284 -2.82843 -23
    endloop
  endfacet
  facet normal -0.998791 0.0491666 0
    outer loop
      vertex 38 0 -23
      vertex 38.0193 0.392068 -13
      vertex 38.0193 0.392068 -23
    endloop
  endfacet
  facet normal -0.998791 0.0491666 0
    outer loop
      vertex 38.0193 0.392068 -13
      vertex 38 0 -23
      vertex 38 0 -13
    endloop
  endfacet
  facet normal -0.740977 -0.671531 0
    outer loop
      vertex 39.1716 -2.82843 -23
      vertex 38.908 -2.53757 -13
      vertex 38.908 -2.53757 -23
    endloop
  endfacet
  facet normal -0.740977 -0.671531 0
    outer loop
      vertex 38.908 -2.53757 -13
      vertex 39.1716 -2.82843 -23
      vertex 39.1716 -2.82843 -13
    endloop
  endfacet
  facet normal -0.803128 -0.595806 0
    outer loop
      vertex 38.908 -2.53757 -23
      vertex 38.6741 -2.22228 -13
      vertex 38.6741 -2.22228 -23
    endloop
  endfacet
  facet normal -0.803128 -0.595806 0
    outer loop
      vertex 38.6741 -2.22228 -13
      vertex 38.908 -2.53757 -23
      vertex 38.908 -2.53757 -13
    endloop
  endfacet
  facet normal -0.989176 0.146736 0
    outer loop
      vertex 38.0193 0.392068 -23
      vertex 38.0769 0.780361 -13
      vertex 38.0769 0.780361 -23
    endloop
  endfacet
  facet normal -0.989176 0.146736 0
    outer loop
      vertex 38.0769 0.780361 -13
      vertex 38.0193 0.392068 -23
      vertex 38.0193 0.392068 -13
    endloop
  endfacet
  facet normal 0.146733 0.989176 -0
    outer loop
      vertex 42.7804 3.92314 -23
      vertex 42.3921 3.98074 -13
      vertex 42.7804 3.92314 -13
    endloop
  endfacet
  facet normal 0.146733 0.989176 0
    outer loop
      vertex 42.3921 3.98074 -13
      vertex 42.7804 3.92314 -23
      vertex 42.3921 3.98074 -23
    endloop
  endfacet
  facet normal -0.146733 -0.989176 0
    outer loop
      vertex 41.2196 -3.92314 -23
      vertex 41.6079 -3.98074 -13
      vertex 41.2196 -3.92314 -13
    endloop
  endfacet
  facet normal -0.146733 -0.989176 -0
    outer loop
      vertex 41.6079 -3.98074 -13
      vertex 41.2196 -3.92314 -23
      vertex 41.6079 -3.98074 -23
    endloop
  endfacet
  facet normal -0.595695 -0.80321 0
    outer loop
      vertex 39.4624 -3.09204 -23
      vertex 39.7777 -3.32588 -13
      vertex 39.4624 -3.09204 -13
    endloop
  endfacet
  facet normal -0.595695 -0.80321 -0
    outer loop
      vertex 39.7777 -3.32588 -13
      vertex 39.4624 -3.09204 -23
      vertex 39.7777 -3.32588 -23
    endloop
  endfacet
  facet normal -0.857733 -0.514095 0
    outer loop
      vertex 38.6741 -2.22228 -23
      vertex 38.4723 -1.88559 -13
      vertex 38.4723 -1.88559 -23
    endloop
  endfacet
  facet normal -0.857733 -0.514095 0
    outer loop
      vertex 38.4723 -1.88559 -13
      vertex 38.6741 -2.22228 -23
      vertex 38.6741 -2.22228 -13
    endloop
  endfacet
  facet normal 0 0 -1
    outer loop
      vertex 45.9807 -0.392068 -23
      vertex 45.9807 0.392068 -23
      vertex 46 0 -23
    endloop
  endfacet
  facet normal 0 0 -1
    outer loop
      vertex 45.9231 -0.780361 -23
      vertex 45.9807 0.392068 -23
      vertex 45.9807 -0.392068 -23
    endloop
  endfacet
  facet normal 0 0 -1
    outer loop
      vertex 45.9231 -0.780361 -23
      vertex 45.9231 0.780361 -23
      vertex 45.9807 0.392068 -23
    endloop
  endfacet
  facet normal 0 0 -1
    outer loop
      vertex 45.8278 -1.16114 -23
      vertex 45.9231 0.780361 -23
      vertex 45.9231 -0.780361 -23
    endloop
  endfacet
  facet normal 0 0 -1
    outer loop
      vertex 45.8278 -1.16114 -23
      vertex 45.8278 1.16114 -23
      vertex 45.9231 0.780361 -23
    endloop
  endfacet
  facet normal 0 0 -1
    outer loop
      vertex 45.6955 -1.53073 -23
      vertex 45.8278 1.16114 -23
      vertex 45.8278 -1.16114 -23
    endloop
  endfacet
  facet normal 0 0 -1
    outer loop
      vertex 45.6955 -1.53073 -23
      vertex 45.6955 1.53073 -23
      vertex 45.8278 1.16114 -23
    endloop
  endfacet
  facet normal 0 0 -1
    outer loop
      vertex 45.5277 -1.88559 -23
      vertex 45.6955 1.53073 -23
      vertex 45.6955 -1.53073 -23
    endloop
  endfacet
  facet normal 0 0 -1
    outer loop
      vertex 45.5277 -1.88559 -23
      vertex 45.5277 1.88559 -23
      vertex 45.6955 1.53073 -23
    endloop
  endfacet
  facet normal 0 0 -1
    outer loop
      vertex 45.3259 -2.22228 -23
      vertex 45.5277 1.88559 -23
      vertex 45.5277 -1.88559 -23
    endloop
  endfacet
  facet normal 0 0 -1
    outer loop
      vertex 45.3259 -2.22228 -23
      vertex 45.3259 2.22228 -23
      vertex 45.5277 1.88559 -23
    endloop
  endfacet
  facet normal 0 0 -1
    outer loop
      vertex 45.092 -2.53757 -23
      vertex 45.3259 2.22228 -23
      vertex 45.3259 -2.22228 -23
    endloop
  endfacet
  facet normal 0 0 -1
    outer loop
      vertex 45.092 -2.53757 -23
      vertex 45.092 2.53757 -23
      vertex 45.3259 2.22228 -23
    endloop
  endfacet
  facet normal 0 0 -1
    outer loop
      vertex 44.8284 -2.82843 -23
      vertex 45.092 2.53757 -23
      vertex 45.092 -2.53757 -23
    endloop
  endfacet
  facet normal 0 0 -1
    outer loop
      vertex 44.8284 -2.82843 -23
      vertex 44.8284 2.82843 -23
      vertex 45.092 2.53757 -23
    endloop
  endfacet
  facet normal 0 0 -1
    outer loop
      vertex 44.5376 -3.09204 -23
      vertex 44.8284 2.82843 -23
      vertex 44.8284 -2.82843 -23
    endloop
  endfacet
  facet normal 0 0 -1
    outer loop
      vertex 44.5376 -3.09204 -23
      vertex 44.5376 3.09204 -23
      vertex 44.8284 2.82843 -23
    endloop
  endfacet
  facet normal 0 0 -1
    outer loop
      vertex 44.2223 -3.32588 -23
      vertex 44.5376 3.09204 -23
      vertex 44.5376 -3.09204 -23
    endloop
  endfacet
  facet normal 0 0 -1
    outer loop
      vertex 44.2223 -3.32588 -23
      vertex 44.2223 3.32588 -23
      vertex 44.5376 3.09204 -23
    endloop
  endfacet
  facet normal 0 0 -1
    outer loop
      vertex 43.8856 -3.52768 -23
      vertex 44.2223 3.32588 -23
      vertex 44.2223 -3.32588 -23
    endloop
  endfacet
  facet normal 0 0 -1
    outer loop
      vertex 43.8856 -3.52768 -23
      vertex 43.8856 3.52768 -23
      vertex 44.2223 3.32588 -23
    endloop
  endfacet
  facet normal 0 0 -1
    outer loop
      vertex 43.5307 -3.69552 -23
      vertex 43.8856 3.52768 -23
      vertex 43.8856 -3.52768 -23
    endloop
  endfacet
  facet normal 0 0 -1
    outer loop
      vertex 43.5307 -3.69552 -23
      vertex 43.5307 3.69552 -23
      vertex 43.8856 3.52768 -23
    endloop
  endfacet
  facet normal 0 0 -1
    outer loop
      vertex 43.1611 -3.82776 -23
      vertex 43.5307 3.69552 -23
      vertex 43.5307 -3.69552 -23
    endloop
  endfacet
  facet normal 0 0 -1
    outer loop
      vertex 43.1611 -3.82776 -23
      vertex 43.1611 3.82776 -23
      vertex 43.5307 3.69552 -23
    endloop
  endfacet
  facet normal 0 0 -1
    outer loop
      vertex 42.7804 -3.92314 -23
      vertex 43.1611 3.82776 -23
      vertex 43.1611 -3.82776 -23
    endloop
  endfacet
  facet normal 0 0 -1
    outer loop
      vertex 42.7804 -3.92314 -23
      vertex 42.7804 3.92314 -23
      vertex 43.1611 3.82776 -23
    endloop
  endfacet
  facet normal 0 0 -1
    outer loop
      vertex 42.3921 -3.98074 -23
      vertex 42.7804 3.92314 -23
      vertex 42.7804 -3.92314 -23
    endloop
  endfacet
  facet normal 0 0 -1
    outer loop
      vertex 42.3921 -3.98074 -23
      vertex 42.3921 3.98074 -23
      vertex 42.7804 3.92314 -23
    endloop
  endfacet
  facet normal 0 0 -1
    outer loop
      vertex 42 -4 -23
      vertex 42.3921 3.98074 -23
      vertex 42.3921 -3.98074 -23
    endloop
  endfacet
  facet normal 0 0 -1
    outer loop
      vertex 42 -4 -23
      vertex 42 4 -23
      vertex 42.3921 3.98074 -23
    endloop
  endfacet
  facet normal 0 0 -1
    outer loop
      vertex 41.6079 -3.98074 -23
      vertex 42 4 -23
      vertex 42 -4 -23
    endloop
  endfacet
  facet normal 0 0 -1
    outer loop
      vertex 41.6079 -3.98074 -23
      vertex 41.6079 3.98074 -23
      vertex 42 4 -23
    endloop
  endfacet
  facet normal 0 0 -1
    outer loop
      vertex 41.2196 -3.92314 -23
      vertex 41.6079 3.98074 -23
      vertex 41.6079 -3.98074 -23
    endloop
  endfacet
  facet normal 0 0 -1
    outer loop
      vertex 41.2196 -3.92314 -23
      vertex 41.2196 3.92314 -23
      vertex 41.6079 3.98074 -23
    endloop
  endfacet
  facet normal 0 0 -1
    outer loop
      vertex 40.8389 -3.82776 -23
      vertex 41.2196 3.92314 -23
      vertex 41.2196 -3.92314 -23
    endloop
  endfacet
  facet normal 0 0 -1
    outer loop
      vertex 40.8389 -3.82776 -23
      vertex 40.8389 3.82776 -23
      vertex 41.2196 3.92314 -23
    endloop
  endfacet
  facet normal 0 0 -1
    outer loop
      vertex 40.4693 -3.69552 -23
      vertex 40.8389 3.82776 -23
      vertex 40.8389 -3.82776 -23
    endloop
  endfacet
  facet normal 0 0 -1
    outer loop
      vertex 40.4693 -3.69552 -23
      vertex 40.4693 3.69552 -23
      vertex 40.8389 3.82776 -23
    endloop
  endfacet
  facet normal 0 0 -1
    outer loop
      vertex 40.1144 -3.52768 -23
      vertex 40.4693 3.69552 -23
      vertex 40.4693 -3.69552 -23
    endloop
  endfacet
  facet normal 0 0 -1
    outer loop
      vertex 40.1144 -3.52768 -23
      vertex 40.1144 3.52768 -23
      vertex 40.4693 3.69552 -23
    endloop
  endfacet
  facet normal 0 0 -1
    outer loop
      vertex 39.7777 -3.32588 -23
      vertex 40.1144 3.52768 -23
      vertex 40.1144 -3.52768 -23
    endloop
  endfacet
  facet normal 0 0 -1
    outer loop
      vertex 39.7777 -3.32588 -23
      vertex 39.7777 3.32588 -23
      vertex 40.1144 3.52768 -23
    endloop
  endfacet
  facet normal 0 0 -1
    outer loop
      vertex 39.4624 -3.09204 -23
      vertex 39.7777 3.32588 -23
      vertex 39.7777 -3.32588 -23
    endloop
  endfacet
  facet normal 0 0 -1
    outer loop
      vertex 39.4624 -3.09204 -23
      vertex 39.4624 3.09204 -23
      vertex 39.7777 3.32588 -23
    endloop
  endfacet
  facet normal 0 0 -1
    outer loop
      vertex 39.1716 -2.82843 -23
      vertex 39.4624 3.09204 -23
      vertex 39.4624 -3.09204 -23
    endloop
  endfacet
  facet normal 0 0 -1
    outer loop
      vertex 39.1716 -2.82843 -23
      vertex 39.1716 2.82843 -23
      vertex 39.4624 3.09204 -23
    endloop
  endfacet
  facet normal 0 0 -1
    outer loop
      vertex 38.908 -2.53757 -23
      vertex 39.1716 2.82843 -23
      vertex 39.1716 -2.82843 -23
    endloop
  endfacet
  facet normal 0 0 -1
    outer loop
      vertex 38.908 -2.53757 -23
      vertex 38.908 2.53757 -23
      vertex 39.1716 2.82843 -23
    endloop
  endfacet
  facet normal 0 0 -1
    outer loop
      vertex 38.6741 -2.22228 -23
      vertex 38.908 2.53757 -23
      vertex 38.908 -2.53757 -23
    endloop
  endfacet
  facet normal 0 0 -1
    outer loop
      vertex 38.6741 -2.22228 -23
      vertex 38.6741 2.22228 -23
      vertex 38.908 2.53757 -23
    endloop
  endfacet
  facet normal 0 0 -1
    outer loop
      vertex 38.4723 -1.88559 -23
      vertex 38.6741 2.22228 -23
      vertex 38.6741 -2.22228 -23
    endloop
  endfacet
  facet normal 0 0 -1
    outer loop
      vertex 38.4723 -1.88559 -23
      vertex 38.4723 1.88559 -23
      vertex 38.6741 2.22228 -23
    endloop
  endfacet
  facet normal 0 0 -1
    outer loop
      vertex 38.3045 -1.53073 -23
      vertex 38.4723 1.88559 -23
      vertex 38.4723 -1.88559 -23
    endloop
  endfacet
  facet normal 0 0 -1
    outer loop
      vertex 38.3045 -1.53073 -23
      vertex 38.3045 1.53073 -23
      vertex 38.4723 1.88559 -23
    endloop
  endfacet
  facet normal 0 0 -1
    outer loop
      vertex 38.1722 -1.16114 -23
      vertex 38.3045 1.53073 -23
      vertex 38.3045 -1.53073 -23
    endloop
  endfacet
  facet normal 0 0 -1
    outer loop
      vertex 38.1722 -1.16114 -23
      vertex 38.1722 1.16114 -23
      vertex 38.3045 1.53073 -23
    endloop
  endfacet
  facet normal 0 0 -1
    outer loop
      vertex 38.0769 -0.780361 -23
      vertex 38.1722 1.16114 -23
      vertex 38.1722 -1.16114 -23
    endloop
  endfacet
  facet normal 0 0 -1
    outer loop
      vertex 38.0769 -0.780361 -23
      vertex 38.0769 0.780361 -23
      vertex 38.1722 1.16114 -23
    endloop
  endfacet
  facet normal 0 0 -1
    outer loop
      vertex 38.0193 -0.392068 -23
      vertex 38.0769 0.780361 -23
      vertex 38.0769 -0.780361 -23
    endloop
  endfacet
  facet normal 0 0 -1
    outer loop
      vertex 38.0193 -0.392068 -23
      vertex 38.0193 0.392068 -23
      vertex 38.0769 0.780361 -23
    endloop
  endfacet
  facet normal 0 -0 -1
    outer loop
      vertex 38.0193 0.392068 -23
      vertex 38.0193 -0.392068 -23
      vertex 38 0 -23
    endloop
  endfacet
  facet normal -0.803128 0.595806 0
    outer loop
      vertex 38.6741 2.22228 -23
      vertex 38.908 2.53757 -13
      vertex 38.908 2.53757 -23
    endloop
  endfacet
  facet normal -0.803128 0.595806 0
    outer loop
      vertex 38.908 2.53757 -13
      vertex 38.6741 2.22228 -23
      vertex 38.6741 2.22228 -13
    endloop
  endfacet
  facet normal 1 0 0
    outer loop
      vertex 5 -3.52339 8.74173
      vertex 5 3.52339 8.74173
      vertex 5 3.78795 9
    endloop
  endfacet
  facet normal 1 -0 0
    outer loop
      vertex 5 -3.0832 8.31201
      vertex 5 3.02299 8.25323
      vertex 5 3.0832 8.31201
    endloop
  endfacet
  facet normal 1 0 0
    outer loop
      vertex 5 3.52339 8.74173
      vertex 5 -3.52339 8.74173
      vertex 5 3.0832 8.31201
    endloop
  endfacet
  facet normal 1 0 0
    outer loop
      vertex 5 3.0106 8.24113
      vertex 5 -3.00698 8.2376
      vertex 5 3.00698 8.2376
    endloop
  endfacet
  facet normal 1 0 -0
    outer loop
      vertex 5 -3.0832 8.31201
      vertex 5 3.0832 8.31201
      vertex 5 -3.52339 8.74173
    endloop
  endfacet
  facet normal 1 0 0
    outer loop
      vertex 5 3.0106 8.24113
      vertex 5 -3.0106 8.24113
      vertex 5 -3.00698 8.2376
    endloop
  endfacet
  facet normal 1 0 0
    outer loop
      vertex 5 3.0106 8.24113
      vertex 5 -3.02299 8.25323
      vertex 5 -3.0106 8.24113
    endloop
  endfacet
  facet normal 1 0 0
    outer loop
      vertex 5 3.02299 8.25323
      vertex 5 -3.02299 8.25323
      vertex 5 3.0106 8.24113
    endloop
  endfacet
  facet normal 1 0 -0
    outer loop
      vertex 5 -3.02299 8.25323
      vertex 5 3.02299 8.25323
      vertex 5 -3.0832 8.31201
    endloop
  endfacet
  facet normal 1 0 -0
    outer loop
      vertex 5 -3.52339 8.74173
      vertex 5 3.78795 9
      vertex 5 -3.78795 9
    endloop
  endfacet
  facet normal 1 0 0
    outer loop
      vertex 5 4.67518 6.03007
      vertex 5 5 3
      vertex 5 5 5.69177
    endloop
  endfacet
  facet normal 1 0 0
    outer loop
      vertex 5 4.23492 6.53026
      vertex 5 5 3
      vertex 5 4.67518 6.03007
    endloop
  endfacet
  facet normal 1 0 0
    outer loop
      vertex 5 3.84059 7.02028
      vertex 5 5 3
      vertex 5 4.23492 6.53026
    endloop
  endfacet
  facet normal 1 0 0
    outer loop
      vertex 5 -3.84059 7.02028
      vertex 5 3.84059 7.02028
      vertex 5 3.82265 7.04258
    endloop
  endfacet
  facet normal 1 0 0
    outer loop
      vertex 5 -3.82265 7.04258
      vertex 5 3.82265 7.04258
      vertex 5 3.80673 7.06433
    endloop
  endfacet
  facet normal 1 0 0
    outer loop
      vertex 5 -3.80673 7.06433
      vertex 5 3.80673 7.06433
      vertex 5 3.44233 7.56208
    endloop
  endfacet
  facet normal 1 0 0
    outer loop
      vertex 5 -3.44233 7.56208
      vertex 5 3.44233 7.56208
      vertex 5 3.09946 8.08101
    endloop
  endfacet
  facet normal 1 0 0
    outer loop
      vertex 5 -3.09946 8.08101
      vertex 5 3.09946 8.08101
      vertex 5 3.09763 8.08377
    endloop
  endfacet
  facet normal 1 0 0
    outer loop
      vertex 5 -3.09763 8.08377
      vertex 5 3.09763 8.08377
      vertex 5 3.00698 8.2376
    endloop
  endfacet
  facet normal 1 0 0
    outer loop
      vertex 5 -3.09763 8.08377
      vertex 5 3.00698 8.2376
      vertex 5 -3.00698 8.2376
    endloop
  endfacet
  facet normal 1 0 0
    outer loop
      vertex 5 3.09763 8.08377
      vertex 5 -3.09763 8.08377
      vertex 5 -3.09946 8.08101
    endloop
  endfacet
  facet normal 1 0 0
    outer loop
      vertex 5 3.09946 8.08101
      vertex 5 -3.09946 8.08101
      vertex 5 -3.44233 7.56208
    endloop
  endfacet
  facet normal 1 0 0
    outer loop
      vertex 5 3.44233 7.56208
      vertex 5 -3.44233 7.56208
      vertex 5 -3.80673 7.06433
    endloop
  endfacet
  facet normal 1 0 0
    outer loop
      vertex 5 3.80673 7.06433
      vertex 5 -3.80673 7.06433
      vertex 5 -3.82265 7.04258
    endloop
  endfacet
  facet normal 1 0 0
    outer loop
      vertex 5 3.82265 7.04258
      vertex 5 -3.82265 7.04258
      vertex 5 -3.84059 7.02028
    endloop
  endfacet
  facet normal 1 0 0
    outer loop
      vertex 5 3.84059 7.02028
      vertex 5 -3.84059 7.02028
      vertex 5 5 3
    endloop
  endfacet
  facet normal 1 0 0
    outer loop
      vertex 5 -5 3
      vertex 5 -3.84059 7.02028
      vertex 5 -4.23492 6.53026
    endloop
  endfacet
  facet normal 1 0 0
    outer loop
      vertex 5 -5 3
      vertex 5 -4.23492 6.53026
      vertex 5 -4.67518 6.03007
    endloop
  endfacet
  facet normal 1 0 0
    outer loop
      vertex 5 -5 3
      vertex 5 -4.67518 6.03007
      vertex 5 -5 5.69177
    endloop
  endfacet
  facet normal 1 0 0
    outer loop
      vertex 5 -3.84059 7.02028
      vertex 5 -5 3
      vertex 5 5 3
    endloop
  endfacet
  facet normal 0 0 1
    outer loop
      vertex 5 3.78795 9
      vertex 4 0 9
      vertex 5 -3.78795 9
    endloop
  endfacet
  facet normal 0 0 1
    outer loop
      vertex 5 3.78795 9
      vertex 3.98074 0.392068 9
      vertex 4 0 9
    endloop
  endfacet
  facet normal 0 0 1
    outer loop
      vertex 5 3.78795 9
      vertex 3.92314 0.780361 9
      vertex 3.98074 0.392068 9
    endloop
  endfacet
  facet normal 0 0 1
    outer loop
      vertex 5 3.78795 9
      vertex 3.82776 1.16114 9
      vertex 3.92314 0.780361 9
    endloop
  endfacet
  facet normal 0 0 1
    outer loop
      vertex 5 3.78795 9
      vertex 3.69552 1.53073 9
      vertex 3.82776 1.16114 9
    endloop
  endfacet
  facet normal 0 0 1
    outer loop
      vertex 5 3.78795 9
      vertex 3.52768 1.88559 9
      vertex 3.69552 1.53073 9
    endloop
  endfacet
  facet normal 0 0 1
    outer loop
      vertex 5 3.78795 9
      vertex 3.32588 2.22228 9
      vertex 3.52768 1.88559 9
    endloop
  endfacet
  facet normal 0 0 1
    outer loop
      vertex 2.82843 2.82843 9
      vertex 5 3.78795 9
      vertex 3.26901 5 9
    endloop
  endfacet
  facet normal 0 0 1
    outer loop
      vertex 5 3.78795 9
      vertex 3.09204 2.53757 9
      vertex 3.32588 2.22228 9
    endloop
  endfacet
  facet normal 0 0 1
    outer loop
      vertex 5 3.78795 9
      vertex 2.82843 2.82843 9
      vertex 3.09204 2.53757 9
    endloop
  endfacet
  facet normal 0 0 1
    outer loop
      vertex 3.26901 5 9
      vertex 2.53757 3.09204 9
      vertex 2.82843 2.82843 9
    endloop
  endfacet
  facet normal 0 0 1
    outer loop
      vertex 3.26901 5 9
      vertex 2.22228 3.32588 9
      vertex 2.53757 3.09204 9
    endloop
  endfacet
  facet normal 0 0 1
    outer loop
      vertex 3.26901 5 9
      vertex 1.88559 3.52768 9
      vertex 2.22228 3.32588 9
    endloop
  endfacet
  facet normal 0 0 1
    outer loop
      vertex 3.26901 5 9
      vertex 1.53073 3.69552 9
      vertex 1.88559 3.52768 9
    endloop
  endfacet
  facet normal 0 0 1
    outer loop
      vertex 3.26901 5 9
      vertex 1.16114 3.82776 9
      vertex 1.53073 3.69552 9
    endloop
  endfacet
  facet normal 0 0 1
    outer loop
      vertex 3.26901 5 9
      vertex 0.780361 3.92314 9
      vertex 1.16114 3.82776 9
    endloop
  endfacet
  facet normal 0 0 1
    outer loop
      vertex 3.26901 5 9
      vertex 0.392068 3.98074 9
      vertex 0.780361 3.92314 9
    endloop
  endfacet
  facet normal 0 0 1
    outer loop
      vertex 3.26901 5 9
      vertex 0 4 9
      vertex 0.392068 3.98074 9
    endloop
  endfacet
  facet normal -0 0 1
    outer loop
      vertex -3.26901 5 9
      vertex 0 4 9
      vertex 3.26901 5 9
    endloop
  endfacet
  facet normal 0 0 1
    outer loop
      vertex 0 4 9
      vertex -3.26901 5 9
      vertex -0.392068 3.98074 9
    endloop
  endfacet
  facet normal 0 0 1
    outer loop
      vertex -0.392068 3.98074 9
      vertex -3.26901 5 9
      vertex -0.780361 3.92314 9
    endloop
  endfacet
  facet normal 0 0 1
    outer loop
      vertex -0.780361 3.92314 9
      vertex -3.26901 5 9
      vertex -1.16114 3.82776 9
    endloop
  endfacet
  facet normal 0 0 1
    outer loop
      vertex -3.26901 5 9
      vertex -1.53073 3.69552 9
      vertex -1.16114 3.82776 9
    endloop
  endfacet
  facet normal 0 0 1
    outer loop
      vertex -3.26901 5 9
      vertex -1.88559 3.52768 9
      vertex -1.53073 3.69552 9
    endloop
  endfacet
  facet normal 0 0 1
    outer loop
      vertex -3.26901 5 9
      vertex -2.22228 3.32588 9
      vertex -1.88559 3.52768 9
    endloop
  endfacet
  facet normal 0 0 1
    outer loop
      vertex -3.26901 5 9
      vertex -2.53757 3.09204 9
      vertex -2.22228 3.32588 9
    endloop
  endfacet
  facet normal 0 0 1
    outer loop
      vertex -3.26901 5 9
      vertex -2.82843 2.82843 9
      vertex -2.53757 3.09204 9
    endloop
  endfacet
  facet normal -0 0 1
    outer loop
      vertex -5 3.78795 9
      vertex -2.82843 2.82843 9
      vertex -3.26901 5 9
    endloop
  endfacet
  facet normal 0 0 1
    outer loop
      vertex -2.82843 2.82843 9
      vertex -5 3.78795 9
      vertex -3.09204 2.53757 9
    endloop
  endfacet
  facet normal 0 0 1
    outer loop
      vertex -3.09204 2.53757 9
      vertex -5 3.78795 9
      vertex -3.32588 2.22228 9
    endloop
  endfacet
  facet normal 0 0 1
    outer loop
      vertex -3.32588 2.22228 9
      vertex -5 3.78795 9
      vertex -3.52768 1.88559 9
    endloop
  endfacet
  facet normal 0 0 1
    outer loop
      vertex -3.52768 1.88559 9
      vertex -5 3.78795 9
      vertex -3.69552 1.53073 9
    endloop
  endfacet
  facet normal 0 0 1
    outer loop
      vertex -3.69552 1.53073 9
      vertex -5 3.78795 9
      vertex -3.82776 1.16114 9
    endloop
  endfacet
  facet normal 0 0 1
    outer loop
      vertex -3.98074 0.392068 9
      vertex -5 3.78795 9
      vertex -4 0 9
    endloop
  endfacet
  facet normal 0 0 1
    outer loop
      vertex -3.92314 0.780361 9
      vertex -5 3.78795 9
      vertex -3.98074 0.392068 9
    endloop
  endfacet
  facet normal 0 0 1
    outer loop
      vertex -3.82776 1.16114 9
      vertex -5 3.78795 9
      vertex -3.92314 0.780361 9
    endloop
  endfacet
  facet normal -0 0 1
    outer loop
      vertex 3.98074 -0.392068 9
      vertex 5 -3.78795 9
      vertex 4 0 9
    endloop
  endfacet
  facet normal -0 0 1
    outer loop
      vertex 3.92314 -0.780361 9
      vertex 5 -3.78795 9
      vertex 3.98074 -0.392068 9
    endloop
  endfacet
  facet normal -0 0 1
    outer loop
      vertex 3.82776 -1.16114 9
      vertex 5 -3.78795 9
      vertex 3.92314 -0.780361 9
    endloop
  endfacet
  facet normal -0 0 1
    outer loop
      vertex 3.69552 -1.53073 9
      vertex 5 -3.78795 9
      vertex 3.82776 -1.16114 9
    endloop
  endfacet
  facet normal -0 0 1
    outer loop
      vertex 3.52768 -1.88559 9
      vertex 5 -3.78795 9
      vertex 3.69552 -1.53073 9
    endloop
  endfacet
  facet normal -0 0 1
    outer loop
      vertex 3.32588 -2.22228 9
      vertex 5 -3.78795 9
      vertex 3.52768 -1.88559 9
    endloop
  endfacet
  facet normal -0 0 1
    outer loop
      vertex 3.09204 -2.53757 9
      vertex 5 -3.78795 9
      vertex 3.32588 -2.22228 9
    endloop
  endfacet
  facet normal -0 0 1
    outer loop
      vertex 2.82843 -2.82843 9
      vertex 5 -3.78795 9
      vertex 3.09204 -2.53757 9
    endloop
  endfacet
  facet normal 0 0 1
    outer loop
      vertex 5 -3.78795 9
      vertex 2.82843 -2.82843 9
      vertex 3.26901 -5 9
    endloop
  endfacet
  facet normal -0 0 1
    outer loop
      vertex 2.53757 -3.09204 9
      vertex 3.26901 -5 9
      vertex 2.82843 -2.82843 9
    endloop
  endfacet
  facet normal -0 0 1
    outer loop
      vertex 2.22228 -3.32588 9
      vertex 3.26901 -5 9
      vertex 2.53757 -3.09204 9
    endloop
  endfacet
  facet normal -0 0 1
    outer loop
      vertex 1.88559 -3.52768 9
      vertex 3.26901 -5 9
      vertex 2.22228 -3.32588 9
    endloop
  endfacet
  facet normal -0 0 1
    outer loop
      vertex 1.53073 -3.69552 9
      vertex 3.26901 -5 9
      vertex 1.88559 -3.52768 9
    endloop
  endfacet
  facet normal -0 0 1
    outer loop
      vertex 1.16114 -3.82776 9
      vertex 3.26901 -5 9
      vertex 1.53073 -3.69552 9
    endloop
  endfacet
  facet normal -0 0 1
    outer loop
      vertex 0.780361 -3.92314 9
      vertex 3.26901 -5 9
      vertex 1.16114 -3.82776 9
    endloop
  endfacet
  facet normal -0 0 1
    outer loop
      vertex 0.392068 -3.98074 9
      vertex 3.26901 -5 9
      vertex 0.780361 -3.92314 9
    endloop
  endfacet
  facet normal -0 0 1
    outer loop
      vertex 0 -4 9
      vertex 3.26901 -5 9
      vertex 0.392068 -3.98074 9
    endloop
  endfacet
  facet normal 0 0 1
    outer loop
      vertex -3.26901 -5 9
      vertex 0 -4 9
      vertex -0.392068 -3.98074 9
    endloop
  endfacet
  facet normal 0 0 1
    outer loop
      vertex -3.26901 -5 9
      vertex -0.392068 -3.98074 9
      vertex -0.780361 -3.92314 9
    endloop
  endfacet
  facet normal 0 0 1
    outer loop
      vertex -3.26901 -5 9
      vertex -0.780361 -3.92314 9
      vertex -1.16114 -3.82776 9
    endloop
  endfacet
  facet normal 0 0 1
    outer loop
      vertex 0 -4 9
      vertex -3.26901 -5 9
      vertex 3.26901 -5 9
    endloop
  endfacet
  facet normal 0 0 1
    outer loop
      vertex -1.53073 -3.69552 9
      vertex -3.26901 -5 9
      vertex -1.16114 -3.82776 9
    endloop
  endfacet
  facet normal 0 0 1
    outer loop
      vertex -1.88559 -3.52768 9
      vertex -3.26901 -5 9
      vertex -1.53073 -3.69552 9
    endloop
  endfacet
  facet normal 0 0 1
    outer loop
      vertex -2.22228 -3.32588 9
      vertex -3.26901 -5 9
      vertex -1.88559 -3.52768 9
    endloop
  endfacet
  facet normal 0 0 1
    outer loop
      vertex -2.53757 -3.09204 9
      vertex -3.26901 -5 9
      vertex -2.22228 -3.32588 9
    endloop
  endfacet
  facet normal 0 0 1
    outer loop
      vertex -2.82843 -2.82843 9
      vertex -3.26901 -5 9
      vertex -2.53757 -3.09204 9
    endloop
  endfacet
  facet normal 0 0 1
    outer loop
      vertex -5 -3.78795 9
      vertex -2.82843 -2.82843 9
      vertex -3.09204 -2.53757 9
    endloop
  endfacet
  facet normal 0 0 1
    outer loop
      vertex -5 -3.78795 9
      vertex -3.09204 -2.53757 9
      vertex -3.32588 -2.22228 9
    endloop
  endfacet
  facet normal 0 0 1
    outer loop
      vertex -5 -3.78795 9
      vertex -3.32588 -2.22228 9
      vertex -3.52768 -1.88559 9
    endloop
  endfacet
  facet normal 0 0 1
    outer loop
      vertex -5 -3.78795 9
      vertex -3.52768 -1.88559 9
      vertex -3.69552 -1.53073 9
    endloop
  endfacet
  facet normal 0 0 1
    outer loop
      vertex -5 -3.78795 9
      vertex -3.69552 -1.53073 9
      vertex -3.82776 -1.16114 9
    endloop
  endfacet
  facet normal 0 0 1
    outer loop
      vertex -5 -3.78795 9
      vertex -3.82776 -1.16114 9
      vertex -3.92314 -0.780361 9
    endloop
  endfacet
  facet normal 0 0 1
    outer loop
      vertex -5 -3.78795 9
      vertex -4 0 9
      vertex -5 3.78795 9
    endloop
  endfacet
  facet normal 0 0 1
    outer loop
      vertex -4 0 9
      vertex -5 -3.78795 9
      vertex -3.98074 -0.392068 9
    endloop
  endfacet
  facet normal 0 0 1
    outer loop
      vertex -3.98074 -0.392068 9
      vertex -5 -3.78795 9
      vertex -3.92314 -0.780361 9
    endloop
  endfacet
  facet normal 0 0 1
    outer loop
      vertex -2.82843 -2.82843 9
      vertex -5 -3.78795 9
      vertex -3.26901 -5 9
    endloop
  endfacet
  facet normal 0 0 -1
    outer loop
      vertex 5 -5 3
      vertex 4 0 3
      vertex 5 5 3
    endloop
  endfacet
  facet normal 0 0 -1
    outer loop
      vertex 5 -5 3
      vertex 3.98074 -0.392068 3
      vertex 4 0 3
    endloop
  endfacet
  facet normal 0 0 -1
    outer loop
      vertex 5 -5 3
      vertex 3.92314 -0.780361 3
      vertex 3.98074 -0.392068 3
    endloop
  endfacet
  facet normal 0 0 -1
    outer loop
      vertex 5 -5 3
      vertex 3.82776 -1.16114 3
      vertex 3.92314 -0.780361 3
    endloop
  endfacet
  facet normal 0 0 -1
    outer loop
      vertex 5 -5 3
      vertex 3.69552 -1.53073 3
      vertex 3.82776 -1.16114 3
    endloop
  endfacet
  facet normal 0 0 -1
    outer loop
      vertex 5 -5 3
      vertex 3.52768 -1.88559 3
      vertex 3.69552 -1.53073 3
    endloop
  endfacet
  facet normal 0 0 -1
    outer loop
      vertex 5 -5 3
      vertex 3.32588 -2.22228 3
      vertex 3.52768 -1.88559 3
    endloop
  endfacet
  facet normal 0 0 -1
    outer loop
      vertex 5 -5 3
      vertex 3.09204 -2.53757 3
      vertex 3.32588 -2.22228 3
    endloop
  endfacet
  facet normal 0 0 -1
    outer loop
      vertex 5 -5 3
      vertex 2.82843 -2.82843 3
      vertex 3.09204 -2.53757 3
    endloop
  endfacet
  facet normal 0 0 -1
    outer loop
      vertex 2.63912 -5 3
      vertex 2.82843 -2.82843 3
      vertex 5 -5 3
    endloop
  endfacet
  facet normal 0 0 -1
    outer loop
      vertex 2.82843 -2.82843 3
      vertex 2.63912 -5 3
      vertex 2.63912 -3 3
    endloop
  endfacet
  facet normal 0 0 -1
    outer loop
      vertex 3.98074 0.392068 3
      vertex 5 5 3
      vertex 4 0 3
    endloop
  endfacet
  facet normal 0 0 -1
    outer loop
      vertex 3.92314 0.780361 3
      vertex 5 5 3
      vertex 3.98074 0.392068 3
    endloop
  endfacet
  facet normal 0 0 -1
    outer loop
      vertex 3.82776 1.16114 3
      vertex 5 5 3
      vertex 3.92314 0.780361 3
    endloop
  endfacet
  facet normal 0 0 -1
    outer loop
      vertex 3.69552 1.53073 3
      vertex 5 5 3
      vertex 3.82776 1.16114 3
    endloop
  endfacet
  facet normal 0 0 -1
    outer loop
      vertex 3.52768 1.88559 3
      vertex 5 5 3
      vertex 3.69552 1.53073 3
    endloop
  endfacet
  facet normal 0 0 -1
    outer loop
      vertex 3.32588 2.22228 3
      vertex 5 5 3
      vertex 3.52768 1.88559 3
    endloop
  endfacet
  facet normal 0 0 -1
    outer loop
      vertex 3.09204 2.53757 3
      vertex 5 5 3
      vertex 3.32588 2.22228 3
    endloop
  endfacet
  facet normal 0 0 -1
    outer loop
      vertex 2.82843 2.82843 3
      vertex 5 5 3
      vertex 3.09204 2.53757 3
    endloop
  endfacet
  facet normal 0 0 -1
    outer loop
      vertex 2.63912 5 3
      vertex 2.82843 2.82843 3
      vertex 2.63912 3 3
    endloop
  endfacet
  facet normal 0 0 -1
    outer loop
      vertex 2.82843 2.82843 3
      vertex 2.63912 5 3
      vertex 5 5 3
    endloop
  endfacet
  facet normal 0 0 -1
    outer loop
      vertex -2.63912 -5 3
      vertex -2.82843 -2.82843 3
      vertex -2.63912 -3 3
    endloop
  endfacet
  facet normal 0 0 -1
    outer loop
      vertex -5 -5 3
      vertex -2.82843 -2.82843 3
      vertex -2.63912 -5 3
    endloop
  endfacet
  facet normal -0 0 -1
    outer loop
      vertex -2.82843 -2.82843 3
      vertex -5 -5 3
      vertex -3.09204 -2.53757 3
    endloop
  endfacet
  facet normal -0 0 -1
    outer loop
      vertex -3.09204 -2.53757 3
      vertex -5 -5 3
      vertex -3.32588 -2.22228 3
    endloop
  endfacet
  facet normal -0 0 -1
    outer loop
      vertex -3.32588 -2.22228 3
      vertex -5 -5 3
      vertex -3.52768 -1.88559 3
    endloop
  endfacet
  facet normal -0 0 -1
    outer loop
      vertex -3.52768 -1.88559 3
      vertex -5 -5 3
      vertex -3.69552 -1.53073 3
    endloop
  endfacet
  facet normal -0 0 -1
    outer loop
      vertex -3.98074 -0.392068 3
      vertex -5 -5 3
      vertex -4 0 3
    endloop
  endfacet
  facet normal -0 0 -1
    outer loop
      vertex -3.92314 -0.780361 3
      vertex -5 -5 3
      vertex -3.98074 -0.392068 3
    endloop
  endfacet
  facet normal -0 0 -1
    outer loop
      vertex -3.82776 -1.16114 3
      vertex -5 -5 3
      vertex -3.92314 -0.780361 3
    endloop
  endfacet
  facet normal -0 0 -1
    outer loop
      vertex -3.69552 -1.53073 3
      vertex -5 -5 3
      vertex -3.82776 -1.16114 3
    endloop
  endfacet
  facet normal 0 0 -1
    outer loop
      vertex -2.82843 2.82843 3
      vertex -2.63912 5 3
      vertex -2.63912 3 3
    endloop
  endfacet
  facet normal 0 0 -1
    outer loop
      vertex -5 5 3
      vertex -2.82843 2.82843 3
      vertex -3.09204 2.53757 3
    endloop
  endfacet
  facet normal 0 0 -1
    outer loop
      vertex -5 5 3
      vertex -3.09204 2.53757 3
      vertex -3.32588 2.22228 3
    endloop
  endfacet
  facet normal 0 0 -1
    outer loop
      vertex -5 5 3
      vertex -3.32588 2.22228 3
      vertex -3.52768 1.88559 3
    endloop
  endfacet
  facet normal 0 0 -1
    outer loop
      vertex -5 5 3
      vertex -3.52768 1.88559 3
      vertex -3.69552 1.53073 3
    endloop
  endfacet
  facet normal 0 0 -1
    outer loop
      vertex -5 5 3
      vertex -3.69552 1.53073 3
      vertex -3.82776 1.16114 3
    endloop
  endfacet
  facet normal 0 0 -1
    outer loop
      vertex -5 5 3
      vertex -4 0 3
      vertex -5 -5 3
    endloop
  endfacet
  facet normal 0 0 -1
    outer loop
      vertex -4 0 3
      vertex -5 5 3
      vertex -3.98074 0.392068 3
    endloop
  endfacet
  facet normal 0 0 -1
    outer loop
      vertex -2.82843 2.82843 3
      vertex -5 5 3
      vertex -2.63912 5 3
    endloop
  endfacet
  facet normal 0 0 -1
    outer loop
      vertex -3.92314 0.780361 3
      vertex -5 5 3
      vertex -3.82776 1.16114 3
    endloop
  endfacet
  facet normal 0 0 -1
    outer loop
      vertex -3.98074 0.392068 3
      vertex -5 5 3
      vertex -3.92314 0.780361 3
    endloop
  endfacet
  facet normal -1 0 0
    outer loop
      vertex -5 5 3
      vertex -5 4.67518 6.03007
      vertex -5 5 5.69177
    endloop
  endfacet
  facet normal -1 0 0
    outer loop
      vertex -5 5 3
      vertex -5 4.23492 6.53026
      vertex -5 4.67518 6.03007
    endloop
  endfacet
  facet normal -1 0 0
    outer loop
      vertex -5 5 3
      vertex -5 3.84059 7.02028
      vertex -5 4.23492 6.53026
    endloop
  endfacet
  facet normal -1 0 0
    outer loop
      vertex -5 -3.84059 7.02028
      vertex -5 3.84059 7.02028
      vertex -5 5 3
    endloop
  endfacet
  facet normal -1 0 0
    outer loop
      vertex -5 3.84059 7.02028
      vertex -5 -3.84059 7.02028
      vertex -5 3.82265 7.04258
    endloop
  endfacet
  facet normal -1 0 -0
    outer loop
      vertex -5 -3.82265 7.04258
      vertex -5 3.82265 7.04258
      vertex -5 -3.84059 7.02028
    endloop
  endfacet
  facet normal -1 0 -0
    outer loop
      vertex -5 -3.80673 7.06433
      vertex -5 3.80673 7.06433
      vertex -5 -3.82265 7.04258
    endloop
  endfacet
  facet normal -1 0 -0
    outer loop
      vertex -5 -3.44233 7.56208
      vertex -5 3.44233 7.56208
      vertex -5 -3.80673 7.06433
    endloop
  endfacet
  facet normal -1 0 0
    outer loop
      vertex -5 3.44233 7.56208
      vertex -5 -3.44233 7.56208
      vertex -5 3.09946 8.08101
    endloop
  endfacet
  facet normal -1 0 -0
    outer loop
      vertex -5 -3.09946 8.08101
      vertex -5 3.09946 8.08101
      vertex -5 -3.44233 7.56208
    endloop
  endfacet
  facet normal -1 -0 0
    outer loop
      vertex -5 3.00698 8.2376
      vertex -5 -3.09763 8.08377
      vertex -5 -3.00698 8.2376
    endloop
  endfacet
  facet normal -1 0 0
    outer loop
      vertex -5 3.09763 8.08377
      vertex -5 -3.09763 8.08377
      vertex -5 3.00698 8.2376
    endloop
  endfacet
  facet normal -1 0 -0
    outer loop
      vertex -5 -3.09763 8.08377
      vertex -5 3.09763 8.08377
      vertex -5 -3.09946 8.08101
    endloop
  endfacet
  facet normal -1 0 0
    outer loop
      vertex -5 3.09946 8.08101
      vertex -5 -3.09946 8.08101
      vertex -5 3.09763 8.08377
    endloop
  endfacet
  facet normal -1 0 0
    outer loop
      vertex -5 3.80673 7.06433
      vertex -5 -3.80673 7.06433
      vertex -5 3.44233 7.56208
    endloop
  endfacet
  facet normal -1 0 0
    outer loop
      vertex -5 3.82265 7.04258
      vertex -5 -3.82265 7.04258
      vertex -5 3.80673 7.06433
    endloop
  endfacet
  facet normal -1 0 0
    outer loop
      vertex -5 -5 3
      vertex -5 -3.84059 7.02028
      vertex -5 5 3
    endloop
  endfacet
  facet normal -1 0 0
    outer loop
      vertex -5 -3.84059 7.02028
      vertex -5 -5 3
      vertex -5 -4.23492 6.53026
    endloop
  endfacet
  facet normal -1 0 0
    outer loop
      vertex -5 -4.23492 6.53026
      vertex -5 -5 3
      vertex -5 -4.67518 6.03007
    endloop
  endfacet
  facet normal -1 0 0
    outer loop
      vertex -5 -4.67518 6.03007
      vertex -5 -5 3
      vertex -5 -5 5.69177
    endloop
  endfacet
  facet normal -1 0 0
    outer loop
      vertex -5 -3.52339 8.74173
      vertex -5 3.52339 8.74173
      vertex -5 3.0832 8.31201
    endloop
  endfacet
  facet normal -1 0 0
    outer loop
      vertex -5 -3.02299 8.25323
      vertex -5 3.02299 8.25323
      vertex -5 3.0106 8.24113
    endloop
  endfacet
  facet normal -1 0 0
    outer loop
      vertex -5 3.02299 8.25323
      vertex -5 -3.0832 8.31201
      vertex -5 3.0832 8.31201
    endloop
  endfacet
  facet normal -1 0 0
    outer loop
      vertex -5 -3.00698 8.2376
      vertex -5 3.0106 8.24113
      vertex -5 3.00698 8.2376
    endloop
  endfacet
  facet normal -1 0 0
    outer loop
      vertex -5 -3.0106 8.24113
      vertex -5 3.0106 8.24113
      vertex -5 -3.00698 8.2376
    endloop
  endfacet
  facet normal -1 0 0
    outer loop
      vertex -5 -3.02299 8.25323
      vertex -5 3.0106 8.24113
      vertex -5 -3.0106 8.24113
    endloop
  endfacet
  facet normal -1 0 0
    outer loop
      vertex -5 3.02299 8.25323
      vertex -5 -3.02299 8.25323
      vertex -5 -3.0832 8.31201
    endloop
  endfacet
  facet normal -1 0 0
    outer loop
      vertex -5 3.0832 8.31201
      vertex -5 -3.0832 8.31201
      vertex -5 -3.52339 8.74173
    endloop
  endfacet
  facet normal -1 0 0
    outer loop
      vertex -5 3.52339 8.74173
      vertex -5 -3.52339 8.74173
      vertex -5 3.78795 9
    endloop
  endfacet
  facet normal -1 -0 0
    outer loop
      vertex -5 3.78795 9
      vertex -5 -3.52339 8.74173
      vertex -5 -3.78795 9
    endloop
  endfacet
  facet normal 0 1 -0
    outer loop
      vertex -2.22228 5 3.32588
      vertex -3.50104 5 6.06581
      vertex -1.88559 5 3.52768
    endloop
  endfacet
  facet normal 0 1 -0
    outer loop
      vertex 5 5 3
      vertex 4.90255 5 5.68939
      vertex 5 5 5.69177
    endloop
  endfacet
  facet normal 0 1 0
    outer loop
      vertex 4.87063 5 5.69254
      vertex 0.392068 5 3.98074
      vertex 0 5 4
    endloop
  endfacet
  facet normal 0 1 0
    outer loop
      vertex 4.87063 5 5.69254
      vertex 0.780361 5 3.92314
      vertex 0.392068 5 3.98074
    endloop
  endfacet
  facet normal 0 1 0
    outer loop
      vertex 4.87063 5 5.69254
      vertex 1.16114 5 3.82776
      vertex 0.780361 5 3.92314
    endloop
  endfacet
  facet normal 0 1 0
    outer loop
      vertex 4.87063 5 5.69254
      vertex 1.53073 5 3.69552
      vertex 1.16114 5 3.82776
    endloop
  endfacet
  facet normal 0 1 0
    outer loop
      vertex 4.87063 5 5.69254
      vertex 1.88559 5 3.52768
      vertex 1.53073 5 3.69552
    endloop
  endfacet
  facet normal 0 1 0
    outer loop
      vertex 4.87063 5 5.69254
      vertex 2.22228 5 3.32588
      vertex 1.88559 5 3.52768
    endloop
  endfacet
  facet normal 0 1 0
    outer loop
      vertex 4.87063 5 5.69254
      vertex 2.53757 5 3.09204
      vertex 2.22228 5 3.32588
    endloop
  endfacet
  facet normal 0 1 0
    outer loop
      vertex 4.87063 5 5.69254
      vertex 5 5 3
      vertex 2.63912 5 3
    endloop
  endfacet
  facet normal 0 1 0
    outer loop
      vertex 4.87063 5 5.69254
      vertex 2.63912 5 3
      vertex 2.53757 5 3.09204
    endloop
  endfacet
  facet normal 0 1 -0
    outer loop
      vertex 1.83064 5 8.01679
      vertex -3.26901 5 9
      vertex 3.26901 5 9
    endloop
  endfacet
  facet normal 0 1 0
    outer loop
      vertex 1.83064 5 8.01679
      vertex -1.83064 5 8.01679
      vertex -3.26901 5 9
    endloop
  endfacet
  facet normal 0 1 -0
    outer loop
      vertex 1.48115 5 7.77789
      vertex -1.83064 5 8.01679
      vertex 1.83064 5 8.01679
    endloop
  endfacet
  facet normal 0 1 0
    outer loop
      vertex 1.48115 5 7.77789
      vertex -1.48115 5 7.77789
      vertex -1.83064 5 8.01679
    endloop
  endfacet
  facet normal 0 1 -0
    outer loop
      vertex 1.45829 5 7.76226
      vertex -1.48115 5 7.77789
      vertex 1.48115 5 7.77789
    endloop
  endfacet
  facet normal 0 1 0
    outer loop
      vertex 1.45829 5 7.76226
      vertex -1.45829 5 7.76226
      vertex -1.48115 5 7.77789
    endloop
  endfacet
  facet normal 0 1 -0
    outer loop
      vertex 1.43566 5 7.74679
      vertex -1.45829 5 7.76226
      vertex 1.45829 5 7.76226
    endloop
  endfacet
  facet normal 0 1 0
    outer loop
      vertex 1.43566 5 7.74679
      vertex -1.43566 5 7.74679
      vertex -1.45829 5 7.76226
    endloop
  endfacet
  facet normal 0 1 -0
    outer loop
      vertex 1.43434 5 7.74589
      vertex -1.43566 5 7.74679
      vertex 1.43566 5 7.74679
    endloop
  endfacet
  facet normal 0 1 0
    outer loop
      vertex 1.43434 5 7.74589
      vertex -1.43434 5 7.74589
      vertex -1.43566 5 7.74679
    endloop
  endfacet
  facet normal 0 1 0
    outer loop
      vertex 1.46636 5 7.70508
      vertex -1.43434 5 7.74589
      vertex 1.43434 5 7.74589
    endloop
  endfacet
  facet normal 0 1 0
    outer loop
      vertex 1.46636 5 7.70508
      vertex -1.46636 5 7.70508
      vertex -1.43434 5 7.74589
    endloop
  endfacet
  facet normal 0 1 0
    outer loop
      vertex 0 5 4
      vertex 1.46636 5 7.70508
      vertex 1.77059 5 7.36367
    endloop
  endfacet
  facet normal 0 1 0
    outer loop
      vertex 1.46636 5 7.70508
      vertex 0 5 4
      vertex -1.46636 5 7.70508
    endloop
  endfacet
  facet normal 0 1 0
    outer loop
      vertex 0 5 4
      vertex 1.77059 5 7.36367
      vertex 1.77463 5 7.35913
    endloop
  endfacet
  facet normal 0 1 0
    outer loop
      vertex -1.46636 5 7.70508
      vertex 0 5 4
      vertex -1.77059 5 7.36367
    endloop
  endfacet
  facet normal 0 1 0
    outer loop
      vertex 0 5 4
      vertex 1.77463 5 7.35913
      vertex 2.09153 5 7.04634
    endloop
  endfacet
  facet normal 0 1 0
    outer loop
      vertex -1.77059 5 7.36367
      vertex 0 5 4
      vertex -1.77463 5 7.35913
    endloop
  endfacet
  facet normal 0 1 0
    outer loop
      vertex 0 5 4
      vertex 2.09153 5 7.04634
      vertex 2.09953 5 7.03845
    endloop
  endfacet
  facet normal 0 1 -0
    outer loop
      vertex -0.392068 5 3.98074
      vertex -1.77463 5 7.35913
      vertex 0 5 4
    endloop
  endfacet
  facet normal 0 1 0
    outer loop
      vertex 0 5 4
      vertex 2.09953 5 7.03845
      vertex 2.10805 5 7.03109
    endloop
  endfacet
  facet normal 0 1 0
    outer loop
      vertex -1.77463 5 7.35913
      vertex -0.392068 5 3.98074
      vertex -2.09153 5 7.04634
    endloop
  endfacet
  facet normal 0 1 0
    outer loop
      vertex 0 5 4
      vertex 2.10805 5 7.03109
      vertex 2.43792 5 6.74611
    endloop
  endfacet
  facet normal 0 1 0
    outer loop
      vertex -2.09153 5 7.04634
      vertex -0.392068 5 3.98074
      vertex -2.09953 5 7.03845
    endloop
  endfacet
  facet normal 0 1 0
    outer loop
      vertex 0 5 4
      vertex 2.43792 5 6.74611
      vertex 2.78655 5 6.48493
    endloop
  endfacet
  facet normal 0 1 -0
    outer loop
      vertex -0.780361 5 3.92314
      vertex -2.09953 5 7.03845
      vertex -0.392068 5 3.98074
    endloop
  endfacet
  facet normal 0 1 0
    outer loop
      vertex 0 5 4
      vertex 2.78655 5 6.48493
      vertex 3.14207 5 6.25744
    endloop
  endfacet
  facet normal 0 1 0
    outer loop
      vertex -2.09953 5 7.03845
      vertex -0.780361 5 3.92314
      vertex -2.10805 5 7.03109
    endloop
  endfacet
  facet normal 0 1 0
    outer loop
      vertex 0 5 4
      vertex 3.14207 5 6.25744
      vertex 3.47747 5 6.07839
    endloop
  endfacet
  facet normal 0 1 0
    outer loop
      vertex -2.10805 5 7.03109
      vertex -0.780361 5 3.92314
      vertex -2.43792 5 6.74611
    endloop
  endfacet
  facet normal 0 1 0
    outer loop
      vertex 0 5 4
      vertex 3.47747 5 6.07839
      vertex 3.50104 5 6.06581
    endloop
  endfacet
  facet normal 0 1 -0
    outer loop
      vertex -1.16114 5 3.82776
      vertex -2.43792 5 6.74611
      vertex -0.780361 5 3.92314
    endloop
  endfacet
  facet normal 0 1 0
    outer loop
      vertex 0 5 4
      vertex 3.50104 5 6.06581
      vertex 3.52503 5 6.05553
    endloop
  endfacet
  facet normal 0 1 0
    outer loop
      vertex -2.43792 5 6.74611
      vertex -1.16114 5 3.82776
      vertex -2.78655 5 6.48493
    endloop
  endfacet
  facet normal 0 1 0
    outer loop
      vertex 0 5 4
      vertex 3.52503 5 6.05553
      vertex 3.86001 5 5.9119
    endloop
  endfacet
  facet normal 0 1 -0
    outer loop
      vertex -1.53073 5 3.69552
      vertex -2.78655 5 6.48493
      vertex -1.16114 5 3.82776
    endloop
  endfacet
  facet normal 0 1 0
    outer loop
      vertex 0 5 4
      vertex 3.86001 5 5.9119
      vertex 4.21552 5 5.79719
    endloop
  endfacet
  facet normal 0 1 0
    outer loop
      vertex -2.78655 5 6.48493
      vertex -1.53073 5 3.69552
      vertex -3.14207 5 6.25744
    endloop
  endfacet
  facet normal 0 1 0
    outer loop
      vertex 0 5 4
      vertex 4.21552 5 5.79719
      vertex 4.56415 5 5.72278
    endloop
  endfacet
  facet normal 0 1 -0
    outer loop
      vertex -1.88559 5 3.52768
      vertex -3.14207 5 6.25744
      vertex -1.53073 5 3.69552
    endloop
  endfacet
  facet normal 0 1 0
    outer loop
      vertex 0 5 4
      vertex 4.56415 5 5.72278
      vertex 4.87063 5 5.69254
    endloop
  endfacet
  facet normal 0 1 0
    outer loop
      vertex -3.14207 5 6.25744
      vertex -1.88559 5 3.52768
      vertex -3.47747 5 6.07839
    endloop
  endfacet
  facet normal 0 1 0
    outer loop
      vertex 5 5 3
      vertex 4.87063 5 5.69254
      vertex 4.90255 5 5.68939
    endloop
  endfacet
  facet normal 0 1 0
    outer loop
      vertex -3.47747 5 6.07839
      vertex -1.88559 5 3.52768
      vertex -3.50104 5 6.06581
    endloop
  endfacet
  facet normal 0 1 0
    outer loop
      vertex -3.50104 5 6.06581
      vertex -2.22228 5 3.32588
      vertex -3.52503 5 6.05553
    endloop
  endfacet
  facet normal 0 1 0
    outer loop
      vertex -3.52503 5 6.05553
      vertex -2.22228 5 3.32588
      vertex -3.86001 5 5.9119
    endloop
  endfacet
  facet normal 0 1 -0
    outer loop
      vertex -2.53757 5 3.09204
      vertex -3.86001 5 5.9119
      vertex -2.22228 5 3.32588
    endloop
  endfacet
  facet normal 0 1 0
    outer loop
      vertex -3.86001 5 5.9119
      vertex -2.53757 5 3.09204
      vertex -4.21552 5 5.79719
    endloop
  endfacet
  facet normal 0 1 -0
    outer loop
      vertex -2.63912 5 3
      vertex -4.21552 5 5.79719
      vertex -2.53757 5 3.09204
    endloop
  endfacet
  facet normal 0 1 0
    outer loop
      vertex -5 5 3
      vertex -4.21552 5 5.79719
      vertex -2.63912 5 3
    endloop
  endfacet
  facet normal 0 1 0
    outer loop
      vertex -4.21552 5 5.79719
      vertex -5 5 3
      vertex -4.56415 5 5.72278
    endloop
  endfacet
  facet normal 0 1 0
    outer loop
      vertex -4.56415 5 5.72278
      vertex -5 5 3
      vertex -4.87063 5 5.69254
    endloop
  endfacet
  facet normal 0 1 0
    outer loop
      vertex -4.87063 5 5.69254
      vertex -5 5 3
      vertex -4.90255 5 5.68939
    endloop
  endfacet
  facet normal 0 1 0
    outer loop
      vertex -4.90255 5 5.68939
      vertex -5 5 3
      vertex -5 5 5.69177
    endloop
  endfacet
  facet normal 0 -1 0
    outer loop
      vertex 2.22228 -5 3.32588
      vertex 3.50104 -5 6.06581
      vertex 1.88559 -5 3.52768
    endloop
  endfacet
  facet normal 0 -1 0
    outer loop
      vertex -5 -5 3
      vertex -4.90255 -5 5.68939
      vertex -5 -5 5.69177
    endloop
  endfacet
  facet normal 0 -1 0
    outer loop
      vertex -4.87063 -5 5.69254
      vertex -0.392068 -5 3.98074
      vertex 0 -5 4
    endloop
  endfacet
  facet normal 0 -1 0
    outer loop
      vertex -4.87063 -5 5.69254
      vertex -0.780361 -5 3.92314
      vertex -0.392068 -5 3.98074
    endloop
  endfacet
  facet normal 0 -1 0
    outer loop
      vertex -4.87063 -5 5.69254
      vertex -1.16114 -5 3.82776
      vertex -0.780361 -5 3.92314
    endloop
  endfacet
  facet normal 0 -1 0
    outer loop
      vertex -4.87063 -5 5.69254
      vertex -1.53073 -5 3.69552
      vertex -1.16114 -5 3.82776
    endloop
  endfacet
  facet normal 0 -1 0
    outer loop
      vertex -4.87063 -5 5.69254
      vertex -1.88559 -5 3.52768
      vertex -1.53073 -5 3.69552
    endloop
  endfacet
  facet normal 0 -1 0
    outer loop
      vertex -4.87063 -5 5.69254
      vertex -2.22228 -5 3.32588
      vertex -1.88559 -5 3.52768
    endloop
  endfacet
  facet normal 0 -1 0
    outer loop
      vertex -4.87063 -5 5.69254
      vertex -2.53757 -5 3.09204
      vertex -2.22228 -5 3.32588
    endloop
  endfacet
  facet normal 0 -1 -0
    outer loop
      vertex -4.87063 -5 5.69254
      vertex -5 -5 3
      vertex -2.63912 -5 3
    endloop
  endfacet
  facet normal 0 -1 0
    outer loop
      vertex -4.87063 -5 5.69254
      vertex -2.63912 -5 3
      vertex -2.53757 -5 3.09204
    endloop
  endfacet
  facet normal 0 -1 0
    outer loop
      vertex -1.83064 -5 8.01679
      vertex 3.26901 -5 9
      vertex -3.26901 -5 9
    endloop
  endfacet
  facet normal 0 -1 0
    outer loop
      vertex -1.83064 -5 8.01679
      vertex 1.83064 -5 8.01679
      vertex 3.26901 -5 9
    endloop
  endfacet
  facet normal 0 -1 0
    outer loop
      vertex -1.48115 -5 7.77789
      vertex 1.83064 -5 8.01679
      vertex -1.83064 -5 8.01679
    endloop
  endfacet
  facet normal 0 -1 0
    outer loop
      vertex -1.48115 -5 7.77789
      vertex 1.48115 -5 7.77789
      vertex 1.83064 -5 8.01679
    endloop
  endfacet
  facet normal 0 -1 0
    outer loop
      vertex -1.45829 -5 7.76226
      vertex 1.48115 -5 7.77789
      vertex -1.48115 -5 7.77789
    endloop
  endfacet
  facet normal 0 -1 0
    outer loop
      vertex -1.45829 -5 7.76226
      vertex 1.45829 -5 7.76226
      vertex 1.48115 -5 7.77789
    endloop
  endfacet
  facet normal 0 -1 0
    outer loop
      vertex -1.43566 -5 7.74679
      vertex 1.45829 -5 7.76226
      vertex -1.45829 -5 7.76226
    endloop
  endfacet
  facet normal 0 -1 0
    outer loop
      vertex -1.43566 -5 7.74679
      vertex 1.43566 -5 7.74679
      vertex 1.45829 -5 7.76226
    endloop
  endfacet
  facet normal 0 -1 0
    outer loop
      vertex -1.43434 -5 7.74589
      vertex 1.43566 -5 7.74679
      vertex -1.43566 -5 7.74679
    endloop
  endfacet
  facet normal 0 -1 0
    outer loop
      vertex -1.43434 -5 7.74589
      vertex 1.43434 -5 7.74589
      vertex 1.43566 -5 7.74679
    endloop
  endfacet
  facet normal 0 -1 0
    outer loop
      vertex -1.46636 -5 7.70508
      vertex 1.43434 -5 7.74589
      vertex -1.43434 -5 7.74589
    endloop
  endfacet
  facet normal 0 -1 0
    outer loop
      vertex -1.46636 -5 7.70508
      vertex 1.46636 -5 7.70508
      vertex 1.43434 -5 7.74589
    endloop
  endfacet
  facet normal 0 -1 0
    outer loop
      vertex 0 -5 4
      vertex -1.46636 -5 7.70508
      vertex -1.77059 -5 7.36367
    endloop
  endfacet
  facet normal 0 -1 0
    outer loop
      vertex -1.46636 -5 7.70508
      vertex 0 -5 4
      vertex 1.46636 -5 7.70508
    endloop
  endfacet
  facet normal 0 -1 0
    outer loop
      vertex 0 -5 4
      vertex -1.77059 -5 7.36367
      vertex -1.77463 -5 7.35913
    endloop
  endfacet
  facet normal 0 -1 -0
    outer loop
      vertex 1.46636 -5 7.70508
      vertex 0 -5 4
      vertex 1.77059 -5 7.36367
    endloop
  endfacet
  facet normal 0 -1 0
    outer loop
      vertex 0 -5 4
      vertex -1.77463 -5 7.35913
      vertex -2.09153 -5 7.04634
    endloop
  endfacet
  facet normal 0 -1 -0
    outer loop
      vertex 1.77059 -5 7.36367
      vertex 0 -5 4
      vertex 1.77463 -5 7.35913
    endloop
  endfacet
  facet normal 0 -1 0
    outer loop
      vertex 0 -5 4
      vertex -2.09153 -5 7.04634
      vertex -2.09953 -5 7.03845
    endloop
  endfacet
  facet normal 0 -1 0
    outer loop
      vertex 0.392068 -5 3.98074
      vertex 1.77463 -5 7.35913
      vertex 0 -5 4
    endloop
  endfacet
  facet normal 0 -1 0
    outer loop
      vertex 0 -5 4
      vertex -2.09953 -5 7.03845
      vertex -2.10805 -5 7.03109
    endloop
  endfacet
  facet normal 0 -1 -0
    outer loop
      vertex 1.77463 -5 7.35913
      vertex 0.392068 -5 3.98074
      vertex 2.09153 -5 7.04634
    endloop
  endfacet
  facet normal 0 -1 0
    outer loop
      vertex 0 -5 4
      vertex -2.10805 -5 7.03109
      vertex -2.43792 -5 6.74611
    endloop
  endfacet
  facet normal 0 -1 -0
    outer loop
      vertex 2.09153 -5 7.04634
      vertex 0.392068 -5 3.98074
      vertex 2.09953 -5 7.03845
    endloop
  endfacet
  facet normal 0 -1 0
    outer loop
      vertex 0 -5 4
      vertex -2.43792 -5 6.74611
      vertex -2.78655 -5 6.48493
    endloop
  endfacet
  facet normal 0 -1 0
    outer loop
      vertex 0.780361 -5 3.92314
      vertex 2.09953 -5 7.03845
      vertex 0.392068 -5 3.98074
    endloop
  endfacet
  facet normal 0 -1 0
    outer loop
      vertex 0 -5 4
      vertex -2.78655 -5 6.48493
      vertex -3.14207 -5 6.25744
    endloop
  endfacet
  facet normal 0 -1 -0
    outer loop
      vertex 2.09953 -5 7.03845
      vertex 0.780361 -5 3.92314
      vertex 2.10805 -5 7.03109
    endloop
  endfacet
  facet normal 0 -1 0
    outer loop
      vertex 0 -5 4
      vertex -3.14207 -5 6.25744
      vertex -3.47747 -5 6.07839
    endloop
  endfacet
  facet normal 0 -1 -0
    outer loop
      vertex 2.10805 -5 7.03109
      vertex 0.780361 -5 3.92314
      vertex 2.43792 -5 6.74611
    endloop
  endfacet
  facet normal 0 -1 0
    outer loop
      vertex 0 -5 4
      vertex -3.47747 -5 6.07839
      vertex -3.50104 -5 6.06581
    endloop
  endfacet
  facet normal 0 -1 0
    outer loop
      vertex 1.16114 -5 3.82776
      vertex 2.43792 -5 6.74611
      vertex 0.780361 -5 3.92314
    endloop
  endfacet
  facet normal 0 -1 0
    outer loop
      vertex 0 -5 4
      vertex -3.50104 -5 6.06581
      vertex -3.52503 -5 6.05553
    endloop
  endfacet
  facet normal 0 -1 -0
    outer loop
      vertex 2.43792 -5 6.74611
      vertex 1.16114 -5 3.82776
      vertex 2.78655 -5 6.48493
    endloop
  endfacet
  facet normal 0 -1 0
    outer loop
      vertex 0 -5 4
      vertex -3.52503 -5 6.05553
      vertex -3.86001 -5 5.9119
    endloop
  endfacet
  facet normal 0 -1 0
    outer loop
      vertex 1.53073 -5 3.69552
      vertex 2.78655 -5 6.48493
      vertex 1.16114 -5 3.82776
    endloop
  endfacet
  facet normal 0 -1 0
    outer loop
      vertex 0 -5 4
      vertex -3.86001 -5 5.9119
      vertex -4.21552 -5 5.79719
    endloop
  endfacet
  facet normal 0 -1 -0
    outer loop
      vertex 2.78655 -5 6.48493
      vertex 1.53073 -5 3.69552
      vertex 3.14207 -5 6.25744
    endloop
  endfacet
  facet normal 0 -1 0
    outer loop
      vertex 0 -5 4
      vertex -4.21552 -5 5.79719
      vertex -4.56415 -5 5.72278
    endloop
  endfacet
  facet normal 0 -1 0
    outer loop
      vertex 1.88559 -5 3.52768
      vertex 3.14207 -5 6.25744
      vertex 1.53073 -5 3.69552
    endloop
  endfacet
  facet normal 0 -1 0
    outer loop
      vertex 0 -5 4
      vertex -4.56415 -5 5.72278
      vertex -4.87063 -5 5.69254
    endloop
  endfacet
  facet normal 0 -1 -0
    outer loop
      vertex 3.14207 -5 6.25744
      vertex 1.88559 -5 3.52768
      vertex 3.47747 -5 6.07839
    endloop
  endfacet
  facet normal 0 -1 0
    outer loop
      vertex -5 -5 3
      vertex -4.87063 -5 5.69254
      vertex -4.90255 -5 5.68939
    endloop
  endfacet
  facet normal 0 -1 -0
    outer loop
      vertex 3.47747 -5 6.07839
      vertex 1.88559 -5 3.52768
      vertex 3.50104 -5 6.06581
    endloop
  endfacet
  facet normal 0 -1 -0
    outer loop
      vertex 3.50104 -5 6.06581
      vertex 2.22228 -5 3.32588
      vertex 3.52503 -5 6.05553
    endloop
  endfacet
  facet normal 0 -1 -0
    outer loop
      vertex 3.52503 -5 6.05553
      vertex 2.22228 -5 3.32588
      vertex 3.86001 -5 5.9119
    endloop
  endfacet
  facet normal 0 -1 0
    outer loop
      vertex 2.53757 -5 3.09204
      vertex 3.86001 -5 5.9119
      vertex 2.22228 -5 3.32588
    endloop
  endfacet
  facet normal 0 -1 -0
    outer loop
      vertex 3.86001 -5 5.9119
      vertex 2.53757 -5 3.09204
      vertex 4.21552 -5 5.79719
    endloop
  endfacet
  facet normal 0 -1 0
    outer loop
      vertex 2.63912 -5 3
      vertex 4.21552 -5 5.79719
      vertex 2.53757 -5 3.09204
    endloop
  endfacet
  facet normal 0 -1 0
    outer loop
      vertex 5 -5 3
      vertex 4.21552 -5 5.79719
      vertex 2.63912 -5 3
    endloop
  endfacet
  facet normal 0 -1 0
    outer loop
      vertex 4.21552 -5 5.79719
      vertex 5 -5 3
      vertex 4.56415 -5 5.72278
    endloop
  endfacet
  facet normal 0 -1 0
    outer loop
      vertex 4.56415 -5 5.72278
      vertex 5 -5 3
      vertex 4.87063 -5 5.69254
    endloop
  endfacet
  facet normal 0 -1 0
    outer loop
      vertex 4.87063 -5 5.69254
      vertex 5 -5 3
      vertex 4.90255 -5 5.68939
    endloop
  endfacet
  facet normal 0 -1 0
    outer loop
      vertex 4.90255 -5 5.68939
      vertex 5 -5 3
      vertex 5 -5 5.69177
    endloop
  endfacet
endsolid OpenSCAD_Model
