solid OpenSCAD_Model
  facet normal -0.989175 -0.146738 0
    outer loop
      vertex -4.75602 -5.87748 -2
      vertex -4.77402 -5.75614 2
      vertex -4.77402 -5.75614 -2
    endloop
  endfacet
  facet normal -0.989175 -0.146738 0
    outer loop
      vertex -4.77402 -5.75614 2
      vertex -4.75602 -5.87748 -2
      vertex -4.75602 -5.87748 2
    endloop
  endfacet
  facet normal -0.998795 -0.0490756 0
    outer loop
      vertex -4.75 -6 -2
      vertex -4.75602 -5.87748 2
      vertex -4.75602 -5.87748 -2
    endloop
  endfacet
  facet normal -0.998795 -0.0490756 0
    outer loop
      vertex -4.75602 -5.87748 2
      vertex -4.75 -6 -2
      vertex -4.75 -6 2
    endloop
  endfacet
  facet normal -0.970047 -0.242919 0
    outer loop
      vertex -4.77402 -5.75614 -2
      vertex -4.80382 -5.63714 2
      vertex -4.80382 -5.63714 -2
    endloop
  endfacet
  facet normal -0.970047 -0.242919 0
    outer loop
      vertex -4.80382 -5.63714 2
      vertex -4.77402 -5.75614 -2
      vertex -4.77402 -5.75614 2
    endloop
  endfacet
  facet normal -0.336868 0.941552 0
    outer loop
      vertex -5.52165 -7.15485 -2
      vertex -5.63714 -7.19617 2
      vertex -5.52165 -7.15485 2
    endloop
  endfacet
  facet normal -0.336868 0.941552 0
    outer loop
      vertex -5.63714 -7.19617 2
      vertex -5.52165 -7.15485 -2
      vertex -5.63714 -7.19617 -2
    endloop
  endfacet
  facet normal -0.336941 -0.941526 0
    outer loop
      vertex -5.63714 -4.80382 -2
      vertex -5.52165 -4.84515 2
      vertex -5.63714 -4.80382 2
    endloop
  endfacet
  facet normal -0.336941 -0.941526 -0
    outer loop
      vertex -5.52165 -4.84515 2
      vertex -5.63714 -4.80382 -2
      vertex -5.52165 -4.84515 -2
    endloop
  endfacet
  facet normal -0.427543 0.903995 0
    outer loop
      vertex -5.41075 -7.1024 -2
      vertex -5.52165 -7.15485 2
      vertex -5.41075 -7.1024 2
    endloop
  endfacet
  facet normal -0.427543 0.903995 0
    outer loop
      vertex -5.52165 -7.15485 2
      vertex -5.41075 -7.1024 -2
      vertex -5.52165 -7.15485 -2
    endloop
  endfacet
  facet normal -0.970042 0.242938 0
    outer loop
      vertex -4.80382 -6.36285 -2
      vertex -4.77402 -6.24386 2
      vertex -4.77402 -6.24386 -2
    endloop
  endfacet
  facet normal -0.970042 0.242938 0
    outer loop
      vertex -4.77402 -6.24386 2
      vertex -4.80382 -6.36285 -2
      vertex -4.80382 -6.36285 2
    endloop
  endfacet
  facet normal -0.242919 -0.970047 0
    outer loop
      vertex -5.75614 -4.77402 -2
      vertex -5.63714 -4.80382 2
      vertex -5.75614 -4.77402 2
    endloop
  endfacet
  facet normal -0.242919 -0.970047 -0
    outer loop
      vertex -5.63714 -4.80382 2
      vertex -5.75614 -4.77402 -2
      vertex -5.63714 -4.80382 -2
    endloop
  endfacet
  facet normal 0.803187 -0.595727 0
    outer loop
      vertex -7.03934 -5.30554 2
      vertex -6.96626 -5.20701 -2
      vertex -6.96626 -5.20701 2
    endloop
  endfacet
  facet normal 0.803187 -0.595727 0
    outer loop
      vertex -6.96626 -5.20701 -2
      vertex -7.03934 -5.30554 2
      vertex -7.03934 -5.30554 -2
    endloop
  endfacet
  facet normal 0.740943 0.671568 0
    outer loop
      vertex -6.88388 -6.88388 2
      vertex -6.96626 -6.79299 -2
      vertex -6.96626 -6.79299 2
    endloop
  endfacet
  facet normal 0.740943 0.671568 0
    outer loop
      vertex -6.96626 -6.79299 -2
      vertex -6.88388 -6.88388 2
      vertex -6.88388 -6.88388 -2
    endloop
  endfacet
  facet normal 0.970022 0.243015 0
    outer loop
      vertex -7.19617 -6.36285 2
      vertex -7.22598 -6.24386 -2
      vertex -7.22598 -6.24386 2
    endloop
  endfacet
  facet normal 0.970022 0.243015 0
    outer loop
      vertex -7.22598 -6.24386 -2
      vertex -7.19617 -6.36285 2
      vertex -7.19617 -6.36285 -2
    endloop
  endfacet
  facet normal 0.427543 -0.903995 0
    outer loop
      vertex -6.58925 -4.8976 -2
      vertex -6.47835 -4.84515 2
      vertex -6.58925 -4.8976 2
    endloop
  endfacet
  facet normal 0.427543 -0.903995 0
    outer loop
      vertex -6.47835 -4.84515 2
      vertex -6.58925 -4.8976 -2
      vertex -6.47835 -4.84515 -2
    endloop
  endfacet
  facet normal 0.427543 0.903995 -0
    outer loop
      vertex -6.47835 -7.15485 -2
      vertex -6.58925 -7.1024 2
      vertex -6.47835 -7.15485 2
    endloop
  endfacet
  facet normal 0.427543 0.903995 0
    outer loop
      vertex -6.58925 -7.1024 2
      vertex -6.47835 -7.15485 -2
      vertex -6.58925 -7.1024 -2
    endloop
  endfacet
  facet normal 0.5141 0.85773 -0
    outer loop
      vertex -6.58925 -7.1024 -2
      vertex -6.69446 -7.03934 2
      vertex -6.58925 -7.1024 2
    endloop
  endfacet
  facet normal 0.5141 0.85773 0
    outer loop
      vertex -6.69446 -7.03934 2
      vertex -6.58925 -7.1024 -2
      vertex -6.69446 -7.03934 -2
    endloop
  endfacet
  facet normal 0.336915 -0.941535 0
    outer loop
      vertex -6.47835 -4.84515 -2
      vertex -6.36285 -4.80382 2
      vertex -6.47835 -4.84515 2
    endloop
  endfacet
  facet normal 0.336915 -0.941535 0
    outer loop
      vertex -6.36285 -4.80382 2
      vertex -6.47835 -4.84515 -2
      vertex -6.36285 -4.80382 -2
    endloop
  endfacet
  facet normal 0.85773 -0.5141 0
    outer loop
      vertex -7.1024 -5.41075 2
      vertex -7.03934 -5.30554 -2
      vertex -7.03934 -5.30554 2
    endloop
  endfacet
  facet normal 0.85773 -0.5141 0
    outer loop
      vertex -7.03934 -5.30554 -2
      vertex -7.1024 -5.41075 2
      vertex -7.1024 -5.41075 -2
    endloop
  endfacet
  facet normal 0.243015 0.970022 -0
    outer loop
      vertex -6.24386 -7.22598 -2
      vertex -6.36285 -7.19617 2
      vertex -6.24386 -7.22598 2
    endloop
  endfacet
  facet normal 0.243015 0.970022 0
    outer loop
      vertex -6.36285 -7.19617 2
      vertex -6.24386 -7.22598 -2
      vertex -6.36285 -7.19617 -2
    endloop
  endfacet
  facet normal 0.671568 0.740943 -0
    outer loop
      vertex -6.79299 -6.96626 -2
      vertex -6.88388 -6.88388 2
      vertex -6.79299 -6.96626 2
    endloop
  endfacet
  facet normal 0.671568 0.740943 0
    outer loop
      vertex -6.88388 -6.88388 2
      vertex -6.79299 -6.96626 -2
      vertex -6.88388 -6.88388 -2
    endloop
  endfacet
  facet normal -0.5141 0.85773 0
    outer loop
      vertex -5.30554 -7.03934 -2
      vertex -5.41075 -7.1024 2
      vertex -5.30554 -7.03934 2
    endloop
  endfacet
  facet normal -0.5141 0.85773 0
    outer loop
      vertex -5.41075 -7.1024 2
      vertex -5.30554 -7.03934 -2
      vertex -5.41075 -7.1024 -2
    endloop
  endfacet
  facet normal -0.427543 -0.903995 0
    outer loop
      vertex -5.52165 -4.84515 -2
      vertex -5.41075 -4.8976 2
      vertex -5.52165 -4.84515 2
    endloop
  endfacet
  facet normal -0.427543 -0.903995 -0
    outer loop
      vertex -5.41075 -4.8976 2
      vertex -5.52165 -4.84515 -2
      vertex -5.41075 -4.8976 -2
    endloop
  endfacet
  facet normal -0.941535 0.336915 0
    outer loop
      vertex -4.84515 -6.47835 -2
      vertex -4.80382 -6.36285 2
      vertex -4.80382 -6.36285 -2
    endloop
  endfacet
  facet normal -0.941535 0.336915 0
    outer loop
      vertex -4.80382 -6.36285 2
      vertex -4.84515 -6.47835 -2
      vertex -4.84515 -6.47835 2
    endloop
  endfacet
  facet normal 0.903995 0.427543 0
    outer loop
      vertex -7.1024 -6.58925 2
      vertex -7.15485 -6.47835 -2
      vertex -7.15485 -6.47835 2
    endloop
  endfacet
  facet normal 0.903995 0.427543 0
    outer loop
      vertex -7.15485 -6.47835 -2
      vertex -7.1024 -6.58925 2
      vertex -7.1024 -6.58925 -2
    endloop
  endfacet
  facet normal 0.595727 -0.803187 0
    outer loop
      vertex -6.79299 -5.03374 -2
      vertex -6.69446 -4.96066 2
      vertex -6.79299 -5.03374 2
    endloop
  endfacet
  facet normal 0.595727 -0.803187 0
    outer loop
      vertex -6.69446 -4.96066 2
      vertex -6.79299 -5.03374 -2
      vertex -6.69446 -4.96066 -2
    endloop
  endfacet
  facet normal -0.803187 -0.595727 0
    outer loop
      vertex -4.96066 -5.30554 -2
      vertex -5.03374 -5.20701 2
      vertex -5.03374 -5.20701 -2
    endloop
  endfacet
  facet normal -0.803187 -0.595727 0
    outer loop
      vertex -5.03374 -5.20701 2
      vertex -4.96066 -5.30554 -2
      vertex -4.96066 -5.30554 2
    endloop
  endfacet
  facet normal 0.998795 0.0490756 0
    outer loop
      vertex -7.24398 -6.12252 2
      vertex -7.25 -6 -2
      vertex -7.25 -6 2
    endloop
  endfacet
  facet normal 0.998795 0.0490756 0
    outer loop
      vertex -7.25 -6 -2
      vertex -7.24398 -6.12252 2
      vertex -7.24398 -6.12252 -2
    endloop
  endfacet
  facet normal -0.0490756 0.998795 0
    outer loop
      vertex -5.87748 -7.24398 -2
      vertex -6 -7.25 2
      vertex -5.87748 -7.24398 2
    endloop
  endfacet
  facet normal -0.0490756 0.998795 0
    outer loop
      vertex -6 -7.25 2
      vertex -5.87748 -7.24398 -2
      vertex -6 -7.25 -2
    endloop
  endfacet
  facet normal 0.146738 -0.989175 0
    outer loop
      vertex -6.24386 -4.77402 -2
      vertex -6.12252 -4.75602 2
      vertex -6.24386 -4.77402 2
    endloop
  endfacet
  facet normal 0.146738 -0.989175 0
    outer loop
      vertex -6.12252 -4.75602 2
      vertex -6.24386 -4.77402 -2
      vertex -6.12252 -4.75602 -2
    endloop
  endfacet
  facet normal 0.146738 0.989175 -0
    outer loop
      vertex -6.12252 -7.24398 -2
      vertex -6.24386 -7.22598 2
      vertex -6.12252 -7.24398 2
    endloop
  endfacet
  facet normal 0.146738 0.989175 0
    outer loop
      vertex -6.24386 -7.22598 2
      vertex -6.12252 -7.24398 -2
      vertex -6.24386 -7.22598 -2
    endloop
  endfacet
  facet normal -0.85773 0.5141 0
    outer loop
      vertex -4.96066 -6.69446 -2
      vertex -4.8976 -6.58925 2
      vertex -4.8976 -6.58925 -2
    endloop
  endfacet
  facet normal -0.85773 0.5141 0
    outer loop
      vertex -4.8976 -6.58925 2
      vertex -4.96066 -6.69446 -2
      vertex -4.96066 -6.69446 2
    endloop
  endfacet
  facet normal -0.998795 0.0490756 0
    outer loop
      vertex -4.75602 -6.12252 -2
      vertex -4.75 -6 2
      vertex -4.75 -6 -2
    endloop
  endfacet
  facet normal -0.998795 0.0490756 0
    outer loop
      vertex -4.75 -6 2
      vertex -4.75602 -6.12252 -2
      vertex -4.75602 -6.12252 2
    endloop
  endfacet
  facet normal -0.595727 -0.803187 0
    outer loop
      vertex -5.30554 -4.96066 -2
      vertex -5.20701 -5.03374 2
      vertex -5.30554 -4.96066 2
    endloop
  endfacet
  facet normal -0.595727 -0.803187 -0
    outer loop
      vertex -5.20701 -5.03374 2
      vertex -5.30554 -4.96066 -2
      vertex -5.20701 -5.03374 -2
    endloop
  endfacet
  facet normal -0.5141 -0.85773 0
    outer loop
      vertex -5.41075 -4.8976 -2
      vertex -5.30554 -4.96066 2
      vertex -5.41075 -4.8976 2
    endloop
  endfacet
  facet normal -0.5141 -0.85773 -0
    outer loop
      vertex -5.30554 -4.96066 2
      vertex -5.41075 -4.8976 -2
      vertex -5.30554 -4.96066 -2
    endloop
  endfacet
  facet normal -0.146738 0.989175 0
    outer loop
      vertex -5.75614 -7.22598 -2
      vertex -5.87748 -7.24398 2
      vertex -5.75614 -7.22598 2
    endloop
  endfacet
  facet normal -0.146738 0.989175 0
    outer loop
      vertex -5.87748 -7.24398 2
      vertex -5.75614 -7.22598 -2
      vertex -5.87748 -7.24398 -2
    endloop
  endfacet
  facet normal -0.941526 -0.336941 0
    outer loop
      vertex -4.80382 -5.63714 -2
      vertex -4.84515 -5.52165 2
      vertex -4.84515 -5.52165 -2
    endloop
  endfacet
  facet normal -0.941526 -0.336941 0
    outer loop
      vertex -4.84515 -5.52165 2
      vertex -4.80382 -5.63714 -2
      vertex -4.80382 -5.63714 2
    endloop
  endfacet
  facet normal -0.740943 0.671568 0
    outer loop
      vertex -5.11612 -6.88388 -2
      vertex -5.03374 -6.79299 2
      vertex -5.03374 -6.79299 -2
    endloop
  endfacet
  facet normal -0.740943 0.671568 0
    outer loop
      vertex -5.03374 -6.79299 2
      vertex -5.11612 -6.88388 -2
      vertex -5.11612 -6.88388 2
    endloop
  endfacet
  facet normal -0.803187 0.595727 0
    outer loop
      vertex -5.03374 -6.79299 -2
      vertex -4.96066 -6.69446 2
      vertex -4.96066 -6.69446 -2
    endloop
  endfacet
  facet normal -0.803187 0.595727 0
    outer loop
      vertex -4.96066 -6.69446 2
      vertex -5.03374 -6.79299 -2
      vertex -5.03374 -6.79299 2
    endloop
  endfacet
  facet normal -0.146738 -0.989175 0
    outer loop
      vertex -5.87748 -4.75602 -2
      vertex -5.75614 -4.77402 2
      vertex -5.87748 -4.75602 2
    endloop
  endfacet
  facet normal -0.146738 -0.989175 -0
    outer loop
      vertex -5.75614 -4.77402 2
      vertex -5.87748 -4.75602 -2
      vertex -5.75614 -4.77402 -2
    endloop
  endfacet
  facet normal -0.903995 0.427543 0
    outer loop
      vertex -4.8976 -6.58925 -2
      vertex -4.84515 -6.47835 2
      vertex -4.84515 -6.47835 -2
    endloop
  endfacet
  facet normal -0.903995 0.427543 0
    outer loop
      vertex -4.84515 -6.47835 2
      vertex -4.8976 -6.58925 -2
      vertex -4.8976 -6.58925 2
    endloop
  endfacet
  facet normal -0.903995 -0.427543 0
    outer loop
      vertex -4.84515 -5.52165 -2
      vertex -4.8976 -5.41075 2
      vertex -4.8976 -5.41075 -2
    endloop
  endfacet
  facet normal -0.903995 -0.427543 0
    outer loop
      vertex -4.8976 -5.41075 2
      vertex -4.84515 -5.52165 -2
      vertex -4.84515 -5.52165 2
    endloop
  endfacet
  facet normal 0.0490756 -0.998795 0
    outer loop
      vertex -6.12252 -4.75602 -2
      vertex -6 -4.75 2
      vertex -6.12252 -4.75602 2
    endloop
  endfacet
  facet normal 0.0490756 -0.998795 0
    outer loop
      vertex -6 -4.75 2
      vertex -6.12252 -4.75602 -2
      vertex -6 -4.75 -2
    endloop
  endfacet
  facet normal 0.5141 -0.85773 0
    outer loop
      vertex -6.69446 -4.96066 -2
      vertex -6.58925 -4.8976 2
      vertex -6.69446 -4.96066 2
    endloop
  endfacet
  facet normal 0.5141 -0.85773 0
    outer loop
      vertex -6.58925 -4.8976 2
      vertex -6.69446 -4.96066 -2
      vertex -6.58925 -4.8976 -2
    endloop
  endfacet
  facet normal -0.989175 0.146738 0
    outer loop
      vertex -4.77402 -6.24386 -2
      vertex -4.75602 -6.12252 2
      vertex -4.75602 -6.12252 -2
    endloop
  endfacet
  facet normal -0.989175 0.146738 0
    outer loop
      vertex -4.75602 -6.12252 2
      vertex -4.77402 -6.24386 -2
      vertex -4.77402 -6.24386 2
    endloop
  endfacet
  facet normal -0.85773 -0.5141 0
    outer loop
      vertex -4.8976 -5.41075 -2
      vertex -4.96066 -5.30554 2
      vertex -4.96066 -5.30554 -2
    endloop
  endfacet
  facet normal -0.85773 -0.5141 0
    outer loop
      vertex -4.96066 -5.30554 2
      vertex -4.8976 -5.41075 -2
      vertex -4.8976 -5.41075 2
    endloop
  endfacet
  facet normal 0.941552 -0.336868 0
    outer loop
      vertex -7.19617 -5.63714 2
      vertex -7.15485 -5.52165 -2
      vertex -7.15485 -5.52165 2
    endloop
  endfacet
  facet normal 0.941552 -0.336868 0
    outer loop
      vertex -7.15485 -5.52165 -2
      vertex -7.19617 -5.63714 2
      vertex -7.19617 -5.63714 -2
    endloop
  endfacet
  facet normal -0.0490756 -0.998795 0
    outer loop
      vertex -6 -4.75 -2
      vertex -5.87748 -4.75602 2
      vertex -6 -4.75 2
    endloop
  endfacet
  facet normal -0.0490756 -0.998795 -0
    outer loop
      vertex -5.87748 -4.75602 2
      vertex -6 -4.75 -2
      vertex -5.87748 -4.75602 -2
    endloop
  endfacet
  facet normal 0.671568 -0.740943 0
    outer loop
      vertex -6.88388 -5.11612 -2
      vertex -6.79299 -5.03374 2
      vertex -6.88388 -5.11612 2
    endloop
  endfacet
  facet normal 0.671568 -0.740943 0
    outer loop
      vertex -6.79299 -5.03374 2
      vertex -6.88388 -5.11612 -2
      vertex -6.79299 -5.03374 -2
    endloop
  endfacet
  facet normal 0.941561 0.336842 0
    outer loop
      vertex -7.15485 -6.47835 2
      vertex -7.19617 -6.36285 -2
      vertex -7.19617 -6.36285 2
    endloop
  endfacet
  facet normal 0.941561 0.336842 0
    outer loop
      vertex -7.19617 -6.36285 -2
      vertex -7.15485 -6.47835 2
      vertex -7.15485 -6.47835 -2
    endloop
  endfacet
  facet normal 0.970027 -0.242996 0
    outer loop
      vertex -7.22598 -5.75614 2
      vertex -7.19617 -5.63714 -2
      vertex -7.19617 -5.63714 2
    endloop
  endfacet
  facet normal 0.970027 -0.242996 0
    outer loop
      vertex -7.19617 -5.63714 -2
      vertex -7.22598 -5.75614 2
      vertex -7.22598 -5.75614 -2
    endloop
  endfacet
  facet normal 0.85773 0.5141 0
    outer loop
      vertex -7.03934 -6.69446 2
      vertex -7.1024 -6.58925 -2
      vertex -7.1024 -6.58925 2
    endloop
  endfacet
  facet normal 0.85773 0.5141 0
    outer loop
      vertex -7.1024 -6.58925 -2
      vertex -7.03934 -6.69446 2
      vertex -7.03934 -6.69446 -2
    endloop
  endfacet
  facet normal -0.242996 0.970027 0
    outer loop
      vertex -5.63714 -7.19617 -2
      vertex -5.75614 -7.22598 2
      vertex -5.63714 -7.19617 2
    endloop
  endfacet
  facet normal -0.242996 0.970027 0
    outer loop
      vertex -5.75614 -7.22598 2
      vertex -5.63714 -7.19617 -2
      vertex -5.75614 -7.22598 -2
    endloop
  endfacet
  facet normal 0.242938 -0.970042 0
    outer loop
      vertex -6.36285 -4.80382 -2
      vertex -6.24386 -4.77402 2
      vertex -6.36285 -4.80382 2
    endloop
  endfacet
  facet normal 0.242938 -0.970042 0
    outer loop
      vertex -6.24386 -4.77402 2
      vertex -6.36285 -4.80382 -2
      vertex -6.24386 -4.77402 -2
    endloop
  endfacet
  facet normal -0.740943 -0.671568 0
    outer loop
      vertex -5.03374 -5.20701 -2
      vertex -5.11612 -5.11612 2
      vertex -5.11612 -5.11612 -2
    endloop
  endfacet
  facet normal -0.740943 -0.671568 0
    outer loop
      vertex -5.11612 -5.11612 2
      vertex -5.03374 -5.20701 -2
      vertex -5.03374 -5.20701 2
    endloop
  endfacet
  facet normal -0.595727 0.803187 0
    outer loop
      vertex -5.20701 -6.96626 -2
      vertex -5.30554 -7.03934 2
      vertex -5.20701 -6.96626 2
    endloop
  endfacet
  facet normal -0.595727 0.803187 0
    outer loop
      vertex -5.30554 -7.03934 2
      vertex -5.20701 -6.96626 -2
      vertex -5.30554 -7.03934 -2
    endloop
  endfacet
  facet normal 0.740943 -0.671568 0
    outer loop
      vertex -6.96626 -5.20701 2
      vertex -6.88388 -5.11612 -2
      vertex -6.88388 -5.11612 2
    endloop
  endfacet
  facet normal 0.740943 -0.671568 0
    outer loop
      vertex -6.88388 -5.11612 -2
      vertex -6.96626 -5.20701 2
      vertex -6.96626 -5.20701 -2
    endloop
  endfacet
  facet normal 0.903995 -0.427543 0
    outer loop
      vertex -7.15485 -5.52165 2
      vertex -7.1024 -5.41075 -2
      vertex -7.1024 -5.41075 2
    endloop
  endfacet
  facet normal 0.903995 -0.427543 0
    outer loop
      vertex -7.1024 -5.41075 -2
      vertex -7.15485 -5.52165 2
      vertex -7.15485 -5.52165 -2
    endloop
  endfacet
  facet normal 0.803187 0.595727 0
    outer loop
      vertex -6.96626 -6.79299 2
      vertex -7.03934 -6.69446 -2
      vertex -7.03934 -6.69446 2
    endloop
  endfacet
  facet normal 0.803187 0.595727 0
    outer loop
      vertex -7.03934 -6.69446 -2
      vertex -6.96626 -6.79299 2
      vertex -6.96626 -6.79299 -2
    endloop
  endfacet
  facet normal 0.989175 0.146738 0
    outer loop
      vertex -7.22598 -6.24386 2
      vertex -7.24398 -6.12252 -2
      vertex -7.24398 -6.12252 2
    endloop
  endfacet
  facet normal 0.989175 0.146738 0
    outer loop
      vertex -7.24398 -6.12252 -2
      vertex -7.22598 -6.24386 2
      vertex -7.22598 -6.24386 -2
    endloop
  endfacet
  facet normal -0.671568 -0.740943 0
    outer loop
      vertex -5.20701 -5.03374 -2
      vertex -5.11612 -5.11612 2
      vertex -5.20701 -5.03374 2
    endloop
  endfacet
  facet normal -0.671568 -0.740943 -0
    outer loop
      vertex -5.11612 -5.11612 2
      vertex -5.20701 -5.03374 -2
      vertex -5.11612 -5.11612 -2
    endloop
  endfacet
  facet normal 0.989175 -0.146738 0
    outer loop
      vertex -7.24398 -5.87748 2
      vertex -7.22598 -5.75614 -2
      vertex -7.22598 -5.75614 2
    endloop
  endfacet
  facet normal 0.989175 -0.146738 0
    outer loop
      vertex -7.22598 -5.75614 -2
      vertex -7.24398 -5.87748 2
      vertex -7.24398 -5.87748 -2
    endloop
  endfacet
  facet normal 0.595727 0.803187 -0
    outer loop
      vertex -6.69446 -7.03934 -2
      vertex -6.79299 -6.96626 2
      vertex -6.69446 -7.03934 2
    endloop
  endfacet
  facet normal 0.595727 0.803187 0
    outer loop
      vertex -6.79299 -6.96626 2
      vertex -6.69446 -7.03934 -2
      vertex -6.79299 -6.96626 -2
    endloop
  endfacet
  facet normal 0.0490756 0.998795 -0
    outer loop
      vertex -6 -7.25 -2
      vertex -6.12252 -7.24398 2
      vertex -6 -7.25 2
    endloop
  endfacet
  facet normal 0.0490756 0.998795 0
    outer loop
      vertex -6.12252 -7.24398 2
      vertex -6 -7.25 -2
      vertex -6.12252 -7.24398 -2
    endloop
  endfacet
  facet normal 0.998795 -0.0490756 0
    outer loop
      vertex -7.25 -6 2
      vertex -7.24398 -5.87748 -2
      vertex -7.24398 -5.87748 2
    endloop
  endfacet
  facet normal 0.998795 -0.0490756 0
    outer loop
      vertex -7.24398 -5.87748 -2
      vertex -7.25 -6 2
      vertex -7.25 -6 -2
    endloop
  endfacet
  facet normal 0.336842 0.941561 -0
    outer loop
      vertex -6.36285 -7.19617 -2
      vertex -6.47835 -7.15485 2
      vertex -6.36285 -7.19617 2
    endloop
  endfacet
  facet normal 0.336842 0.941561 0
    outer loop
      vertex -6.47835 -7.15485 2
      vertex -6.36285 -7.19617 -2
      vertex -6.47835 -7.15485 -2
    endloop
  endfacet
  facet normal -0.671568 0.740943 0
    outer loop
      vertex -5.11612 -6.88388 -2
      vertex -5.20701 -6.96626 2
      vertex -5.11612 -6.88388 2
    endloop
  endfacet
  facet normal -0.671568 0.740943 0
    outer loop
      vertex -5.20701 -6.96626 2
      vertex -5.11612 -6.88388 -2
      vertex -5.20701 -6.96626 -2
    endloop
  endfacet
  facet normal -0.989175 -0.146738 0
    outer loop
      vertex -4.75602 6.12252 -2
      vertex -4.77402 6.24386 2
      vertex -4.77402 6.24386 -2
    endloop
  endfacet
  facet normal -0.989175 -0.146738 0
    outer loop
      vertex -4.77402 6.24386 2
      vertex -4.75602 6.12252 -2
      vertex -4.75602 6.12252 2
    endloop
  endfacet
  facet normal -0.998795 -0.0490756 0
    outer loop
      vertex -4.75 6 -2
      vertex -4.75602 6.12252 2
      vertex -4.75602 6.12252 -2
    endloop
  endfacet
  facet normal -0.998795 -0.0490756 0
    outer loop
      vertex -4.75602 6.12252 2
      vertex -4.75 6 -2
      vertex -4.75 6 2
    endloop
  endfacet
  facet normal -0.970042 -0.242938 0
    outer loop
      vertex -4.77402 6.24386 -2
      vertex -4.80382 6.36285 2
      vertex -4.80382 6.36285 -2
    endloop
  endfacet
  facet normal -0.970042 -0.242938 0
    outer loop
      vertex -4.80382 6.36285 2
      vertex -4.77402 6.24386 -2
      vertex -4.77402 6.24386 2
    endloop
  endfacet
  facet normal 0.146738 -0.989175 0
    outer loop
      vertex -6.24386 7.22598 -2
      vertex -6.12252 7.24398 2
      vertex -6.24386 7.22598 2
    endloop
  endfacet
  facet normal 0.146738 -0.989175 0
    outer loop
      vertex -6.12252 7.24398 2
      vertex -6.24386 7.22598 -2
      vertex -6.12252 7.24398 -2
    endloop
  endfacet
  facet normal -0.336941 0.941526 0
    outer loop
      vertex -5.52165 4.84515 -2
      vertex -5.63714 4.80382 2
      vertex -5.52165 4.84515 2
    endloop
  endfacet
  facet normal -0.336941 0.941526 0
    outer loop
      vertex -5.63714 4.80382 2
      vertex -5.52165 4.84515 -2
      vertex -5.63714 4.80382 -2
    endloop
  endfacet
  facet normal 0.740943 -0.671568 0
    outer loop
      vertex -6.96626 6.79299 2
      vertex -6.88388 6.88388 -2
      vertex -6.88388 6.88388 2
    endloop
  endfacet
  facet normal 0.740943 -0.671568 0
    outer loop
      vertex -6.88388 6.88388 -2
      vertex -6.96626 6.79299 2
      vertex -6.96626 6.79299 -2
    endloop
  endfacet
  facet normal 0.671568 -0.740943 0
    outer loop
      vertex -6.88388 6.88388 -2
      vertex -6.79299 6.96626 2
      vertex -6.88388 6.88388 2
    endloop
  endfacet
  facet normal 0.671568 -0.740943 0
    outer loop
      vertex -6.79299 6.96626 2
      vertex -6.88388 6.88388 -2
      vertex -6.79299 6.96626 -2
    endloop
  endfacet
  facet normal -0.941535 -0.336915 0
    outer loop
      vertex -4.80382 6.36285 -2
      vertex -4.84515 6.47835 2
      vertex -4.84515 6.47835 -2
    endloop
  endfacet
  facet normal -0.941535 -0.336915 0
    outer loop
      vertex -4.84515 6.47835 2
      vertex -4.80382 6.36285 -2
      vertex -4.80382 6.36285 2
    endloop
  endfacet
  facet normal -0.671568 -0.740943 0
    outer loop
      vertex -5.20701 6.96626 -2
      vertex -5.11612 6.88388 2
      vertex -5.20701 6.96626 2
    endloop
  endfacet
  facet normal -0.671568 -0.740943 -0
    outer loop
      vertex -5.11612 6.88388 2
      vertex -5.20701 6.96626 -2
      vertex -5.11612 6.88388 -2
    endloop
  endfacet
  facet normal -0.427543 0.903995 0
    outer loop
      vertex -5.41075 4.8976 -2
      vertex -5.52165 4.84515 2
      vertex -5.41075 4.8976 2
    endloop
  endfacet
  facet normal -0.427543 0.903995 0
    outer loop
      vertex -5.52165 4.84515 2
      vertex -5.41075 4.8976 -2
      vertex -5.52165 4.84515 -2
    endloop
  endfacet
  facet normal -0.740943 -0.671568 0
    outer loop
      vertex -5.03374 6.79299 -2
      vertex -5.11612 6.88388 2
      vertex -5.11612 6.88388 -2
    endloop
  endfacet
  facet normal -0.740943 -0.671568 0
    outer loop
      vertex -5.11612 6.88388 2
      vertex -5.03374 6.79299 -2
      vertex -5.03374 6.79299 2
    endloop
  endfacet
  facet normal -0.671568 0.740943 0
    outer loop
      vertex -5.11612 5.11612 -2
      vertex -5.20701 5.03374 2
      vertex -5.11612 5.11612 2
    endloop
  endfacet
  facet normal -0.671568 0.740943 0
    outer loop
      vertex -5.20701 5.03374 2
      vertex -5.11612 5.11612 -2
      vertex -5.20701 5.03374 -2
    endloop
  endfacet
  facet normal -0.5141 -0.85773 0
    outer loop
      vertex -5.41075 7.1024 -2
      vertex -5.30554 7.03934 2
      vertex -5.41075 7.1024 2
    endloop
  endfacet
  facet normal -0.5141 -0.85773 -0
    outer loop
      vertex -5.30554 7.03934 2
      vertex -5.41075 7.1024 -2
      vertex -5.30554 7.03934 -2
    endloop
  endfacet
  facet normal 0.803187 0.595727 0
    outer loop
      vertex -6.96626 5.20701 2
      vertex -7.03934 5.30554 -2
      vertex -7.03934 5.30554 2
    endloop
  endfacet
  facet normal 0.803187 0.595727 0
    outer loop
      vertex -7.03934 5.30554 -2
      vertex -6.96626 5.20701 2
      vertex -6.96626 5.20701 -2
    endloop
  endfacet
  facet normal -0.998795 0.0490756 0
    outer loop
      vertex -4.75602 5.87748 -2
      vertex -4.75 6 2
      vertex -4.75 6 -2
    endloop
  endfacet
  facet normal -0.998795 0.0490756 0
    outer loop
      vertex -4.75 6 2
      vertex -4.75602 5.87748 -2
      vertex -4.75602 5.87748 2
    endloop
  endfacet
  facet normal -0.903995 0.427543 0
    outer loop
      vertex -4.8976 5.41075 -2
      vertex -4.84515 5.52165 2
      vertex -4.84515 5.52165 -2
    endloop
  endfacet
  facet normal -0.903995 0.427543 0
    outer loop
      vertex -4.84515 5.52165 2
      vertex -4.8976 5.41075 -2
      vertex -4.8976 5.41075 2
    endloop
  endfacet
  facet normal 0.998795 -0.0490756 0
    outer loop
      vertex -7.25 6 2
      vertex -7.24398 6.12252 -2
      vertex -7.24398 6.12252 2
    endloop
  endfacet
  facet normal 0.998795 -0.0490756 0
    outer loop
      vertex -7.24398 6.12252 -2
      vertex -7.25 6 2
      vertex -7.25 6 -2
    endloop
  endfacet
  facet normal 0.941552 0.336868 0
    outer loop
      vertex -7.15485 5.52165 2
      vertex -7.19617 5.63714 -2
      vertex -7.19617 5.63714 2
    endloop
  endfacet
  facet normal 0.941552 0.336868 0
    outer loop
      vertex -7.19617 5.63714 -2
      vertex -7.15485 5.52165 2
      vertex -7.15485 5.52165 -2
    endloop
  endfacet
  facet normal 0.0490756 0.998795 -0
    outer loop
      vertex -6 4.75 -2
      vertex -6.12252 4.75602 2
      vertex -6 4.75 2
    endloop
  endfacet
  facet normal 0.0490756 0.998795 0
    outer loop
      vertex -6.12252 4.75602 2
      vertex -6 4.75 -2
      vertex -6.12252 4.75602 -2
    endloop
  endfacet
  facet normal -0.989175 0.146738 0
    outer loop
      vertex -4.77402 5.75614 -2
      vertex -4.75602 5.87748 2
      vertex -4.75602 5.87748 -2
    endloop
  endfacet
  facet normal -0.989175 0.146738 0
    outer loop
      vertex -4.75602 5.87748 2
      vertex -4.77402 5.75614 -2
      vertex -4.77402 5.75614 2
    endloop
  endfacet
  facet normal 0.336842 -0.941561 0
    outer loop
      vertex -6.47835 7.15485 -2
      vertex -6.36285 7.19617 2
      vertex -6.47835 7.15485 2
    endloop
  endfacet
  facet normal 0.336842 -0.941561 0
    outer loop
      vertex -6.36285 7.19617 2
      vertex -6.47835 7.15485 -2
      vertex -6.36285 7.19617 -2
    endloop
  endfacet
  facet normal 0.903995 0.427543 0
    outer loop
      vertex -7.1024 5.41075 2
      vertex -7.15485 5.52165 -2
      vertex -7.15485 5.52165 2
    endloop
  endfacet
  facet normal 0.903995 0.427543 0
    outer loop
      vertex -7.15485 5.52165 -2
      vertex -7.1024 5.41075 2
      vertex -7.1024 5.41075 -2
    endloop
  endfacet
  facet normal 0.243015 -0.970022 0
    outer loop
      vertex -6.36285 7.19617 -2
      vertex -6.24386 7.22598 2
      vertex -6.36285 7.19617 2
    endloop
  endfacet
  facet normal 0.243015 -0.970022 0
    outer loop
      vertex -6.24386 7.22598 2
      vertex -6.36285 7.19617 -2
      vertex -6.24386 7.22598 -2
    endloop
  endfacet
  facet normal -0.740943 0.671568 0
    outer loop
      vertex -5.11612 5.11612 -2
      vertex -5.03374 5.20701 2
      vertex -5.03374 5.20701 -2
    endloop
  endfacet
  facet normal -0.740943 0.671568 0
    outer loop
      vertex -5.03374 5.20701 2
      vertex -5.11612 5.11612 -2
      vertex -5.11612 5.11612 2
    endloop
  endfacet
  facet normal -0.970047 0.242919 0
    outer loop
      vertex -4.80382 5.63714 -2
      vertex -4.77402 5.75614 2
      vertex -4.77402 5.75614 -2
    endloop
  endfacet
  facet normal -0.970047 0.242919 0
    outer loop
      vertex -4.77402 5.75614 2
      vertex -4.80382 5.63714 -2
      vertex -4.80382 5.63714 2
    endloop
  endfacet
  facet normal 0.970027 0.242996 0
    outer loop
      vertex -7.19617 5.63714 2
      vertex -7.22598 5.75614 -2
      vertex -7.22598 5.75614 2
    endloop
  endfacet
  facet normal 0.970027 0.242996 0
    outer loop
      vertex -7.22598 5.75614 -2
      vertex -7.19617 5.63714 2
      vertex -7.19617 5.63714 -2
    endloop
  endfacet
  facet normal 0.998795 0.0490756 0
    outer loop
      vertex -7.24398 5.87748 2
      vertex -7.25 6 -2
      vertex -7.25 6 2
    endloop
  endfacet
  facet normal 0.998795 0.0490756 0
    outer loop
      vertex -7.25 6 -2
      vertex -7.24398 5.87748 2
      vertex -7.24398 5.87748 -2
    endloop
  endfacet
  facet normal -0.5141 0.85773 0
    outer loop
      vertex -5.30554 4.96066 -2
      vertex -5.41075 4.8976 2
      vertex -5.30554 4.96066 2
    endloop
  endfacet
  facet normal -0.5141 0.85773 0
    outer loop
      vertex -5.41075 4.8976 2
      vertex -5.30554 4.96066 -2
      vertex -5.41075 4.8976 -2
    endloop
  endfacet
  facet normal 0.595727 -0.803187 0
    outer loop
      vertex -6.79299 6.96626 -2
      vertex -6.69446 7.03934 2
      vertex -6.79299 6.96626 2
    endloop
  endfacet
  facet normal 0.595727 -0.803187 0
    outer loop
      vertex -6.69446 7.03934 2
      vertex -6.79299 6.96626 -2
      vertex -6.69446 7.03934 -2
    endloop
  endfacet
  facet normal 0.85773 -0.5141 0
    outer loop
      vertex -7.1024 6.58925 2
      vertex -7.03934 6.69446 -2
      vertex -7.03934 6.69446 2
    endloop
  endfacet
  facet normal 0.85773 -0.5141 0
    outer loop
      vertex -7.03934 6.69446 -2
      vertex -7.1024 6.58925 2
      vertex -7.1024 6.58925 -2
    endloop
  endfacet
  facet normal 0.5141 -0.85773 0
    outer loop
      vertex -6.69446 7.03934 -2
      vertex -6.58925 7.1024 2
      vertex -6.69446 7.03934 2
    endloop
  endfacet
  facet normal 0.5141 -0.85773 0
    outer loop
      vertex -6.58925 7.1024 2
      vertex -6.69446 7.03934 -2
      vertex -6.58925 7.1024 -2
    endloop
  endfacet
  facet normal 0.427543 -0.903995 0
    outer loop
      vertex -6.58925 7.1024 -2
      vertex -6.47835 7.15485 2
      vertex -6.58925 7.1024 2
    endloop
  endfacet
  facet normal 0.427543 -0.903995 0
    outer loop
      vertex -6.47835 7.15485 2
      vertex -6.58925 7.1024 -2
      vertex -6.47835 7.15485 -2
    endloop
  endfacet
  facet normal -0.595727 -0.803187 0
    outer loop
      vertex -5.30554 7.03934 -2
      vertex -5.20701 6.96626 2
      vertex -5.30554 7.03934 2
    endloop
  endfacet
  facet normal -0.595727 -0.803187 -0
    outer loop
      vertex -5.20701 6.96626 2
      vertex -5.30554 7.03934 -2
      vertex -5.20701 6.96626 -2
    endloop
  endfacet
  facet normal 0.941561 -0.336842 0
    outer loop
      vertex -7.19617 6.36285 2
      vertex -7.15485 6.47835 -2
      vertex -7.15485 6.47835 2
    endloop
  endfacet
  facet normal 0.941561 -0.336842 0
    outer loop
      vertex -7.15485 6.47835 -2
      vertex -7.19617 6.36285 2
      vertex -7.19617 6.36285 -2
    endloop
  endfacet
  facet normal 0.740943 0.671568 0
    outer loop
      vertex -6.88388 5.11612 2
      vertex -6.96626 5.20701 -2
      vertex -6.96626 5.20701 2
    endloop
  endfacet
  facet normal 0.740943 0.671568 0
    outer loop
      vertex -6.96626 5.20701 -2
      vertex -6.88388 5.11612 2
      vertex -6.88388 5.11612 -2
    endloop
  endfacet
  facet normal 0.989175 0.146738 0
    outer loop
      vertex -7.22598 5.75614 2
      vertex -7.24398 5.87748 -2
      vertex -7.24398 5.87748 2
    endloop
  endfacet
  facet normal 0.989175 0.146738 0
    outer loop
      vertex -7.24398 5.87748 -2
      vertex -7.22598 5.75614 2
      vertex -7.22598 5.75614 -2
    endloop
  endfacet
  facet normal 0.803187 -0.595727 0
    outer loop
      vertex -7.03934 6.69446 2
      vertex -6.96626 6.79299 -2
      vertex -6.96626 6.79299 2
    endloop
  endfacet
  facet normal 0.803187 -0.595727 0
    outer loop
      vertex -6.96626 6.79299 -2
      vertex -7.03934 6.69446 2
      vertex -7.03934 6.69446 -2
    endloop
  endfacet
  facet normal 0.989175 -0.146738 0
    outer loop
      vertex -7.24398 6.12252 2
      vertex -7.22598 6.24386 -2
      vertex -7.22598 6.24386 2
    endloop
  endfacet
  facet normal 0.989175 -0.146738 0
    outer loop
      vertex -7.22598 6.24386 -2
      vertex -7.24398 6.12252 2
      vertex -7.24398 6.12252 -2
    endloop
  endfacet
  facet normal -0.85773 0.5141 0
    outer loop
      vertex -4.96066 5.30554 -2
      vertex -4.8976 5.41075 2
      vertex -4.8976 5.41075 -2
    endloop
  endfacet
  facet normal -0.85773 0.5141 0
    outer loop
      vertex -4.8976 5.41075 2
      vertex -4.96066 5.30554 -2
      vertex -4.96066 5.30554 2
    endloop
  endfacet
  facet normal -0.85773 -0.5141 0
    outer loop
      vertex -4.8976 6.58925 -2
      vertex -4.96066 6.69446 2
      vertex -4.96066 6.69446 -2
    endloop
  endfacet
  facet normal -0.85773 -0.5141 0
    outer loop
      vertex -4.96066 6.69446 2
      vertex -4.8976 6.58925 -2
      vertex -4.8976 6.58925 2
    endloop
  endfacet
  facet normal -0.803187 -0.595727 0
    outer loop
      vertex -4.96066 6.69446 -2
      vertex -5.03374 6.79299 2
      vertex -5.03374 6.79299 -2
    endloop
  endfacet
  facet normal -0.803187 -0.595727 0
    outer loop
      vertex -5.03374 6.79299 2
      vertex -4.96066 6.69446 -2
      vertex -4.96066 6.69446 2
    endloop
  endfacet
  facet normal -0.903995 -0.427543 0
    outer loop
      vertex -4.84515 6.47835 -2
      vertex -4.8976 6.58925 2
      vertex -4.8976 6.58925 -2
    endloop
  endfacet
  facet normal -0.903995 -0.427543 0
    outer loop
      vertex -4.8976 6.58925 2
      vertex -4.84515 6.47835 -2
      vertex -4.84515 6.47835 2
    endloop
  endfacet
  facet normal 0.903995 -0.427543 0
    outer loop
      vertex -7.15485 6.47835 2
      vertex -7.1024 6.58925 -2
      vertex -7.1024 6.58925 2
    endloop
  endfacet
  facet normal 0.903995 -0.427543 0
    outer loop
      vertex -7.1024 6.58925 -2
      vertex -7.15485 6.47835 2
      vertex -7.15485 6.47835 -2
    endloop
  endfacet
  facet normal -0.146738 -0.989175 0
    outer loop
      vertex -5.87748 7.24398 -2
      vertex -5.75614 7.22598 2
      vertex -5.87748 7.24398 2
    endloop
  endfacet
  facet normal -0.146738 -0.989175 -0
    outer loop
      vertex -5.75614 7.22598 2
      vertex -5.87748 7.24398 -2
      vertex -5.75614 7.22598 -2
    endloop
  endfacet
  facet normal 0.85773 0.5141 0
    outer loop
      vertex -7.03934 5.30554 2
      vertex -7.1024 5.41075 -2
      vertex -7.1024 5.41075 2
    endloop
  endfacet
  facet normal 0.85773 0.5141 0
    outer loop
      vertex -7.1024 5.41075 -2
      vertex -7.03934 5.30554 2
      vertex -7.03934 5.30554 -2
    endloop
  endfacet
  facet normal -0.427543 -0.903995 0
    outer loop
      vertex -5.52165 7.15485 -2
      vertex -5.41075 7.1024 2
      vertex -5.52165 7.15485 2
    endloop
  endfacet
  facet normal -0.427543 -0.903995 -0
    outer loop
      vertex -5.41075 7.1024 2
      vertex -5.52165 7.15485 -2
      vertex -5.41075 7.1024 -2
    endloop
  endfacet
  facet normal -0.941526 0.336941 0
    outer loop
      vertex -4.84515 5.52165 -2
      vertex -4.80382 5.63714 2
      vertex -4.80382 5.63714 -2
    endloop
  endfacet
  facet normal -0.941526 0.336941 0
    outer loop
      vertex -4.80382 5.63714 2
      vertex -4.84515 5.52165 -2
      vertex -4.84515 5.52165 2
    endloop
  endfacet
  facet normal 0.5141 0.85773 -0
    outer loop
      vertex -6.58925 4.8976 -2
      vertex -6.69446 4.96066 2
      vertex -6.58925 4.8976 2
    endloop
  endfacet
  facet normal 0.5141 0.85773 0
    outer loop
      vertex -6.69446 4.96066 2
      vertex -6.58925 4.8976 -2
      vertex -6.69446 4.96066 -2
    endloop
  endfacet
  facet normal 0.146738 0.989175 -0
    outer loop
      vertex -6.12252 4.75602 -2
      vertex -6.24386 4.77402 2
      vertex -6.12252 4.75602 2
    endloop
  endfacet
  facet normal 0.146738 0.989175 0
    outer loop
      vertex -6.24386 4.77402 2
      vertex -6.12252 4.75602 -2
      vertex -6.24386 4.77402 -2
    endloop
  endfacet
  facet normal -0.0490756 0.998795 0
    outer loop
      vertex -5.87748 4.75602 -2
      vertex -6 4.75 2
      vertex -5.87748 4.75602 2
    endloop
  endfacet
  facet normal -0.0490756 0.998795 0
    outer loop
      vertex -6 4.75 2
      vertex -5.87748 4.75602 -2
      vertex -6 4.75 -2
    endloop
  endfacet
  facet normal 0.0490756 -0.998795 0
    outer loop
      vertex -6.12252 7.24398 -2
      vertex -6 7.25 2
      vertex -6.12252 7.24398 2
    endloop
  endfacet
  facet normal 0.0490756 -0.998795 0
    outer loop
      vertex -6 7.25 2
      vertex -6.12252 7.24398 -2
      vertex -6 7.25 -2
    endloop
  endfacet
  facet normal -0.336868 -0.941552 0
    outer loop
      vertex -5.63714 7.19617 -2
      vertex -5.52165 7.15485 2
      vertex -5.63714 7.19617 2
    endloop
  endfacet
  facet normal -0.336868 -0.941552 -0
    outer loop
      vertex -5.52165 7.15485 2
      vertex -5.63714 7.19617 -2
      vertex -5.52165 7.15485 -2
    endloop
  endfacet
  facet normal -0.803187 0.595727 0
    outer loop
      vertex -5.03374 5.20701 -2
      vertex -4.96066 5.30554 2
      vertex -4.96066 5.30554 -2
    endloop
  endfacet
  facet normal -0.803187 0.595727 0
    outer loop
      vertex -4.96066 5.30554 2
      vertex -5.03374 5.20701 -2
      vertex -5.03374 5.20701 2
    endloop
  endfacet
  facet normal -0.146738 0.989175 0
    outer loop
      vertex -5.75614 4.77402 -2
      vertex -5.87748 4.75602 2
      vertex -5.75614 4.77402 2
    endloop
  endfacet
  facet normal -0.146738 0.989175 0
    outer loop
      vertex -5.87748 4.75602 2
      vertex -5.75614 4.77402 -2
      vertex -5.87748 4.75602 -2
    endloop
  endfacet
  facet normal -0.0490756 -0.998795 0
    outer loop
      vertex -6 7.25 -2
      vertex -5.87748 7.24398 2
      vertex -6 7.25 2
    endloop
  endfacet
  facet normal -0.0490756 -0.998795 -0
    outer loop
      vertex -5.87748 7.24398 2
      vertex -6 7.25 -2
      vertex -5.87748 7.24398 -2
    endloop
  endfacet
  facet normal 0.336915 0.941535 -0
    outer loop
      vertex -6.36285 4.80382 -2
      vertex -6.47835 4.84515 2
      vertex -6.36285 4.80382 2
    endloop
  endfacet
  facet normal 0.336915 0.941535 0
    outer loop
      vertex -6.47835 4.84515 2
      vertex -6.36285 4.80382 -2
      vertex -6.47835 4.84515 -2
    endloop
  endfacet
  facet normal 0.970022 -0.243015 0
    outer loop
      vertex -7.22598 6.24386 2
      vertex -7.19617 6.36285 -2
      vertex -7.19617 6.36285 2
    endloop
  endfacet
  facet normal 0.970022 -0.243015 0
    outer loop
      vertex -7.19617 6.36285 -2
      vertex -7.22598 6.24386 2
      vertex -7.22598 6.24386 -2
    endloop
  endfacet
  facet normal -0.595727 0.803187 0
    outer loop
      vertex -5.20701 5.03374 -2
      vertex -5.30554 4.96066 2
      vertex -5.20701 5.03374 2
    endloop
  endfacet
  facet normal -0.595727 0.803187 0
    outer loop
      vertex -5.30554 4.96066 2
      vertex -5.20701 5.03374 -2
      vertex -5.30554 4.96066 -2
    endloop
  endfacet
  facet normal -0.242919 0.970047 0
    outer loop
      vertex -5.63714 4.80382 -2
      vertex -5.75614 4.77402 2
      vertex -5.63714 4.80382 2
    endloop
  endfacet
  facet normal -0.242919 0.970047 0
    outer loop
      vertex -5.75614 4.77402 2
      vertex -5.63714 4.80382 -2
      vertex -5.75614 4.77402 -2
    endloop
  endfacet
  facet normal 0.671568 0.740943 -0
    outer loop
      vertex -6.79299 5.03374 -2
      vertex -6.88388 5.11612 2
      vertex -6.79299 5.03374 2
    endloop
  endfacet
  facet normal 0.671568 0.740943 0
    outer loop
      vertex -6.88388 5.11612 2
      vertex -6.79299 5.03374 -2
      vertex -6.88388 5.11612 -2
    endloop
  endfacet
  facet normal 0.595727 0.803187 -0
    outer loop
      vertex -6.69446 4.96066 -2
      vertex -6.79299 5.03374 2
      vertex -6.69446 4.96066 2
    endloop
  endfacet
  facet normal 0.595727 0.803187 0
    outer loop
      vertex -6.79299 5.03374 2
      vertex -6.69446 4.96066 -2
      vertex -6.79299 5.03374 -2
    endloop
  endfacet
  facet normal -0.242996 -0.970027 0
    outer loop
      vertex -5.75614 7.22598 -2
      vertex -5.63714 7.19617 2
      vertex -5.75614 7.22598 2
    endloop
  endfacet
  facet normal -0.242996 -0.970027 -0
    outer loop
      vertex -5.63714 7.19617 2
      vertex -5.75614 7.22598 -2
      vertex -5.63714 7.19617 -2
    endloop
  endfacet
  facet normal 0.242938 0.970042 -0
    outer loop
      vertex -6.24386 4.77402 -2
      vertex -6.36285 4.80382 2
      vertex -6.24386 4.77402 2
    endloop
  endfacet
  facet normal 0.242938 0.970042 0
    outer loop
      vertex -6.36285 4.80382 2
      vertex -6.24386 4.77402 -2
      vertex -6.36285 4.80382 -2
    endloop
  endfacet
  facet normal 0.427543 0.903995 -0
    outer loop
      vertex -6.47835 4.84515 -2
      vertex -6.58925 4.8976 2
      vertex -6.47835 4.84515 2
    endloop
  endfacet
  facet normal 0.427543 0.903995 0
    outer loop
      vertex -6.58925 4.8976 2
      vertex -6.47835 4.84515 -2
      vertex -6.58925 4.8976 -2
    endloop
  endfacet
  facet normal -0.5141 -0.85773 0
    outer loop
      vertex 6.58925 -4.8976 -2
      vertex 6.69446 -4.96066 2
      vertex 6.58925 -4.8976 2
    endloop
  endfacet
  facet normal -0.5141 -0.85773 -0
    outer loop
      vertex 6.69446 -4.96066 2
      vertex 6.58925 -4.8976 -2
      vertex 6.69446 -4.96066 -2
    endloop
  endfacet
  facet normal -0.336842 0.941561 0
    outer loop
      vertex 6.47835 -7.15485 -2
      vertex 6.36285 -7.19617 2
      vertex 6.47835 -7.15485 2
    endloop
  endfacet
  facet normal -0.336842 0.941561 0
    outer loop
      vertex 6.36285 -7.19617 2
      vertex 6.47835 -7.15485 -2
      vertex 6.36285 -7.19617 -2
    endloop
  endfacet
  facet normal -0.989175 -0.146738 0
    outer loop
      vertex 7.24398 -5.87748 -2
      vertex 7.22598 -5.75614 2
      vertex 7.22598 -5.75614 -2
    endloop
  endfacet
  facet normal -0.989175 -0.146738 0
    outer loop
      vertex 7.22598 -5.75614 2
      vertex 7.24398 -5.87748 -2
      vertex 7.24398 -5.87748 2
    endloop
  endfacet
  facet normal -0.998795 -0.0490756 0
    outer loop
      vertex 7.25 -6 -2
      vertex 7.24398 -5.87748 2
      vertex 7.24398 -5.87748 -2
    endloop
  endfacet
  facet normal -0.998795 -0.0490756 0
    outer loop
      vertex 7.24398 -5.87748 2
      vertex 7.25 -6 -2
      vertex 7.25 -6 2
    endloop
  endfacet
  facet normal -0.970027 -0.242996 0
    outer loop
      vertex 7.22598 -5.75614 -2
      vertex 7.19617 -5.63714 2
      vertex 7.19617 -5.63714 -2
    endloop
  endfacet
  facet normal -0.970027 -0.242996 0
    outer loop
      vertex 7.19617 -5.63714 2
      vertex 7.22598 -5.75614 -2
      vertex 7.22598 -5.75614 2
    endloop
  endfacet
  facet normal 0.85773 -0.5141 0
    outer loop
      vertex 4.8976 -5.41075 2
      vertex 4.96066 -5.30554 -2
      vertex 4.96066 -5.30554 2
    endloop
  endfacet
  facet normal 0.85773 -0.5141 0
    outer loop
      vertex 4.96066 -5.30554 -2
      vertex 4.8976 -5.41075 2
      vertex 4.8976 -5.41075 -2
    endloop
  endfacet
  facet normal -0.243015 0.970022 0
    outer loop
      vertex 6.36285 -7.19617 -2
      vertex 6.24386 -7.22598 2
      vertex 6.36285 -7.19617 2
    endloop
  endfacet
  facet normal -0.243015 0.970022 0
    outer loop
      vertex 6.24386 -7.22598 2
      vertex 6.36285 -7.19617 -2
      vertex 6.24386 -7.22598 -2
    endloop
  endfacet
  facet normal -0.998795 0.0490756 0
    outer loop
      vertex 7.24398 -6.12252 -2
      vertex 7.25 -6 2
      vertex 7.25 -6 -2
    endloop
  endfacet
  facet normal -0.998795 0.0490756 0
    outer loop
      vertex 7.25 -6 2
      vertex 7.24398 -6.12252 -2
      vertex 7.24398 -6.12252 2
    endloop
  endfacet
  facet normal -0.336915 -0.941535 0
    outer loop
      vertex 6.36285 -4.80382 -2
      vertex 6.47835 -4.84515 2
      vertex 6.36285 -4.80382 2
    endloop
  endfacet
  facet normal -0.336915 -0.941535 -0
    outer loop
      vertex 6.47835 -4.84515 2
      vertex 6.36285 -4.80382 -2
      vertex 6.47835 -4.84515 -2
    endloop
  endfacet
  facet normal -0.0490756 0.998795 0
    outer loop
      vertex 6.12252 -7.24398 -2
      vertex 6 -7.25 2
      vertex 6.12252 -7.24398 2
    endloop
  endfacet
  facet normal -0.0490756 0.998795 0
    outer loop
      vertex 6 -7.25 2
      vertex 6.12252 -7.24398 -2
      vertex 6 -7.25 -2
    endloop
  endfacet
  facet normal -0.5141 0.85773 0
    outer loop
      vertex 6.69446 -7.03934 -2
      vertex 6.58925 -7.1024 2
      vertex 6.69446 -7.03934 2
    endloop
  endfacet
  facet normal -0.5141 0.85773 0
    outer loop
      vertex 6.58925 -7.1024 2
      vertex 6.69446 -7.03934 -2
      vertex 6.58925 -7.1024 -2
    endloop
  endfacet
  facet normal 0.427543 -0.903995 0
    outer loop
      vertex 5.41075 -4.8976 -2
      vertex 5.52165 -4.84515 2
      vertex 5.41075 -4.8976 2
    endloop
  endfacet
  facet normal 0.427543 -0.903995 0
    outer loop
      vertex 5.52165 -4.84515 2
      vertex 5.41075 -4.8976 -2
      vertex 5.52165 -4.84515 -2
    endloop
  endfacet
  facet normal 0.803187 0.595727 0
    outer loop
      vertex 5.03374 -6.79299 2
      vertex 4.96066 -6.69446 -2
      vertex 4.96066 -6.69446 2
    endloop
  endfacet
  facet normal 0.803187 0.595727 0
    outer loop
      vertex 4.96066 -6.69446 -2
      vertex 5.03374 -6.79299 2
      vertex 5.03374 -6.79299 -2
    endloop
  endfacet
  facet normal -0.0490756 -0.998795 0
    outer loop
      vertex 6 -4.75 -2
      vertex 6.12252 -4.75602 2
      vertex 6 -4.75 2
    endloop
  endfacet
  facet normal -0.0490756 -0.998795 -0
    outer loop
      vertex 6.12252 -4.75602 2
      vertex 6 -4.75 -2
      vertex 6.12252 -4.75602 -2
    endloop
  endfacet
  facet normal -0.427543 0.903995 0
    outer loop
      vertex 6.58925 -7.1024 -2
      vertex 6.47835 -7.15485 2
      vertex 6.58925 -7.1024 2
    endloop
  endfacet
  facet normal -0.427543 0.903995 0
    outer loop
      vertex 6.47835 -7.15485 2
      vertex 6.58925 -7.1024 -2
      vertex 6.47835 -7.15485 -2
    endloop
  endfacet
  facet normal 0.146738 -0.989175 0
    outer loop
      vertex 5.75614 -4.77402 -2
      vertex 5.87748 -4.75602 2
      vertex 5.75614 -4.77402 2
    endloop
  endfacet
  facet normal 0.146738 -0.989175 0
    outer loop
      vertex 5.87748 -4.75602 2
      vertex 5.75614 -4.77402 -2
      vertex 5.87748 -4.75602 -2
    endloop
  endfacet
  facet normal 0.242919 -0.970047 0
    outer loop
      vertex 5.63714 -4.80382 -2
      vertex 5.75614 -4.77402 2
      vertex 5.63714 -4.80382 2
    endloop
  endfacet
  facet normal 0.242919 -0.970047 0
    outer loop
      vertex 5.75614 -4.77402 2
      vertex 5.63714 -4.80382 -2
      vertex 5.75614 -4.77402 -2
    endloop
  endfacet
  facet normal 0.595727 -0.803187 0
    outer loop
      vertex 5.20701 -5.03374 -2
      vertex 5.30554 -4.96066 2
      vertex 5.20701 -5.03374 2
    endloop
  endfacet
  facet normal 0.595727 -0.803187 0
    outer loop
      vertex 5.30554 -4.96066 2
      vertex 5.20701 -5.03374 -2
      vertex 5.30554 -4.96066 -2
    endloop
  endfacet
  facet normal -0.242938 -0.970042 0
    outer loop
      vertex 6.24386 -4.77402 -2
      vertex 6.36285 -4.80382 2
      vertex 6.24386 -4.77402 2
    endloop
  endfacet
  facet normal -0.242938 -0.970042 -0
    outer loop
      vertex 6.36285 -4.80382 2
      vertex 6.24386 -4.77402 -2
      vertex 6.36285 -4.80382 -2
    endloop
  endfacet
  facet normal 0.989175 0.146738 0
    outer loop
      vertex 4.77402 -6.24386 2
      vertex 4.75602 -6.12252 -2
      vertex 4.75602 -6.12252 2
    endloop
  endfacet
  facet normal 0.989175 0.146738 0
    outer loop
      vertex 4.75602 -6.12252 -2
      vertex 4.77402 -6.24386 2
      vertex 4.77402 -6.24386 -2
    endloop
  endfacet
  facet normal -0.671568 -0.740943 0
    outer loop
      vertex 6.79299 -5.03374 -2
      vertex 6.88388 -5.11612 2
      vertex 6.79299 -5.03374 2
    endloop
  endfacet
  facet normal -0.671568 -0.740943 -0
    outer loop
      vertex 6.88388 -5.11612 2
      vertex 6.79299 -5.03374 -2
      vertex 6.88388 -5.11612 -2
    endloop
  endfacet
  facet normal 0.427543 0.903995 -0
    outer loop
      vertex 5.52165 -7.15485 -2
      vertex 5.41075 -7.1024 2
      vertex 5.52165 -7.15485 2
    endloop
  endfacet
  facet normal 0.427543 0.903995 0
    outer loop
      vertex 5.41075 -7.1024 2
      vertex 5.52165 -7.15485 -2
      vertex 5.41075 -7.1024 -2
    endloop
  endfacet
  facet normal 0.5141 -0.85773 0
    outer loop
      vertex 5.30554 -4.96066 -2
      vertex 5.41075 -4.8976 2
      vertex 5.30554 -4.96066 2
    endloop
  endfacet
  facet normal 0.5141 -0.85773 0
    outer loop
      vertex 5.41075 -4.8976 2
      vertex 5.30554 -4.96066 -2
      vertex 5.41075 -4.8976 -2
    endloop
  endfacet
  facet normal 0.970042 0.242938 0
    outer loop
      vertex 4.80382 -6.36285 2
      vertex 4.77402 -6.24386 -2
      vertex 4.77402 -6.24386 2
    endloop
  endfacet
  facet normal 0.970042 0.242938 0
    outer loop
      vertex 4.77402 -6.24386 -2
      vertex 4.80382 -6.36285 2
      vertex 4.80382 -6.36285 -2
    endloop
  endfacet
  facet normal 0.5141 0.85773 -0
    outer loop
      vertex 5.41075 -7.1024 -2
      vertex 5.30554 -7.03934 2
      vertex 5.41075 -7.1024 2
    endloop
  endfacet
  facet normal 0.5141 0.85773 0
    outer loop
      vertex 5.30554 -7.03934 2
      vertex 5.41075 -7.1024 -2
      vertex 5.30554 -7.03934 -2
    endloop
  endfacet
  facet normal 0.903995 -0.427543 0
    outer loop
      vertex 4.84515 -5.52165 2
      vertex 4.8976 -5.41075 -2
      vertex 4.8976 -5.41075 2
    endloop
  endfacet
  facet normal 0.903995 -0.427543 0
    outer loop
      vertex 4.8976 -5.41075 -2
      vertex 4.84515 -5.52165 2
      vertex 4.84515 -5.52165 -2
    endloop
  endfacet
  facet normal -0.803187 0.595727 0
    outer loop
      vertex 6.96626 -6.79299 -2
      vertex 7.03934 -6.69446 2
      vertex 7.03934 -6.69446 -2
    endloop
  endfacet
  facet normal -0.803187 0.595727 0
    outer loop
      vertex 7.03934 -6.69446 2
      vertex 6.96626 -6.79299 -2
      vertex 6.96626 -6.79299 2
    endloop
  endfacet
  facet normal -0.903995 0.427543 0
    outer loop
      vertex 7.1024 -6.58925 -2
      vertex 7.15485 -6.47835 2
      vertex 7.15485 -6.47835 -2
    endloop
  endfacet
  facet normal -0.903995 0.427543 0
    outer loop
      vertex 7.15485 -6.47835 2
      vertex 7.1024 -6.58925 -2
      vertex 7.1024 -6.58925 2
    endloop
  endfacet
  facet normal 0.941526 -0.336941 0
    outer loop
      vertex 4.80382 -5.63714 2
      vertex 4.84515 -5.52165 -2
      vertex 4.84515 -5.52165 2
    endloop
  endfacet
  facet normal 0.941526 -0.336941 0
    outer loop
      vertex 4.84515 -5.52165 -2
      vertex 4.80382 -5.63714 2
      vertex 4.80382 -5.63714 -2
    endloop
  endfacet
  facet normal -0.146738 -0.989175 0
    outer loop
      vertex 6.12252 -4.75602 -2
      vertex 6.24386 -4.77402 2
      vertex 6.12252 -4.75602 2
    endloop
  endfacet
  facet normal -0.146738 -0.989175 -0
    outer loop
      vertex 6.24386 -4.77402 2
      vertex 6.12252 -4.75602 -2
      vertex 6.24386 -4.77402 -2
    endloop
  endfacet
  facet normal -0.595727 -0.803187 0
    outer loop
      vertex 6.69446 -4.96066 -2
      vertex 6.79299 -5.03374 2
      vertex 6.69446 -4.96066 2
    endloop
  endfacet
  facet normal -0.595727 -0.803187 -0
    outer loop
      vertex 6.79299 -5.03374 2
      vertex 6.69446 -4.96066 -2
      vertex 6.79299 -5.03374 -2
    endloop
  endfacet
  facet normal -0.803187 -0.595727 0
    outer loop
      vertex 7.03934 -5.30554 -2
      vertex 6.96626 -5.20701 2
      vertex 6.96626 -5.20701 -2
    endloop
  endfacet
  facet normal -0.803187 -0.595727 0
    outer loop
      vertex 6.96626 -5.20701 2
      vertex 7.03934 -5.30554 -2
      vertex 7.03934 -5.30554 2
    endloop
  endfacet
  facet normal 0.941535 0.336915 0
    outer loop
      vertex 4.84515 -6.47835 2
      vertex 4.80382 -6.36285 -2
      vertex 4.80382 -6.36285 2
    endloop
  endfacet
  facet normal 0.941535 0.336915 0
    outer loop
      vertex 4.80382 -6.36285 -2
      vertex 4.84515 -6.47835 2
      vertex 4.84515 -6.47835 -2
    endloop
  endfacet
  facet normal 0.740943 0.671568 0
    outer loop
      vertex 5.11612 -6.88388 2
      vertex 5.03374 -6.79299 -2
      vertex 5.03374 -6.79299 2
    endloop
  endfacet
  facet normal 0.740943 0.671568 0
    outer loop
      vertex 5.03374 -6.79299 -2
      vertex 5.11612 -6.88388 2
      vertex 5.11612 -6.88388 -2
    endloop
  endfacet
  facet normal -0.427543 -0.903995 0
    outer loop
      vertex 6.47835 -4.84515 -2
      vertex 6.58925 -4.8976 2
      vertex 6.47835 -4.84515 2
    endloop
  endfacet
  facet normal -0.427543 -0.903995 -0
    outer loop
      vertex 6.58925 -4.8976 2
      vertex 6.47835 -4.84515 -2
      vertex 6.58925 -4.8976 -2
    endloop
  endfacet
  facet normal -0.85773 0.5141 0
    outer loop
      vertex 7.03934 -6.69446 -2
      vertex 7.1024 -6.58925 2
      vertex 7.1024 -6.58925 -2
    endloop
  endfacet
  facet normal -0.85773 0.5141 0
    outer loop
      vertex 7.1024 -6.58925 2
      vertex 7.03934 -6.69446 -2
      vertex 7.03934 -6.69446 2
    endloop
  endfacet
  facet normal -0.970022 0.243015 0
    outer loop
      vertex 7.19617 -6.36285 -2
      vertex 7.22598 -6.24386 2
      vertex 7.22598 -6.24386 -2
    endloop
  endfacet
  facet normal -0.970022 0.243015 0
    outer loop
      vertex 7.22598 -6.24386 2
      vertex 7.19617 -6.36285 -2
      vertex 7.19617 -6.36285 2
    endloop
  endfacet
  facet normal -0.146738 0.989175 0
    outer loop
      vertex 6.24386 -7.22598 -2
      vertex 6.12252 -7.24398 2
      vertex 6.24386 -7.22598 2
    endloop
  endfacet
  facet normal -0.146738 0.989175 0
    outer loop
      vertex 6.12252 -7.24398 2
      vertex 6.24386 -7.22598 -2
      vertex 6.12252 -7.24398 -2
    endloop
  endfacet
  facet normal -0.941561 0.336842 0
    outer loop
      vertex 7.15485 -6.47835 -2
      vertex 7.19617 -6.36285 2
      vertex 7.19617 -6.36285 -2
    endloop
  endfacet
  facet normal -0.941561 0.336842 0
    outer loop
      vertex 7.19617 -6.36285 2
      vertex 7.15485 -6.47835 -2
      vertex 7.15485 -6.47835 2
    endloop
  endfacet
  facet normal 0.336941 -0.941526 0
    outer loop
      vertex 5.52165 -4.84515 -2
      vertex 5.63714 -4.80382 2
      vertex 5.52165 -4.84515 2
    endloop
  endfacet
  facet normal 0.336941 -0.941526 0
    outer loop
      vertex 5.63714 -4.80382 2
      vertex 5.52165 -4.84515 -2
      vertex 5.63714 -4.80382 -2
    endloop
  endfacet
  facet normal 0.0490756 0.998795 -0
    outer loop
      vertex 6 -7.25 -2
      vertex 5.87748 -7.24398 2
      vertex 6 -7.25 2
    endloop
  endfacet
  facet normal 0.0490756 0.998795 0
    outer loop
      vertex 5.87748 -7.24398 2
      vertex 6 -7.25 -2
      vertex 5.87748 -7.24398 -2
    endloop
  endfacet
  facet normal -0.740943 -0.671568 0
    outer loop
      vertex 6.96626 -5.20701 -2
      vertex 6.88388 -5.11612 2
      vertex 6.88388 -5.11612 -2
    endloop
  endfacet
  facet normal -0.740943 -0.671568 0
    outer loop
      vertex 6.88388 -5.11612 2
      vertex 6.96626 -5.20701 -2
      vertex 6.96626 -5.20701 2
    endloop
  endfacet
  facet normal -0.941552 -0.336868 0
    outer loop
      vertex 7.19617 -5.63714 -2
      vertex 7.15485 -5.52165 2
      vertex 7.15485 -5.52165 -2
    endloop
  endfacet
  facet normal -0.941552 -0.336868 0
    outer loop
      vertex 7.15485 -5.52165 2
      vertex 7.19617 -5.63714 -2
      vertex 7.19617 -5.63714 2
    endloop
  endfacet
  facet normal 0.671568 -0.740943 0
    outer loop
      vertex 5.11612 -5.11612 -2
      vertex 5.20701 -5.03374 2
      vertex 5.11612 -5.11612 2
    endloop
  endfacet
  facet normal 0.671568 -0.740943 0
    outer loop
      vertex 5.20701 -5.03374 2
      vertex 5.11612 -5.11612 -2
      vertex 5.20701 -5.03374 -2
    endloop
  endfacet
  facet normal -0.903995 -0.427543 0
    outer loop
      vertex 7.15485 -5.52165 -2
      vertex 7.1024 -5.41075 2
      vertex 7.1024 -5.41075 -2
    endloop
  endfacet
  facet normal -0.903995 -0.427543 0
    outer loop
      vertex 7.1024 -5.41075 2
      vertex 7.15485 -5.52165 -2
      vertex 7.15485 -5.52165 2
    endloop
  endfacet
  facet normal -0.989175 0.146738 0
    outer loop
      vertex 7.22598 -6.24386 -2
      vertex 7.24398 -6.12252 2
      vertex 7.24398 -6.12252 -2
    endloop
  endfacet
  facet normal -0.989175 0.146738 0
    outer loop
      vertex 7.24398 -6.12252 2
      vertex 7.22598 -6.24386 -2
      vertex 7.22598 -6.24386 2
    endloop
  endfacet
  facet normal -0.740943 0.671568 0
    outer loop
      vertex 6.88388 -6.88388 -2
      vertex 6.96626 -6.79299 2
      vertex 6.96626 -6.79299 -2
    endloop
  endfacet
  facet normal -0.740943 0.671568 0
    outer loop
      vertex 6.96626 -6.79299 2
      vertex 6.88388 -6.88388 -2
      vertex 6.88388 -6.88388 2
    endloop
  endfacet
  facet normal -0.85773 -0.5141 0
    outer loop
      vertex 7.1024 -5.41075 -2
      vertex 7.03934 -5.30554 2
      vertex 7.03934 -5.30554 -2
    endloop
  endfacet
  facet normal -0.85773 -0.5141 0
    outer loop
      vertex 7.03934 -5.30554 2
      vertex 7.1024 -5.41075 -2
      vertex 7.1024 -5.41075 2
    endloop
  endfacet
  facet normal 0.85773 0.5141 0
    outer loop
      vertex 4.96066 -6.69446 2
      vertex 4.8976 -6.58925 -2
      vertex 4.8976 -6.58925 2
    endloop
  endfacet
  facet normal 0.85773 0.5141 0
    outer loop
      vertex 4.8976 -6.58925 -2
      vertex 4.96066 -6.69446 2
      vertex 4.96066 -6.69446 -2
    endloop
  endfacet
  facet normal 0.242996 0.970027 -0
    outer loop
      vertex 5.75614 -7.22598 -2
      vertex 5.63714 -7.19617 2
      vertex 5.75614 -7.22598 2
    endloop
  endfacet
  facet normal 0.242996 0.970027 0
    outer loop
      vertex 5.63714 -7.19617 2
      vertex 5.75614 -7.22598 -2
      vertex 5.63714 -7.19617 -2
    endloop
  endfacet
  facet normal 0.989175 -0.146738 0
    outer loop
      vertex 4.75602 -5.87748 2
      vertex 4.77402 -5.75614 -2
      vertex 4.77402 -5.75614 2
    endloop
  endfacet
  facet normal 0.989175 -0.146738 0
    outer loop
      vertex 4.77402 -5.75614 -2
      vertex 4.75602 -5.87748 2
      vertex 4.75602 -5.87748 -2
    endloop
  endfacet
  facet normal 0.0490756 -0.998795 0
    outer loop
      vertex 5.87748 -4.75602 -2
      vertex 6 -4.75 2
      vertex 5.87748 -4.75602 2
    endloop
  endfacet
  facet normal 0.0490756 -0.998795 0
    outer loop
      vertex 6 -4.75 2
      vertex 5.87748 -4.75602 -2
      vertex 6 -4.75 -2
    endloop
  endfacet
  facet normal 0.740943 -0.671568 0
    outer loop
      vertex 5.03374 -5.20701 2
      vertex 5.11612 -5.11612 -2
      vertex 5.11612 -5.11612 2
    endloop
  endfacet
  facet normal 0.740943 -0.671568 0
    outer loop
      vertex 5.11612 -5.11612 -2
      vertex 5.03374 -5.20701 2
      vertex 5.03374 -5.20701 -2
    endloop
  endfacet
  facet normal 0.595727 0.803187 -0
    outer loop
      vertex 5.30554 -7.03934 -2
      vertex 5.20701 -6.96626 2
      vertex 5.30554 -7.03934 2
    endloop
  endfacet
  facet normal 0.595727 0.803187 0
    outer loop
      vertex 5.20701 -6.96626 2
      vertex 5.30554 -7.03934 -2
      vertex 5.20701 -6.96626 -2
    endloop
  endfacet
  facet normal -0.595727 0.803187 0
    outer loop
      vertex 6.79299 -6.96626 -2
      vertex 6.69446 -7.03934 2
      vertex 6.79299 -6.96626 2
    endloop
  endfacet
  facet normal -0.595727 0.803187 0
    outer loop
      vertex 6.69446 -7.03934 2
      vertex 6.79299 -6.96626 -2
      vertex 6.69446 -7.03934 -2
    endloop
  endfacet
  facet normal 0.803187 -0.595727 0
    outer loop
      vertex 4.96066 -5.30554 2
      vertex 5.03374 -5.20701 -2
      vertex 5.03374 -5.20701 2
    endloop
  endfacet
  facet normal 0.803187 -0.595727 0
    outer loop
      vertex 5.03374 -5.20701 -2
      vertex 4.96066 -5.30554 2
      vertex 4.96066 -5.30554 -2
    endloop
  endfacet
  facet normal 0.970047 -0.242919 0
    outer loop
      vertex 4.77402 -5.75614 2
      vertex 4.80382 -5.63714 -2
      vertex 4.80382 -5.63714 2
    endloop
  endfacet
  facet normal 0.970047 -0.242919 0
    outer loop
      vertex 4.80382 -5.63714 -2
      vertex 4.77402 -5.75614 2
      vertex 4.77402 -5.75614 -2
    endloop
  endfacet
  facet normal -0.671568 0.740943 0
    outer loop
      vertex 6.88388 -6.88388 -2
      vertex 6.79299 -6.96626 2
      vertex 6.88388 -6.88388 2
    endloop
  endfacet
  facet normal -0.671568 0.740943 0
    outer loop
      vertex 6.79299 -6.96626 2
      vertex 6.88388 -6.88388 -2
      vertex 6.79299 -6.96626 -2
    endloop
  endfacet
  facet normal 0.903995 0.427543 0
    outer loop
      vertex 4.8976 -6.58925 2
      vertex 4.84515 -6.47835 -2
      vertex 4.84515 -6.47835 2
    endloop
  endfacet
  facet normal 0.903995 0.427543 0
    outer loop
      vertex 4.84515 -6.47835 -2
      vertex 4.8976 -6.58925 2
      vertex 4.8976 -6.58925 -2
    endloop
  endfacet
  facet normal 0.998795 -0.0490756 0
    outer loop
      vertex 4.75 -6 2
      vertex 4.75602 -5.87748 -2
      vertex 4.75602 -5.87748 2
    endloop
  endfacet
  facet normal 0.998795 -0.0490756 0
    outer loop
      vertex 4.75602 -5.87748 -2
      vertex 4.75 -6 2
      vertex 4.75 -6 -2
    endloop
  endfacet
  facet normal 0.998795 0.0490756 0
    outer loop
      vertex 4.75602 -6.12252 2
      vertex 4.75 -6 -2
      vertex 4.75 -6 2
    endloop
  endfacet
  facet normal 0.998795 0.0490756 0
    outer loop
      vertex 4.75 -6 -2
      vertex 4.75602 -6.12252 2
      vertex 4.75602 -6.12252 -2
    endloop
  endfacet
  facet normal 0.336868 0.941552 -0
    outer loop
      vertex 5.63714 -7.19617 -2
      vertex 5.52165 -7.15485 2
      vertex 5.63714 -7.19617 2
    endloop
  endfacet
  facet normal 0.336868 0.941552 0
    outer loop
      vertex 5.52165 -7.15485 2
      vertex 5.63714 -7.19617 -2
      vertex 5.52165 -7.15485 -2
    endloop
  endfacet
  facet normal 0.671568 0.740943 -0
    outer loop
      vertex 5.20701 -6.96626 -2
      vertex 5.11612 -6.88388 2
      vertex 5.20701 -6.96626 2
    endloop
  endfacet
  facet normal 0.671568 0.740943 0
    outer loop
      vertex 5.11612 -6.88388 2
      vertex 5.20701 -6.96626 -2
      vertex 5.11612 -6.88388 -2
    endloop
  endfacet
  facet normal 0.146738 0.989175 -0
    outer loop
      vertex 5.87748 -7.24398 -2
      vertex 5.75614 -7.22598 2
      vertex 5.87748 -7.24398 2
    endloop
  endfacet
  facet normal 0.146738 0.989175 0
    outer loop
      vertex 5.75614 -7.22598 2
      vertex 5.87748 -7.24398 -2
      vertex 5.75614 -7.22598 -2
    endloop
  endfacet
  facet normal 0.336941 0.941526 -0
    outer loop
      vertex 5.63714 4.80382 -2
      vertex 5.52165 4.84515 2
      vertex 5.63714 4.80382 2
    endloop
  endfacet
  facet normal 0.336941 0.941526 0
    outer loop
      vertex 5.52165 4.84515 2
      vertex 5.63714 4.80382 -2
      vertex 5.52165 4.84515 -2
    endloop
  endfacet
  facet normal -0.989175 -0.146738 0
    outer loop
      vertex 7.24398 6.12252 -2
      vertex 7.22598 6.24386 2
      vertex 7.22598 6.24386 -2
    endloop
  endfacet
  facet normal -0.989175 -0.146738 0
    outer loop
      vertex 7.22598 6.24386 2
      vertex 7.24398 6.12252 -2
      vertex 7.24398 6.12252 2
    endloop
  endfacet
  facet normal -0.998795 -0.0490756 0
    outer loop
      vertex 7.25 6 -2
      vertex 7.24398 6.12252 2
      vertex 7.24398 6.12252 -2
    endloop
  endfacet
  facet normal -0.998795 -0.0490756 0
    outer loop
      vertex 7.24398 6.12252 2
      vertex 7.25 6 -2
      vertex 7.25 6 2
    endloop
  endfacet
  facet normal -0.970022 -0.243015 0
    outer loop
      vertex 7.22598 6.24386 -2
      vertex 7.19617 6.36285 2
      vertex 7.19617 6.36285 -2
    endloop
  endfacet
  facet normal -0.970022 -0.243015 0
    outer loop
      vertex 7.19617 6.36285 2
      vertex 7.22598 6.24386 -2
      vertex 7.22598 6.24386 2
    endloop
  endfacet
  facet normal 0.989175 -0.146738 0
    outer loop
      vertex 4.75602 6.12252 2
      vertex 4.77402 6.24386 -2
      vertex 4.77402 6.24386 2
    endloop
  endfacet
  facet normal 0.989175 -0.146738 0
    outer loop
      vertex 4.77402 6.24386 -2
      vertex 4.75602 6.12252 2
      vertex 4.75602 6.12252 -2
    endloop
  endfacet
  facet normal 0.242919 0.970047 -0
    outer loop
      vertex 5.75614 4.77402 -2
      vertex 5.63714 4.80382 2
      vertex 5.75614 4.77402 2
    endloop
  endfacet
  facet normal 0.242919 0.970047 0
    outer loop
      vertex 5.63714 4.80382 2
      vertex 5.75614 4.77402 -2
      vertex 5.63714 4.80382 -2
    endloop
  endfacet
  facet normal -0.336842 -0.941561 0
    outer loop
      vertex 6.36285 7.19617 -2
      vertex 6.47835 7.15485 2
      vertex 6.36285 7.19617 2
    endloop
  endfacet
  facet normal -0.336842 -0.941561 -0
    outer loop
      vertex 6.47835 7.15485 2
      vertex 6.36285 7.19617 -2
      vertex 6.47835 7.15485 -2
    endloop
  endfacet
  facet normal 0.5141 -0.85773 0
    outer loop
      vertex 5.30554 7.03934 -2
      vertex 5.41075 7.1024 2
      vertex 5.30554 7.03934 2
    endloop
  endfacet
  facet normal 0.5141 -0.85773 0
    outer loop
      vertex 5.41075 7.1024 2
      vertex 5.30554 7.03934 -2
      vertex 5.41075 7.1024 -2
    endloop
  endfacet
  facet normal 0.903995 0.427543 0
    outer loop
      vertex 4.8976 5.41075 2
      vertex 4.84515 5.52165 -2
      vertex 4.84515 5.52165 2
    endloop
  endfacet
  facet normal 0.903995 0.427543 0
    outer loop
      vertex 4.84515 5.52165 -2
      vertex 4.8976 5.41075 2
      vertex 4.8976 5.41075 -2
    endloop
  endfacet
  facet normal 0.242996 -0.970027 0
    outer loop
      vertex 5.63714 7.19617 -2
      vertex 5.75614 7.22598 2
      vertex 5.63714 7.19617 2
    endloop
  endfacet
  facet normal 0.242996 -0.970027 0
    outer loop
      vertex 5.75614 7.22598 2
      vertex 5.63714 7.19617 -2
      vertex 5.75614 7.22598 -2
    endloop
  endfacet
  facet normal 0.85773 0.5141 0
    outer loop
      vertex 4.96066 5.30554 2
      vertex 4.8976 5.41075 -2
      vertex 4.8976 5.41075 2
    endloop
  endfacet
  facet normal 0.85773 0.5141 0
    outer loop
      vertex 4.8976 5.41075 -2
      vertex 4.96066 5.30554 2
      vertex 4.96066 5.30554 -2
    endloop
  endfacet
  facet normal -0.242938 0.970042 0
    outer loop
      vertex 6.36285 4.80382 -2
      vertex 6.24386 4.77402 2
      vertex 6.36285 4.80382 2
    endloop
  endfacet
  facet normal -0.242938 0.970042 0
    outer loop
      vertex 6.24386 4.77402 2
      vertex 6.36285 4.80382 -2
      vertex 6.24386 4.77402 -2
    endloop
  endfacet
  facet normal 0.595727 0.803187 -0
    outer loop
      vertex 5.30554 4.96066 -2
      vertex 5.20701 5.03374 2
      vertex 5.30554 4.96066 2
    endloop
  endfacet
  facet normal 0.595727 0.803187 0
    outer loop
      vertex 5.20701 5.03374 2
      vertex 5.30554 4.96066 -2
      vertex 5.20701 5.03374 -2
    endloop
  endfacet
  facet normal -0.5141 0.85773 0
    outer loop
      vertex 6.69446 4.96066 -2
      vertex 6.58925 4.8976 2
      vertex 6.69446 4.96066 2
    endloop
  endfacet
  facet normal -0.5141 0.85773 0
    outer loop
      vertex 6.58925 4.8976 2
      vertex 6.69446 4.96066 -2
      vertex 6.58925 4.8976 -2
    endloop
  endfacet
  facet normal -0.803187 0.595727 0
    outer loop
      vertex 6.96626 5.20701 -2
      vertex 7.03934 5.30554 2
      vertex 7.03934 5.30554 -2
    endloop
  endfacet
  facet normal -0.803187 0.595727 0
    outer loop
      vertex 7.03934 5.30554 2
      vertex 6.96626 5.20701 -2
      vertex 6.96626 5.20701 2
    endloop
  endfacet
  facet normal -0.146738 -0.989175 0
    outer loop
      vertex 6.12252 7.24398 -2
      vertex 6.24386 7.22598 2
      vertex 6.12252 7.24398 2
    endloop
  endfacet
  facet normal -0.146738 -0.989175 -0
    outer loop
      vertex 6.24386 7.22598 2
      vertex 6.12252 7.24398 -2
      vertex 6.24386 7.22598 -2
    endloop
  endfacet
  facet normal 0.595727 -0.803187 0
    outer loop
      vertex 5.20701 6.96626 -2
      vertex 5.30554 7.03934 2
      vertex 5.20701 6.96626 2
    endloop
  endfacet
  facet normal 0.595727 -0.803187 0
    outer loop
      vertex 5.30554 7.03934 2
      vertex 5.20701 6.96626 -2
      vertex 5.30554 7.03934 -2
    endloop
  endfacet
  facet normal 0.803187 -0.595727 0
    outer loop
      vertex 4.96066 6.69446 2
      vertex 5.03374 6.79299 -2
      vertex 5.03374 6.79299 2
    endloop
  endfacet
  facet normal 0.803187 -0.595727 0
    outer loop
      vertex 5.03374 6.79299 -2
      vertex 4.96066 6.69446 2
      vertex 4.96066 6.69446 -2
    endloop
  endfacet
  facet normal -0.989175 0.146738 0
    outer loop
      vertex 7.22598 5.75614 -2
      vertex 7.24398 5.87748 2
      vertex 7.24398 5.87748 -2
    endloop
  endfacet
  facet normal -0.989175 0.146738 0
    outer loop
      vertex 7.24398 5.87748 2
      vertex 7.22598 5.75614 -2
      vertex 7.22598 5.75614 2
    endloop
  endfacet
  facet normal 0.941535 -0.336915 0
    outer loop
      vertex 4.80382 6.36285 2
      vertex 4.84515 6.47835 -2
      vertex 4.84515 6.47835 2
    endloop
  endfacet
  facet normal 0.941535 -0.336915 0
    outer loop
      vertex 4.84515 6.47835 -2
      vertex 4.80382 6.36285 2
      vertex 4.80382 6.36285 -2
    endloop
  endfacet
  facet normal -0.427543 -0.903995 0
    outer loop
      vertex 6.47835 7.15485 -2
      vertex 6.58925 7.1024 2
      vertex 6.47835 7.15485 2
    endloop
  endfacet
  facet normal -0.427543 -0.903995 -0
    outer loop
      vertex 6.58925 7.1024 2
      vertex 6.47835 7.15485 -2
      vertex 6.58925 7.1024 -2
    endloop
  endfacet
  facet normal 0.941526 0.336941 0
    outer loop
      vertex 4.84515 5.52165 2
      vertex 4.80382 5.63714 -2
      vertex 4.80382 5.63714 2
    endloop
  endfacet
  facet normal 0.941526 0.336941 0
    outer loop
      vertex 4.80382 5.63714 -2
      vertex 4.84515 5.52165 2
      vertex 4.84515 5.52165 -2
    endloop
  endfacet
  facet normal -0.970027 0.242996 0
    outer loop
      vertex 7.19617 5.63714 -2
      vertex 7.22598 5.75614 2
      vertex 7.22598 5.75614 -2
    endloop
  endfacet
  facet normal -0.970027 0.242996 0
    outer loop
      vertex 7.22598 5.75614 2
      vertex 7.19617 5.63714 -2
      vertex 7.19617 5.63714 2
    endloop
  endfacet
  facet normal 0.0490756 -0.998795 0
    outer loop
      vertex 5.87748 7.24398 -2
      vertex 6 7.25 2
      vertex 5.87748 7.24398 2
    endloop
  endfacet
  facet normal 0.0490756 -0.998795 0
    outer loop
      vertex 6 7.25 2
      vertex 5.87748 7.24398 -2
      vertex 6 7.25 -2
    endloop
  endfacet
  facet normal -0.671568 -0.740943 0
    outer loop
      vertex 6.79299 6.96626 -2
      vertex 6.88388 6.88388 2
      vertex 6.79299 6.96626 2
    endloop
  endfacet
  facet normal -0.671568 -0.740943 -0
    outer loop
      vertex 6.88388 6.88388 2
      vertex 6.79299 6.96626 -2
      vertex 6.88388 6.88388 -2
    endloop
  endfacet
  facet normal 0.427543 -0.903995 0
    outer loop
      vertex 5.41075 7.1024 -2
      vertex 5.52165 7.15485 2
      vertex 5.41075 7.1024 2
    endloop
  endfacet
  facet normal 0.427543 -0.903995 0
    outer loop
      vertex 5.52165 7.15485 2
      vertex 5.41075 7.1024 -2
      vertex 5.52165 7.15485 -2
    endloop
  endfacet
  facet normal 0.671568 -0.740943 0
    outer loop
      vertex 5.11612 6.88388 -2
      vertex 5.20701 6.96626 2
      vertex 5.11612 6.88388 2
    endloop
  endfacet
  facet normal 0.671568 -0.740943 0
    outer loop
      vertex 5.20701 6.96626 2
      vertex 5.11612 6.88388 -2
      vertex 5.20701 6.96626 -2
    endloop
  endfacet
  facet normal -0.336915 0.941535 0
    outer loop
      vertex 6.47835 4.84515 -2
      vertex 6.36285 4.80382 2
      vertex 6.47835 4.84515 2
    endloop
  endfacet
  facet normal -0.336915 0.941535 0
    outer loop
      vertex 6.36285 4.80382 2
      vertex 6.47835 4.84515 -2
      vertex 6.36285 4.80382 -2
    endloop
  endfacet
  facet normal 0.336868 -0.941552 0
    outer loop
      vertex 5.52165 7.15485 -2
      vertex 5.63714 7.19617 2
      vertex 5.52165 7.15485 2
    endloop
  endfacet
  facet normal 0.336868 -0.941552 0
    outer loop
      vertex 5.63714 7.19617 2
      vertex 5.52165 7.15485 -2
      vertex 5.63714 7.19617 -2
    endloop
  endfacet
  facet normal -0.803187 -0.595727 0
    outer loop
      vertex 7.03934 6.69446 -2
      vertex 6.96626 6.79299 2
      vertex 6.96626 6.79299 -2
    endloop
  endfacet
  facet normal -0.803187 -0.595727 0
    outer loop
      vertex 6.96626 6.79299 2
      vertex 7.03934 6.69446 -2
      vertex 7.03934 6.69446 2
    endloop
  endfacet
  facet normal 0.85773 -0.5141 0
    outer loop
      vertex 4.8976 6.58925 2
      vertex 4.96066 6.69446 -2
      vertex 4.96066 6.69446 2
    endloop
  endfacet
  facet normal 0.85773 -0.5141 0
    outer loop
      vertex 4.96066 6.69446 -2
      vertex 4.8976 6.58925 2
      vertex 4.8976 6.58925 -2
    endloop
  endfacet
  facet normal -0.998795 0.0490756 0
    outer loop
      vertex 7.24398 5.87748 -2
      vertex 7.25 6 2
      vertex 7.25 6 -2
    endloop
  endfacet
  facet normal -0.998795 0.0490756 0
    outer loop
      vertex 7.25 6 2
      vertex 7.24398 5.87748 -2
      vertex 7.24398 5.87748 2
    endloop
  endfacet
  facet normal -0.903995 0.427543 0
    outer loop
      vertex 7.1024 5.41075 -2
      vertex 7.15485 5.52165 2
      vertex 7.15485 5.52165 -2
    endloop
  endfacet
  facet normal -0.903995 0.427543 0
    outer loop
      vertex 7.15485 5.52165 2
      vertex 7.1024 5.41075 -2
      vertex 7.1024 5.41075 2
    endloop
  endfacet
  facet normal -0.595727 -0.803187 0
    outer loop
      vertex 6.69446 7.03934 -2
      vertex 6.79299 6.96626 2
      vertex 6.69446 7.03934 2
    endloop
  endfacet
  facet normal -0.595727 -0.803187 -0
    outer loop
      vertex 6.79299 6.96626 2
      vertex 6.69446 7.03934 -2
      vertex 6.79299 6.96626 -2
    endloop
  endfacet
  facet normal 0.5141 0.85773 -0
    outer loop
      vertex 5.41075 4.8976 -2
      vertex 5.30554 4.96066 2
      vertex 5.41075 4.8976 2
    endloop
  endfacet
  facet normal 0.5141 0.85773 0
    outer loop
      vertex 5.30554 4.96066 2
      vertex 5.41075 4.8976 -2
      vertex 5.30554 4.96066 -2
    endloop
  endfacet
  facet normal -0.5141 -0.85773 0
    outer loop
      vertex 6.58925 7.1024 -2
      vertex 6.69446 7.03934 2
      vertex 6.58925 7.1024 2
    endloop
  endfacet
  facet normal -0.5141 -0.85773 -0
    outer loop
      vertex 6.69446 7.03934 2
      vertex 6.58925 7.1024 -2
      vertex 6.69446 7.03934 -2
    endloop
  endfacet
  facet normal -0.146738 0.989175 0
    outer loop
      vertex 6.24386 4.77402 -2
      vertex 6.12252 4.75602 2
      vertex 6.24386 4.77402 2
    endloop
  endfacet
  facet normal -0.146738 0.989175 0
    outer loop
      vertex 6.12252 4.75602 2
      vertex 6.24386 4.77402 -2
      vertex 6.12252 4.75602 -2
    endloop
  endfacet
  facet normal -0.941561 -0.336842 0
    outer loop
      vertex 7.19617 6.36285 -2
      vertex 7.15485 6.47835 2
      vertex 7.15485 6.47835 -2
    endloop
  endfacet
  facet normal -0.941561 -0.336842 0
    outer loop
      vertex 7.15485 6.47835 2
      vertex 7.19617 6.36285 -2
      vertex 7.19617 6.36285 2
    endloop
  endfacet
  facet normal -0.85773 0.5141 0
    outer loop
      vertex 7.03934 5.30554 -2
      vertex 7.1024 5.41075 2
      vertex 7.1024 5.41075 -2
    endloop
  endfacet
  facet normal -0.85773 0.5141 0
    outer loop
      vertex 7.1024 5.41075 2
      vertex 7.03934 5.30554 -2
      vertex 7.03934 5.30554 2
    endloop
  endfacet
  facet normal 0.998795 0.0490756 0
    outer loop
      vertex 4.75602 5.87748 2
      vertex 4.75 6 -2
      vertex 4.75 6 2
    endloop
  endfacet
  facet normal 0.998795 0.0490756 0
    outer loop
      vertex 4.75 6 -2
      vertex 4.75602 5.87748 2
      vertex 4.75602 5.87748 -2
    endloop
  endfacet
  facet normal -0.941552 0.336868 0
    outer loop
      vertex 7.15485 5.52165 -2
      vertex 7.19617 5.63714 2
      vertex 7.19617 5.63714 -2
    endloop
  endfacet
  facet normal -0.941552 0.336868 0
    outer loop
      vertex 7.19617 5.63714 2
      vertex 7.15485 5.52165 -2
      vertex 7.15485 5.52165 2
    endloop
  endfacet
  facet normal -0.740943 -0.671568 0
    outer loop
      vertex 6.96626 6.79299 -2
      vertex 6.88388 6.88388 2
      vertex 6.88388 6.88388 -2
    endloop
  endfacet
  facet normal -0.740943 -0.671568 0
    outer loop
      vertex 6.88388 6.88388 2
      vertex 6.96626 6.79299 -2
      vertex 6.96626 6.79299 2
    endloop
  endfacet
  facet normal -0.0490756 -0.998795 0
    outer loop
      vertex 6 7.25 -2
      vertex 6.12252 7.24398 2
      vertex 6 7.25 2
    endloop
  endfacet
  facet normal -0.0490756 -0.998795 -0
    outer loop
      vertex 6.12252 7.24398 2
      vertex 6 7.25 -2
      vertex 6.12252 7.24398 -2
    endloop
  endfacet
  facet normal -0.903995 -0.427543 0
    outer loop
      vertex 7.15485 6.47835 -2
      vertex 7.1024 6.58925 2
      vertex 7.1024 6.58925 -2
    endloop
  endfacet
  facet normal -0.903995 -0.427543 0
    outer loop
      vertex 7.1024 6.58925 2
      vertex 7.15485 6.47835 -2
      vertex 7.15485 6.47835 2
    endloop
  endfacet
  facet normal 0.146738 0.989175 -0
    outer loop
      vertex 5.87748 4.75602 -2
      vertex 5.75614 4.77402 2
      vertex 5.87748 4.75602 2
    endloop
  endfacet
  facet normal 0.146738 0.989175 0
    outer loop
      vertex 5.75614 4.77402 2
      vertex 5.87748 4.75602 -2
      vertex 5.75614 4.77402 -2
    endloop
  endfacet
  facet normal -0.671568 0.740943 0
    outer loop
      vertex 6.88388 5.11612 -2
      vertex 6.79299 5.03374 2
      vertex 6.88388 5.11612 2
    endloop
  endfacet
  facet normal -0.671568 0.740943 0
    outer loop
      vertex 6.79299 5.03374 2
      vertex 6.88388 5.11612 -2
      vertex 6.79299 5.03374 -2
    endloop
  endfacet
  facet normal -0.85773 -0.5141 0
    outer loop
      vertex 7.1024 6.58925 -2
      vertex 7.03934 6.69446 2
      vertex 7.03934 6.69446 -2
    endloop
  endfacet
  facet normal -0.85773 -0.5141 0
    outer loop
      vertex 7.03934 6.69446 2
      vertex 7.1024 6.58925 -2
      vertex 7.1024 6.58925 2
    endloop
  endfacet
  facet normal 0.0490756 0.998795 -0
    outer loop
      vertex 6 4.75 -2
      vertex 5.87748 4.75602 2
      vertex 6 4.75 2
    endloop
  endfacet
  facet normal 0.0490756 0.998795 0
    outer loop
      vertex 5.87748 4.75602 2
      vertex 6 4.75 -2
      vertex 5.87748 4.75602 -2
    endloop
  endfacet
  facet normal 0.740943 -0.671568 0
    outer loop
      vertex 5.03374 6.79299 2
      vertex 5.11612 6.88388 -2
      vertex 5.11612 6.88388 2
    endloop
  endfacet
  facet normal 0.740943 -0.671568 0
    outer loop
      vertex 5.11612 6.88388 -2
      vertex 5.03374 6.79299 2
      vertex 5.03374 6.79299 -2
    endloop
  endfacet
  facet normal 0.146738 -0.989175 0
    outer loop
      vertex 5.75614 7.22598 -2
      vertex 5.87748 7.24398 2
      vertex 5.75614 7.22598 2
    endloop
  endfacet
  facet normal 0.146738 -0.989175 0
    outer loop
      vertex 5.87748 7.24398 2
      vertex 5.75614 7.22598 -2
      vertex 5.87748 7.24398 -2
    endloop
  endfacet
  facet normal 0.903995 -0.427543 0
    outer loop
      vertex 4.84515 6.47835 2
      vertex 4.8976 6.58925 -2
      vertex 4.8976 6.58925 2
    endloop
  endfacet
  facet normal 0.903995 -0.427543 0
    outer loop
      vertex 4.8976 6.58925 -2
      vertex 4.84515 6.47835 2
      vertex 4.84515 6.47835 -2
    endloop
  endfacet
  facet normal 0.671568 0.740943 -0
    outer loop
      vertex 5.20701 5.03374 -2
      vertex 5.11612 5.11612 2
      vertex 5.20701 5.03374 2
    endloop
  endfacet
  facet normal 0.671568 0.740943 0
    outer loop
      vertex 5.11612 5.11612 2
      vertex 5.20701 5.03374 -2
      vertex 5.11612 5.11612 -2
    endloop
  endfacet
  facet normal 0.970042 -0.242938 0
    outer loop
      vertex 4.77402 6.24386 2
      vertex 4.80382 6.36285 -2
      vertex 4.80382 6.36285 2
    endloop
  endfacet
  facet normal 0.970042 -0.242938 0
    outer loop
      vertex 4.80382 6.36285 -2
      vertex 4.77402 6.24386 2
      vertex 4.77402 6.24386 -2
    endloop
  endfacet
  facet normal -0.243015 -0.970022 0
    outer loop
      vertex 6.24386 7.22598 -2
      vertex 6.36285 7.19617 2
      vertex 6.24386 7.22598 2
    endloop
  endfacet
  facet normal -0.243015 -0.970022 -0
    outer loop
      vertex 6.36285 7.19617 2
      vertex 6.24386 7.22598 -2
      vertex 6.36285 7.19617 -2
    endloop
  endfacet
  facet normal 0.970047 0.242919 0
    outer loop
      vertex 4.80382 5.63714 2
      vertex 4.77402 5.75614 -2
      vertex 4.77402 5.75614 2
    endloop
  endfacet
  facet normal 0.970047 0.242919 0
    outer loop
      vertex 4.77402 5.75614 -2
      vertex 4.80382 5.63714 2
      vertex 4.80382 5.63714 -2
    endloop
  endfacet
  facet normal 0.427543 0.903995 -0
    outer loop
      vertex 5.52165 4.84515 -2
      vertex 5.41075 4.8976 2
      vertex 5.52165 4.84515 2
    endloop
  endfacet
  facet normal 0.427543 0.903995 0
    outer loop
      vertex 5.41075 4.8976 2
      vertex 5.52165 4.84515 -2
      vertex 5.41075 4.8976 -2
    endloop
  endfacet
  facet normal 0.740943 0.671568 0
    outer loop
      vertex 5.11612 5.11612 2
      vertex 5.03374 5.20701 -2
      vertex 5.03374 5.20701 2
    endloop
  endfacet
  facet normal 0.740943 0.671568 0
    outer loop
      vertex 5.03374 5.20701 -2
      vertex 5.11612 5.11612 2
      vertex 5.11612 5.11612 -2
    endloop
  endfacet
  facet normal -0.427543 0.903995 0
    outer loop
      vertex 6.58925 4.8976 -2
      vertex 6.47835 4.84515 2
      vertex 6.58925 4.8976 2
    endloop
  endfacet
  facet normal -0.427543 0.903995 0
    outer loop
      vertex 6.47835 4.84515 2
      vertex 6.58925 4.8976 -2
      vertex 6.47835 4.84515 -2
    endloop
  endfacet
  facet normal -0.0490756 0.998795 0
    outer loop
      vertex 6.12252 4.75602 -2
      vertex 6 4.75 2
      vertex 6.12252 4.75602 2
    endloop
  endfacet
  facet normal -0.0490756 0.998795 0
    outer loop
      vertex 6 4.75 2
      vertex 6.12252 4.75602 -2
      vertex 6 4.75 -2
    endloop
  endfacet
  facet normal 0.989175 0.146738 0
    outer loop
      vertex 4.77402 5.75614 2
      vertex 4.75602 5.87748 -2
      vertex 4.75602 5.87748 2
    endloop
  endfacet
  facet normal 0.989175 0.146738 0
    outer loop
      vertex 4.75602 5.87748 -2
      vertex 4.77402 5.75614 2
      vertex 4.77402 5.75614 -2
    endloop
  endfacet
  facet normal -0.595727 0.803187 0
    outer loop
      vertex 6.79299 5.03374 -2
      vertex 6.69446 4.96066 2
      vertex 6.79299 5.03374 2
    endloop
  endfacet
  facet normal -0.595727 0.803187 0
    outer loop
      vertex 6.69446 4.96066 2
      vertex 6.79299 5.03374 -2
      vertex 6.69446 4.96066 -2
    endloop
  endfacet
  facet normal 0.803187 0.595727 0
    outer loop
      vertex 5.03374 5.20701 2
      vertex 4.96066 5.30554 -2
      vertex 4.96066 5.30554 2
    endloop
  endfacet
  facet normal 0.803187 0.595727 0
    outer loop
      vertex 4.96066 5.30554 -2
      vertex 5.03374 5.20701 2
      vertex 5.03374 5.20701 -2
    endloop
  endfacet
  facet normal 0.998795 -0.0490756 0
    outer loop
      vertex 4.75 6 2
      vertex 4.75602 6.12252 -2
      vertex 4.75602 6.12252 2
    endloop
  endfacet
  facet normal 0.998795 -0.0490756 0
    outer loop
      vertex 4.75602 6.12252 -2
      vertex 4.75 6 2
      vertex 4.75 6 -2
    endloop
  endfacet
  facet normal -0.740943 0.671568 0
    outer loop
      vertex 6.88388 5.11612 -2
      vertex 6.96626 5.20701 2
      vertex 6.96626 5.20701 -2
    endloop
  endfacet
  facet normal -0.740943 0.671568 0
    outer loop
      vertex 6.96626 5.20701 2
      vertex 6.88388 5.11612 -2
      vertex 6.88388 5.11612 2
    endloop
  endfacet
  facet normal -0.671584 -0.740928 0
    outer loop
      vertex -14.1421 -14.1421 -2
      vertex -12.6879 -15.4602 2
      vertex -14.1421 -14.1421 2
    endloop
  endfacet
  facet normal -0.671584 -0.740928 -0
    outer loop
      vertex -12.6879 -15.4602 2
      vertex -14.1421 -14.1421 -2
      vertex -12.6879 -15.4602 -2
    endloop
  endfacet
  facet normal -0.941547 0.336882 0
    outer loop
      vertex -19.1388 5.80569 -2
      vertex -18.4776 7.65367 2
      vertex -18.4776 7.65367 -2
    endloop
  endfacet
  facet normal -0.941547 0.336882 0
    outer loop
      vertex -18.4776 7.65367 2
      vertex -19.1388 5.80569 -2
      vertex -19.1388 5.80569 2
    endloop
  endfacet
  facet normal 0.989176 0.146736 0
    outer loop
      vertex 19.9037 1.96034 2
      vertex 19.6157 3.90181 -2
      vertex 19.6157 3.90181 2
    endloop
  endfacet
  facet normal 0.989176 0.146736 0
    outer loop
      vertex 19.6157 3.90181 -2
      vertex 19.9037 1.96034 2
      vertex 19.9037 1.96034 -2
    endloop
  endfacet
  facet normal 0.998796 0.049065 0
    outer loop
      vertex 20 0 2
      vertex 19.9037 1.96034 -2
      vertex 19.9037 1.96034 2
    endloop
  endfacet
  facet normal 0.998796 0.049065 0
    outer loop
      vertex 19.9037 1.96034 -2
      vertex 20 0 2
      vertex 20 0 -2
    endloop
  endfacet
  facet normal -0.51409 -0.857736 0
    outer loop
      vertex -11.1114 -16.6294 -2
      vertex -9.42793 -17.6384 2
      vertex -11.1114 -16.6294 2
    endloop
  endfacet
  facet normal -0.51409 -0.857736 -0
    outer loop
      vertex -9.42793 -17.6384 2
      vertex -11.1114 -16.6294 -2
      vertex -9.42793 -17.6384 -2
    endloop
  endfacet
  facet normal 0.671584 0.740928 -0
    outer loop
      vertex 14.1421 14.1421 -2
      vertex 12.6879 15.4602 2
      vertex 14.1421 14.1421 2
    endloop
  endfacet
  facet normal 0.671584 0.740928 0
    outer loop
      vertex 12.6879 15.4602 2
      vertex 14.1421 14.1421 -2
      vertex 12.6879 15.4602 -2
    endloop
  endfacet
  facet normal -0.146736 -0.989176 0
    outer loop
      vertex -3.90181 -19.6157 -2
      vertex -1.96034 -19.9037 2
      vertex -3.90181 -19.6157 2
    endloop
  endfacet
  facet normal -0.146736 -0.989176 -0
    outer loop
      vertex -1.96034 -19.9037 2
      vertex -3.90181 -19.6157 -2
      vertex -1.96034 -19.9037 -2
    endloop
  endfacet
  facet normal 0.740928 0.671584 0
    outer loop
      vertex 15.4602 12.6879 2
      vertex 14.1421 14.1421 -2
      vertex 14.1421 14.1421 2
    endloop
  endfacet
  facet normal 0.740928 0.671584 0
    outer loop
      vertex 14.1421 14.1421 -2
      vertex 15.4602 12.6879 2
      vertex 15.4602 12.6879 -2
    endloop
  endfacet
  facet normal 0.427571 0.903982 -0
    outer loop
      vertex 9.42793 17.6384 -2
      vertex 7.65367 18.4776 2
      vertex 9.42793 17.6384 2
    endloop
  endfacet
  facet normal 0.427571 0.903982 0
    outer loop
      vertex 7.65367 18.4776 2
      vertex 9.42793 17.6384 -2
      vertex 7.65367 18.4776 -2
    endloop
  endfacet
  facet normal 0.049065 -0.998796 0
    outer loop
      vertex 0 -20 -2
      vertex 1.96034 -19.9037 2
      vertex 0 -20 2
    endloop
  endfacet
  facet normal 0.049065 -0.998796 0
    outer loop
      vertex 1.96034 -19.9037 2
      vertex 0 -20 -2
      vertex 1.96034 -19.9037 -2
    endloop
  endfacet
  facet normal -0.740928 0.671584 0
    outer loop
      vertex -15.4602 12.6879 -2
      vertex -14.1421 14.1421 2
      vertex -14.1421 14.1421 -2
    endloop
  endfacet
  facet normal -0.740928 0.671584 0
    outer loop
      vertex -14.1421 14.1421 2
      vertex -15.4602 12.6879 -2
      vertex -15.4602 12.6879 2
    endloop
  endfacet
  facet normal 0.989176 -0.146736 0
    outer loop
      vertex 19.6157 -3.90181 2
      vertex 19.9037 -1.96034 -2
      vertex 19.9037 -1.96034 2
    endloop
  endfacet
  facet normal 0.989176 -0.146736 0
    outer loop
      vertex 19.9037 -1.96034 -2
      vertex 19.6157 -3.90181 2
      vertex 19.6157 -3.90181 -2
    endloop
  endfacet
  facet normal 0.903982 0.427571 0
    outer loop
      vertex 18.4776 7.65367 2
      vertex 17.6384 9.42793 -2
      vertex 17.6384 9.42793 2
    endloop
  endfacet
  facet normal 0.903982 0.427571 0
    outer loop
      vertex 17.6384 9.42793 -2
      vertex 18.4776 7.65367 2
      vertex 18.4776 7.65367 -2
    endloop
  endfacet
  facet normal -0.242982 0.970031 0
    outer loop
      vertex -3.90181 19.6157 -2
      vertex -5.80569 19.1388 2
      vertex -3.90181 19.6157 2
    endloop
  endfacet
  facet normal -0.242982 0.970031 0
    outer loop
      vertex -5.80569 19.1388 2
      vertex -3.90181 19.6157 -2
      vertex -5.80569 19.1388 -2
    endloop
  endfacet
  facet normal -0.80321 0.595695 0
    outer loop
      vertex -16.6294 11.1114 -2
      vertex -15.4602 12.6879 2
      vertex -15.4602 12.6879 -2
    endloop
  endfacet
  facet normal -0.80321 0.595695 0
    outer loop
      vertex -15.4602 12.6879 2
      vertex -16.6294 11.1114 -2
      vertex -16.6294 11.1114 2
    endloop
  endfacet
  facet normal 0.242982 0.970031 -0
    outer loop
      vertex 5.80569 19.1388 -2
      vertex 3.90181 19.6157 2
      vertex 5.80569 19.1388 2
    endloop
  endfacet
  facet normal 0.242982 0.970031 0
    outer loop
      vertex 3.90181 19.6157 2
      vertex 5.80569 19.1388 -2
      vertex 3.90181 19.6157 -2
    endloop
  endfacet
  facet normal 0.336882 0.941547 -0
    outer loop
      vertex 7.65367 18.4776 -2
      vertex 5.80569 19.1388 2
      vertex 7.65367 18.4776 2
    endloop
  endfacet
  facet normal 0.336882 0.941547 0
    outer loop
      vertex 5.80569 19.1388 2
      vertex 7.65367 18.4776 -2
      vertex 5.80569 19.1388 -2
    endloop
  endfacet
  facet normal 0.941547 0.336882 0
    outer loop
      vertex 19.1388 5.80569 2
      vertex 18.4776 7.65367 -2
      vertex 18.4776 7.65367 2
    endloop
  endfacet
  facet normal 0.941547 0.336882 0
    outer loop
      vertex 18.4776 7.65367 -2
      vertex 19.1388 5.80569 2
      vertex 19.1388 5.80569 -2
    endloop
  endfacet
  facet normal 0.595695 0.80321 -0
    outer loop
      vertex 12.6879 15.4602 -2
      vertex 11.1114 16.6294 2
      vertex 12.6879 15.4602 2
    endloop
  endfacet
  facet normal 0.595695 0.80321 0
    outer loop
      vertex 11.1114 16.6294 2
      vertex 12.6879 15.4602 -2
      vertex 11.1114 16.6294 -2
    endloop
  endfacet
  facet normal -0.857736 -0.51409 0
    outer loop
      vertex -16.6294 -11.1114 -2
      vertex -17.6384 -9.42793 2
      vertex -17.6384 -9.42793 -2
    endloop
  endfacet
  facet normal -0.857736 -0.51409 0
    outer loop
      vertex -17.6384 -9.42793 2
      vertex -16.6294 -11.1114 -2
      vertex -16.6294 -11.1114 2
    endloop
  endfacet
  facet normal 0.51409 0.857736 -0
    outer loop
      vertex 11.1114 16.6294 -2
      vertex 9.42793 17.6384 2
      vertex 11.1114 16.6294 2
    endloop
  endfacet
  facet normal 0.51409 0.857736 0
    outer loop
      vertex 9.42793 17.6384 2
      vertex 11.1114 16.6294 -2
      vertex 9.42793 17.6384 -2
    endloop
  endfacet
  facet normal 0.941547 -0.336882 0
    outer loop
      vertex 18.4776 -7.65367 2
      vertex 19.1388 -5.80569 -2
      vertex 19.1388 -5.80569 2
    endloop
  endfacet
  facet normal 0.941547 -0.336882 0
    outer loop
      vertex 19.1388 -5.80569 -2
      vertex 18.4776 -7.65367 2
      vertex 18.4776 -7.65367 -2
    endloop
  endfacet
  facet normal -0.857736 0.51409 0
    outer loop
      vertex -17.6384 9.42793 -2
      vertex -16.6294 11.1114 2
      vertex -16.6294 11.1114 -2
    endloop
  endfacet
  facet normal -0.857736 0.51409 0
    outer loop
      vertex -16.6294 11.1114 2
      vertex -17.6384 9.42793 -2
      vertex -17.6384 9.42793 2
    endloop
  endfacet
  facet normal -0.970031 -0.242982 0
    outer loop
      vertex -19.1388 -5.80569 -2
      vertex -19.6157 -3.90181 2
      vertex -19.6157 -3.90181 -2
    endloop
  endfacet
  facet normal -0.970031 -0.242982 0
    outer loop
      vertex -19.6157 -3.90181 2
      vertex -19.1388 -5.80569 -2
      vertex -19.1388 -5.80569 2
    endloop
  endfacet
  facet normal 0.049065 0.998796 -0
    outer loop
      vertex 1.96034 19.9037 -2
      vertex 0 20 2
      vertex 1.96034 19.9037 2
    endloop
  endfacet
  facet normal 0.049065 0.998796 0
    outer loop
      vertex 0 20 2
      vertex 1.96034 19.9037 -2
      vertex 0 20 -2
    endloop
  endfacet
  facet normal 0.857736 0.51409 0
    outer loop
      vertex 17.6384 9.42793 2
      vertex 16.6294 11.1114 -2
      vertex 16.6294 11.1114 2
    endloop
  endfacet
  facet normal 0.857736 0.51409 0
    outer loop
      vertex 16.6294 11.1114 -2
      vertex 17.6384 9.42793 2
      vertex 17.6384 9.42793 -2
    endloop
  endfacet
  facet normal -0.941547 -0.336882 0
    outer loop
      vertex -18.4776 -7.65367 -2
      vertex -19.1388 -5.80569 2
      vertex -19.1388 -5.80569 -2
    endloop
  endfacet
  facet normal -0.941547 -0.336882 0
    outer loop
      vertex -19.1388 -5.80569 2
      vertex -18.4776 -7.65367 -2
      vertex -18.4776 -7.65367 2
    endloop
  endfacet
  facet normal -0.671584 0.740928 0
    outer loop
      vertex -12.6879 15.4602 -2
      vertex -14.1421 14.1421 2
      vertex -12.6879 15.4602 2
    endloop
  endfacet
  facet normal -0.671584 0.740928 0
    outer loop
      vertex -14.1421 14.1421 2
      vertex -12.6879 15.4602 -2
      vertex -14.1421 14.1421 -2
    endloop
  endfacet
  facet normal 0.970031 -0.242982 0
    outer loop
      vertex 19.1388 -5.80569 2
      vertex 19.6157 -3.90181 -2
      vertex 19.6157 -3.90181 2
    endloop
  endfacet
  facet normal 0.970031 -0.242982 0
    outer loop
      vertex 19.6157 -3.90181 -2
      vertex 19.1388 -5.80569 2
      vertex 19.1388 -5.80569 -2
    endloop
  endfacet
  facet normal 0 0 -1
    outer loop
      vertex -3.33342 4.98882 -2
      vertex -4.75602 5.87748 -2
      vertex -4.75 6 -2
    endloop
  endfacet
  facet normal 0 0 -1
    outer loop
      vertex -4.24264 4.24264 -2
      vertex -4.77402 5.75614 -2
      vertex -4.75602 5.87748 -2
    endloop
  endfacet
  facet normal 0 0 -1
    outer loop
      vertex -4.24264 4.24264 -2
      vertex -4.80382 5.63714 -2
      vertex -4.77402 5.75614 -2
    endloop
  endfacet
  facet normal 0 0 -1
    outer loop
      vertex -4.24264 4.24264 -2
      vertex -4.84515 5.52165 -2
      vertex -4.80382 5.63714 -2
    endloop
  endfacet
  facet normal 0 0 -1
    outer loop
      vertex -4.24264 4.24264 -2
      vertex -4.8976 5.41075 -2
      vertex -4.84515 5.52165 -2
    endloop
  endfacet
  facet normal 0 0 -1
    outer loop
      vertex -4.24264 4.24264 -2
      vertex -4.96066 5.30554 -2
      vertex -4.8976 5.41075 -2
    endloop
  endfacet
  facet normal 0 0 -1
    outer loop
      vertex -5.63714 4.80382 -2
      vertex -4.63806 3.80636 -2
      vertex -4.98882 3.33342 -2
    endloop
  endfacet
  facet normal 0 0 -1
    outer loop
      vertex -4.24264 4.24264 -2
      vertex -5.03374 5.20701 -2
      vertex -4.96066 5.30554 -2
    endloop
  endfacet
  facet normal 0 0 -1
    outer loop
      vertex -4.24264 4.24264 -2
      vertex -5.11612 5.11612 -2
      vertex -5.03374 5.20701 -2
    endloop
  endfacet
  facet normal 0 0 -1
    outer loop
      vertex -4.24264 4.24264 -2
      vertex -5.20701 5.03374 -2
      vertex -5.11612 5.11612 -2
    endloop
  endfacet
  facet normal 0 0 -1
    outer loop
      vertex -6 4.75 -2
      vertex -4.98882 3.33342 -2
      vertex -5.29153 2.82838 -2
    endloop
  endfacet
  facet normal 0 0 -1
    outer loop
      vertex -4.24264 4.24264 -2
      vertex -5.30554 4.96066 -2
      vertex -5.20701 5.03374 -2
    endloop
  endfacet
  facet normal 0 0 -1
    outer loop
      vertex -4.63806 3.80636 -2
      vertex -5.41075 4.8976 -2
      vertex -5.30554 4.96066 -2
    endloop
  endfacet
  facet normal 0 0 -1
    outer loop
      vertex -4.63806 3.80636 -2
      vertex -5.52165 4.84515 -2
      vertex -5.41075 4.8976 -2
    endloop
  endfacet
  facet normal 0 0 -1
    outer loop
      vertex -6.36285 4.80382 -2
      vertex -5.29153 2.82838 -2
      vertex -5.54328 2.2961 -2
    endloop
  endfacet
  facet normal 0 0 -1
    outer loop
      vertex -4.63806 3.80636 -2
      vertex -5.63714 4.80382 -2
      vertex -5.52165 4.84515 -2
    endloop
  endfacet
  facet normal 0 0 -1
    outer loop
      vertex -6.69446 4.96066 -2
      vertex -5.54328 2.2961 -2
      vertex -5.74164 1.74171 -2
    endloop
  endfacet
  facet normal 0 0 -1
    outer loop
      vertex -4.98882 3.33342 -2
      vertex -5.75614 4.77402 -2
      vertex -5.63714 4.80382 -2
    endloop
  endfacet
  facet normal 0 0 -1
    outer loop
      vertex -4.98882 3.33342 -2
      vertex -5.87748 4.75602 -2
      vertex -5.75614 4.77402 -2
    endloop
  endfacet
  facet normal 0 0 -1
    outer loop
      vertex -6.88388 5.11612 -2
      vertex -5.74164 1.74171 -2
      vertex -5.88471 1.17054 -2
    endloop
  endfacet
  facet normal 0 0 -1
    outer loop
      vertex -6.96626 5.20701 -2
      vertex -5.88471 1.17054 -2
      vertex -5.97111 0.588102 -2
    endloop
  endfacet
  facet normal 0 0 -1
    outer loop
      vertex -19.9037 1.96034 -2
      vertex -5.97111 0.588102 -2
      vertex -6 0 -2
    endloop
  endfacet
  facet normal 0 0 -1
    outer loop
      vertex -4.98882 3.33342 -2
      vertex -6 4.75 -2
      vertex -5.87748 4.75602 -2
    endloop
  endfacet
  facet normal -0 0 -1
    outer loop
      vertex -3.33342 -4.98882 -2
      vertex -4.80382 -5.63714 -2
      vertex -3.80636 -4.63806 -2
    endloop
  endfacet
  facet normal 0 0 -1
    outer loop
      vertex -4.84515 -5.52165 -2
      vertex -3.80636 -4.63806 -2
      vertex -4.80382 -5.63714 -2
    endloop
  endfacet
  facet normal 0 0 -1
    outer loop
      vertex -4.8976 -5.41075 -2
      vertex -3.80636 -4.63806 -2
      vertex -4.84515 -5.52165 -2
    endloop
  endfacet
  facet normal 0 0 -1
    outer loop
      vertex -4.96066 -5.30554 -2
      vertex -3.80636 -4.63806 -2
      vertex -4.8976 -5.41075 -2
    endloop
  endfacet
  facet normal -0 0 -1
    outer loop
      vertex -3.80636 -4.63806 -2
      vertex -4.96066 -5.30554 -2
      vertex -4.24264 -4.24264 -2
    endloop
  endfacet
  facet normal 0 0 -1
    outer loop
      vertex -5.03374 -5.20701 -2
      vertex -4.24264 -4.24264 -2
      vertex -4.96066 -5.30554 -2
    endloop
  endfacet
  facet normal 0 0 -1
    outer loop
      vertex -5.11612 -5.11612 -2
      vertex -4.24264 -4.24264 -2
      vertex -5.03374 -5.20701 -2
    endloop
  endfacet
  facet normal 0 0 -1
    outer loop
      vertex -5.20701 -5.03374 -2
      vertex -4.24264 -4.24264 -2
      vertex -5.11612 -5.11612 -2
    endloop
  endfacet
  facet normal 0 0 -1
    outer loop
      vertex -5.30554 -4.96066 -2
      vertex -4.24264 -4.24264 -2
      vertex -5.20701 -5.03374 -2
    endloop
  endfacet
  facet normal -0 0 -1
    outer loop
      vertex -4.24264 -4.24264 -2
      vertex -5.30554 -4.96066 -2
      vertex -4.63806 -3.80636 -2
    endloop
  endfacet
  facet normal 0 0 -1
    outer loop
      vertex -5.41075 -4.8976 -2
      vertex -4.63806 -3.80636 -2
      vertex -5.30554 -4.96066 -2
    endloop
  endfacet
  facet normal 0 0 -1
    outer loop
      vertex -5.52165 -4.84515 -2
      vertex -4.63806 -3.80636 -2
      vertex -5.41075 -4.8976 -2
    endloop
  endfacet
  facet normal 0 0 -1
    outer loop
      vertex -5.63714 -4.80382 -2
      vertex -4.63806 -3.80636 -2
      vertex -5.52165 -4.84515 -2
    endloop
  endfacet
  facet normal -0 0 -1
    outer loop
      vertex -4.63806 -3.80636 -2
      vertex -5.63714 -4.80382 -2
      vertex -4.98882 -3.33342 -2
    endloop
  endfacet
  facet normal 0 0 -1
    outer loop
      vertex -5.75614 -4.77402 -2
      vertex -4.98882 -3.33342 -2
      vertex -5.63714 -4.80382 -2
    endloop
  endfacet
  facet normal 0 0 -1
    outer loop
      vertex -5.87748 -4.75602 -2
      vertex -4.98882 -3.33342 -2
      vertex -5.75614 -4.77402 -2
    endloop
  endfacet
  facet normal 0 0 -1
    outer loop
      vertex -6 -4.75 -2
      vertex -4.98882 -3.33342 -2
      vertex -5.87748 -4.75602 -2
    endloop
  endfacet
  facet normal -0 0 -1
    outer loop
      vertex -4.98882 -3.33342 -2
      vertex -6 -4.75 -2
      vertex -5.29153 -2.82838 -2
    endloop
  endfacet
  facet normal 0 0 -1
    outer loop
      vertex -6.12252 -4.75602 -2
      vertex -5.29153 -2.82838 -2
      vertex -6 -4.75 -2
    endloop
  endfacet
  facet normal 0 0 -1
    outer loop
      vertex -6.24386 -4.77402 -2
      vertex -5.29153 -2.82838 -2
      vertex -6.12252 -4.75602 -2
    endloop
  endfacet
  facet normal 0 0 -1
    outer loop
      vertex -6.36285 -4.80382 -2
      vertex -5.29153 -2.82838 -2
      vertex -6.24386 -4.77402 -2
    endloop
  endfacet
  facet normal -0 0 -1
    outer loop
      vertex -5.29153 -2.82838 -2
      vertex -6.36285 -4.80382 -2
      vertex -5.54328 -2.2961 -2
    endloop
  endfacet
  facet normal 0 0 -1
    outer loop
      vertex -6.47835 -4.84515 -2
      vertex -5.54328 -2.2961 -2
      vertex -6.36285 -4.80382 -2
    endloop
  endfacet
  facet normal 0 0 -1
    outer loop
      vertex -6.58925 -4.8976 -2
      vertex -5.54328 -2.2961 -2
      vertex -6.47835 -4.84515 -2
    endloop
  endfacet
  facet normal 0 0 -1
    outer loop
      vertex -6.69446 -4.96066 -2
      vertex -5.54328 -2.2961 -2
      vertex -6.58925 -4.8976 -2
    endloop
  endfacet
  facet normal 0 0 -1
    outer loop
      vertex -5.29153 2.82838 -2
      vertex -6.12252 4.75602 -2
      vertex -6 4.75 -2
    endloop
  endfacet
  facet normal -0 0 -1
    outer loop
      vertex -5.54328 -2.2961 -2
      vertex -6.69446 -4.96066 -2
      vertex -5.74164 -1.74171 -2
    endloop
  endfacet
  facet normal 0 0 -1
    outer loop
      vertex -5.29153 2.82838 -2
      vertex -6.24386 4.77402 -2
      vertex -6.12252 4.75602 -2
    endloop
  endfacet
  facet normal 0 0 -1
    outer loop
      vertex -6.79299 -5.03374 -2
      vertex -5.74164 -1.74171 -2
      vertex -6.69446 -4.96066 -2
    endloop
  endfacet
  facet normal 0 0 -1
    outer loop
      vertex -5.29153 2.82838 -2
      vertex -6.36285 4.80382 -2
      vertex -6.24386 4.77402 -2
    endloop
  endfacet
  facet normal 0 0 -1
    outer loop
      vertex -6.88388 -5.11612 -2
      vertex -5.74164 -1.74171 -2
      vertex -6.79299 -5.03374 -2
    endloop
  endfacet
  facet normal 0 0 -1
    outer loop
      vertex -5.54328 2.2961 -2
      vertex -6.47835 4.84515 -2
      vertex -6.36285 4.80382 -2
    endloop
  endfacet
  facet normal -0 0 -1
    outer loop
      vertex -5.74164 -1.74171 -2
      vertex -6.88388 -5.11612 -2
      vertex -5.88471 -1.17054 -2
    endloop
  endfacet
  facet normal 0 0 -1
    outer loop
      vertex -5.54328 2.2961 -2
      vertex -6.58925 4.8976 -2
      vertex -6.47835 4.84515 -2
    endloop
  endfacet
  facet normal 0 0 -1
    outer loop
      vertex -6.96626 -5.20701 -2
      vertex -5.88471 -1.17054 -2
      vertex -6.88388 -5.11612 -2
    endloop
  endfacet
  facet normal 0 0 -1
    outer loop
      vertex -5.54328 2.2961 -2
      vertex -6.69446 4.96066 -2
      vertex -6.58925 4.8976 -2
    endloop
  endfacet
  facet normal -0 0 -1
    outer loop
      vertex -5.88471 -1.17054 -2
      vertex -6.96626 -5.20701 -2
      vertex -5.97111 -0.588102 -2
    endloop
  endfacet
  facet normal 0 0 -1
    outer loop
      vertex -5.74164 1.74171 -2
      vertex -6.79299 5.03374 -2
      vertex -6.69446 4.96066 -2
    endloop
  endfacet
  facet normal 0 0 -1
    outer loop
      vertex -7.03934 -5.30554 -2
      vertex -5.97111 -0.588102 -2
      vertex -6.96626 -5.20701 -2
    endloop
  endfacet
  facet normal 0 0 -1
    outer loop
      vertex -5.74164 1.74171 -2
      vertex -6.88388 5.11612 -2
      vertex -6.79299 5.03374 -2
    endloop
  endfacet
  facet normal 0 0 -1
    outer loop
      vertex -19.9037 -1.96034 -2
      vertex -5.97111 -0.588102 -2
      vertex -7.03934 -5.30554 -2
    endloop
  endfacet
  facet normal 0 -0 -1
    outer loop
      vertex -19.9037 1.96034 -2
      vertex -6 0 -2
      vertex -20 0 -2
    endloop
  endfacet
  facet normal -0 0 -1
    outer loop
      vertex -5.97111 -0.588102 -2
      vertex -19.9037 -1.96034 -2
      vertex -6 0 -2
    endloop
  endfacet
  facet normal 0 0 -1
    outer loop
      vertex -5.88471 1.17054 -2
      vertex -6.96626 5.20701 -2
      vertex -6.88388 5.11612 -2
    endloop
  endfacet
  facet normal 0 0 -1
    outer loop
      vertex -19.9037 -1.96034 -2
      vertex -7.03934 -5.30554 -2
      vertex -7.1024 -5.41075 -2
    endloop
  endfacet
  facet normal 0 0 -1
    outer loop
      vertex -5.97111 0.588102 -2
      vertex -19.9037 1.96034 -2
      vertex -7.03934 5.30554 -2
    endloop
  endfacet
  facet normal 0 0 -1
    outer loop
      vertex -19.6157 -3.90181 -2
      vertex -7.1024 -5.41075 -2
      vertex -7.15485 -5.52165 -2
    endloop
  endfacet
  facet normal 0 0 -1
    outer loop
      vertex -5.97111 0.588102 -2
      vertex -7.03934 5.30554 -2
      vertex -6.96626 5.20701 -2
    endloop
  endfacet
  facet normal 0 0 -1
    outer loop
      vertex -19.1388 -5.80569 -2
      vertex -7.15485 -5.52165 -2
      vertex -7.19617 -5.63714 -2
    endloop
  endfacet
  facet normal -0 0 -1
    outer loop
      vertex -7.03934 5.30554 -2
      vertex -19.9037 1.96034 -2
      vertex -7.1024 5.41075 -2
    endloop
  endfacet
  facet normal 0 0 -1
    outer loop
      vertex -19.1388 -5.80569 -2
      vertex -7.19617 -5.63714 -2
      vertex -7.22598 -5.75614 -2
    endloop
  endfacet
  facet normal 0 -0 -1
    outer loop
      vertex -19.6157 3.90181 -2
      vertex -7.1024 5.41075 -2
      vertex -19.9037 1.96034 -2
    endloop
  endfacet
  facet normal 0 0 -1
    outer loop
      vertex -18.4776 -7.65367 -2
      vertex -7.22598 -5.75614 -2
      vertex -7.24398 -5.87748 -2
    endloop
  endfacet
  facet normal -0 0 -1
    outer loop
      vertex -7.1024 5.41075 -2
      vertex -19.6157 3.90181 -2
      vertex -7.15485 5.52165 -2
    endloop
  endfacet
  facet normal 0 0 -1
    outer loop
      vertex -18.4776 -7.65367 -2
      vertex -7.24398 -5.87748 -2
      vertex -7.25 -6 -2
    endloop
  endfacet
  facet normal 0 -0 -1
    outer loop
      vertex -19.1388 5.80569 -2
      vertex -7.15485 5.52165 -2
      vertex -19.6157 3.90181 -2
    endloop
  endfacet
  facet normal 0 0 -1
    outer loop
      vertex 19.9037 -1.96034 -2
      vertex 5.97111 -0.588102 -2
      vertex 6 0 -2
    endloop
  endfacet
  facet normal 0 0 -1
    outer loop
      vertex 6.12252 -4.75602 -2
      vertex 5.88471 -1.17054 -2
      vertex 5.97111 -0.588102 -2
    endloop
  endfacet
  facet normal 0 0 -1
    outer loop
      vertex 4.98882 -3.33342 -2
      vertex 6 -4.75 -2
      vertex 5.87748 -4.75602 -2
    endloop
  endfacet
  facet normal 0 0 -1
    outer loop
      vertex 4.98882 -3.33342 -2
      vertex 5.87748 -4.75602 -2
      vertex 5.75614 -4.77402 -2
    endloop
  endfacet
  facet normal 0 0 -1
    outer loop
      vertex 6.12252 -4.75602 -2
      vertex 5.74164 -1.74171 -2
      vertex 5.88471 -1.17054 -2
    endloop
  endfacet
  facet normal 0 0 -1
    outer loop
      vertex 4.98882 -3.33342 -2
      vertex 5.75614 -4.77402 -2
      vertex 5.63714 -4.80382 -2
    endloop
  endfacet
  facet normal 0 0 -1
    outer loop
      vertex 6.12252 -4.75602 -2
      vertex 5.54328 -2.2961 -2
      vertex 5.74164 -1.74171 -2
    endloop
  endfacet
  facet normal 0 0 -1
    outer loop
      vertex 4.63806 -3.80636 -2
      vertex 5.63714 -4.80382 -2
      vertex 5.52165 -4.84515 -2
    endloop
  endfacet
  facet normal 0 0 -1
    outer loop
      vertex 4.63806 -3.80636 -2
      vertex 5.52165 -4.84515 -2
      vertex 5.41075 -4.8976 -2
    endloop
  endfacet
  facet normal 0 0 -1
    outer loop
      vertex 4.63806 -3.80636 -2
      vertex 5.41075 -4.8976 -2
      vertex 5.30554 -4.96066 -2
    endloop
  endfacet
  facet normal 0 0 -1
    outer loop
      vertex 6.12252 -4.75602 -2
      vertex 5.29153 -2.82838 -2
      vertex 5.54328 -2.2961 -2
    endloop
  endfacet
  facet normal 0 0 -1
    outer loop
      vertex 4.24264 -4.24264 -2
      vertex 5.30554 -4.96066 -2
      vertex 5.20701 -5.03374 -2
    endloop
  endfacet
  facet normal 0 0 -1
    outer loop
      vertex 4.24264 -4.24264 -2
      vertex 5.20701 -5.03374 -2
      vertex 5.11612 -5.11612 -2
    endloop
  endfacet
  facet normal 0 0 -1
    outer loop
      vertex 4.24264 -4.24264 -2
      vertex 5.11612 -5.11612 -2
      vertex 5.03374 -5.20701 -2
    endloop
  endfacet
  facet normal 0 0 -1
    outer loop
      vertex 6 -4.75 -2
      vertex 4.98882 -3.33342 -2
      vertex 5.29153 -2.82838 -2
    endloop
  endfacet
  facet normal 0 0 -1
    outer loop
      vertex 4.24264 -4.24264 -2
      vertex 5.03374 -5.20701 -2
      vertex 4.96066 -5.30554 -2
    endloop
  endfacet
  facet normal 0 0 -1
    outer loop
      vertex 3.80636 -4.63806 -2
      vertex 4.96066 -5.30554 -2
      vertex 4.8976 -5.41075 -2
    endloop
  endfacet
  facet normal 0 0 -1
    outer loop
      vertex 3.80636 -4.63806 -2
      vertex 4.8976 -5.41075 -2
      vertex 4.84515 -5.52165 -2
    endloop
  endfacet
  facet normal 0 0 -1
    outer loop
      vertex 3.80636 -4.63806 -2
      vertex 4.84515 -5.52165 -2
      vertex 4.80382 -5.63714 -2
    endloop
  endfacet
  facet normal 0 0 -1
    outer loop
      vertex 3.33342 -4.98882 -2
      vertex 4.80382 -5.63714 -2
      vertex 4.77402 -5.75614 -2
    endloop
  endfacet
  facet normal 0 0 -1
    outer loop
      vertex 3.33342 -4.98882 -2
      vertex 4.77402 -5.75614 -2
      vertex 4.75602 -5.87748 -2
    endloop
  endfacet
  facet normal 0 0 -1
    outer loop
      vertex 5.63714 -4.80382 -2
      vertex 4.63806 -3.80636 -2
      vertex 4.98882 -3.33342 -2
    endloop
  endfacet
  facet normal 0 0 -1
    outer loop
      vertex 3.33342 -4.98882 -2
      vertex 4.75602 -5.87748 -2
      vertex 4.75 -6 -2
    endloop
  endfacet
  facet normal 0 0 -1
    outer loop
      vertex 19.1388 -5.80569 -2
      vertex 7.15485 -5.52165 -2
      vertex 19.6157 -3.90181 -2
    endloop
  endfacet
  facet normal 0 0 -1
    outer loop
      vertex 20 0 -2
      vertex 7.24398 5.87748 -2
      vertex 7.25 6 -2
    endloop
  endfacet
  facet normal 0 0 -1
    outer loop
      vertex 7.1024 -5.41075 -2
      vertex 19.6157 -3.90181 -2
      vertex 7.15485 -5.52165 -2
    endloop
  endfacet
  facet normal 0 0 -1
    outer loop
      vertex 20 0 -2
      vertex 7.22598 5.75614 -2
      vertex 7.24398 5.87748 -2
    endloop
  endfacet
  facet normal -0 0 -1
    outer loop
      vertex 19.6157 -3.90181 -2
      vertex 7.1024 -5.41075 -2
      vertex 19.9037 -1.96034 -2
    endloop
  endfacet
  facet normal 0 0 -1
    outer loop
      vertex 20 0 -2
      vertex 7.19617 5.63714 -2
      vertex 7.22598 5.75614 -2
    endloop
  endfacet
  facet normal 0 0 -1
    outer loop
      vertex 7.03934 -5.30554 -2
      vertex 19.9037 -1.96034 -2
      vertex 7.1024 -5.41075 -2
    endloop
  endfacet
  facet normal 0 0 -1
    outer loop
      vertex 20 0 -2
      vertex 7.15485 5.52165 -2
      vertex 7.19617 5.63714 -2
    endloop
  endfacet
  facet normal 0 0 -1
    outer loop
      vertex 5.97111 -0.588102 -2
      vertex 19.9037 -1.96034 -2
      vertex 7.03934 -5.30554 -2
    endloop
  endfacet
  facet normal 0 0 -1
    outer loop
      vertex 5.97111 0.588102 -2
      vertex 20 0 -2
      vertex 6 0 -2
    endloop
  endfacet
  facet normal 0 0 -1
    outer loop
      vertex 19.9037 -1.96034 -2
      vertex 6 0 -2
      vertex 20 0 -2
    endloop
  endfacet
  facet normal 0 0 -1
    outer loop
      vertex 20 0 -2
      vertex 7.1024 5.41075 -2
      vertex 7.15485 5.52165 -2
    endloop
  endfacet
  facet normal 0 0 -1
    outer loop
      vertex 5.97111 -0.588102 -2
      vertex 7.03934 -5.30554 -2
      vertex 6.96626 -5.20701 -2
    endloop
  endfacet
  facet normal 0 -0 -1
    outer loop
      vertex 7.03934 5.30554 -2
      vertex 20 0 -2
      vertex 5.97111 0.588102 -2
    endloop
  endfacet
  facet normal 0 0 -1
    outer loop
      vertex 5.97111 -0.588102 -2
      vertex 6.96626 -5.20701 -2
      vertex 6.88388 -5.11612 -2
    endloop
  endfacet
  facet normal 0 0 -1
    outer loop
      vertex 20 0 -2
      vertex 7.03934 5.30554 -2
      vertex 7.1024 5.41075 -2
    endloop
  endfacet
  facet normal 0 0 -1
    outer loop
      vertex 5.97111 -0.588102 -2
      vertex 6.88388 -5.11612 -2
      vertex 6.79299 -5.03374 -2
    endloop
  endfacet
  facet normal 0 0 -1
    outer loop
      vertex 7.03934 5.30554 -2
      vertex 5.97111 0.588102 -2
      vertex 6.96626 5.20701 -2
    endloop
  endfacet
  facet normal 0 0 -1
    outer loop
      vertex 5.97111 -0.588102 -2
      vertex 6.79299 -5.03374 -2
      vertex 6.69446 -4.96066 -2
    endloop
  endfacet
  facet normal 0 0 -1
    outer loop
      vertex 5.88471 1.17054 -2
      vertex 6.96626 5.20701 -2
      vertex 5.97111 0.588102 -2
    endloop
  endfacet
  facet normal 0 0 -1
    outer loop
      vertex 5.97111 -0.588102 -2
      vertex 6.69446 -4.96066 -2
      vertex 6.58925 -4.8976 -2
    endloop
  endfacet
  facet normal 0 0 -1
    outer loop
      vertex 6.96626 5.20701 -2
      vertex 5.88471 1.17054 -2
      vertex 6.88388 5.11612 -2
    endloop
  endfacet
  facet normal 0 0 -1
    outer loop
      vertex 5.97111 -0.588102 -2
      vertex 6.58925 -4.8976 -2
      vertex 6.47835 -4.84515 -2
    endloop
  endfacet
  facet normal 0 0 -1
    outer loop
      vertex 5.74164 1.74171 -2
      vertex 6.88388 5.11612 -2
      vertex 5.88471 1.17054 -2
    endloop
  endfacet
  facet normal 0 0 -1
    outer loop
      vertex 5.97111 -0.588102 -2
      vertex 6.47835 -4.84515 -2
      vertex 6.36285 -4.80382 -2
    endloop
  endfacet
  facet normal 0 0 -1
    outer loop
      vertex 6.88388 5.11612 -2
      vertex 5.74164 1.74171 -2
      vertex 6.79299 5.03374 -2
    endloop
  endfacet
  facet normal 0 0 -1
    outer loop
      vertex 5.97111 -0.588102 -2
      vertex 6.36285 -4.80382 -2
      vertex 6.24386 -4.77402 -2
    endloop
  endfacet
  facet normal 0 0 -1
    outer loop
      vertex 6.79299 5.03374 -2
      vertex 5.74164 1.74171 -2
      vertex 6.69446 4.96066 -2
    endloop
  endfacet
  facet normal 0 0 -1
    outer loop
      vertex 5.97111 -0.588102 -2
      vertex 6.24386 -4.77402 -2
      vertex 6.12252 -4.75602 -2
    endloop
  endfacet
  facet normal 0 0 -1
    outer loop
      vertex 5.54328 2.2961 -2
      vertex 6.69446 4.96066 -2
      vertex 5.74164 1.74171 -2
    endloop
  endfacet
  facet normal 0 0 -1
    outer loop
      vertex 5.29153 -2.82838 -2
      vertex 6.12252 -4.75602 -2
      vertex 6 -4.75 -2
    endloop
  endfacet
  facet normal 0 0 -1
    outer loop
      vertex 6.69446 4.96066 -2
      vertex 5.54328 2.2961 -2
      vertex 6.58925 4.8976 -2
    endloop
  endfacet
  facet normal 0 0 -1
    outer loop
      vertex 6.58925 4.8976 -2
      vertex 5.54328 2.2961 -2
      vertex 6.47835 4.84515 -2
    endloop
  endfacet
  facet normal 0 0 -1
    outer loop
      vertex 6.47835 4.84515 -2
      vertex 5.54328 2.2961 -2
      vertex 6.36285 4.80382 -2
    endloop
  endfacet
  facet normal 0 0 -1
    outer loop
      vertex 5.29153 2.82838 -2
      vertex 6.36285 4.80382 -2
      vertex 5.54328 2.2961 -2
    endloop
  endfacet
  facet normal 0 0 -1
    outer loop
      vertex 6.36285 4.80382 -2
      vertex 5.29153 2.82838 -2
      vertex 6.24386 4.77402 -2
    endloop
  endfacet
  facet normal 0 0 -1
    outer loop
      vertex 6.24386 4.77402 -2
      vertex 5.29153 2.82838 -2
      vertex 6.12252 4.75602 -2
    endloop
  endfacet
  facet normal 0 0 -1
    outer loop
      vertex 6.12252 4.75602 -2
      vertex 5.29153 2.82838 -2
      vertex 6 4.75 -2
    endloop
  endfacet
  facet normal 0 0 -1
    outer loop
      vertex 4.98882 3.33342 -2
      vertex 6 4.75 -2
      vertex 5.29153 2.82838 -2
    endloop
  endfacet
  facet normal -0 0 -1
    outer loop
      vertex 6 4.75 -2
      vertex 4.98882 3.33342 -2
      vertex 5.87748 4.75602 -2
    endloop
  endfacet
  facet normal -0 0 -1
    outer loop
      vertex 5.87748 4.75602 -2
      vertex 4.98882 3.33342 -2
      vertex 5.75614 4.77402 -2
    endloop
  endfacet
  facet normal -0 0 -1
    outer loop
      vertex 5.75614 4.77402 -2
      vertex 4.98882 3.33342 -2
      vertex 5.63714 4.80382 -2
    endloop
  endfacet
  facet normal 0 0 -1
    outer loop
      vertex 4.63806 3.80636 -2
      vertex 5.63714 4.80382 -2
      vertex 4.98882 3.33342 -2
    endloop
  endfacet
  facet normal -0 0 -1
    outer loop
      vertex 5.63714 4.80382 -2
      vertex 4.63806 3.80636 -2
      vertex 5.52165 4.84515 -2
    endloop
  endfacet
  facet normal -0 0 -1
    outer loop
      vertex 5.52165 4.84515 -2
      vertex 4.63806 3.80636 -2
      vertex 5.41075 4.8976 -2
    endloop
  endfacet
  facet normal -0 0 -1
    outer loop
      vertex 5.41075 4.8976 -2
      vertex 4.63806 3.80636 -2
      vertex 5.30554 4.96066 -2
    endloop
  endfacet
  facet normal 0 0 -1
    outer loop
      vertex 4.24264 4.24264 -2
      vertex 5.30554 4.96066 -2
      vertex 4.63806 3.80636 -2
    endloop
  endfacet
  facet normal -0 0 -1
    outer loop
      vertex 5.30554 4.96066 -2
      vertex 4.24264 4.24264 -2
      vertex 5.20701 5.03374 -2
    endloop
  endfacet
  facet normal -0 0 -1
    outer loop
      vertex 5.20701 5.03374 -2
      vertex 4.24264 4.24264 -2
      vertex 5.11612 5.11612 -2
    endloop
  endfacet
  facet normal -0 0 -1
    outer loop
      vertex 5.11612 5.11612 -2
      vertex 4.24264 4.24264 -2
      vertex 5.03374 5.20701 -2
    endloop
  endfacet
  facet normal -0 0 -1
    outer loop
      vertex 5.03374 5.20701 -2
      vertex 4.24264 4.24264 -2
      vertex 4.96066 5.30554 -2
    endloop
  endfacet
  facet normal 0 0 -1
    outer loop
      vertex 3.80636 4.63806 -2
      vertex 4.96066 5.30554 -2
      vertex 4.24264 4.24264 -2
    endloop
  endfacet
  facet normal -0 0 -1
    outer loop
      vertex 4.96066 5.30554 -2
      vertex 3.80636 4.63806 -2
      vertex 4.8976 5.41075 -2
    endloop
  endfacet
  facet normal -0 0 -1
    outer loop
      vertex 4.8976 5.41075 -2
      vertex 3.80636 4.63806 -2
      vertex 4.84515 5.52165 -2
    endloop
  endfacet
  facet normal 0 0 -1
    outer loop
      vertex 3.33342 4.98882 -2
      vertex 4.80382 5.63714 -2
      vertex 3.80636 4.63806 -2
    endloop
  endfacet
  facet normal -0 0 -1
    outer loop
      vertex 4.84515 5.52165 -2
      vertex 3.80636 4.63806 -2
      vertex 4.80382 5.63714 -2
    endloop
  endfacet
  facet normal 0 0 -1
    outer loop
      vertex 7.19617 -5.63714 -2
      vertex 19.1388 -5.80569 -2
      vertex 7.22598 -5.75614 -2
    endloop
  endfacet
  facet normal 0 0 -1
    outer loop
      vertex 18.4776 -7.65367 -2
      vertex 7.22598 -5.75614 -2
      vertex 19.1388 -5.80569 -2
    endloop
  endfacet
  facet normal 0 0 -1
    outer loop
      vertex 7.15485 -5.52165 -2
      vertex 19.1388 -5.80569 -2
      vertex 7.19617 -5.63714 -2
    endloop
  endfacet
  facet normal 0 0 -1
    outer loop
      vertex 7.22598 -5.75614 -2
      vertex 18.4776 -7.65367 -2
      vertex 7.24398 -5.87748 -2
    endloop
  endfacet
  facet normal 0 0 -1
    outer loop
      vertex 20 0 -2
      vertex 7.25 6 -2
      vertex 19.9037 1.96034 -2
    endloop
  endfacet
  facet normal 0 0 -1
    outer loop
      vertex 7.24398 -5.87748 -2
      vertex 18.4776 -7.65367 -2
      vertex 7.25 -6 -2
    endloop
  endfacet
  facet normal 0 0 -1
    outer loop
      vertex 19.9037 1.96034 -2
      vertex 7.25 6 -2
      vertex 19.6157 3.90181 -2
    endloop
  endfacet
  facet normal 0 0 -1
    outer loop
      vertex 7.25 -6 -2
      vertex 18.4776 -7.65367 -2
      vertex 17.6384 -9.42793 -2
    endloop
  endfacet
  facet normal 0 0 -1
    outer loop
      vertex 19.6157 3.90181 -2
      vertex 7.25 6 -2
      vertex 19.1388 5.80569 -2
    endloop
  endfacet
  facet normal 0 0 -1
    outer loop
      vertex 7.22598 -6.24386 -2
      vertex 17.6384 -9.42793 -2
      vertex 16.6294 -11.1114 -2
    endloop
  endfacet
  facet normal 0 0 -1
    outer loop
      vertex 19.1388 5.80569 -2
      vertex 7.25 6 -2
      vertex 18.4776 7.65367 -2
    endloop
  endfacet
  facet normal 0 0 -1
    outer loop
      vertex 7.15485 -6.47835 -2
      vertex 16.6294 -11.1114 -2
      vertex 15.4602 -12.6879 -2
    endloop
  endfacet
  facet normal -0 0 -1
    outer loop
      vertex 18.4776 7.65367 -2
      vertex 7.25 6 -2
      vertex 17.6384 9.42793 -2
    endloop
  endfacet
  facet normal 0 0 -1
    outer loop
      vertex 6.96626 -6.79299 -2
      vertex 15.4602 -12.6879 -2
      vertex 14.1421 -14.1421 -2
    endloop
  endfacet
  facet normal 0 0 -1
    outer loop
      vertex 7.24398 6.12252 -2
      vertex 17.6384 9.42793 -2
      vertex 7.25 6 -2
    endloop
  endfacet
  facet normal 0 0 -1
    outer loop
      vertex 6.79299 -6.96626 -2
      vertex 14.1421 -14.1421 -2
      vertex 12.6879 -15.4602 -2
    endloop
  endfacet
  facet normal 0 0 -1
    outer loop
      vertex 7.22598 6.24386 -2
      vertex 17.6384 9.42793 -2
      vertex 7.24398 6.12252 -2
    endloop
  endfacet
  facet normal 0 0 -1
    outer loop
      vertex 6.58925 -7.1024 -2
      vertex 12.6879 -15.4602 -2
      vertex 11.1114 -16.6294 -2
    endloop
  endfacet
  facet normal -0 0 -1
    outer loop
      vertex 17.6384 9.42793 -2
      vertex 7.22598 6.24386 -2
      vertex 16.6294 11.1114 -2
    endloop
  endfacet
  facet normal 0 0 -1
    outer loop
      vertex 6.24386 -7.22598 -2
      vertex 11.1114 -16.6294 -2
      vertex 9.42793 -17.6384 -2
    endloop
  endfacet
  facet normal 0 0 -1
    outer loop
      vertex 7.19617 6.36285 -2
      vertex 16.6294 11.1114 -2
      vertex 7.22598 6.24386 -2
    endloop
  endfacet
  facet normal 0 0 -1
    outer loop
      vertex 6 -7.25 -2
      vertex 9.42793 -17.6384 -2
      vertex 7.65367 -18.4776 -2
    endloop
  endfacet
  facet normal 0 0 -1
    outer loop
      vertex 7.15485 6.47835 -2
      vertex 16.6294 11.1114 -2
      vertex 7.19617 6.36285 -2
    endloop
  endfacet
  facet normal -0 0 -1
    outer loop
      vertex 16.6294 11.1114 -2
      vertex 7.15485 6.47835 -2
      vertex 15.4602 12.6879 -2
    endloop
  endfacet
  facet normal 0 0 -1
    outer loop
      vertex 17.6384 -9.42793 -2
      vertex 7.24398 -6.12252 -2
      vertex 7.25 -6 -2
    endloop
  endfacet
  facet normal 0 0 -1
    outer loop
      vertex 17.6384 -9.42793 -2
      vertex 7.22598 -6.24386 -2
      vertex 7.24398 -6.12252 -2
    endloop
  endfacet
  facet normal 0 0 -1
    outer loop
      vertex 16.6294 -11.1114 -2
      vertex 7.19617 -6.36285 -2
      vertex 7.22598 -6.24386 -2
    endloop
  endfacet
  facet normal 0 0 -1
    outer loop
      vertex 16.6294 -11.1114 -2
      vertex 7.15485 -6.47835 -2
      vertex 7.19617 -6.36285 -2
    endloop
  endfacet
  facet normal 0 0 -1
    outer loop
      vertex 15.4602 -12.6879 -2
      vertex 7.1024 -6.58925 -2
      vertex 7.15485 -6.47835 -2
    endloop
  endfacet
  facet normal 0 0 -1
    outer loop
      vertex 15.4602 -12.6879 -2
      vertex 7.03934 -6.69446 -2
      vertex 7.1024 -6.58925 -2
    endloop
  endfacet
  facet normal 0 0 -1
    outer loop
      vertex 15.4602 -12.6879 -2
      vertex 6.96626 -6.79299 -2
      vertex 7.03934 -6.69446 -2
    endloop
  endfacet
  facet normal 0 0 -1
    outer loop
      vertex 14.1421 -14.1421 -2
      vertex 6.88388 -6.88388 -2
      vertex 6.96626 -6.79299 -2
    endloop
  endfacet
  facet normal 0 0 -1
    outer loop
      vertex 14.1421 -14.1421 -2
      vertex 6.79299 -6.96626 -2
      vertex 6.88388 -6.88388 -2
    endloop
  endfacet
  facet normal 0 0 -1
    outer loop
      vertex 12.6879 -15.4602 -2
      vertex 6.69446 -7.03934 -2
      vertex 6.79299 -6.96626 -2
    endloop
  endfacet
  facet normal 0 0 -1
    outer loop
      vertex 12.6879 -15.4602 -2
      vertex 6.58925 -7.1024 -2
      vertex 6.69446 -7.03934 -2
    endloop
  endfacet
  facet normal 0 0 -1
    outer loop
      vertex 11.1114 -16.6294 -2
      vertex 6.47835 -7.15485 -2
      vertex 6.58925 -7.1024 -2
    endloop
  endfacet
  facet normal 0 0 -1
    outer loop
      vertex 11.1114 -16.6294 -2
      vertex 6.36285 -7.19617 -2
      vertex 6.47835 -7.15485 -2
    endloop
  endfacet
  facet normal 0 0 -1
    outer loop
      vertex 11.1114 -16.6294 -2
      vertex 6.24386 -7.22598 -2
      vertex 6.36285 -7.19617 -2
    endloop
  endfacet
  facet normal 0 0 -1
    outer loop
      vertex 9.42793 -17.6384 -2
      vertex 6.12252 -7.24398 -2
      vertex 6.24386 -7.22598 -2
    endloop
  endfacet
  facet normal 0 0 -1
    outer loop
      vertex 9.42793 -17.6384 -2
      vertex 6 -7.25 -2
      vertex 6.12252 -7.24398 -2
    endloop
  endfacet
  facet normal 0 0 -1
    outer loop
      vertex 7.65367 -18.4776 -2
      vertex 5.87748 -7.24398 -2
      vertex 6 -7.25 -2
    endloop
  endfacet
  facet normal 0 0 -1
    outer loop
      vertex 5.75614 -7.22598 -2
      vertex 7.65367 -18.4776 -2
      vertex 5.80569 -19.1388 -2
    endloop
  endfacet
  facet normal 0 0 -1
    outer loop
      vertex 7.65367 -18.4776 -2
      vertex 5.75614 -7.22598 -2
      vertex 5.87748 -7.24398 -2
    endloop
  endfacet
  facet normal 0 0 -1
    outer loop
      vertex 5.80569 -19.1388 -2
      vertex 5.63714 -7.19617 -2
      vertex 5.75614 -7.22598 -2
    endloop
  endfacet
  facet normal 0 0 -1
    outer loop
      vertex 5.80569 -19.1388 -2
      vertex 5.52165 -7.15485 -2
      vertex 5.63714 -7.19617 -2
    endloop
  endfacet
  facet normal 0 0 -1
    outer loop
      vertex 3.90181 -19.6157 -2
      vertex 5.52165 -7.15485 -2
      vertex 5.80569 -19.1388 -2
    endloop
  endfacet
  facet normal -0 0 -1
    outer loop
      vertex 5.52165 -7.15485 -2
      vertex 3.90181 -19.6157 -2
      vertex 5.41075 -7.1024 -2
    endloop
  endfacet
  facet normal 0 0 -1
    outer loop
      vertex 1.96034 -19.9037 -2
      vertex 5.41075 -7.1024 -2
      vertex 3.90181 -19.6157 -2
    endloop
  endfacet
  facet normal -0 0 -1
    outer loop
      vertex 5.41075 -7.1024 -2
      vertex 1.96034 -19.9037 -2
      vertex 5.30554 -7.03934 -2
    endloop
  endfacet
  facet normal 0 0 -1
    outer loop
      vertex 0.588102 -5.97111 -2
      vertex 5.30554 -7.03934 -2
      vertex 1.96034 -19.9037 -2
    endloop
  endfacet
  facet normal 0 0 -1
    outer loop
      vertex 5.30554 -7.03934 -2
      vertex 0.588102 -5.97111 -2
      vertex 5.20701 -6.96626 -2
    endloop
  endfacet
  facet normal 0 -0 -1
    outer loop
      vertex 1.17054 -5.88471 -2
      vertex 5.20701 -6.96626 -2
      vertex 0.588102 -5.97111 -2
    endloop
  endfacet
  facet normal 0 0 -1
    outer loop
      vertex 5.20701 -6.96626 -2
      vertex 1.17054 -5.88471 -2
      vertex 5.11612 -6.88388 -2
    endloop
  endfacet
  facet normal 0 -0 -1
    outer loop
      vertex 1.74171 -5.74164 -2
      vertex 5.11612 -6.88388 -2
      vertex 1.17054 -5.88471 -2
    endloop
  endfacet
  facet normal 0 -0 -1
    outer loop
      vertex 2.2961 -5.54328 -2
      vertex 4.96066 -6.69446 -2
      vertex 1.74171 -5.74164 -2
    endloop
  endfacet
  facet normal 0 0 -1
    outer loop
      vertex 4.96066 -6.69446 -2
      vertex 2.2961 -5.54328 -2
      vertex 4.8976 -6.58925 -2
    endloop
  endfacet
  facet normal 0 0 -1
    outer loop
      vertex 2.82838 -5.29153 -2
      vertex 4.75 -6 -2
      vertex 4.75602 -6.12252 -2
    endloop
  endfacet
  facet normal 0 0 -1
    outer loop
      vertex 5.30554 -4.96066 -2
      vertex 4.24264 -4.24264 -2
      vertex 4.63806 -3.80636 -2
    endloop
  endfacet
  facet normal 0 0 -1
    outer loop
      vertex 4.8976 -6.58925 -2
      vertex 2.2961 -5.54328 -2
      vertex 4.84515 -6.47835 -2
    endloop
  endfacet
  facet normal 0 0 -1
    outer loop
      vertex 4.84515 -6.47835 -2
      vertex 2.2961 -5.54328 -2
      vertex 4.80382 -6.36285 -2
    endloop
  endfacet
  facet normal 0 0 -1
    outer loop
      vertex 4.96066 -5.30554 -2
      vertex 3.80636 -4.63806 -2
      vertex 4.24264 -4.24264 -2
    endloop
  endfacet
  facet normal 0 0 -1
    outer loop
      vertex 4.80382 -5.63714 -2
      vertex 3.33342 -4.98882 -2
      vertex 3.80636 -4.63806 -2
    endloop
  endfacet
  facet normal 0 0 -1
    outer loop
      vertex 4.75 -6 -2
      vertex 2.82838 -5.29153 -2
      vertex 3.33342 -4.98882 -2
    endloop
  endfacet
  facet normal 0 0 -1
    outer loop
      vertex 4.77402 -6.24386 -2
      vertex 2.82838 -5.29153 -2
      vertex 4.75602 -6.12252 -2
    endloop
  endfacet
  facet normal 0 0 -1
    outer loop
      vertex 5.11612 -6.88388 -2
      vertex 1.74171 -5.74164 -2
      vertex 5.03374 -6.79299 -2
    endloop
  endfacet
  facet normal 0 0 -1
    outer loop
      vertex 4.80382 -6.36285 -2
      vertex 2.82838 -5.29153 -2
      vertex 4.77402 -6.24386 -2
    endloop
  endfacet
  facet normal 0 -0 -1
    outer loop
      vertex 2.82838 -5.29153 -2
      vertex 4.80382 -6.36285 -2
      vertex 2.2961 -5.54328 -2
    endloop
  endfacet
  facet normal 0 0 -1
    outer loop
      vertex 5.03374 -6.79299 -2
      vertex 1.74171 -5.74164 -2
      vertex 4.96066 -6.69446 -2
    endloop
  endfacet
  facet normal 0 0 -1
    outer loop
      vertex 0 -20 -2
      vertex 0.588102 -5.97111 -2
      vertex 1.96034 -19.9037 -2
    endloop
  endfacet
  facet normal 0 0 -1
    outer loop
      vertex 0 -20 -2
      vertex 0 -6 -2
      vertex 0.588102 -5.97111 -2
    endloop
  endfacet
  facet normal 0 0 -1
    outer loop
      vertex 0 -20 -2
      vertex -0.588102 -5.97111 -2
      vertex 0 -6 -2
    endloop
  endfacet
  facet normal 0 0 -1
    outer loop
      vertex -1.96034 -19.9037 -2
      vertex -0.588102 -5.97111 -2
      vertex 0 -20 -2
    endloop
  endfacet
  facet normal 0 0 -1
    outer loop
      vertex -5.30554 -7.03934 -2
      vertex -0.588102 -5.97111 -2
      vertex -1.96034 -19.9037 -2
    endloop
  endfacet
  facet normal -0 0 -1
    outer loop
      vertex -0.588102 -5.97111 -2
      vertex -5.30554 -7.03934 -2
      vertex -1.17054 -5.88471 -2
    endloop
  endfacet
  facet normal 0 -0 -1
    outer loop
      vertex -5.20701 -6.96626 -2
      vertex -1.17054 -5.88471 -2
      vertex -5.30554 -7.03934 -2
    endloop
  endfacet
  facet normal -0 0 -1
    outer loop
      vertex -1.17054 -5.88471 -2
      vertex -5.11612 -6.88388 -2
      vertex -1.74171 -5.74164 -2
    endloop
  endfacet
  facet normal 0 -0 -1
    outer loop
      vertex -4.96066 -6.69446 -2
      vertex -1.74171 -5.74164 -2
      vertex -5.03374 -6.79299 -2
    endloop
  endfacet
  facet normal 0 -0 -1
    outer loop
      vertex -4.84515 -6.47835 -2
      vertex -2.2961 -5.54328 -2
      vertex -4.8976 -6.58925 -2
    endloop
  endfacet
  facet normal 0 0 -1
    outer loop
      vertex -5.41075 -7.1024 -2
      vertex -1.96034 -19.9037 -2
      vertex -3.90181 -19.6157 -2
    endloop
  endfacet
  facet normal 0 -0 -1
    outer loop
      vertex -4.77402 -6.24386 -2
      vertex -2.82838 -5.29153 -2
      vertex -4.80382 -6.36285 -2
    endloop
  endfacet
  facet normal -0 0 -1
    outer loop
      vertex -2.82838 -5.29153 -2
      vertex -4.75 -6 -2
      vertex -3.33342 -4.98882 -2
    endloop
  endfacet
  facet normal 0 0 -1
    outer loop
      vertex -4.80382 -5.63714 -2
      vertex -3.33342 -4.98882 -2
      vertex -4.77402 -5.75614 -2
    endloop
  endfacet
  facet normal 0 0 -1
    outer loop
      vertex -4.77402 -5.75614 -2
      vertex -3.33342 -4.98882 -2
      vertex -4.75602 -5.87748 -2
    endloop
  endfacet
  facet normal 0 0 -1
    outer loop
      vertex -4.75602 -5.87748 -2
      vertex -3.33342 -4.98882 -2
      vertex -4.75 -6 -2
    endloop
  endfacet
  facet normal 0 -0 -1
    outer loop
      vertex -4.75 -6 -2
      vertex -2.82838 -5.29153 -2
      vertex -4.75602 -6.12252 -2
    endloop
  endfacet
  facet normal 0 -0 -1
    outer loop
      vertex -4.75602 -6.12252 -2
      vertex -2.82838 -5.29153 -2
      vertex -4.77402 -6.24386 -2
    endloop
  endfacet
  facet normal -0 0 -1
    outer loop
      vertex -2.2961 -5.54328 -2
      vertex -4.80382 -6.36285 -2
      vertex -2.82838 -5.29153 -2
    endloop
  endfacet
  facet normal 0 -0 -1
    outer loop
      vertex -4.80382 -6.36285 -2
      vertex -2.2961 -5.54328 -2
      vertex -4.84515 -6.47835 -2
    endloop
  endfacet
  facet normal 0 -0 -1
    outer loop
      vertex -4.8976 -6.58925 -2
      vertex -2.2961 -5.54328 -2
      vertex -4.96066 -6.69446 -2
    endloop
  endfacet
  facet normal -0 0 -1
    outer loop
      vertex -1.74171 -5.74164 -2
      vertex -4.96066 -6.69446 -2
      vertex -2.2961 -5.54328 -2
    endloop
  endfacet
  facet normal 0 -0 -1
    outer loop
      vertex -5.03374 -6.79299 -2
      vertex -1.74171 -5.74164 -2
      vertex -5.11612 -6.88388 -2
    endloop
  endfacet
  facet normal 0 -0 -1
    outer loop
      vertex -5.11612 -6.88388 -2
      vertex -1.17054 -5.88471 -2
      vertex -5.20701 -6.96626 -2
    endloop
  endfacet
  facet normal 0 0 -1
    outer loop
      vertex -1.96034 -19.9037 -2
      vertex -5.41075 -7.1024 -2
      vertex -5.30554 -7.03934 -2
    endloop
  endfacet
  facet normal 0 0 -1
    outer loop
      vertex -3.90181 -19.6157 -2
      vertex -5.52165 -7.15485 -2
      vertex -5.41075 -7.1024 -2
    endloop
  endfacet
  facet normal 0 0 -1
    outer loop
      vertex -5.80569 -19.1388 -2
      vertex -5.52165 -7.15485 -2
      vertex -3.90181 -19.6157 -2
    endloop
  endfacet
  facet normal 0 0 -1
    outer loop
      vertex -5.52165 -7.15485 -2
      vertex -5.80569 -19.1388 -2
      vertex -5.63714 -7.19617 -2
    endloop
  endfacet
  facet normal 0 0 -1
    outer loop
      vertex -5.63714 -7.19617 -2
      vertex -5.80569 -19.1388 -2
      vertex -5.75614 -7.22598 -2
    endloop
  endfacet
  facet normal 0 0 -1
    outer loop
      vertex -7.65367 -18.4776 -2
      vertex -5.75614 -7.22598 -2
      vertex -5.80569 -19.1388 -2
    endloop
  endfacet
  facet normal 0 0 -1
    outer loop
      vertex -5.75614 -7.22598 -2
      vertex -7.65367 -18.4776 -2
      vertex -5.87748 -7.24398 -2
    endloop
  endfacet
  facet normal 0 0 -1
    outer loop
      vertex -5.87748 -7.24398 -2
      vertex -7.65367 -18.4776 -2
      vertex -6 -7.25 -2
    endloop
  endfacet
  facet normal 0 0 -1
    outer loop
      vertex -9.42793 -17.6384 -2
      vertex -6 -7.25 -2
      vertex -7.65367 -18.4776 -2
    endloop
  endfacet
  facet normal -0 0 -1
    outer loop
      vertex -6 -7.25 -2
      vertex -9.42793 -17.6384 -2
      vertex -6.12252 -7.24398 -2
    endloop
  endfacet
  facet normal -0 0 -1
    outer loop
      vertex -6.12252 -7.24398 -2
      vertex -9.42793 -17.6384 -2
      vertex -6.24386 -7.22598 -2
    endloop
  endfacet
  facet normal 0 0 -1
    outer loop
      vertex -11.1114 -16.6294 -2
      vertex -6.24386 -7.22598 -2
      vertex -9.42793 -17.6384 -2
    endloop
  endfacet
  facet normal -0 0 -1
    outer loop
      vertex -6.24386 -7.22598 -2
      vertex -11.1114 -16.6294 -2
      vertex -6.36285 -7.19617 -2
    endloop
  endfacet
  facet normal -0 0 -1
    outer loop
      vertex -6.36285 -7.19617 -2
      vertex -11.1114 -16.6294 -2
      vertex -6.47835 -7.15485 -2
    endloop
  endfacet
  facet normal -0 0 -1
    outer loop
      vertex -6.47835 -7.15485 -2
      vertex -11.1114 -16.6294 -2
      vertex -6.58925 -7.1024 -2
    endloop
  endfacet
  facet normal 0 0 -1
    outer loop
      vertex -12.6879 -15.4602 -2
      vertex -6.58925 -7.1024 -2
      vertex -11.1114 -16.6294 -2
    endloop
  endfacet
  facet normal -0 0 -1
    outer loop
      vertex -6.58925 -7.1024 -2
      vertex -12.6879 -15.4602 -2
      vertex -6.69446 -7.03934 -2
    endloop
  endfacet
  facet normal -0 0 -1
    outer loop
      vertex -6.69446 -7.03934 -2
      vertex -12.6879 -15.4602 -2
      vertex -6.79299 -6.96626 -2
    endloop
  endfacet
  facet normal 0 0 -1
    outer loop
      vertex -14.1421 -14.1421 -2
      vertex -6.79299 -6.96626 -2
      vertex -12.6879 -15.4602 -2
    endloop
  endfacet
  facet normal -0 0 -1
    outer loop
      vertex -6.79299 -6.96626 -2
      vertex -14.1421 -14.1421 -2
      vertex -6.88388 -6.88388 -2
    endloop
  endfacet
  facet normal -0 0 -1
    outer loop
      vertex -6.88388 -6.88388 -2
      vertex -14.1421 -14.1421 -2
      vertex -6.96626 -6.79299 -2
    endloop
  endfacet
  facet normal 0 0 -1
    outer loop
      vertex -15.4602 -12.6879 -2
      vertex -6.96626 -6.79299 -2
      vertex -14.1421 -14.1421 -2
    endloop
  endfacet
  facet normal -0 0 -1
    outer loop
      vertex -7.1024 -6.58925 -2
      vertex -15.4602 -12.6879 -2
      vertex -7.15485 -6.47835 -2
    endloop
  endfacet
  facet normal -0 0 -1
    outer loop
      vertex -7.03934 -6.69446 -2
      vertex -15.4602 -12.6879 -2
      vertex -7.1024 -6.58925 -2
    endloop
  endfacet
  facet normal -0 0 -1
    outer loop
      vertex -6.96626 -6.79299 -2
      vertex -15.4602 -12.6879 -2
      vertex -7.03934 -6.69446 -2
    endloop
  endfacet
  facet normal 0 0 -1
    outer loop
      vertex 7.1024 6.58925 -2
      vertex 15.4602 12.6879 -2
      vertex 7.15485 6.47835 -2
    endloop
  endfacet
  facet normal 0 0 -1
    outer loop
      vertex 7.03934 6.69446 -2
      vertex 15.4602 12.6879 -2
      vertex 7.1024 6.58925 -2
    endloop
  endfacet
  facet normal 0 0 -1
    outer loop
      vertex 6.96626 6.79299 -2
      vertex 15.4602 12.6879 -2
      vertex 7.03934 6.69446 -2
    endloop
  endfacet
  facet normal -0 0 -1
    outer loop
      vertex 15.4602 12.6879 -2
      vertex 6.96626 6.79299 -2
      vertex 14.1421 14.1421 -2
    endloop
  endfacet
  facet normal 0 0 -1
    outer loop
      vertex 6.88388 6.88388 -2
      vertex 14.1421 14.1421 -2
      vertex 6.96626 6.79299 -2
    endloop
  endfacet
  facet normal 0 0 -1
    outer loop
      vertex 6.79299 6.96626 -2
      vertex 14.1421 14.1421 -2
      vertex 6.88388 6.88388 -2
    endloop
  endfacet
  facet normal -0 0 -1
    outer loop
      vertex 14.1421 14.1421 -2
      vertex 6.79299 6.96626 -2
      vertex 12.6879 15.4602 -2
    endloop
  endfacet
  facet normal 0 0 -1
    outer loop
      vertex 6.69446 7.03934 -2
      vertex 12.6879 15.4602 -2
      vertex 6.79299 6.96626 -2
    endloop
  endfacet
  facet normal 0 0 -1
    outer loop
      vertex 6.58925 7.1024 -2
      vertex 12.6879 15.4602 -2
      vertex 6.69446 7.03934 -2
    endloop
  endfacet
  facet normal -0 0 -1
    outer loop
      vertex 12.6879 15.4602 -2
      vertex 6.58925 7.1024 -2
      vertex 11.1114 16.6294 -2
    endloop
  endfacet
  facet normal 0 0 -1
    outer loop
      vertex 6.47835 7.15485 -2
      vertex 11.1114 16.6294 -2
      vertex 6.58925 7.1024 -2
    endloop
  endfacet
  facet normal 0 0 -1
    outer loop
      vertex 6.36285 7.19617 -2
      vertex 11.1114 16.6294 -2
      vertex 6.47835 7.15485 -2
    endloop
  endfacet
  facet normal 0 0 -1
    outer loop
      vertex 6.24386 7.22598 -2
      vertex 11.1114 16.6294 -2
      vertex 6.36285 7.19617 -2
    endloop
  endfacet
  facet normal -0 0 -1
    outer loop
      vertex 11.1114 16.6294 -2
      vertex 6.24386 7.22598 -2
      vertex 9.42793 17.6384 -2
    endloop
  endfacet
  facet normal 0 0 -1
    outer loop
      vertex 6.12252 7.24398 -2
      vertex 9.42793 17.6384 -2
      vertex 6.24386 7.22598 -2
    endloop
  endfacet
  facet normal 0 0 -1
    outer loop
      vertex 6 7.25 -2
      vertex 9.42793 17.6384 -2
      vertex 6.12252 7.24398 -2
    endloop
  endfacet
  facet normal -0 0 -1
    outer loop
      vertex 9.42793 17.6384 -2
      vertex 6 7.25 -2
      vertex 7.65367 18.4776 -2
    endloop
  endfacet
  facet normal 0 0 -1
    outer loop
      vertex 5.87748 7.24398 -2
      vertex 7.65367 18.4776 -2
      vertex 6 7.25 -2
    endloop
  endfacet
  facet normal 0 0 -1
    outer loop
      vertex 5.75614 7.22598 -2
      vertex 7.65367 18.4776 -2
      vertex 5.87748 7.24398 -2
    endloop
  endfacet
  facet normal -0 0 -1
    outer loop
      vertex 7.65367 18.4776 -2
      vertex 5.75614 7.22598 -2
      vertex 5.80569 19.1388 -2
    endloop
  endfacet
  facet normal 0 0 -1
    outer loop
      vertex 5.63714 7.19617 -2
      vertex 5.80569 19.1388 -2
      vertex 5.75614 7.22598 -2
    endloop
  endfacet
  facet normal 0 0 -1
    outer loop
      vertex 5.52165 7.15485 -2
      vertex 5.80569 19.1388 -2
      vertex 5.63714 7.19617 -2
    endloop
  endfacet
  facet normal 0 0 -1
    outer loop
      vertex 3.90181 19.6157 -2
      vertex 5.52165 7.15485 -2
      vertex 5.41075 7.1024 -2
    endloop
  endfacet
  facet normal 0 0 -1
    outer loop
      vertex 1.96034 19.9037 -2
      vertex 5.41075 7.1024 -2
      vertex 5.30554 7.03934 -2
    endloop
  endfacet
  facet normal 0 0 -1
    outer loop
      vertex 0.588102 5.97111 -2
      vertex 5.30554 7.03934 -2
      vertex 5.20701 6.96626 -2
    endloop
  endfacet
  facet normal 0 0 -1
    outer loop
      vertex 1.17054 5.88471 -2
      vertex 5.20701 6.96626 -2
      vertex 5.11612 6.88388 -2
    endloop
  endfacet
  facet normal 0 0 -1
    outer loop
      vertex 1.74171 5.74164 -2
      vertex 5.11612 6.88388 -2
      vertex 5.03374 6.79299 -2
    endloop
  endfacet
  facet normal 0 0 -1
    outer loop
      vertex 1.74171 5.74164 -2
      vertex 5.03374 6.79299 -2
      vertex 4.96066 6.69446 -2
    endloop
  endfacet
  facet normal 0 0 -1
    outer loop
      vertex 2.2961 5.54328 -2
      vertex 4.96066 6.69446 -2
      vertex 4.8976 6.58925 -2
    endloop
  endfacet
  facet normal 0 0 -1
    outer loop
      vertex 2.2961 5.54328 -2
      vertex 4.8976 6.58925 -2
      vertex 4.84515 6.47835 -2
    endloop
  endfacet
  facet normal 0 0 -1
    outer loop
      vertex 2.2961 5.54328 -2
      vertex 4.84515 6.47835 -2
      vertex 4.80382 6.36285 -2
    endloop
  endfacet
  facet normal 0 0 -1
    outer loop
      vertex 2.82838 5.29153 -2
      vertex 4.80382 6.36285 -2
      vertex 4.77402 6.24386 -2
    endloop
  endfacet
  facet normal 0 0 -1
    outer loop
      vertex 2.82838 5.29153 -2
      vertex 4.77402 6.24386 -2
      vertex 4.75602 6.12252 -2
    endloop
  endfacet
  facet normal -0 0 -1
    outer loop
      vertex 4.80382 5.63714 -2
      vertex 3.33342 4.98882 -2
      vertex 4.77402 5.75614 -2
    endloop
  endfacet
  facet normal -0 0 -1
    outer loop
      vertex 4.77402 5.75614 -2
      vertex 3.33342 4.98882 -2
      vertex 4.75602 5.87748 -2
    endloop
  endfacet
  facet normal -0 0 -1
    outer loop
      vertex 4.75602 5.87748 -2
      vertex 3.33342 4.98882 -2
      vertex 4.75 6 -2
    endloop
  endfacet
  facet normal 0 0 -1
    outer loop
      vertex 2.82838 5.29153 -2
      vertex 4.75 6 -2
      vertex 3.33342 4.98882 -2
    endloop
  endfacet
  facet normal -0 0 -1
    outer loop
      vertex 4.75 6 -2
      vertex 2.82838 5.29153 -2
      vertex 4.75602 6.12252 -2
    endloop
  endfacet
  facet normal 0 0 -1
    outer loop
      vertex 4.80382 6.36285 -2
      vertex 2.82838 5.29153 -2
      vertex 2.2961 5.54328 -2
    endloop
  endfacet
  facet normal 0 0 -1
    outer loop
      vertex 4.96066 6.69446 -2
      vertex 2.2961 5.54328 -2
      vertex 1.74171 5.74164 -2
    endloop
  endfacet
  facet normal 0 0 -1
    outer loop
      vertex 5.11612 6.88388 -2
      vertex 1.74171 5.74164 -2
      vertex 1.17054 5.88471 -2
    endloop
  endfacet
  facet normal 0 0 -1
    outer loop
      vertex 5.52165 7.15485 -2
      vertex 3.90181 19.6157 -2
      vertex 5.80569 19.1388 -2
    endloop
  endfacet
  facet normal 0 0 -1
    outer loop
      vertex 5.20701 6.96626 -2
      vertex 1.17054 5.88471 -2
      vertex 0.588102 5.97111 -2
    endloop
  endfacet
  facet normal 0 0 -1
    outer loop
      vertex 5.41075 7.1024 -2
      vertex 1.96034 19.9037 -2
      vertex 3.90181 19.6157 -2
    endloop
  endfacet
  facet normal -0 0 -1
    outer loop
      vertex 5.30554 7.03934 -2
      vertex 0.588102 5.97111 -2
      vertex 1.96034 19.9037 -2
    endloop
  endfacet
  facet normal 0 0 -1
    outer loop
      vertex 0 6 -2
      vertex 1.96034 19.9037 -2
      vertex 0.588102 5.97111 -2
    endloop
  endfacet
  facet normal 0 0 -1
    outer loop
      vertex 0 6 -2
      vertex 0 20 -2
      vertex 1.96034 19.9037 -2
    endloop
  endfacet
  facet normal 0 0 -1
    outer loop
      vertex -0.588102 5.97111 -2
      vertex 0 20 -2
      vertex 0 6 -2
    endloop
  endfacet
  facet normal 0 0 -1
    outer loop
      vertex -5.30554 7.03934 -2
      vertex -0.588102 5.97111 -2
      vertex -1.17054 5.88471 -2
    endloop
  endfacet
  facet normal 0 0 -1
    outer loop
      vertex -5.11612 6.88388 -2
      vertex -1.17054 5.88471 -2
      vertex -1.74171 5.74164 -2
    endloop
  endfacet
  facet normal 0 0 -1
    outer loop
      vertex -0.588102 5.97111 -2
      vertex -1.96034 19.9037 -2
      vertex 0 20 -2
    endloop
  endfacet
  facet normal 0 0 -1
    outer loop
      vertex -4.96066 6.69446 -2
      vertex -1.74171 5.74164 -2
      vertex -2.2961 5.54328 -2
    endloop
  endfacet
  facet normal 0 0 -1
    outer loop
      vertex -4.80382 6.36285 -2
      vertex -2.2961 5.54328 -2
      vertex -2.82838 5.29153 -2
    endloop
  endfacet
  facet normal 0 0 -1
    outer loop
      vertex -4.75 6 -2
      vertex -2.82838 5.29153 -2
      vertex -3.33342 4.98882 -2
    endloop
  endfacet
  facet normal 0 0 -1
    outer loop
      vertex -4.75602 5.87748 -2
      vertex -3.33342 4.98882 -2
      vertex -3.80636 4.63806 -2
    endloop
  endfacet
  facet normal 0 0 -1
    outer loop
      vertex -2.2961 5.54328 -2
      vertex -4.84515 6.47835 -2
      vertex -4.8976 6.58925 -2
    endloop
  endfacet
  facet normal 0 0 -1
    outer loop
      vertex -4.75602 5.87748 -2
      vertex -3.80636 4.63806 -2
      vertex -4.24264 4.24264 -2
    endloop
  endfacet
  facet normal 0 0 -1
    outer loop
      vertex -5.30554 4.96066 -2
      vertex -4.24264 4.24264 -2
      vertex -4.63806 3.80636 -2
    endloop
  endfacet
  facet normal 0 0 -1
    outer loop
      vertex -2.82838 5.29153 -2
      vertex -4.75 6 -2
      vertex -4.75602 6.12252 -2
    endloop
  endfacet
  facet normal 0 0 -1
    outer loop
      vertex -2.82838 5.29153 -2
      vertex -4.75602 6.12252 -2
      vertex -4.77402 6.24386 -2
    endloop
  endfacet
  facet normal 0 0 -1
    outer loop
      vertex -2.82838 5.29153 -2
      vertex -4.77402 6.24386 -2
      vertex -4.80382 6.36285 -2
    endloop
  endfacet
  facet normal 0 0 -1
    outer loop
      vertex -2.2961 5.54328 -2
      vertex -4.80382 6.36285 -2
      vertex -4.84515 6.47835 -2
    endloop
  endfacet
  facet normal 0 0 -1
    outer loop
      vertex -2.2961 5.54328 -2
      vertex -4.8976 6.58925 -2
      vertex -4.96066 6.69446 -2
    endloop
  endfacet
  facet normal 0 0 -1
    outer loop
      vertex -1.74171 5.74164 -2
      vertex -4.96066 6.69446 -2
      vertex -5.03374 6.79299 -2
    endloop
  endfacet
  facet normal 0 0 -1
    outer loop
      vertex -1.74171 5.74164 -2
      vertex -5.03374 6.79299 -2
      vertex -5.11612 6.88388 -2
    endloop
  endfacet
  facet normal 0 0 -1
    outer loop
      vertex -1.17054 5.88471 -2
      vertex -5.11612 6.88388 -2
      vertex -5.20701 6.96626 -2
    endloop
  endfacet
  facet normal 0 0 -1
    outer loop
      vertex -1.17054 5.88471 -2
      vertex -5.20701 6.96626 -2
      vertex -5.30554 7.03934 -2
    endloop
  endfacet
  facet normal 0 0 -1
    outer loop
      vertex -0.588102 5.97111 -2
      vertex -5.30554 7.03934 -2
      vertex -1.96034 19.9037 -2
    endloop
  endfacet
  facet normal 0 0 -1
    outer loop
      vertex -5.41075 7.1024 -2
      vertex -1.96034 19.9037 -2
      vertex -5.30554 7.03934 -2
    endloop
  endfacet
  facet normal 0 0 -1
    outer loop
      vertex -1.96034 19.9037 -2
      vertex -5.41075 7.1024 -2
      vertex -3.90181 19.6157 -2
    endloop
  endfacet
  facet normal 0 0 -1
    outer loop
      vertex -5.52165 7.15485 -2
      vertex -3.90181 19.6157 -2
      vertex -5.41075 7.1024 -2
    endloop
  endfacet
  facet normal 0 0 -1
    outer loop
      vertex -5.80569 19.1388 -2
      vertex -5.52165 7.15485 -2
      vertex -5.63714 7.19617 -2
    endloop
  endfacet
  facet normal 0 0 -1
    outer loop
      vertex -5.80569 19.1388 -2
      vertex -5.63714 7.19617 -2
      vertex -5.75614 7.22598 -2
    endloop
  endfacet
  facet normal 0 0 -1
    outer loop
      vertex -5.52165 7.15485 -2
      vertex -5.80569 19.1388 -2
      vertex -3.90181 19.6157 -2
    endloop
  endfacet
  facet normal 0 0 -1
    outer loop
      vertex -7.65367 18.4776 -2
      vertex -5.75614 7.22598 -2
      vertex -5.87748 7.24398 -2
    endloop
  endfacet
  facet normal 0 0 -1
    outer loop
      vertex -7.65367 18.4776 -2
      vertex -5.87748 7.24398 -2
      vertex -6 7.25 -2
    endloop
  endfacet
  facet normal 0 0 -1
    outer loop
      vertex -9.42793 17.6384 -2
      vertex -6 7.25 -2
      vertex -6.12252 7.24398 -2
    endloop
  endfacet
  facet normal 0 0 -1
    outer loop
      vertex -9.42793 17.6384 -2
      vertex -6.12252 7.24398 -2
      vertex -6.24386 7.22598 -2
    endloop
  endfacet
  facet normal 0 0 -1
    outer loop
      vertex -11.1114 16.6294 -2
      vertex -6.24386 7.22598 -2
      vertex -6.36285 7.19617 -2
    endloop
  endfacet
  facet normal 0 0 -1
    outer loop
      vertex -11.1114 16.6294 -2
      vertex -6.36285 7.19617 -2
      vertex -6.47835 7.15485 -2
    endloop
  endfacet
  facet normal 0 0 -1
    outer loop
      vertex -11.1114 16.6294 -2
      vertex -6.47835 7.15485 -2
      vertex -6.58925 7.1024 -2
    endloop
  endfacet
  facet normal 0 0 -1
    outer loop
      vertex -12.6879 15.4602 -2
      vertex -6.58925 7.1024 -2
      vertex -6.69446 7.03934 -2
    endloop
  endfacet
  facet normal 0 0 -1
    outer loop
      vertex -12.6879 15.4602 -2
      vertex -6.69446 7.03934 -2
      vertex -6.79299 6.96626 -2
    endloop
  endfacet
  facet normal 0 0 -1
    outer loop
      vertex -14.1421 14.1421 -2
      vertex -6.79299 6.96626 -2
      vertex -6.88388 6.88388 -2
    endloop
  endfacet
  facet normal 0 0 -1
    outer loop
      vertex -14.1421 14.1421 -2
      vertex -6.88388 6.88388 -2
      vertex -6.96626 6.79299 -2
    endloop
  endfacet
  facet normal 0 0 -1
    outer loop
      vertex -15.4602 12.6879 -2
      vertex -6.96626 6.79299 -2
      vertex -7.03934 6.69446 -2
    endloop
  endfacet
  facet normal 0 0 -1
    outer loop
      vertex -15.4602 12.6879 -2
      vertex -7.03934 6.69446 -2
      vertex -7.1024 6.58925 -2
    endloop
  endfacet
  facet normal 0 0 -1
    outer loop
      vertex -15.4602 12.6879 -2
      vertex -7.1024 6.58925 -2
      vertex -7.15485 6.47835 -2
    endloop
  endfacet
  facet normal 0 0 -1
    outer loop
      vertex -16.6294 11.1114 -2
      vertex -7.15485 6.47835 -2
      vertex -7.19617 6.36285 -2
    endloop
  endfacet
  facet normal 0 0 -1
    outer loop
      vertex -16.6294 11.1114 -2
      vertex -7.19617 6.36285 -2
      vertex -7.22598 6.24386 -2
    endloop
  endfacet
  facet normal 0 0 -1
    outer loop
      vertex -17.6384 9.42793 -2
      vertex -7.22598 6.24386 -2
      vertex -7.24398 6.12252 -2
    endloop
  endfacet
  facet normal 0 0 -1
    outer loop
      vertex -5.75614 7.22598 -2
      vertex -7.65367 18.4776 -2
      vertex -5.80569 19.1388 -2
    endloop
  endfacet
  facet normal 0 0 -1
    outer loop
      vertex -17.6384 9.42793 -2
      vertex -7.24398 6.12252 -2
      vertex -7.25 6 -2
    endloop
  endfacet
  facet normal 0 0 -1
    outer loop
      vertex -16.6294 -11.1114 -2
      vertex -7.15485 -6.47835 -2
      vertex -15.4602 -12.6879 -2
    endloop
  endfacet
  facet normal -0 0 -1
    outer loop
      vertex -7.15485 -6.47835 -2
      vertex -16.6294 -11.1114 -2
      vertex -7.19617 -6.36285 -2
    endloop
  endfacet
  facet normal 0 0 -1
    outer loop
      vertex -6 7.25 -2
      vertex -9.42793 17.6384 -2
      vertex -7.65367 18.4776 -2
    endloop
  endfacet
  facet normal -0 0 -1
    outer loop
      vertex -7.19617 -6.36285 -2
      vertex -16.6294 -11.1114 -2
      vertex -7.22598 -6.24386 -2
    endloop
  endfacet
  facet normal 0 0 -1
    outer loop
      vertex -6.24386 7.22598 -2
      vertex -11.1114 16.6294 -2
      vertex -9.42793 17.6384 -2
    endloop
  endfacet
  facet normal 0 0 -1
    outer loop
      vertex -17.6384 -9.42793 -2
      vertex -7.22598 -6.24386 -2
      vertex -16.6294 -11.1114 -2
    endloop
  endfacet
  facet normal 0 0 -1
    outer loop
      vertex -6.58925 7.1024 -2
      vertex -12.6879 15.4602 -2
      vertex -11.1114 16.6294 -2
    endloop
  endfacet
  facet normal -0 0 -1
    outer loop
      vertex -7.22598 -6.24386 -2
      vertex -17.6384 -9.42793 -2
      vertex -7.24398 -6.12252 -2
    endloop
  endfacet
  facet normal 0 0 -1
    outer loop
      vertex -6.79299 6.96626 -2
      vertex -14.1421 14.1421 -2
      vertex -12.6879 15.4602 -2
    endloop
  endfacet
  facet normal -0 0 -1
    outer loop
      vertex -7.24398 -6.12252 -2
      vertex -17.6384 -9.42793 -2
      vertex -7.25 -6 -2
    endloop
  endfacet
  facet normal 0 0 -1
    outer loop
      vertex -6.96626 6.79299 -2
      vertex -15.4602 12.6879 -2
      vertex -14.1421 14.1421 -2
    endloop
  endfacet
  facet normal 0 0 -1
    outer loop
      vertex -18.4776 -7.65367 -2
      vertex -7.25 -6 -2
      vertex -17.6384 -9.42793 -2
    endloop
  endfacet
  facet normal 0 0 -1
    outer loop
      vertex -7.15485 6.47835 -2
      vertex -16.6294 11.1114 -2
      vertex -15.4602 12.6879 -2
    endloop
  endfacet
  facet normal 0 0 -1
    outer loop
      vertex -7.22598 -5.75614 -2
      vertex -18.4776 -7.65367 -2
      vertex -19.1388 -5.80569 -2
    endloop
  endfacet
  facet normal 0 0 -1
    outer loop
      vertex -7.22598 6.24386 -2
      vertex -17.6384 9.42793 -2
      vertex -16.6294 11.1114 -2
    endloop
  endfacet
  facet normal -0 0 -1
    outer loop
      vertex -7.15485 -5.52165 -2
      vertex -19.1388 -5.80569 -2
      vertex -19.6157 -3.90181 -2
    endloop
  endfacet
  facet normal 0 0 -1
    outer loop
      vertex -7.25 6 -2
      vertex -18.4776 7.65367 -2
      vertex -17.6384 9.42793 -2
    endloop
  endfacet
  facet normal 0 0 -1
    outer loop
      vertex -7.1024 -5.41075 -2
      vertex -19.6157 -3.90181 -2
      vertex -19.9037 -1.96034 -2
    endloop
  endfacet
  facet normal 0 0 -1
    outer loop
      vertex -7.24398 5.87748 -2
      vertex -18.4776 7.65367 -2
      vertex -7.25 6 -2
    endloop
  endfacet
  facet normal -0 0 -1
    outer loop
      vertex -6 0 -2
      vertex -19.9037 -1.96034 -2
      vertex -20 0 -2
    endloop
  endfacet
  facet normal 0 0 -1
    outer loop
      vertex -7.22598 5.75614 -2
      vertex -18.4776 7.65367 -2
      vertex -7.24398 5.87748 -2
    endloop
  endfacet
  facet normal 0 0 -1
    outer loop
      vertex -7.15485 5.52165 -2
      vertex -19.1388 5.80569 -2
      vertex -7.19617 5.63714 -2
    endloop
  endfacet
  facet normal 0 -0 -1
    outer loop
      vertex -18.4776 7.65367 -2
      vertex -7.22598 5.75614 -2
      vertex -19.1388 5.80569 -2
    endloop
  endfacet
  facet normal 0 0 -1
    outer loop
      vertex -7.19617 5.63714 -2
      vertex -19.1388 5.80569 -2
      vertex -7.22598 5.75614 -2
    endloop
  endfacet
  facet normal -0.51409 0.857736 0
    outer loop
      vertex -9.42793 17.6384 -2
      vertex -11.1114 16.6294 2
      vertex -9.42793 17.6384 2
    endloop
  endfacet
  facet normal -0.51409 0.857736 0
    outer loop
      vertex -11.1114 16.6294 2
      vertex -9.42793 17.6384 -2
      vertex -11.1114 16.6294 -2
    endloop
  endfacet
  facet normal -0.998796 -0.049065 0
    outer loop
      vertex -19.9037 -1.96034 -2
      vertex -20 0 2
      vertex -20 0 -2
    endloop
  endfacet
  facet normal -0.998796 -0.049065 0
    outer loop
      vertex -20 0 2
      vertex -19.9037 -1.96034 -2
      vertex -19.9037 -1.96034 2
    endloop
  endfacet
  facet normal -0.970031 0.242982 0
    outer loop
      vertex -19.6157 3.90181 -2
      vertex -19.1388 5.80569 2
      vertex -19.1388 5.80569 -2
    endloop
  endfacet
  facet normal -0.970031 0.242982 0
    outer loop
      vertex -19.1388 5.80569 2
      vertex -19.6157 3.90181 -2
      vertex -19.6157 3.90181 2
    endloop
  endfacet
  facet normal 0.427571 -0.903982 0
    outer loop
      vertex 7.65367 -18.4776 -2
      vertex 9.42793 -17.6384 2
      vertex 7.65367 -18.4776 2
    endloop
  endfacet
  facet normal 0.427571 -0.903982 0
    outer loop
      vertex 9.42793 -17.6384 2
      vertex 7.65367 -18.4776 -2
      vertex 9.42793 -17.6384 -2
    endloop
  endfacet
  facet normal -0.336882 -0.941547 0
    outer loop
      vertex -7.65367 -18.4776 -2
      vertex -5.80569 -19.1388 2
      vertex -7.65367 -18.4776 2
    endloop
  endfacet
  facet normal -0.336882 -0.941547 -0
    outer loop
      vertex -5.80569 -19.1388 2
      vertex -7.65367 -18.4776 -2
      vertex -5.80569 -19.1388 -2
    endloop
  endfacet
  facet normal -0.336882 0.941547 0
    outer loop
      vertex -5.80569 19.1388 -2
      vertex -7.65367 18.4776 2
      vertex -5.80569 19.1388 2
    endloop
  endfacet
  facet normal -0.336882 0.941547 0
    outer loop
      vertex -7.65367 18.4776 2
      vertex -5.80569 19.1388 -2
      vertex -7.65367 18.4776 -2
    endloop
  endfacet
  facet normal 0.51409 -0.857736 0
    outer loop
      vertex 9.42793 -17.6384 -2
      vertex 11.1114 -16.6294 2
      vertex 9.42793 -17.6384 2
    endloop
  endfacet
  facet normal 0.51409 -0.857736 0
    outer loop
      vertex 11.1114 -16.6294 2
      vertex 9.42793 -17.6384 -2
      vertex 11.1114 -16.6294 -2
    endloop
  endfacet
  facet normal 0.146736 -0.989176 0
    outer loop
      vertex 1.96034 -19.9037 -2
      vertex 3.90181 -19.6157 2
      vertex 1.96034 -19.9037 2
    endloop
  endfacet
  facet normal 0.146736 -0.989176 0
    outer loop
      vertex 3.90181 -19.6157 2
      vertex 1.96034 -19.9037 -2
      vertex 3.90181 -19.6157 -2
    endloop
  endfacet
  facet normal 0.740928 -0.671584 0
    outer loop
      vertex 14.1421 -14.1421 2
      vertex 15.4602 -12.6879 -2
      vertex 15.4602 -12.6879 2
    endloop
  endfacet
  facet normal 0.740928 -0.671584 0
    outer loop
      vertex 15.4602 -12.6879 -2
      vertex 14.1421 -14.1421 2
      vertex 14.1421 -14.1421 -2
    endloop
  endfacet
  facet normal 0.80321 -0.595695 0
    outer loop
      vertex 15.4602 -12.6879 2
      vertex 16.6294 -11.1114 -2
      vertex 16.6294 -11.1114 2
    endloop
  endfacet
  facet normal 0.80321 -0.595695 0
    outer loop
      vertex 16.6294 -11.1114 -2
      vertex 15.4602 -12.6879 2
      vertex 15.4602 -12.6879 -2
    endloop
  endfacet
  facet normal -0.049065 0.998796 0
    outer loop
      vertex 0 20 -2
      vertex -1.96034 19.9037 2
      vertex 0 20 2
    endloop
  endfacet
  facet normal -0.049065 0.998796 0
    outer loop
      vertex -1.96034 19.9037 2
      vertex 0 20 -2
      vertex -1.96034 19.9037 -2
    endloop
  endfacet
  facet normal -0.427571 0.903982 0
    outer loop
      vertex -7.65367 18.4776 -2
      vertex -9.42793 17.6384 2
      vertex -7.65367 18.4776 2
    endloop
  endfacet
  facet normal -0.427571 0.903982 0
    outer loop
      vertex -9.42793 17.6384 2
      vertex -7.65367 18.4776 -2
      vertex -9.42793 17.6384 -2
    endloop
  endfacet
  facet normal -0.595695 0.80321 0
    outer loop
      vertex -11.1114 16.6294 -2
      vertex -12.6879 15.4602 2
      vertex -11.1114 16.6294 2
    endloop
  endfacet
  facet normal -0.595695 0.80321 0
    outer loop
      vertex -12.6879 15.4602 2
      vertex -11.1114 16.6294 -2
      vertex -12.6879 15.4602 -2
    endloop
  endfacet
  facet normal -0.989176 0.146736 0
    outer loop
      vertex -19.9037 1.96034 -2
      vertex -19.6157 3.90181 2
      vertex -19.6157 3.90181 -2
    endloop
  endfacet
  facet normal -0.989176 0.146736 0
    outer loop
      vertex -19.6157 3.90181 2
      vertex -19.9037 1.96034 -2
      vertex -19.9037 1.96034 2
    endloop
  endfacet
  facet normal -0.242982 -0.970031 0
    outer loop
      vertex -5.80569 -19.1388 -2
      vertex -3.90181 -19.6157 2
      vertex -5.80569 -19.1388 2
    endloop
  endfacet
  facet normal -0.242982 -0.970031 -0
    outer loop
      vertex -3.90181 -19.6157 2
      vertex -5.80569 -19.1388 -2
      vertex -3.90181 -19.6157 -2
    endloop
  endfacet
  facet normal 0.970031 0.242982 0
    outer loop
      vertex 19.6157 3.90181 2
      vertex 19.1388 5.80569 -2
      vertex 19.1388 5.80569 2
    endloop
  endfacet
  facet normal 0.970031 0.242982 0
    outer loop
      vertex 19.1388 5.80569 -2
      vertex 19.6157 3.90181 2
      vertex 19.6157 3.90181 -2
    endloop
  endfacet
  facet normal 0.80321 0.595695 0
    outer loop
      vertex 16.6294 11.1114 2
      vertex 15.4602 12.6879 -2
      vertex 15.4602 12.6879 2
    endloop
  endfacet
  facet normal 0.80321 0.595695 0
    outer loop
      vertex 15.4602 12.6879 -2
      vertex 16.6294 11.1114 2
      vertex 16.6294 11.1114 -2
    endloop
  endfacet
  facet normal -0.80321 -0.595695 0
    outer loop
      vertex -15.4602 -12.6879 -2
      vertex -16.6294 -11.1114 2
      vertex -16.6294 -11.1114 -2
    endloop
  endfacet
  facet normal -0.80321 -0.595695 0
    outer loop
      vertex -16.6294 -11.1114 2
      vertex -15.4602 -12.6879 -2
      vertex -15.4602 -12.6879 2
    endloop
  endfacet
  facet normal -0.903982 -0.427571 0
    outer loop
      vertex -17.6384 -9.42793 -2
      vertex -18.4776 -7.65367 2
      vertex -18.4776 -7.65367 -2
    endloop
  endfacet
  facet normal -0.903982 -0.427571 0
    outer loop
      vertex -18.4776 -7.65367 2
      vertex -17.6384 -9.42793 -2
      vertex -17.6384 -9.42793 2
    endloop
  endfacet
  facet normal 0.146736 0.989176 -0
    outer loop
      vertex 3.90181 19.6157 -2
      vertex 1.96034 19.9037 2
      vertex 3.90181 19.6157 2
    endloop
  endfacet
  facet normal 0.146736 0.989176 0
    outer loop
      vertex 1.96034 19.9037 2
      vertex 3.90181 19.6157 -2
      vertex 1.96034 19.9037 -2
    endloop
  endfacet
  facet normal -0.427571 -0.903982 0
    outer loop
      vertex -9.42793 -17.6384 -2
      vertex -7.65367 -18.4776 2
      vertex -9.42793 -17.6384 2
    endloop
  endfacet
  facet normal -0.427571 -0.903982 -0
    outer loop
      vertex -7.65367 -18.4776 2
      vertex -9.42793 -17.6384 -2
      vertex -7.65367 -18.4776 -2
    endloop
  endfacet
  facet normal 0.595695 -0.80321 0
    outer loop
      vertex 11.1114 -16.6294 -2
      vertex 12.6879 -15.4602 2
      vertex 11.1114 -16.6294 2
    endloop
  endfacet
  facet normal 0.595695 -0.80321 0
    outer loop
      vertex 12.6879 -15.4602 2
      vertex 11.1114 -16.6294 -2
      vertex 12.6879 -15.4602 -2
    endloop
  endfacet
  facet normal 0.998796 -0.049065 0
    outer loop
      vertex 19.9037 -1.96034 2
      vertex 20 0 -2
      vertex 20 0 2
    endloop
  endfacet
  facet normal 0.998796 -0.049065 0
    outer loop
      vertex 20 0 -2
      vertex 19.9037 -1.96034 2
      vertex 19.9037 -1.96034 -2
    endloop
  endfacet
  facet normal -0.146736 0.989176 0
    outer loop
      vertex -1.96034 19.9037 -2
      vertex -3.90181 19.6157 2
      vertex -1.96034 19.9037 2
    endloop
  endfacet
  facet normal -0.146736 0.989176 0
    outer loop
      vertex -3.90181 19.6157 2
      vertex -1.96034 19.9037 -2
      vertex -3.90181 19.6157 -2
    endloop
  endfacet
  facet normal -0.989176 -0.146736 0
    outer loop
      vertex -19.6157 -3.90181 -2
      vertex -19.9037 -1.96034 2
      vertex -19.9037 -1.96034 -2
    endloop
  endfacet
  facet normal -0.989176 -0.146736 0
    outer loop
      vertex -19.9037 -1.96034 2
      vertex -19.6157 -3.90181 -2
      vertex -19.6157 -3.90181 2
    endloop
  endfacet
  facet normal 0.336882 -0.941547 0
    outer loop
      vertex 5.80569 -19.1388 -2
      vertex 7.65367 -18.4776 2
      vertex 5.80569 -19.1388 2
    endloop
  endfacet
  facet normal 0.336882 -0.941547 0
    outer loop
      vertex 7.65367 -18.4776 2
      vertex 5.80569 -19.1388 -2
      vertex 7.65367 -18.4776 -2
    endloop
  endfacet
  facet normal 0.242982 -0.970031 0
    outer loop
      vertex 3.90181 -19.6157 -2
      vertex 5.80569 -19.1388 2
      vertex 3.90181 -19.6157 2
    endloop
  endfacet
  facet normal 0.242982 -0.970031 0
    outer loop
      vertex 5.80569 -19.1388 2
      vertex 3.90181 -19.6157 -2
      vertex 5.80569 -19.1388 -2
    endloop
  endfacet
  facet normal -0.740928 -0.671584 0
    outer loop
      vertex -14.1421 -14.1421 -2
      vertex -15.4602 -12.6879 2
      vertex -15.4602 -12.6879 -2
    endloop
  endfacet
  facet normal -0.740928 -0.671584 0
    outer loop
      vertex -15.4602 -12.6879 2
      vertex -14.1421 -14.1421 -2
      vertex -14.1421 -14.1421 2
    endloop
  endfacet
  facet normal -0.903982 0.427571 0
    outer loop
      vertex -18.4776 7.65367 -2
      vertex -17.6384 9.42793 2
      vertex -17.6384 9.42793 -2
    endloop
  endfacet
  facet normal -0.903982 0.427571 0
    outer loop
      vertex -17.6384 9.42793 2
      vertex -18.4776 7.65367 -2
      vertex -18.4776 7.65367 2
    endloop
  endfacet
  facet normal -0.595695 -0.80321 0
    outer loop
      vertex -12.6879 -15.4602 -2
      vertex -11.1114 -16.6294 2
      vertex -12.6879 -15.4602 2
    endloop
  endfacet
  facet normal -0.595695 -0.80321 -0
    outer loop
      vertex -11.1114 -16.6294 2
      vertex -12.6879 -15.4602 -2
      vertex -11.1114 -16.6294 -2
    endloop
  endfacet
  facet normal 0.903982 -0.427571 0
    outer loop
      vertex 17.6384 -9.42793 2
      vertex 18.4776 -7.65367 -2
      vertex 18.4776 -7.65367 2
    endloop
  endfacet
  facet normal 0.903982 -0.427571 0
    outer loop
      vertex 18.4776 -7.65367 -2
      vertex 17.6384 -9.42793 2
      vertex 17.6384 -9.42793 -2
    endloop
  endfacet
  facet normal 0.857736 -0.51409 0
    outer loop
      vertex 16.6294 -11.1114 2
      vertex 17.6384 -9.42793 -2
      vertex 17.6384 -9.42793 2
    endloop
  endfacet
  facet normal 0.857736 -0.51409 0
    outer loop
      vertex 17.6384 -9.42793 -2
      vertex 16.6294 -11.1114 2
      vertex 16.6294 -11.1114 -2
    endloop
  endfacet
  facet normal -0.049065 -0.998796 0
    outer loop
      vertex -1.96034 -19.9037 -2
      vertex 0 -20 2
      vertex -1.96034 -19.9037 2
    endloop
  endfacet
  facet normal -0.049065 -0.998796 -0
    outer loop
      vertex 0 -20 2
      vertex -1.96034 -19.9037 -2
      vertex 0 -20 -2
    endloop
  endfacet
  facet normal 0 0 1
    outer loop
      vertex -3.33342 -4.98882 2
      vertex -4.75602 -5.87748 2
      vertex -4.75 -6 2
    endloop
  endfacet
  facet normal 0 0 1
    outer loop
      vertex -4.24264 -4.24264 2
      vertex -4.77402 -5.75614 2
      vertex -4.75602 -5.87748 2
    endloop
  endfacet
  facet normal 0 0 1
    outer loop
      vertex -4.24264 -4.24264 2
      vertex -4.80382 -5.63714 2
      vertex -4.77402 -5.75614 2
    endloop
  endfacet
  facet normal 0 0 1
    outer loop
      vertex -4.24264 -4.24264 2
      vertex -4.84515 -5.52165 2
      vertex -4.80382 -5.63714 2
    endloop
  endfacet
  facet normal 0 0 1
    outer loop
      vertex -4.24264 -4.24264 2
      vertex -4.8976 -5.41075 2
      vertex -4.84515 -5.52165 2
    endloop
  endfacet
  facet normal 0 0 1
    outer loop
      vertex -4.24264 -4.24264 2
      vertex -4.96066 -5.30554 2
      vertex -4.8976 -5.41075 2
    endloop
  endfacet
  facet normal 0 0 1
    outer loop
      vertex -5.63714 -4.80382 2
      vertex -4.63806 -3.80636 2
      vertex -4.98882 -3.33342 2
    endloop
  endfacet
  facet normal 0 0 1
    outer loop
      vertex -4.24264 -4.24264 2
      vertex -5.03374 -5.20701 2
      vertex -4.96066 -5.30554 2
    endloop
  endfacet
  facet normal 0 0 1
    outer loop
      vertex -4.24264 -4.24264 2
      vertex -5.11612 -5.11612 2
      vertex -5.03374 -5.20701 2
    endloop
  endfacet
  facet normal 0 0 1
    outer loop
      vertex -4.24264 -4.24264 2
      vertex -5.20701 -5.03374 2
      vertex -5.11612 -5.11612 2
    endloop
  endfacet
  facet normal 0 0 1
    outer loop
      vertex -6 -4.75 2
      vertex -4.98882 -3.33342 2
      vertex -5.29153 -2.82838 2
    endloop
  endfacet
  facet normal 0 0 1
    outer loop
      vertex -4.24264 -4.24264 2
      vertex -5.30554 -4.96066 2
      vertex -5.20701 -5.03374 2
    endloop
  endfacet
  facet normal 0 0 1
    outer loop
      vertex -4.63806 -3.80636 2
      vertex -5.41075 -4.8976 2
      vertex -5.30554 -4.96066 2
    endloop
  endfacet
  facet normal 0 0 1
    outer loop
      vertex -4.63806 -3.80636 2
      vertex -5.52165 -4.84515 2
      vertex -5.41075 -4.8976 2
    endloop
  endfacet
  facet normal 0 0 1
    outer loop
      vertex -6.36285 -4.80382 2
      vertex -5.29153 -2.82838 2
      vertex -5.54328 -2.2961 2
    endloop
  endfacet
  facet normal 0 0 1
    outer loop
      vertex -4.63806 -3.80636 2
      vertex -5.63714 -4.80382 2
      vertex -5.52165 -4.84515 2
    endloop
  endfacet
  facet normal 0 0 1
    outer loop
      vertex -6.69446 -4.96066 2
      vertex -5.54328 -2.2961 2
      vertex -5.74164 -1.74171 2
    endloop
  endfacet
  facet normal 0 0 1
    outer loop
      vertex -4.98882 -3.33342 2
      vertex -5.75614 -4.77402 2
      vertex -5.63714 -4.80382 2
    endloop
  endfacet
  facet normal 0 0 1
    outer loop
      vertex -4.98882 -3.33342 2
      vertex -5.87748 -4.75602 2
      vertex -5.75614 -4.77402 2
    endloop
  endfacet
  facet normal 0 0 1
    outer loop
      vertex -6.88388 -5.11612 2
      vertex -5.74164 -1.74171 2
      vertex -5.88471 -1.17054 2
    endloop
  endfacet
  facet normal 0 0 1
    outer loop
      vertex -6.96626 -5.20701 2
      vertex -5.88471 -1.17054 2
      vertex -5.97111 -0.588102 2
    endloop
  endfacet
  facet normal 0 0 1
    outer loop
      vertex -19.9037 -1.96034 2
      vertex -5.97111 -0.588102 2
      vertex -6 0 2
    endloop
  endfacet
  facet normal 0 0 1
    outer loop
      vertex -4.98882 -3.33342 2
      vertex -6 -4.75 2
      vertex -5.87748 -4.75602 2
    endloop
  endfacet
  facet normal 0 0 1
    outer loop
      vertex -3.33342 4.98882 2
      vertex -4.80382 5.63714 2
      vertex -3.80636 4.63806 2
    endloop
  endfacet
  facet normal -0 0 1
    outer loop
      vertex -4.84515 5.52165 2
      vertex -3.80636 4.63806 2
      vertex -4.80382 5.63714 2
    endloop
  endfacet
  facet normal -0 0 1
    outer loop
      vertex -4.8976 5.41075 2
      vertex -3.80636 4.63806 2
      vertex -4.84515 5.52165 2
    endloop
  endfacet
  facet normal -0 0 1
    outer loop
      vertex -4.96066 5.30554 2
      vertex -3.80636 4.63806 2
      vertex -4.8976 5.41075 2
    endloop
  endfacet
  facet normal 0 0 1
    outer loop
      vertex -3.80636 4.63806 2
      vertex -4.96066 5.30554 2
      vertex -4.24264 4.24264 2
    endloop
  endfacet
  facet normal -0 0 1
    outer loop
      vertex -5.03374 5.20701 2
      vertex -4.24264 4.24264 2
      vertex -4.96066 5.30554 2
    endloop
  endfacet
  facet normal -0 0 1
    outer loop
      vertex -5.11612 5.11612 2
      vertex -4.24264 4.24264 2
      vertex -5.03374 5.20701 2
    endloop
  endfacet
  facet normal -0 0 1
    outer loop
      vertex -5.20701 5.03374 2
      vertex -4.24264 4.24264 2
      vertex -5.11612 5.11612 2
    endloop
  endfacet
  facet normal -0 0 1
    outer loop
      vertex -5.30554 4.96066 2
      vertex -4.24264 4.24264 2
      vertex -5.20701 5.03374 2
    endloop
  endfacet
  facet normal 0 0 1
    outer loop
      vertex -4.24264 4.24264 2
      vertex -5.30554 4.96066 2
      vertex -4.63806 3.80636 2
    endloop
  endfacet
  facet normal -0 0 1
    outer loop
      vertex -5.41075 4.8976 2
      vertex -4.63806 3.80636 2
      vertex -5.30554 4.96066 2
    endloop
  endfacet
  facet normal -0 0 1
    outer loop
      vertex -5.52165 4.84515 2
      vertex -4.63806 3.80636 2
      vertex -5.41075 4.8976 2
    endloop
  endfacet
  facet normal -0 0 1
    outer loop
      vertex -5.63714 4.80382 2
      vertex -4.63806 3.80636 2
      vertex -5.52165 4.84515 2
    endloop
  endfacet
  facet normal 0 0 1
    outer loop
      vertex -4.63806 3.80636 2
      vertex -5.63714 4.80382 2
      vertex -4.98882 3.33342 2
    endloop
  endfacet
  facet normal -0 0 1
    outer loop
      vertex -5.75614 4.77402 2
      vertex -4.98882 3.33342 2
      vertex -5.63714 4.80382 2
    endloop
  endfacet
  facet normal -0 0 1
    outer loop
      vertex -5.87748 4.75602 2
      vertex -4.98882 3.33342 2
      vertex -5.75614 4.77402 2
    endloop
  endfacet
  facet normal -0 0 1
    outer loop
      vertex -6 4.75 2
      vertex -4.98882 3.33342 2
      vertex -5.87748 4.75602 2
    endloop
  endfacet
  facet normal 0 0 1
    outer loop
      vertex -4.98882 3.33342 2
      vertex -6 4.75 2
      vertex -5.29153 2.82838 2
    endloop
  endfacet
  facet normal 0 0 1
    outer loop
      vertex -6.12252 4.75602 2
      vertex -5.29153 2.82838 2
      vertex -6 4.75 2
    endloop
  endfacet
  facet normal 0 0 1
    outer loop
      vertex -6.24386 4.77402 2
      vertex -5.29153 2.82838 2
      vertex -6.12252 4.75602 2
    endloop
  endfacet
  facet normal 0 0 1
    outer loop
      vertex -6.36285 4.80382 2
      vertex -5.29153 2.82838 2
      vertex -6.24386 4.77402 2
    endloop
  endfacet
  facet normal 0 0 1
    outer loop
      vertex -5.29153 2.82838 2
      vertex -6.36285 4.80382 2
      vertex -5.54328 2.2961 2
    endloop
  endfacet
  facet normal 0 0 1
    outer loop
      vertex -6.47835 4.84515 2
      vertex -5.54328 2.2961 2
      vertex -6.36285 4.80382 2
    endloop
  endfacet
  facet normal 0 0 1
    outer loop
      vertex -6.58925 4.8976 2
      vertex -5.54328 2.2961 2
      vertex -6.47835 4.84515 2
    endloop
  endfacet
  facet normal 0 0 1
    outer loop
      vertex -6.69446 4.96066 2
      vertex -5.54328 2.2961 2
      vertex -6.58925 4.8976 2
    endloop
  endfacet
  facet normal 0 0 1
    outer loop
      vertex -5.29153 -2.82838 2
      vertex -6.12252 -4.75602 2
      vertex -6 -4.75 2
    endloop
  endfacet
  facet normal 0 0 1
    outer loop
      vertex -5.54328 2.2961 2
      vertex -6.69446 4.96066 2
      vertex -5.74164 1.74171 2
    endloop
  endfacet
  facet normal 0 0 1
    outer loop
      vertex -5.29153 -2.82838 2
      vertex -6.24386 -4.77402 2
      vertex -6.12252 -4.75602 2
    endloop
  endfacet
  facet normal 0 0 1
    outer loop
      vertex -6.79299 5.03374 2
      vertex -5.74164 1.74171 2
      vertex -6.69446 4.96066 2
    endloop
  endfacet
  facet normal 0 0 1
    outer loop
      vertex -5.29153 -2.82838 2
      vertex -6.36285 -4.80382 2
      vertex -6.24386 -4.77402 2
    endloop
  endfacet
  facet normal 0 0 1
    outer loop
      vertex -6.88388 5.11612 2
      vertex -5.74164 1.74171 2
      vertex -6.79299 5.03374 2
    endloop
  endfacet
  facet normal 0 0 1
    outer loop
      vertex -5.54328 -2.2961 2
      vertex -6.47835 -4.84515 2
      vertex -6.36285 -4.80382 2
    endloop
  endfacet
  facet normal 0 0 1
    outer loop
      vertex -5.74164 1.74171 2
      vertex -6.88388 5.11612 2
      vertex -5.88471 1.17054 2
    endloop
  endfacet
  facet normal 0 0 1
    outer loop
      vertex -5.54328 -2.2961 2
      vertex -6.58925 -4.8976 2
      vertex -6.47835 -4.84515 2
    endloop
  endfacet
  facet normal 0 0 1
    outer loop
      vertex -6.96626 5.20701 2
      vertex -5.88471 1.17054 2
      vertex -6.88388 5.11612 2
    endloop
  endfacet
  facet normal 0 0 1
    outer loop
      vertex -5.54328 -2.2961 2
      vertex -6.69446 -4.96066 2
      vertex -6.58925 -4.8976 2
    endloop
  endfacet
  facet normal 0 0 1
    outer loop
      vertex -5.88471 1.17054 2
      vertex -6.96626 5.20701 2
      vertex -5.97111 0.588102 2
    endloop
  endfacet
  facet normal 0 0 1
    outer loop
      vertex -5.74164 -1.74171 2
      vertex -6.79299 -5.03374 2
      vertex -6.69446 -4.96066 2
    endloop
  endfacet
  facet normal 0 0 1
    outer loop
      vertex -7.03934 5.30554 2
      vertex -5.97111 0.588102 2
      vertex -6.96626 5.20701 2
    endloop
  endfacet
  facet normal 0 0 1
    outer loop
      vertex -5.74164 -1.74171 2
      vertex -6.88388 -5.11612 2
      vertex -6.79299 -5.03374 2
    endloop
  endfacet
  facet normal -0 0 1
    outer loop
      vertex -19.9037 1.96034 2
      vertex -5.97111 0.588102 2
      vertex -7.03934 5.30554 2
    endloop
  endfacet
  facet normal 0 -0 1
    outer loop
      vertex -19.9037 -1.96034 2
      vertex -6 0 2
      vertex -20 0 2
    endloop
  endfacet
  facet normal 0 0 1
    outer loop
      vertex -5.97111 0.588102 2
      vertex -19.9037 1.96034 2
      vertex -6 0 2
    endloop
  endfacet
  facet normal 0 0 1
    outer loop
      vertex -5.88471 -1.17054 2
      vertex -6.96626 -5.20701 2
      vertex -6.88388 -5.11612 2
    endloop
  endfacet
  facet normal 0 0 1
    outer loop
      vertex -19.9037 1.96034 2
      vertex -7.03934 5.30554 2
      vertex -7.1024 5.41075 2
    endloop
  endfacet
  facet normal 0 0 1
    outer loop
      vertex -5.97111 -0.588102 2
      vertex -19.9037 -1.96034 2
      vertex -7.03934 -5.30554 2
    endloop
  endfacet
  facet normal 0 0 1
    outer loop
      vertex -19.6157 3.90181 2
      vertex -7.1024 5.41075 2
      vertex -7.15485 5.52165 2
    endloop
  endfacet
  facet normal 0 0 1
    outer loop
      vertex -5.97111 -0.588102 2
      vertex -7.03934 -5.30554 2
      vertex -6.96626 -5.20701 2
    endloop
  endfacet
  facet normal 0 0 1
    outer loop
      vertex -19.1388 5.80569 2
      vertex -7.15485 5.52165 2
      vertex -7.19617 5.63714 2
    endloop
  endfacet
  facet normal 0 0 1
    outer loop
      vertex -7.03934 -5.30554 2
      vertex -19.9037 -1.96034 2
      vertex -7.1024 -5.41075 2
    endloop
  endfacet
  facet normal 0 0 1
    outer loop
      vertex -19.1388 5.80569 2
      vertex -7.19617 5.63714 2
      vertex -7.22598 5.75614 2
    endloop
  endfacet
  facet normal -0 -0 1
    outer loop
      vertex -19.6157 -3.90181 2
      vertex -7.1024 -5.41075 2
      vertex -19.9037 -1.96034 2
    endloop
  endfacet
  facet normal 0 0 1
    outer loop
      vertex -18.4776 7.65367 2
      vertex -7.22598 5.75614 2
      vertex -7.24398 5.87748 2
    endloop
  endfacet
  facet normal 0 0 1
    outer loop
      vertex -7.1024 -5.41075 2
      vertex -19.6157 -3.90181 2
      vertex -7.15485 -5.52165 2
    endloop
  endfacet
  facet normal 0 0 1
    outer loop
      vertex -18.4776 7.65367 2
      vertex -7.24398 5.87748 2
      vertex -7.25 6 2
    endloop
  endfacet
  facet normal 0 -0 1
    outer loop
      vertex -19.1388 -5.80569 2
      vertex -7.15485 -5.52165 2
      vertex -19.6157 -3.90181 2
    endloop
  endfacet
  facet normal 0 0 1
    outer loop
      vertex 19.9037 1.96034 2
      vertex 5.97111 0.588102 2
      vertex 6 0 2
    endloop
  endfacet
  facet normal 0 0 1
    outer loop
      vertex 6.12252 4.75602 2
      vertex 5.88471 1.17054 2
      vertex 5.97111 0.588102 2
    endloop
  endfacet
  facet normal 0 0 1
    outer loop
      vertex 4.98882 3.33342 2
      vertex 6 4.75 2
      vertex 5.87748 4.75602 2
    endloop
  endfacet
  facet normal 0 0 1
    outer loop
      vertex 4.98882 3.33342 2
      vertex 5.87748 4.75602 2
      vertex 5.75614 4.77402 2
    endloop
  endfacet
  facet normal 0 0 1
    outer loop
      vertex 6.12252 4.75602 2
      vertex 5.74164 1.74171 2
      vertex 5.88471 1.17054 2
    endloop
  endfacet
  facet normal 0 0 1
    outer loop
      vertex 4.98882 3.33342 2
      vertex 5.75614 4.77402 2
      vertex 5.63714 4.80382 2
    endloop
  endfacet
  facet normal 0 0 1
    outer loop
      vertex 6.12252 4.75602 2
      vertex 5.54328 2.2961 2
      vertex 5.74164 1.74171 2
    endloop
  endfacet
  facet normal 0 0 1
    outer loop
      vertex 4.63806 3.80636 2
      vertex 5.63714 4.80382 2
      vertex 5.52165 4.84515 2
    endloop
  endfacet
  facet normal 0 0 1
    outer loop
      vertex 4.63806 3.80636 2
      vertex 5.52165 4.84515 2
      vertex 5.41075 4.8976 2
    endloop
  endfacet
  facet normal 0 0 1
    outer loop
      vertex 4.63806 3.80636 2
      vertex 5.41075 4.8976 2
      vertex 5.30554 4.96066 2
    endloop
  endfacet
  facet normal 0 0 1
    outer loop
      vertex 6.12252 4.75602 2
      vertex 5.29153 2.82838 2
      vertex 5.54328 2.2961 2
    endloop
  endfacet
  facet normal 0 0 1
    outer loop
      vertex 4.24264 4.24264 2
      vertex 5.30554 4.96066 2
      vertex 5.20701 5.03374 2
    endloop
  endfacet
  facet normal 0 0 1
    outer loop
      vertex 4.24264 4.24264 2
      vertex 5.20701 5.03374 2
      vertex 5.11612 5.11612 2
    endloop
  endfacet
  facet normal 0 0 1
    outer loop
      vertex 4.24264 4.24264 2
      vertex 5.11612 5.11612 2
      vertex 5.03374 5.20701 2
    endloop
  endfacet
  facet normal 0 0 1
    outer loop
      vertex 6 4.75 2
      vertex 4.98882 3.33342 2
      vertex 5.29153 2.82838 2
    endloop
  endfacet
  facet normal 0 0 1
    outer loop
      vertex 4.24264 4.24264 2
      vertex 5.03374 5.20701 2
      vertex 4.96066 5.30554 2
    endloop
  endfacet
  facet normal 0 0 1
    outer loop
      vertex 3.80636 4.63806 2
      vertex 4.96066 5.30554 2
      vertex 4.8976 5.41075 2
    endloop
  endfacet
  facet normal 0 0 1
    outer loop
      vertex 3.80636 4.63806 2
      vertex 4.8976 5.41075 2
      vertex 4.84515 5.52165 2
    endloop
  endfacet
  facet normal 0 0 1
    outer loop
      vertex 3.80636 4.63806 2
      vertex 4.84515 5.52165 2
      vertex 4.80382 5.63714 2
    endloop
  endfacet
  facet normal 0 0 1
    outer loop
      vertex 3.33342 4.98882 2
      vertex 4.80382 5.63714 2
      vertex 4.77402 5.75614 2
    endloop
  endfacet
  facet normal 0 0 1
    outer loop
      vertex 3.33342 4.98882 2
      vertex 4.77402 5.75614 2
      vertex 4.75602 5.87748 2
    endloop
  endfacet
  facet normal 0 0 1
    outer loop
      vertex 5.63714 4.80382 2
      vertex 4.63806 3.80636 2
      vertex 4.98882 3.33342 2
    endloop
  endfacet
  facet normal 0 0 1
    outer loop
      vertex 3.33342 4.98882 2
      vertex 4.75602 5.87748 2
      vertex 4.75 6 2
    endloop
  endfacet
  facet normal 0 0 1
    outer loop
      vertex 19.1388 5.80569 2
      vertex 7.15485 5.52165 2
      vertex 19.6157 3.90181 2
    endloop
  endfacet
  facet normal 0 0 1
    outer loop
      vertex 20 0 2
      vertex 7.24398 -5.87748 2
      vertex 7.25 -6 2
    endloop
  endfacet
  facet normal -0 0 1
    outer loop
      vertex 7.1024 5.41075 2
      vertex 19.6157 3.90181 2
      vertex 7.15485 5.52165 2
    endloop
  endfacet
  facet normal 0 0 1
    outer loop
      vertex 20 0 2
      vertex 7.22598 -5.75614 2
      vertex 7.24398 -5.87748 2
    endloop
  endfacet
  facet normal 0 0 1
    outer loop
      vertex 19.6157 3.90181 2
      vertex 7.1024 5.41075 2
      vertex 19.9037 1.96034 2
    endloop
  endfacet
  facet normal 0 0 1
    outer loop
      vertex 20 0 2
      vertex 7.19617 -5.63714 2
      vertex 7.22598 -5.75614 2
    endloop
  endfacet
  facet normal -0 0 1
    outer loop
      vertex 7.03934 5.30554 2
      vertex 19.9037 1.96034 2
      vertex 7.1024 5.41075 2
    endloop
  endfacet
  facet normal 0 0 1
    outer loop
      vertex 20 0 2
      vertex 7.15485 -5.52165 2
      vertex 7.19617 -5.63714 2
    endloop
  endfacet
  facet normal 0 0 1
    outer loop
      vertex 5.97111 0.588102 2
      vertex 19.9037 1.96034 2
      vertex 7.03934 5.30554 2
    endloop
  endfacet
  facet normal 0 0 1
    outer loop
      vertex 5.97111 -0.588102 2
      vertex 20 0 2
      vertex 6 0 2
    endloop
  endfacet
  facet normal 0 0 1
    outer loop
      vertex 19.9037 1.96034 2
      vertex 6 0 2
      vertex 20 0 2
    endloop
  endfacet
  facet normal 0 0 1
    outer loop
      vertex 20 0 2
      vertex 7.1024 -5.41075 2
      vertex 7.15485 -5.52165 2
    endloop
  endfacet
  facet normal 0 0 1
    outer loop
      vertex 5.97111 0.588102 2
      vertex 7.03934 5.30554 2
      vertex 6.96626 5.20701 2
    endloop
  endfacet
  facet normal 0 -0 1
    outer loop
      vertex 7.03934 -5.30554 2
      vertex 20 0 2
      vertex 5.97111 -0.588102 2
    endloop
  endfacet
  facet normal 0 0 1
    outer loop
      vertex 5.97111 0.588102 2
      vertex 6.96626 5.20701 2
      vertex 6.88388 5.11612 2
    endloop
  endfacet
  facet normal 0 0 1
    outer loop
      vertex 20 0 2
      vertex 7.03934 -5.30554 2
      vertex 7.1024 -5.41075 2
    endloop
  endfacet
  facet normal 0 0 1
    outer loop
      vertex 5.97111 0.588102 2
      vertex 6.88388 5.11612 2
      vertex 6.79299 5.03374 2
    endloop
  endfacet
  facet normal 0 0 1
    outer loop
      vertex 7.03934 -5.30554 2
      vertex 5.97111 -0.588102 2
      vertex 6.96626 -5.20701 2
    endloop
  endfacet
  facet normal 0 0 1
    outer loop
      vertex 5.97111 0.588102 2
      vertex 6.79299 5.03374 2
      vertex 6.69446 4.96066 2
    endloop
  endfacet
  facet normal -0 0 1
    outer loop
      vertex 5.88471 -1.17054 2
      vertex 6.96626 -5.20701 2
      vertex 5.97111 -0.588102 2
    endloop
  endfacet
  facet normal 0 0 1
    outer loop
      vertex 5.97111 0.588102 2
      vertex 6.69446 4.96066 2
      vertex 6.58925 4.8976 2
    endloop
  endfacet
  facet normal 0 0 1
    outer loop
      vertex 6.96626 -5.20701 2
      vertex 5.88471 -1.17054 2
      vertex 6.88388 -5.11612 2
    endloop
  endfacet
  facet normal 0 0 1
    outer loop
      vertex 5.97111 0.588102 2
      vertex 6.58925 4.8976 2
      vertex 6.47835 4.84515 2
    endloop
  endfacet
  facet normal -0 0 1
    outer loop
      vertex 5.74164 -1.74171 2
      vertex 6.88388 -5.11612 2
      vertex 5.88471 -1.17054 2
    endloop
  endfacet
  facet normal 0 0 1
    outer loop
      vertex 5.97111 0.588102 2
      vertex 6.47835 4.84515 2
      vertex 6.36285 4.80382 2
    endloop
  endfacet
  facet normal 0 0 1
    outer loop
      vertex 6.88388 -5.11612 2
      vertex 5.74164 -1.74171 2
      vertex 6.79299 -5.03374 2
    endloop
  endfacet
  facet normal 0 0 1
    outer loop
      vertex 5.97111 0.588102 2
      vertex 6.36285 4.80382 2
      vertex 6.24386 4.77402 2
    endloop
  endfacet
  facet normal 0 0 1
    outer loop
      vertex 6.79299 -5.03374 2
      vertex 5.74164 -1.74171 2
      vertex 6.69446 -4.96066 2
    endloop
  endfacet
  facet normal 0 0 1
    outer loop
      vertex 5.97111 0.588102 2
      vertex 6.24386 4.77402 2
      vertex 6.12252 4.75602 2
    endloop
  endfacet
  facet normal -0 0 1
    outer loop
      vertex 5.54328 -2.2961 2
      vertex 6.69446 -4.96066 2
      vertex 5.74164 -1.74171 2
    endloop
  endfacet
  facet normal 0 0 1
    outer loop
      vertex 5.29153 2.82838 2
      vertex 6.12252 4.75602 2
      vertex 6 4.75 2
    endloop
  endfacet
  facet normal 0 0 1
    outer loop
      vertex 6.69446 -4.96066 2
      vertex 5.54328 -2.2961 2
      vertex 6.58925 -4.8976 2
    endloop
  endfacet
  facet normal 0 0 1
    outer loop
      vertex 6.58925 -4.8976 2
      vertex 5.54328 -2.2961 2
      vertex 6.47835 -4.84515 2
    endloop
  endfacet
  facet normal 0 0 1
    outer loop
      vertex 6.47835 -4.84515 2
      vertex 5.54328 -2.2961 2
      vertex 6.36285 -4.80382 2
    endloop
  endfacet
  facet normal -0 0 1
    outer loop
      vertex 5.29153 -2.82838 2
      vertex 6.36285 -4.80382 2
      vertex 5.54328 -2.2961 2
    endloop
  endfacet
  facet normal 0 0 1
    outer loop
      vertex 6.36285 -4.80382 2
      vertex 5.29153 -2.82838 2
      vertex 6.24386 -4.77402 2
    endloop
  endfacet
  facet normal 0 0 1
    outer loop
      vertex 6.24386 -4.77402 2
      vertex 5.29153 -2.82838 2
      vertex 6.12252 -4.75602 2
    endloop
  endfacet
  facet normal 0 0 1
    outer loop
      vertex 6.12252 -4.75602 2
      vertex 5.29153 -2.82838 2
      vertex 6 -4.75 2
    endloop
  endfacet
  facet normal -0 0 1
    outer loop
      vertex 4.98882 -3.33342 2
      vertex 6 -4.75 2
      vertex 5.29153 -2.82838 2
    endloop
  endfacet
  facet normal 0 0 1
    outer loop
      vertex 6 -4.75 2
      vertex 4.98882 -3.33342 2
      vertex 5.87748 -4.75602 2
    endloop
  endfacet
  facet normal 0 0 1
    outer loop
      vertex 5.87748 -4.75602 2
      vertex 4.98882 -3.33342 2
      vertex 5.75614 -4.77402 2
    endloop
  endfacet
  facet normal 0 0 1
    outer loop
      vertex 5.75614 -4.77402 2
      vertex 4.98882 -3.33342 2
      vertex 5.63714 -4.80382 2
    endloop
  endfacet
  facet normal -0 0 1
    outer loop
      vertex 4.63806 -3.80636 2
      vertex 5.63714 -4.80382 2
      vertex 4.98882 -3.33342 2
    endloop
  endfacet
  facet normal 0 0 1
    outer loop
      vertex 5.63714 -4.80382 2
      vertex 4.63806 -3.80636 2
      vertex 5.52165 -4.84515 2
    endloop
  endfacet
  facet normal 0 0 1
    outer loop
      vertex 5.52165 -4.84515 2
      vertex 4.63806 -3.80636 2
      vertex 5.41075 -4.8976 2
    endloop
  endfacet
  facet normal 0 0 1
    outer loop
      vertex 5.41075 -4.8976 2
      vertex 4.63806 -3.80636 2
      vertex 5.30554 -4.96066 2
    endloop
  endfacet
  facet normal -0 0 1
    outer loop
      vertex 4.24264 -4.24264 2
      vertex 5.30554 -4.96066 2
      vertex 4.63806 -3.80636 2
    endloop
  endfacet
  facet normal 0 0 1
    outer loop
      vertex 5.30554 -4.96066 2
      vertex 4.24264 -4.24264 2
      vertex 5.20701 -5.03374 2
    endloop
  endfacet
  facet normal 0 0 1
    outer loop
      vertex 5.20701 -5.03374 2
      vertex 4.24264 -4.24264 2
      vertex 5.11612 -5.11612 2
    endloop
  endfacet
  facet normal 0 0 1
    outer loop
      vertex 5.11612 -5.11612 2
      vertex 4.24264 -4.24264 2
      vertex 5.03374 -5.20701 2
    endloop
  endfacet
  facet normal 0 0 1
    outer loop
      vertex 5.03374 -5.20701 2
      vertex 4.24264 -4.24264 2
      vertex 4.96066 -5.30554 2
    endloop
  endfacet
  facet normal -0 0 1
    outer loop
      vertex 3.80636 -4.63806 2
      vertex 4.96066 -5.30554 2
      vertex 4.24264 -4.24264 2
    endloop
  endfacet
  facet normal 0 0 1
    outer loop
      vertex 4.96066 -5.30554 2
      vertex 3.80636 -4.63806 2
      vertex 4.8976 -5.41075 2
    endloop
  endfacet
  facet normal 0 0 1
    outer loop
      vertex 4.8976 -5.41075 2
      vertex 3.80636 -4.63806 2
      vertex 4.84515 -5.52165 2
    endloop
  endfacet
  facet normal -0 0 1
    outer loop
      vertex 3.33342 -4.98882 2
      vertex 4.80382 -5.63714 2
      vertex 3.80636 -4.63806 2
    endloop
  endfacet
  facet normal 0 0 1
    outer loop
      vertex 4.84515 -5.52165 2
      vertex 3.80636 -4.63806 2
      vertex 4.80382 -5.63714 2
    endloop
  endfacet
  facet normal 0 0 1
    outer loop
      vertex 7.19617 5.63714 2
      vertex 19.1388 5.80569 2
      vertex 7.22598 5.75614 2
    endloop
  endfacet
  facet normal 0 0 1
    outer loop
      vertex 18.4776 7.65367 2
      vertex 7.22598 5.75614 2
      vertex 19.1388 5.80569 2
    endloop
  endfacet
  facet normal 0 0 1
    outer loop
      vertex 7.15485 5.52165 2
      vertex 19.1388 5.80569 2
      vertex 7.19617 5.63714 2
    endloop
  endfacet
  facet normal 0 0 1
    outer loop
      vertex 7.22598 5.75614 2
      vertex 18.4776 7.65367 2
      vertex 7.24398 5.87748 2
    endloop
  endfacet
  facet normal 0 0 1
    outer loop
      vertex 20 0 2
      vertex 7.25 -6 2
      vertex 19.9037 -1.96034 2
    endloop
  endfacet
  facet normal 0 0 1
    outer loop
      vertex 7.24398 5.87748 2
      vertex 18.4776 7.65367 2
      vertex 7.25 6 2
    endloop
  endfacet
  facet normal 0 0 1
    outer loop
      vertex 19.9037 -1.96034 2
      vertex 7.25 -6 2
      vertex 19.6157 -3.90181 2
    endloop
  endfacet
  facet normal 0 0 1
    outer loop
      vertex 7.25 6 2
      vertex 18.4776 7.65367 2
      vertex 17.6384 9.42793 2
    endloop
  endfacet
  facet normal 0 0 1
    outer loop
      vertex 19.6157 -3.90181 2
      vertex 7.25 -6 2
      vertex 19.1388 -5.80569 2
    endloop
  endfacet
  facet normal 0 0 1
    outer loop
      vertex 7.22598 6.24386 2
      vertex 17.6384 9.42793 2
      vertex 16.6294 11.1114 2
    endloop
  endfacet
  facet normal 0 0 1
    outer loop
      vertex 19.1388 -5.80569 2
      vertex 7.25 -6 2
      vertex 18.4776 -7.65367 2
    endloop
  endfacet
  facet normal 0 0 1
    outer loop
      vertex 7.15485 6.47835 2
      vertex 16.6294 11.1114 2
      vertex 15.4602 12.6879 2
    endloop
  endfacet
  facet normal 0 0 1
    outer loop
      vertex 18.4776 -7.65367 2
      vertex 7.25 -6 2
      vertex 17.6384 -9.42793 2
    endloop
  endfacet
  facet normal 0 0 1
    outer loop
      vertex 6.96626 6.79299 2
      vertex 15.4602 12.6879 2
      vertex 14.1421 14.1421 2
    endloop
  endfacet
  facet normal -0 0 1
    outer loop
      vertex 7.24398 -6.12252 2
      vertex 17.6384 -9.42793 2
      vertex 7.25 -6 2
    endloop
  endfacet
  facet normal 0 0 1
    outer loop
      vertex 6.79299 6.96626 2
      vertex 14.1421 14.1421 2
      vertex 12.6879 15.4602 2
    endloop
  endfacet
  facet normal -0 0 1
    outer loop
      vertex 7.22598 -6.24386 2
      vertex 17.6384 -9.42793 2
      vertex 7.24398 -6.12252 2
    endloop
  endfacet
  facet normal 0 0 1
    outer loop
      vertex 6.58925 7.1024 2
      vertex 12.6879 15.4602 2
      vertex 11.1114 16.6294 2
    endloop
  endfacet
  facet normal 0 0 1
    outer loop
      vertex 17.6384 -9.42793 2
      vertex 7.22598 -6.24386 2
      vertex 16.6294 -11.1114 2
    endloop
  endfacet
  facet normal 0 0 1
    outer loop
      vertex 6.24386 7.22598 2
      vertex 11.1114 16.6294 2
      vertex 9.42793 17.6384 2
    endloop
  endfacet
  facet normal -0 0 1
    outer loop
      vertex 7.19617 -6.36285 2
      vertex 16.6294 -11.1114 2
      vertex 7.22598 -6.24386 2
    endloop
  endfacet
  facet normal 0 0 1
    outer loop
      vertex 6 7.25 2
      vertex 9.42793 17.6384 2
      vertex 7.65367 18.4776 2
    endloop
  endfacet
  facet normal -0 0 1
    outer loop
      vertex 7.15485 -6.47835 2
      vertex 16.6294 -11.1114 2
      vertex 7.19617 -6.36285 2
    endloop
  endfacet
  facet normal 0 0 1
    outer loop
      vertex 16.6294 -11.1114 2
      vertex 7.15485 -6.47835 2
      vertex 15.4602 -12.6879 2
    endloop
  endfacet
  facet normal 0 0 1
    outer loop
      vertex 17.6384 9.42793 2
      vertex 7.24398 6.12252 2
      vertex 7.25 6 2
    endloop
  endfacet
  facet normal 0 0 1
    outer loop
      vertex 17.6384 9.42793 2
      vertex 7.22598 6.24386 2
      vertex 7.24398 6.12252 2
    endloop
  endfacet
  facet normal 0 0 1
    outer loop
      vertex 16.6294 11.1114 2
      vertex 7.19617 6.36285 2
      vertex 7.22598 6.24386 2
    endloop
  endfacet
  facet normal 0 0 1
    outer loop
      vertex 16.6294 11.1114 2
      vertex 7.15485 6.47835 2
      vertex 7.19617 6.36285 2
    endloop
  endfacet
  facet normal 0 0 1
    outer loop
      vertex 15.4602 12.6879 2
      vertex 7.1024 6.58925 2
      vertex 7.15485 6.47835 2
    endloop
  endfacet
  facet normal 0 0 1
    outer loop
      vertex 15.4602 12.6879 2
      vertex 7.03934 6.69446 2
      vertex 7.1024 6.58925 2
    endloop
  endfacet
  facet normal 0 0 1
    outer loop
      vertex 15.4602 12.6879 2
      vertex 6.96626 6.79299 2
      vertex 7.03934 6.69446 2
    endloop
  endfacet
  facet normal 0 0 1
    outer loop
      vertex 14.1421 14.1421 2
      vertex 6.88388 6.88388 2
      vertex 6.96626 6.79299 2
    endloop
  endfacet
  facet normal 0 0 1
    outer loop
      vertex 14.1421 14.1421 2
      vertex 6.79299 6.96626 2
      vertex 6.88388 6.88388 2
    endloop
  endfacet
  facet normal 0 0 1
    outer loop
      vertex 12.6879 15.4602 2
      vertex 6.69446 7.03934 2
      vertex 6.79299 6.96626 2
    endloop
  endfacet
  facet normal 0 0 1
    outer loop
      vertex 12.6879 15.4602 2
      vertex 6.58925 7.1024 2
      vertex 6.69446 7.03934 2
    endloop
  endfacet
  facet normal 0 0 1
    outer loop
      vertex 11.1114 16.6294 2
      vertex 6.47835 7.15485 2
      vertex 6.58925 7.1024 2
    endloop
  endfacet
  facet normal 0 0 1
    outer loop
      vertex 11.1114 16.6294 2
      vertex 6.36285 7.19617 2
      vertex 6.47835 7.15485 2
    endloop
  endfacet
  facet normal 0 0 1
    outer loop
      vertex 11.1114 16.6294 2
      vertex 6.24386 7.22598 2
      vertex 6.36285 7.19617 2
    endloop
  endfacet
  facet normal 0 0 1
    outer loop
      vertex 9.42793 17.6384 2
      vertex 6.12252 7.24398 2
      vertex 6.24386 7.22598 2
    endloop
  endfacet
  facet normal 0 0 1
    outer loop
      vertex 9.42793 17.6384 2
      vertex 6 7.25 2
      vertex 6.12252 7.24398 2
    endloop
  endfacet
  facet normal 0 0 1
    outer loop
      vertex 7.65367 18.4776 2
      vertex 5.87748 7.24398 2
      vertex 6 7.25 2
    endloop
  endfacet
  facet normal 0 0 1
    outer loop
      vertex 5.75614 7.22598 2
      vertex 7.65367 18.4776 2
      vertex 5.80569 19.1388 2
    endloop
  endfacet
  facet normal 0 0 1
    outer loop
      vertex 7.65367 18.4776 2
      vertex 5.75614 7.22598 2
      vertex 5.87748 7.24398 2
    endloop
  endfacet
  facet normal 0 0 1
    outer loop
      vertex 5.80569 19.1388 2
      vertex 5.63714 7.19617 2
      vertex 5.75614 7.22598 2
    endloop
  endfacet
  facet normal 0 0 1
    outer loop
      vertex 5.80569 19.1388 2
      vertex 5.52165 7.15485 2
      vertex 5.63714 7.19617 2
    endloop
  endfacet
  facet normal 0 0 1
    outer loop
      vertex 3.90181 19.6157 2
      vertex 5.52165 7.15485 2
      vertex 5.80569 19.1388 2
    endloop
  endfacet
  facet normal 0 0 1
    outer loop
      vertex 5.52165 7.15485 2
      vertex 3.90181 19.6157 2
      vertex 5.41075 7.1024 2
    endloop
  endfacet
  facet normal 0 0 1
    outer loop
      vertex 1.96034 19.9037 2
      vertex 5.41075 7.1024 2
      vertex 3.90181 19.6157 2
    endloop
  endfacet
  facet normal 0 0 1
    outer loop
      vertex 5.41075 7.1024 2
      vertex 1.96034 19.9037 2
      vertex 5.30554 7.03934 2
    endloop
  endfacet
  facet normal 0 0 1
    outer loop
      vertex 0.588102 5.97111 2
      vertex 5.30554 7.03934 2
      vertex 1.96034 19.9037 2
    endloop
  endfacet
  facet normal 0 0 1
    outer loop
      vertex 5.30554 7.03934 2
      vertex 0.588102 5.97111 2
      vertex 5.20701 6.96626 2
    endloop
  endfacet
  facet normal 0 -0 1
    outer loop
      vertex 1.17054 5.88471 2
      vertex 5.20701 6.96626 2
      vertex 0.588102 5.97111 2
    endloop
  endfacet
  facet normal 0 0 1
    outer loop
      vertex 5.20701 6.96626 2
      vertex 1.17054 5.88471 2
      vertex 5.11612 6.88388 2
    endloop
  endfacet
  facet normal 0 -0 1
    outer loop
      vertex 1.74171 5.74164 2
      vertex 5.11612 6.88388 2
      vertex 1.17054 5.88471 2
    endloop
  endfacet
  facet normal 0 -0 1
    outer loop
      vertex 2.2961 5.54328 2
      vertex 4.96066 6.69446 2
      vertex 1.74171 5.74164 2
    endloop
  endfacet
  facet normal 0 0 1
    outer loop
      vertex 4.96066 6.69446 2
      vertex 2.2961 5.54328 2
      vertex 4.8976 6.58925 2
    endloop
  endfacet
  facet normal 0 0 1
    outer loop
      vertex 2.82838 5.29153 2
      vertex 4.75 6 2
      vertex 4.75602 6.12252 2
    endloop
  endfacet
  facet normal 0 0 1
    outer loop
      vertex 5.30554 4.96066 2
      vertex 4.24264 4.24264 2
      vertex 4.63806 3.80636 2
    endloop
  endfacet
  facet normal 0 0 1
    outer loop
      vertex 4.8976 6.58925 2
      vertex 2.2961 5.54328 2
      vertex 4.84515 6.47835 2
    endloop
  endfacet
  facet normal 0 0 1
    outer loop
      vertex 4.84515 6.47835 2
      vertex 2.2961 5.54328 2
      vertex 4.80382 6.36285 2
    endloop
  endfacet
  facet normal 0 0 1
    outer loop
      vertex 4.96066 5.30554 2
      vertex 3.80636 4.63806 2
      vertex 4.24264 4.24264 2
    endloop
  endfacet
  facet normal 0 0 1
    outer loop
      vertex 4.80382 5.63714 2
      vertex 3.33342 4.98882 2
      vertex 3.80636 4.63806 2
    endloop
  endfacet
  facet normal 0 0 1
    outer loop
      vertex 4.75 6 2
      vertex 2.82838 5.29153 2
      vertex 3.33342 4.98882 2
    endloop
  endfacet
  facet normal 0 0 1
    outer loop
      vertex 4.77402 6.24386 2
      vertex 2.82838 5.29153 2
      vertex 4.75602 6.12252 2
    endloop
  endfacet
  facet normal 0 0 1
    outer loop
      vertex 5.11612 6.88388 2
      vertex 1.74171 5.74164 2
      vertex 5.03374 6.79299 2
    endloop
  endfacet
  facet normal 0 0 1
    outer loop
      vertex 4.80382 6.36285 2
      vertex 2.82838 5.29153 2
      vertex 4.77402 6.24386 2
    endloop
  endfacet
  facet normal 0 -0 1
    outer loop
      vertex 2.82838 5.29153 2
      vertex 4.80382 6.36285 2
      vertex 2.2961 5.54328 2
    endloop
  endfacet
  facet normal 0 0 1
    outer loop
      vertex 5.03374 6.79299 2
      vertex 1.74171 5.74164 2
      vertex 4.96066 6.69446 2
    endloop
  endfacet
  facet normal 0 0 1
    outer loop
      vertex 0 20 2
      vertex 0.588102 5.97111 2
      vertex 1.96034 19.9037 2
    endloop
  endfacet
  facet normal 0 0 1
    outer loop
      vertex 0 20 2
      vertex 0 6 2
      vertex 0.588102 5.97111 2
    endloop
  endfacet
  facet normal 0 0 1
    outer loop
      vertex 0 20 2
      vertex -0.588102 5.97111 2
      vertex 0 6 2
    endloop
  endfacet
  facet normal -0 0 1
    outer loop
      vertex -1.96034 19.9037 2
      vertex -0.588102 5.97111 2
      vertex 0 20 2
    endloop
  endfacet
  facet normal -0 0 1
    outer loop
      vertex -5.30554 7.03934 2
      vertex -0.588102 5.97111 2
      vertex -1.96034 19.9037 2
    endloop
  endfacet
  facet normal 0 0 1
    outer loop
      vertex -0.588102 5.97111 2
      vertex -5.30554 7.03934 2
      vertex -1.17054 5.88471 2
    endloop
  endfacet
  facet normal -0 -0 1
    outer loop
      vertex -5.20701 6.96626 2
      vertex -1.17054 5.88471 2
      vertex -5.30554 7.03934 2
    endloop
  endfacet
  facet normal 0 0 1
    outer loop
      vertex -1.17054 5.88471 2
      vertex -5.11612 6.88388 2
      vertex -1.74171 5.74164 2
    endloop
  endfacet
  facet normal -0 -0 1
    outer loop
      vertex -4.96066 6.69446 2
      vertex -1.74171 5.74164 2
      vertex -5.03374 6.79299 2
    endloop
  endfacet
  facet normal -0 -0 1
    outer loop
      vertex -4.84515 6.47835 2
      vertex -2.2961 5.54328 2
      vertex -4.8976 6.58925 2
    endloop
  endfacet
  facet normal 0 0 1
    outer loop
      vertex -5.41075 7.1024 2
      vertex -1.96034 19.9037 2
      vertex -3.90181 19.6157 2
    endloop
  endfacet
  facet normal -0 -0 1
    outer loop
      vertex -4.77402 6.24386 2
      vertex -2.82838 5.29153 2
      vertex -4.80382 6.36285 2
    endloop
  endfacet
  facet normal 0 0 1
    outer loop
      vertex -2.82838 5.29153 2
      vertex -4.75 6 2
      vertex -3.33342 4.98882 2
    endloop
  endfacet
  facet normal -0 0 1
    outer loop
      vertex -4.80382 5.63714 2
      vertex -3.33342 4.98882 2
      vertex -4.77402 5.75614 2
    endloop
  endfacet
  facet normal -0 0 1
    outer loop
      vertex -4.77402 5.75614 2
      vertex -3.33342 4.98882 2
      vertex -4.75602 5.87748 2
    endloop
  endfacet
  facet normal -0 0 1
    outer loop
      vertex -4.75602 5.87748 2
      vertex -3.33342 4.98882 2
      vertex -4.75 6 2
    endloop
  endfacet
  facet normal -0 -0 1
    outer loop
      vertex -4.75 6 2
      vertex -2.82838 5.29153 2
      vertex -4.75602 6.12252 2
    endloop
  endfacet
  facet normal -0 -0 1
    outer loop
      vertex -4.75602 6.12252 2
      vertex -2.82838 5.29153 2
      vertex -4.77402 6.24386 2
    endloop
  endfacet
  facet normal 0 0 1
    outer loop
      vertex -2.2961 5.54328 2
      vertex -4.80382 6.36285 2
      vertex -2.82838 5.29153 2
    endloop
  endfacet
  facet normal -0 -0 1
    outer loop
      vertex -4.80382 6.36285 2
      vertex -2.2961 5.54328 2
      vertex -4.84515 6.47835 2
    endloop
  endfacet
  facet normal -0 -0 1
    outer loop
      vertex -4.8976 6.58925 2
      vertex -2.2961 5.54328 2
      vertex -4.96066 6.69446 2
    endloop
  endfacet
  facet normal 0 0 1
    outer loop
      vertex -1.74171 5.74164 2
      vertex -4.96066 6.69446 2
      vertex -2.2961 5.54328 2
    endloop
  endfacet
  facet normal -0 -0 1
    outer loop
      vertex -5.03374 6.79299 2
      vertex -1.74171 5.74164 2
      vertex -5.11612 6.88388 2
    endloop
  endfacet
  facet normal -0 -0 1
    outer loop
      vertex -5.11612 6.88388 2
      vertex -1.17054 5.88471 2
      vertex -5.20701 6.96626 2
    endloop
  endfacet
  facet normal 0 0 1
    outer loop
      vertex -1.96034 19.9037 2
      vertex -5.41075 7.1024 2
      vertex -5.30554 7.03934 2
    endloop
  endfacet
  facet normal 0 0 1
    outer loop
      vertex -3.90181 19.6157 2
      vertex -5.52165 7.15485 2
      vertex -5.41075 7.1024 2
    endloop
  endfacet
  facet normal -0 0 1
    outer loop
      vertex -5.80569 19.1388 2
      vertex -5.52165 7.15485 2
      vertex -3.90181 19.6157 2
    endloop
  endfacet
  facet normal 0 0 1
    outer loop
      vertex -5.52165 7.15485 2
      vertex -5.80569 19.1388 2
      vertex -5.63714 7.19617 2
    endloop
  endfacet
  facet normal 0 0 1
    outer loop
      vertex -5.63714 7.19617 2
      vertex -5.80569 19.1388 2
      vertex -5.75614 7.22598 2
    endloop
  endfacet
  facet normal -0 0 1
    outer loop
      vertex -7.65367 18.4776 2
      vertex -5.75614 7.22598 2
      vertex -5.80569 19.1388 2
    endloop
  endfacet
  facet normal 0 0 1
    outer loop
      vertex -5.75614 7.22598 2
      vertex -7.65367 18.4776 2
      vertex -5.87748 7.24398 2
    endloop
  endfacet
  facet normal 0 0 1
    outer loop
      vertex -5.87748 7.24398 2
      vertex -7.65367 18.4776 2
      vertex -6 7.25 2
    endloop
  endfacet
  facet normal -0 0 1
    outer loop
      vertex -9.42793 17.6384 2
      vertex -6 7.25 2
      vertex -7.65367 18.4776 2
    endloop
  endfacet
  facet normal 0 0 1
    outer loop
      vertex -6 7.25 2
      vertex -9.42793 17.6384 2
      vertex -6.12252 7.24398 2
    endloop
  endfacet
  facet normal 0 0 1
    outer loop
      vertex -6.12252 7.24398 2
      vertex -9.42793 17.6384 2
      vertex -6.24386 7.22598 2
    endloop
  endfacet
  facet normal -0 0 1
    outer loop
      vertex -11.1114 16.6294 2
      vertex -6.24386 7.22598 2
      vertex -9.42793 17.6384 2
    endloop
  endfacet
  facet normal 0 0 1
    outer loop
      vertex -6.24386 7.22598 2
      vertex -11.1114 16.6294 2
      vertex -6.36285 7.19617 2
    endloop
  endfacet
  facet normal 0 0 1
    outer loop
      vertex -6.36285 7.19617 2
      vertex -11.1114 16.6294 2
      vertex -6.47835 7.15485 2
    endloop
  endfacet
  facet normal 0 0 1
    outer loop
      vertex -6.47835 7.15485 2
      vertex -11.1114 16.6294 2
      vertex -6.58925 7.1024 2
    endloop
  endfacet
  facet normal -0 0 1
    outer loop
      vertex -12.6879 15.4602 2
      vertex -6.58925 7.1024 2
      vertex -11.1114 16.6294 2
    endloop
  endfacet
  facet normal 0 0 1
    outer loop
      vertex -6.58925 7.1024 2
      vertex -12.6879 15.4602 2
      vertex -6.69446 7.03934 2
    endloop
  endfacet
  facet normal 0 0 1
    outer loop
      vertex -6.69446 7.03934 2
      vertex -12.6879 15.4602 2
      vertex -6.79299 6.96626 2
    endloop
  endfacet
  facet normal -0 0 1
    outer loop
      vertex -14.1421 14.1421 2
      vertex -6.79299 6.96626 2
      vertex -12.6879 15.4602 2
    endloop
  endfacet
  facet normal 0 0 1
    outer loop
      vertex -6.79299 6.96626 2
      vertex -14.1421 14.1421 2
      vertex -6.88388 6.88388 2
    endloop
  endfacet
  facet normal 0 0 1
    outer loop
      vertex -6.88388 6.88388 2
      vertex -14.1421 14.1421 2
      vertex -6.96626 6.79299 2
    endloop
  endfacet
  facet normal -0 0 1
    outer loop
      vertex -15.4602 12.6879 2
      vertex -6.96626 6.79299 2
      vertex -14.1421 14.1421 2
    endloop
  endfacet
  facet normal 0 0 1
    outer loop
      vertex -7.1024 6.58925 2
      vertex -15.4602 12.6879 2
      vertex -7.15485 6.47835 2
    endloop
  endfacet
  facet normal 0 0 1
    outer loop
      vertex -7.03934 6.69446 2
      vertex -15.4602 12.6879 2
      vertex -7.1024 6.58925 2
    endloop
  endfacet
  facet normal 0 0 1
    outer loop
      vertex -6.96626 6.79299 2
      vertex -15.4602 12.6879 2
      vertex -7.03934 6.69446 2
    endloop
  endfacet
  facet normal -0 0 1
    outer loop
      vertex 7.1024 -6.58925 2
      vertex 15.4602 -12.6879 2
      vertex 7.15485 -6.47835 2
    endloop
  endfacet
  facet normal -0 0 1
    outer loop
      vertex 7.03934 -6.69446 2
      vertex 15.4602 -12.6879 2
      vertex 7.1024 -6.58925 2
    endloop
  endfacet
  facet normal -0 0 1
    outer loop
      vertex 6.96626 -6.79299 2
      vertex 15.4602 -12.6879 2
      vertex 7.03934 -6.69446 2
    endloop
  endfacet
  facet normal 0 0 1
    outer loop
      vertex 15.4602 -12.6879 2
      vertex 6.96626 -6.79299 2
      vertex 14.1421 -14.1421 2
    endloop
  endfacet
  facet normal -0 0 1
    outer loop
      vertex 6.88388 -6.88388 2
      vertex 14.1421 -14.1421 2
      vertex 6.96626 -6.79299 2
    endloop
  endfacet
  facet normal -0 0 1
    outer loop
      vertex 6.79299 -6.96626 2
      vertex 14.1421 -14.1421 2
      vertex 6.88388 -6.88388 2
    endloop
  endfacet
  facet normal 0 0 1
    outer loop
      vertex 14.1421 -14.1421 2
      vertex 6.79299 -6.96626 2
      vertex 12.6879 -15.4602 2
    endloop
  endfacet
  facet normal -0 0 1
    outer loop
      vertex 6.69446 -7.03934 2
      vertex 12.6879 -15.4602 2
      vertex 6.79299 -6.96626 2
    endloop
  endfacet
  facet normal -0 0 1
    outer loop
      vertex 6.58925 -7.1024 2
      vertex 12.6879 -15.4602 2
      vertex 6.69446 -7.03934 2
    endloop
  endfacet
  facet normal 0 0 1
    outer loop
      vertex 12.6879 -15.4602 2
      vertex 6.58925 -7.1024 2
      vertex 11.1114 -16.6294 2
    endloop
  endfacet
  facet normal -0 0 1
    outer loop
      vertex 6.47835 -7.15485 2
      vertex 11.1114 -16.6294 2
      vertex 6.58925 -7.1024 2
    endloop
  endfacet
  facet normal -0 0 1
    outer loop
      vertex 6.36285 -7.19617 2
      vertex 11.1114 -16.6294 2
      vertex 6.47835 -7.15485 2
    endloop
  endfacet
  facet normal -0 0 1
    outer loop
      vertex 6.24386 -7.22598 2
      vertex 11.1114 -16.6294 2
      vertex 6.36285 -7.19617 2
    endloop
  endfacet
  facet normal 0 0 1
    outer loop
      vertex 11.1114 -16.6294 2
      vertex 6.24386 -7.22598 2
      vertex 9.42793 -17.6384 2
    endloop
  endfacet
  facet normal -0 0 1
    outer loop
      vertex 6.12252 -7.24398 2
      vertex 9.42793 -17.6384 2
      vertex 6.24386 -7.22598 2
    endloop
  endfacet
  facet normal -0 0 1
    outer loop
      vertex 6 -7.25 2
      vertex 9.42793 -17.6384 2
      vertex 6.12252 -7.24398 2
    endloop
  endfacet
  facet normal 0 0 1
    outer loop
      vertex 9.42793 -17.6384 2
      vertex 6 -7.25 2
      vertex 7.65367 -18.4776 2
    endloop
  endfacet
  facet normal 0 0 1
    outer loop
      vertex 5.87748 -7.24398 2
      vertex 7.65367 -18.4776 2
      vertex 6 -7.25 2
    endloop
  endfacet
  facet normal 0 0 1
    outer loop
      vertex 5.75614 -7.22598 2
      vertex 7.65367 -18.4776 2
      vertex 5.87748 -7.24398 2
    endloop
  endfacet
  facet normal 0 0 1
    outer loop
      vertex 7.65367 -18.4776 2
      vertex 5.75614 -7.22598 2
      vertex 5.80569 -19.1388 2
    endloop
  endfacet
  facet normal 0 0 1
    outer loop
      vertex 5.63714 -7.19617 2
      vertex 5.80569 -19.1388 2
      vertex 5.75614 -7.22598 2
    endloop
  endfacet
  facet normal 0 0 1
    outer loop
      vertex 5.52165 -7.15485 2
      vertex 5.80569 -19.1388 2
      vertex 5.63714 -7.19617 2
    endloop
  endfacet
  facet normal 0 0 1
    outer loop
      vertex 3.90181 -19.6157 2
      vertex 5.52165 -7.15485 2
      vertex 5.41075 -7.1024 2
    endloop
  endfacet
  facet normal 0 0 1
    outer loop
      vertex 1.96034 -19.9037 2
      vertex 5.41075 -7.1024 2
      vertex 5.30554 -7.03934 2
    endloop
  endfacet
  facet normal 0 0 1
    outer loop
      vertex 0.588102 -5.97111 2
      vertex 5.30554 -7.03934 2
      vertex 5.20701 -6.96626 2
    endloop
  endfacet
  facet normal 0 0 1
    outer loop
      vertex 1.17054 -5.88471 2
      vertex 5.20701 -6.96626 2
      vertex 5.11612 -6.88388 2
    endloop
  endfacet
  facet normal 0 0 1
    outer loop
      vertex 1.74171 -5.74164 2
      vertex 5.11612 -6.88388 2
      vertex 5.03374 -6.79299 2
    endloop
  endfacet
  facet normal 0 0 1
    outer loop
      vertex 1.74171 -5.74164 2
      vertex 5.03374 -6.79299 2
      vertex 4.96066 -6.69446 2
    endloop
  endfacet
  facet normal 0 0 1
    outer loop
      vertex 2.2961 -5.54328 2
      vertex 4.96066 -6.69446 2
      vertex 4.8976 -6.58925 2
    endloop
  endfacet
  facet normal 0 0 1
    outer loop
      vertex 2.2961 -5.54328 2
      vertex 4.8976 -6.58925 2
      vertex 4.84515 -6.47835 2
    endloop
  endfacet
  facet normal 0 0 1
    outer loop
      vertex 2.2961 -5.54328 2
      vertex 4.84515 -6.47835 2
      vertex 4.80382 -6.36285 2
    endloop
  endfacet
  facet normal 0 0 1
    outer loop
      vertex 2.82838 -5.29153 2
      vertex 4.80382 -6.36285 2
      vertex 4.77402 -6.24386 2
    endloop
  endfacet
  facet normal 0 0 1
    outer loop
      vertex 2.82838 -5.29153 2
      vertex 4.77402 -6.24386 2
      vertex 4.75602 -6.12252 2
    endloop
  endfacet
  facet normal 0 0 1
    outer loop
      vertex 4.80382 -5.63714 2
      vertex 3.33342 -4.98882 2
      vertex 4.77402 -5.75614 2
    endloop
  endfacet
  facet normal 0 0 1
    outer loop
      vertex 4.77402 -5.75614 2
      vertex 3.33342 -4.98882 2
      vertex 4.75602 -5.87748 2
    endloop
  endfacet
  facet normal 0 0 1
    outer loop
      vertex 4.75602 -5.87748 2
      vertex 3.33342 -4.98882 2
      vertex 4.75 -6 2
    endloop
  endfacet
  facet normal -0 0 1
    outer loop
      vertex 2.82838 -5.29153 2
      vertex 4.75 -6 2
      vertex 3.33342 -4.98882 2
    endloop
  endfacet
  facet normal 0 0 1
    outer loop
      vertex 4.75 -6 2
      vertex 2.82838 -5.29153 2
      vertex 4.75602 -6.12252 2
    endloop
  endfacet
  facet normal 0 0 1
    outer loop
      vertex 4.80382 -6.36285 2
      vertex 2.82838 -5.29153 2
      vertex 2.2961 -5.54328 2
    endloop
  endfacet
  facet normal 0 0 1
    outer loop
      vertex 4.96066 -6.69446 2
      vertex 2.2961 -5.54328 2
      vertex 1.74171 -5.74164 2
    endloop
  endfacet
  facet normal 0 0 1
    outer loop
      vertex 5.11612 -6.88388 2
      vertex 1.74171 -5.74164 2
      vertex 1.17054 -5.88471 2
    endloop
  endfacet
  facet normal 0 0 1
    outer loop
      vertex 5.52165 -7.15485 2
      vertex 3.90181 -19.6157 2
      vertex 5.80569 -19.1388 2
    endloop
  endfacet
  facet normal 0 0 1
    outer loop
      vertex 5.20701 -6.96626 2
      vertex 1.17054 -5.88471 2
      vertex 0.588102 -5.97111 2
    endloop
  endfacet
  facet normal 0 0 1
    outer loop
      vertex 5.41075 -7.1024 2
      vertex 1.96034 -19.9037 2
      vertex 3.90181 -19.6157 2
    endloop
  endfacet
  facet normal 0 0 1
    outer loop
      vertex 5.30554 -7.03934 2
      vertex 0.588102 -5.97111 2
      vertex 1.96034 -19.9037 2
    endloop
  endfacet
  facet normal -0 0 1
    outer loop
      vertex 0 -6 2
      vertex 1.96034 -19.9037 2
      vertex 0.588102 -5.97111 2
    endloop
  endfacet
  facet normal 0 0 1
    outer loop
      vertex 0 -6 2
      vertex 0 -20 2
      vertex 1.96034 -19.9037 2
    endloop
  endfacet
  facet normal 0 0 1
    outer loop
      vertex -0.588102 -5.97111 2
      vertex 0 -20 2
      vertex 0 -6 2
    endloop
  endfacet
  facet normal 0 0 1
    outer loop
      vertex -5.30554 -7.03934 2
      vertex -0.588102 -5.97111 2
      vertex -1.17054 -5.88471 2
    endloop
  endfacet
  facet normal 0 0 1
    outer loop
      vertex -5.11612 -6.88388 2
      vertex -1.17054 -5.88471 2
      vertex -1.74171 -5.74164 2
    endloop
  endfacet
  facet normal 0 0 1
    outer loop
      vertex -0.588102 -5.97111 2
      vertex -1.96034 -19.9037 2
      vertex 0 -20 2
    endloop
  endfacet
  facet normal 0 0 1
    outer loop
      vertex -4.96066 -6.69446 2
      vertex -1.74171 -5.74164 2
      vertex -2.2961 -5.54328 2
    endloop
  endfacet
  facet normal 0 0 1
    outer loop
      vertex -4.80382 -6.36285 2
      vertex -2.2961 -5.54328 2
      vertex -2.82838 -5.29153 2
    endloop
  endfacet
  facet normal 0 0 1
    outer loop
      vertex -4.75 -6 2
      vertex -2.82838 -5.29153 2
      vertex -3.33342 -4.98882 2
    endloop
  endfacet
  facet normal 0 0 1
    outer loop
      vertex -4.75602 -5.87748 2
      vertex -3.33342 -4.98882 2
      vertex -3.80636 -4.63806 2
    endloop
  endfacet
  facet normal 0 0 1
    outer loop
      vertex -2.2961 -5.54328 2
      vertex -4.84515 -6.47835 2
      vertex -4.8976 -6.58925 2
    endloop
  endfacet
  facet normal 0 0 1
    outer loop
      vertex -4.75602 -5.87748 2
      vertex -3.80636 -4.63806 2
      vertex -4.24264 -4.24264 2
    endloop
  endfacet
  facet normal 0 0 1
    outer loop
      vertex -5.30554 -4.96066 2
      vertex -4.24264 -4.24264 2
      vertex -4.63806 -3.80636 2
    endloop
  endfacet
  facet normal 0 0 1
    outer loop
      vertex -2.82838 -5.29153 2
      vertex -4.75 -6 2
      vertex -4.75602 -6.12252 2
    endloop
  endfacet
  facet normal 0 0 1
    outer loop
      vertex -2.82838 -5.29153 2
      vertex -4.75602 -6.12252 2
      vertex -4.77402 -6.24386 2
    endloop
  endfacet
  facet normal 0 0 1
    outer loop
      vertex -2.82838 -5.29153 2
      vertex -4.77402 -6.24386 2
      vertex -4.80382 -6.36285 2
    endloop
  endfacet
  facet normal 0 0 1
    outer loop
      vertex -2.2961 -5.54328 2
      vertex -4.80382 -6.36285 2
      vertex -4.84515 -6.47835 2
    endloop
  endfacet
  facet normal 0 0 1
    outer loop
      vertex -2.2961 -5.54328 2
      vertex -4.8976 -6.58925 2
      vertex -4.96066 -6.69446 2
    endloop
  endfacet
  facet normal 0 0 1
    outer loop
      vertex -1.74171 -5.74164 2
      vertex -4.96066 -6.69446 2
      vertex -5.03374 -6.79299 2
    endloop
  endfacet
  facet normal 0 0 1
    outer loop
      vertex -1.74171 -5.74164 2
      vertex -5.03374 -6.79299 2
      vertex -5.11612 -6.88388 2
    endloop
  endfacet
  facet normal 0 0 1
    outer loop
      vertex -1.17054 -5.88471 2
      vertex -5.11612 -6.88388 2
      vertex -5.20701 -6.96626 2
    endloop
  endfacet
  facet normal 0 0 1
    outer loop
      vertex -1.17054 -5.88471 2
      vertex -5.20701 -6.96626 2
      vertex -5.30554 -7.03934 2
    endloop
  endfacet
  facet normal 0 0 1
    outer loop
      vertex -0.588102 -5.97111 2
      vertex -5.30554 -7.03934 2
      vertex -1.96034 -19.9037 2
    endloop
  endfacet
  facet normal -0 0 1
    outer loop
      vertex -5.41075 -7.1024 2
      vertex -1.96034 -19.9037 2
      vertex -5.30554 -7.03934 2
    endloop
  endfacet
  facet normal 0 0 1
    outer loop
      vertex -1.96034 -19.9037 2
      vertex -5.41075 -7.1024 2
      vertex -3.90181 -19.6157 2
    endloop
  endfacet
  facet normal -0 0 1
    outer loop
      vertex -5.52165 -7.15485 2
      vertex -3.90181 -19.6157 2
      vertex -5.41075 -7.1024 2
    endloop
  endfacet
  facet normal 0 0 1
    outer loop
      vertex -5.80569 -19.1388 2
      vertex -5.52165 -7.15485 2
      vertex -5.63714 -7.19617 2
    endloop
  endfacet
  facet normal 0 0 1
    outer loop
      vertex -5.80569 -19.1388 2
      vertex -5.63714 -7.19617 2
      vertex -5.75614 -7.22598 2
    endloop
  endfacet
  facet normal 0 0 1
    outer loop
      vertex -5.52165 -7.15485 2
      vertex -5.80569 -19.1388 2
      vertex -3.90181 -19.6157 2
    endloop
  endfacet
  facet normal 0 0 1
    outer loop
      vertex -7.65367 -18.4776 2
      vertex -5.75614 -7.22598 2
      vertex -5.87748 -7.24398 2
    endloop
  endfacet
  facet normal 0 0 1
    outer loop
      vertex -7.65367 -18.4776 2
      vertex -5.87748 -7.24398 2
      vertex -6 -7.25 2
    endloop
  endfacet
  facet normal 0 0 1
    outer loop
      vertex -9.42793 -17.6384 2
      vertex -6 -7.25 2
      vertex -6.12252 -7.24398 2
    endloop
  endfacet
  facet normal 0 0 1
    outer loop
      vertex -9.42793 -17.6384 2
      vertex -6.12252 -7.24398 2
      vertex -6.24386 -7.22598 2
    endloop
  endfacet
  facet normal 0 0 1
    outer loop
      vertex -11.1114 -16.6294 2
      vertex -6.24386 -7.22598 2
      vertex -6.36285 -7.19617 2
    endloop
  endfacet
  facet normal 0 0 1
    outer loop
      vertex -11.1114 -16.6294 2
      vertex -6.36285 -7.19617 2
      vertex -6.47835 -7.15485 2
    endloop
  endfacet
  facet normal 0 0 1
    outer loop
      vertex -11.1114 -16.6294 2
      vertex -6.47835 -7.15485 2
      vertex -6.58925 -7.1024 2
    endloop
  endfacet
  facet normal 0 0 1
    outer loop
      vertex -12.6879 -15.4602 2
      vertex -6.58925 -7.1024 2
      vertex -6.69446 -7.03934 2
    endloop
  endfacet
  facet normal 0 0 1
    outer loop
      vertex -12.6879 -15.4602 2
      vertex -6.69446 -7.03934 2
      vertex -6.79299 -6.96626 2
    endloop
  endfacet
  facet normal 0 0 1
    outer loop
      vertex -14.1421 -14.1421 2
      vertex -6.79299 -6.96626 2
      vertex -6.88388 -6.88388 2
    endloop
  endfacet
  facet normal 0 0 1
    outer loop
      vertex -14.1421 -14.1421 2
      vertex -6.88388 -6.88388 2
      vertex -6.96626 -6.79299 2
    endloop
  endfacet
  facet normal 0 0 1
    outer loop
      vertex -15.4602 -12.6879 2
      vertex -6.96626 -6.79299 2
      vertex -7.03934 -6.69446 2
    endloop
  endfacet
  facet normal 0 0 1
    outer loop
      vertex -15.4602 -12.6879 2
      vertex -7.03934 -6.69446 2
      vertex -7.1024 -6.58925 2
    endloop
  endfacet
  facet normal 0 0 1
    outer loop
      vertex -15.4602 -12.6879 2
      vertex -7.1024 -6.58925 2
      vertex -7.15485 -6.47835 2
    endloop
  endfacet
  facet normal 0 0 1
    outer loop
      vertex -16.6294 -11.1114 2
      vertex -7.15485 -6.47835 2
      vertex -7.19617 -6.36285 2
    endloop
  endfacet
  facet normal 0 0 1
    outer loop
      vertex -16.6294 -11.1114 2
      vertex -7.19617 -6.36285 2
      vertex -7.22598 -6.24386 2
    endloop
  endfacet
  facet normal 0 0 1
    outer loop
      vertex -17.6384 -9.42793 2
      vertex -7.22598 -6.24386 2
      vertex -7.24398 -6.12252 2
    endloop
  endfacet
  facet normal 0 0 1
    outer loop
      vertex -5.75614 -7.22598 2
      vertex -7.65367 -18.4776 2
      vertex -5.80569 -19.1388 2
    endloop
  endfacet
  facet normal 0 0 1
    outer loop
      vertex -17.6384 -9.42793 2
      vertex -7.24398 -6.12252 2
      vertex -7.25 -6 2
    endloop
  endfacet
  facet normal -0 0 1
    outer loop
      vertex -16.6294 11.1114 2
      vertex -7.15485 6.47835 2
      vertex -15.4602 12.6879 2
    endloop
  endfacet
  facet normal 0 0 1
    outer loop
      vertex -7.15485 6.47835 2
      vertex -16.6294 11.1114 2
      vertex -7.19617 6.36285 2
    endloop
  endfacet
  facet normal 0 0 1
    outer loop
      vertex -6 -7.25 2
      vertex -9.42793 -17.6384 2
      vertex -7.65367 -18.4776 2
    endloop
  endfacet
  facet normal 0 0 1
    outer loop
      vertex -7.19617 6.36285 2
      vertex -16.6294 11.1114 2
      vertex -7.22598 6.24386 2
    endloop
  endfacet
  facet normal 0 0 1
    outer loop
      vertex -6.24386 -7.22598 2
      vertex -11.1114 -16.6294 2
      vertex -9.42793 -17.6384 2
    endloop
  endfacet
  facet normal -0 0 1
    outer loop
      vertex -17.6384 9.42793 2
      vertex -7.22598 6.24386 2
      vertex -16.6294 11.1114 2
    endloop
  endfacet
  facet normal 0 0 1
    outer loop
      vertex -6.58925 -7.1024 2
      vertex -12.6879 -15.4602 2
      vertex -11.1114 -16.6294 2
    endloop
  endfacet
  facet normal 0 0 1
    outer loop
      vertex -7.22598 6.24386 2
      vertex -17.6384 9.42793 2
      vertex -7.24398 6.12252 2
    endloop
  endfacet
  facet normal 0 0 1
    outer loop
      vertex -6.79299 -6.96626 2
      vertex -14.1421 -14.1421 2
      vertex -12.6879 -15.4602 2
    endloop
  endfacet
  facet normal 0 0 1
    outer loop
      vertex -7.24398 6.12252 2
      vertex -17.6384 9.42793 2
      vertex -7.25 6 2
    endloop
  endfacet
  facet normal 0 0 1
    outer loop
      vertex -6.96626 -6.79299 2
      vertex -15.4602 -12.6879 2
      vertex -14.1421 -14.1421 2
    endloop
  endfacet
  facet normal -0 0 1
    outer loop
      vertex -18.4776 7.65367 2
      vertex -7.25 6 2
      vertex -17.6384 9.42793 2
    endloop
  endfacet
  facet normal 0 0 1
    outer loop
      vertex -7.15485 -6.47835 2
      vertex -16.6294 -11.1114 2
      vertex -15.4602 -12.6879 2
    endloop
  endfacet
  facet normal 0 0 1
    outer loop
      vertex -7.22598 5.75614 2
      vertex -18.4776 7.65367 2
      vertex -19.1388 5.80569 2
    endloop
  endfacet
  facet normal 0 0 1
    outer loop
      vertex -7.22598 -6.24386 2
      vertex -17.6384 -9.42793 2
      vertex -16.6294 -11.1114 2
    endloop
  endfacet
  facet normal 0 0 1
    outer loop
      vertex -7.15485 5.52165 2
      vertex -19.1388 5.80569 2
      vertex -19.6157 3.90181 2
    endloop
  endfacet
  facet normal 0 0 1
    outer loop
      vertex -7.25 -6 2
      vertex -18.4776 -7.65367 2
      vertex -17.6384 -9.42793 2
    endloop
  endfacet
  facet normal 0 0 1
    outer loop
      vertex -7.1024 5.41075 2
      vertex -19.6157 3.90181 2
      vertex -19.9037 1.96034 2
    endloop
  endfacet
  facet normal 0 0 1
    outer loop
      vertex -7.24398 -5.87748 2
      vertex -18.4776 -7.65367 2
      vertex -7.25 -6 2
    endloop
  endfacet
  facet normal 0 0 1
    outer loop
      vertex -6 0 2
      vertex -19.9037 1.96034 2
      vertex -20 0 2
    endloop
  endfacet
  facet normal 0 0 1
    outer loop
      vertex -7.22598 -5.75614 2
      vertex -18.4776 -7.65367 2
      vertex -7.24398 -5.87748 2
    endloop
  endfacet
  facet normal 0 0 1
    outer loop
      vertex -7.15485 -5.52165 2
      vertex -19.1388 -5.80569 2
      vertex -7.19617 -5.63714 2
    endloop
  endfacet
  facet normal 0 -0 1
    outer loop
      vertex -18.4776 -7.65367 2
      vertex -7.22598 -5.75614 2
      vertex -19.1388 -5.80569 2
    endloop
  endfacet
  facet normal 0 0 1
    outer loop
      vertex -7.19617 -5.63714 2
      vertex -19.1388 -5.80569 2
      vertex -7.22598 -5.75614 2
    endloop
  endfacet
  facet normal -0.998796 0.049065 0
    outer loop
      vertex -20 0 -2
      vertex -19.9037 1.96034 2
      vertex -19.9037 1.96034 -2
    endloop
  endfacet
  facet normal -0.998796 0.049065 0
    outer loop
      vertex -19.9037 1.96034 2
      vertex -20 0 -2
      vertex -20 0 2
    endloop
  endfacet
  facet normal 0.671584 -0.740928 0
    outer loop
      vertex 12.6879 -15.4602 -2
      vertex 14.1421 -14.1421 2
      vertex 12.6879 -15.4602 2
    endloop
  endfacet
  facet normal 0.671584 -0.740928 0
    outer loop
      vertex 14.1421 -14.1421 2
      vertex 12.6879 -15.4602 -2
      vertex 14.1421 -14.1421 -2
    endloop
  endfacet
  facet normal -0.146736 -0.989176 0
    outer loop
      vertex 0.588102 5.97111 -2
      vertex 1.17054 5.88471 2
      vertex 0.588102 5.97111 2
    endloop
  endfacet
  facet normal -0.146736 -0.989176 -0
    outer loop
      vertex 1.17054 5.88471 2
      vertex 0.588102 5.97111 -2
      vertex 1.17054 5.88471 -2
    endloop
  endfacet
  facet normal -0.989176 -0.146736 0
    outer loop
      vertex 5.97111 0.588102 -2
      vertex 5.88471 1.17054 2
      vertex 5.88471 1.17054 -2
    endloop
  endfacet
  facet normal -0.989176 -0.146736 0
    outer loop
      vertex 5.88471 1.17054 2
      vertex 5.97111 0.588102 -2
      vertex 5.97111 0.588102 2
    endloop
  endfacet
  facet normal -0.998796 -0.049065 0
    outer loop
      vertex 6 0 -2
      vertex 5.97111 0.588102 2
      vertex 5.97111 0.588102 -2
    endloop
  endfacet
  facet normal -0.998796 -0.049065 0
    outer loop
      vertex 5.97111 0.588102 2
      vertex 6 0 -2
      vertex 6 0 2
    endloop
  endfacet
  facet normal -0.970032 -0.242979 0
    outer loop
      vertex 5.88471 1.17054 -2
      vertex 5.74164 1.74171 2
      vertex 5.74164 1.74171 -2
    endloop
  endfacet
  facet normal -0.970032 -0.242979 0
    outer loop
      vertex 5.74164 1.74171 2
      vertex 5.88471 1.17054 -2
      vertex 5.88471 1.17054 2
    endloop
  endfacet
  facet normal -0.336884 0.941546 0
    outer loop
      vertex 2.2961 -5.54328 -2
      vertex 1.74171 -5.74164 2
      vertex 2.2961 -5.54328 2
    endloop
  endfacet
  facet normal -0.336884 0.941546 0
    outer loop
      vertex 1.74171 -5.74164 2
      vertex 2.2961 -5.54328 -2
      vertex 1.74171 -5.74164 -2
    endloop
  endfacet
  facet normal -0.903989 0.427556 0
    outer loop
      vertex 5.29153 -2.82838 -2
      vertex 5.54328 -2.2961 2
      vertex 5.54328 -2.2961 -2
    endloop
  endfacet
  facet normal -0.903989 0.427556 0
    outer loop
      vertex 5.54328 -2.2961 2
      vertex 5.29153 -2.82838 -2
      vertex 5.29153 -2.82838 2
    endloop
  endfacet
  facet normal 0.336884 0.941546 -0
    outer loop
      vertex -1.74171 -5.74164 -2
      vertex -2.2961 -5.54328 2
      vertex -1.74171 -5.74164 2
    endloop
  endfacet
  facet normal 0.336884 0.941546 0
    outer loop
      vertex -2.2961 -5.54328 2
      vertex -1.74171 -5.74164 -2
      vertex -2.2961 -5.54328 -2
    endloop
  endfacet
  facet normal -0.671558 -0.740952 0
    outer loop
      vertex 3.80636 4.63806 -2
      vertex 4.24264 4.24264 2
      vertex 3.80636 4.63806 2
    endloop
  endfacet
  facet normal -0.671558 -0.740952 -0
    outer loop
      vertex 4.24264 4.24264 2
      vertex 3.80636 4.63806 -2
      vertex 4.24264 4.24264 -2
    endloop
  endfacet
  facet normal 0.146736 0.989176 -0
    outer loop
      vertex -0.588102 -5.97111 -2
      vertex -1.17054 -5.88471 2
      vertex -0.588102 -5.97111 2
    endloop
  endfacet
  facet normal 0.146736 0.989176 0
    outer loop
      vertex -1.17054 -5.88471 2
      vertex -0.588102 -5.97111 -2
      vertex -1.17054 -5.88471 -2
    endloop
  endfacet
  facet normal -0.941546 -0.336884 0
    outer loop
      vertex 5.74164 1.74171 -2
      vertex 5.54328 2.2961 2
      vertex 5.54328 2.2961 -2
    endloop
  endfacet
  facet normal -0.941546 -0.336884 0
    outer loop
      vertex 5.54328 2.2961 2
      vertex 5.74164 1.74171 -2
      vertex 5.74164 1.74171 2
    endloop
  endfacet
  facet normal 0.049065 -0.998796 0
    outer loop
      vertex -0.588102 5.97111 -2
      vertex 0 6 2
      vertex -0.588102 5.97111 2
    endloop
  endfacet
  facet normal 0.049065 -0.998796 0
    outer loop
      vertex 0 6 2
      vertex -0.588102 5.97111 -2
      vertex 0 6 -2
    endloop
  endfacet
  facet normal -0.803204 -0.595703 0
    outer loop
      vertex 4.98882 3.33342 -2
      vertex 4.63806 3.80636 2
      vertex 4.63806 3.80636 -2
    endloop
  endfacet
  facet normal -0.803204 -0.595703 0
    outer loop
      vertex 4.63806 3.80636 2
      vertex 4.98882 3.33342 -2
      vertex 4.98882 3.33342 2
    endloop
  endfacet
  facet normal -0.049065 0.998796 0
    outer loop
      vertex 0.588102 -5.97111 -2
      vertex 0 -6 2
      vertex 0.588102 -5.97111 2
    endloop
  endfacet
  facet normal -0.049065 0.998796 0
    outer loop
      vertex 0 -6 2
      vertex 0.588102 -5.97111 -2
      vertex 0 -6 -2
    endloop
  endfacet
  facet normal -0.049065 -0.998796 0
    outer loop
      vertex 0 6 -2
      vertex 0.588102 5.97111 2
      vertex 0 6 2
    endloop
  endfacet
  facet normal -0.049065 -0.998796 -0
    outer loop
      vertex 0.588102 5.97111 2
      vertex 0 6 -2
      vertex 0.588102 5.97111 -2
    endloop
  endfacet
  facet normal -0.857728 0.514104 0
    outer loop
      vertex 4.98882 -3.33342 -2
      vertex 5.29153 -2.82838 2
      vertex 5.29153 -2.82838 -2
    endloop
  endfacet
  facet normal -0.857728 0.514104 0
    outer loop
      vertex 5.29153 -2.82838 2
      vertex 4.98882 -3.33342 -2
      vertex 4.98882 -3.33342 2
    endloop
  endfacet
  facet normal 0.595703 0.803204 -0
    outer loop
      vertex -3.33342 -4.98882 -2
      vertex -3.80636 -4.63806 2
      vertex -3.33342 -4.98882 2
    endloop
  endfacet
  facet normal 0.595703 0.803204 0
    outer loop
      vertex -3.80636 -4.63806 2
      vertex -3.33342 -4.98882 -2
      vertex -3.80636 -4.63806 -2
    endloop
  endfacet
  facet normal 0.857728 -0.514104 0
    outer loop
      vertex -5.29153 2.82838 2
      vertex -4.98882 3.33342 -2
      vertex -4.98882 3.33342 2
    endloop
  endfacet
  facet normal 0.857728 -0.514104 0
    outer loop
      vertex -4.98882 3.33342 -2
      vertex -5.29153 2.82838 2
      vertex -5.29153 2.82838 -2
    endloop
  endfacet
  facet normal 0.242979 0.970032 -0
    outer loop
      vertex -1.17054 -5.88471 -2
      vertex -1.74171 -5.74164 2
      vertex -1.17054 -5.88471 2
    endloop
  endfacet
  facet normal 0.242979 0.970032 0
    outer loop
      vertex -1.74171 -5.74164 2
      vertex -1.17054 -5.88471 -2
      vertex -1.74171 -5.74164 -2
    endloop
  endfacet
  facet normal -0.514104 0.857728 0
    outer loop
      vertex 3.33342 -4.98882 -2
      vertex 2.82838 -5.29153 2
      vertex 3.33342 -4.98882 2
    endloop
  endfacet
  facet normal -0.514104 0.857728 0
    outer loop
      vertex 2.82838 -5.29153 2
      vertex 3.33342 -4.98882 -2
      vertex 2.82838 -5.29153 -2
    endloop
  endfacet
  facet normal -0.857728 -0.514104 0
    outer loop
      vertex 5.29153 2.82838 -2
      vertex 4.98882 3.33342 2
      vertex 4.98882 3.33342 -2
    endloop
  endfacet
  facet normal -0.857728 -0.514104 0
    outer loop
      vertex 4.98882 3.33342 2
      vertex 5.29153 2.82838 -2
      vertex 5.29153 2.82838 2
    endloop
  endfacet
  facet normal 0.998796 0.049065 0
    outer loop
      vertex -5.97111 -0.588102 2
      vertex -6 0 -2
      vertex -6 0 2
    endloop
  endfacet
  facet normal 0.998796 0.049065 0
    outer loop
      vertex -6 0 -2
      vertex -5.97111 -0.588102 2
      vertex -5.97111 -0.588102 -2
    endloop
  endfacet
  facet normal -0.903989 -0.427556 0
    outer loop
      vertex 5.54328 2.2961 -2
      vertex 5.29153 2.82838 2
      vertex 5.29153 2.82838 -2
    endloop
  endfacet
  facet normal -0.903989 -0.427556 0
    outer loop
      vertex 5.29153 2.82838 2
      vertex 5.54328 2.2961 -2
      vertex 5.54328 2.2961 2
    endloop
  endfacet
  facet normal -0.970032 0.242979 0
    outer loop
      vertex 5.74164 -1.74171 -2
      vertex 5.88471 -1.17054 2
      vertex 5.88471 -1.17054 -2
    endloop
  endfacet
  facet normal -0.970032 0.242979 0
    outer loop
      vertex 5.88471 -1.17054 2
      vertex 5.74164 -1.74171 -2
      vertex 5.74164 -1.74171 2
    endloop
  endfacet
  facet normal 0.970032 -0.242979 0
    outer loop
      vertex -5.88471 1.17054 2
      vertex -5.74164 1.74171 -2
      vertex -5.74164 1.74171 2
    endloop
  endfacet
  facet normal 0.970032 -0.242979 0
    outer loop
      vertex -5.74164 1.74171 -2
      vertex -5.88471 1.17054 2
      vertex -5.88471 1.17054 -2
    endloop
  endfacet
  facet normal 0.427556 0.903989 -0
    outer loop
      vertex -2.2961 -5.54328 -2
      vertex -2.82838 -5.29153 2
      vertex -2.2961 -5.54328 2
    endloop
  endfacet
  facet normal 0.427556 0.903989 0
    outer loop
      vertex -2.82838 -5.29153 2
      vertex -2.2961 -5.54328 -2
      vertex -2.82838 -5.29153 -2
    endloop
  endfacet
  facet normal 0.970032 0.242979 0
    outer loop
      vertex -5.74164 -1.74171 2
      vertex -5.88471 -1.17054 -2
      vertex -5.88471 -1.17054 2
    endloop
  endfacet
  facet normal 0.970032 0.242979 0
    outer loop
      vertex -5.88471 -1.17054 -2
      vertex -5.74164 -1.74171 2
      vertex -5.74164 -1.74171 -2
    endloop
  endfacet
  facet normal -0.336884 -0.941546 0
    outer loop
      vertex 1.74171 5.74164 -2
      vertex 2.2961 5.54328 2
      vertex 1.74171 5.74164 2
    endloop
  endfacet
  facet normal -0.336884 -0.941546 -0
    outer loop
      vertex 2.2961 5.54328 2
      vertex 1.74171 5.74164 -2
      vertex 2.2961 5.54328 -2
    endloop
  endfacet
  facet normal -0.989176 0.146736 0
    outer loop
      vertex 5.88471 -1.17054 -2
      vertex 5.97111 -0.588102 2
      vertex 5.97111 -0.588102 -2
    endloop
  endfacet
  facet normal -0.989176 0.146736 0
    outer loop
      vertex 5.97111 -0.588102 2
      vertex 5.88471 -1.17054 -2
      vertex 5.88471 -1.17054 2
    endloop
  endfacet
  facet normal 0.146736 -0.989176 0
    outer loop
      vertex -1.17054 5.88471 -2
      vertex -0.588102 5.97111 2
      vertex -1.17054 5.88471 2
    endloop
  endfacet
  facet normal 0.146736 -0.989176 0
    outer loop
      vertex -0.588102 5.97111 2
      vertex -1.17054 5.88471 -2
      vertex -0.588102 5.97111 -2
    endloop
  endfacet
  facet normal -0.427556 0.903989 0
    outer loop
      vertex 2.82838 -5.29153 -2
      vertex 2.2961 -5.54328 2
      vertex 2.82838 -5.29153 2
    endloop
  endfacet
  facet normal -0.427556 0.903989 0
    outer loop
      vertex 2.2961 -5.54328 2
      vertex 2.82838 -5.29153 -2
      vertex 2.2961 -5.54328 -2
    endloop
  endfacet
  facet normal 0.671558 -0.740952 0
    outer loop
      vertex -4.24264 4.24264 -2
      vertex -3.80636 4.63806 2
      vertex -4.24264 4.24264 2
    endloop
  endfacet
  facet normal 0.671558 -0.740952 0
    outer loop
      vertex -3.80636 4.63806 2
      vertex -4.24264 4.24264 -2
      vertex -3.80636 4.63806 -2
    endloop
  endfacet
  facet normal 0.595703 -0.803204 0
    outer loop
      vertex -3.80636 4.63806 -2
      vertex -3.33342 4.98882 2
      vertex -3.80636 4.63806 2
    endloop
  endfacet
  facet normal 0.595703 -0.803204 0
    outer loop
      vertex -3.33342 4.98882 2
      vertex -3.80636 4.63806 -2
      vertex -3.33342 4.98882 -2
    endloop
  endfacet
  facet normal -0.242979 -0.970032 0
    outer loop
      vertex 1.17054 5.88471 -2
      vertex 1.74171 5.74164 2
      vertex 1.17054 5.88471 2
    endloop
  endfacet
  facet normal -0.242979 -0.970032 -0
    outer loop
      vertex 1.74171 5.74164 2
      vertex 1.17054 5.88471 -2
      vertex 1.74171 5.74164 -2
    endloop
  endfacet
  facet normal 0.740952 -0.671558 0
    outer loop
      vertex -4.63806 3.80636 2
      vertex -4.24264 4.24264 -2
      vertex -4.24264 4.24264 2
    endloop
  endfacet
  facet normal 0.740952 -0.671558 0
    outer loop
      vertex -4.24264 4.24264 -2
      vertex -4.63806 3.80636 2
      vertex -4.63806 3.80636 -2
    endloop
  endfacet
  facet normal -0.998796 0.049065 0
    outer loop
      vertex 5.97111 -0.588102 -2
      vertex 6 0 2
      vertex 6 0 -2
    endloop
  endfacet
  facet normal -0.998796 0.049065 0
    outer loop
      vertex 6 0 2
      vertex 5.97111 -0.588102 -2
      vertex 5.97111 -0.588102 2
    endloop
  endfacet
  facet normal 0.427556 -0.903989 0
    outer loop
      vertex -2.82838 5.29153 -2
      vertex -2.2961 5.54328 2
      vertex -2.82838 5.29153 2
    endloop
  endfacet
  facet normal 0.427556 -0.903989 0
    outer loop
      vertex -2.2961 5.54328 2
      vertex -2.82838 5.29153 -2
      vertex -2.2961 5.54328 -2
    endloop
  endfacet
  facet normal 0.941546 0.336884 0
    outer loop
      vertex -5.54328 -2.2961 2
      vertex -5.74164 -1.74171 -2
      vertex -5.74164 -1.74171 2
    endloop
  endfacet
  facet normal 0.941546 0.336884 0
    outer loop
      vertex -5.74164 -1.74171 -2
      vertex -5.54328 -2.2961 2
      vertex -5.54328 -2.2961 -2
    endloop
  endfacet
  facet normal -0.514104 -0.857728 0
    outer loop
      vertex 2.82838 5.29153 -2
      vertex 3.33342 4.98882 2
      vertex 2.82838 5.29153 2
    endloop
  endfacet
  facet normal -0.514104 -0.857728 -0
    outer loop
      vertex 3.33342 4.98882 2
      vertex 2.82838 5.29153 -2
      vertex 3.33342 4.98882 -2
    endloop
  endfacet
  facet normal -0.595703 -0.803204 0
    outer loop
      vertex 3.33342 4.98882 -2
      vertex 3.80636 4.63806 2
      vertex 3.33342 4.98882 2
    endloop
  endfacet
  facet normal -0.595703 -0.803204 -0
    outer loop
      vertex 3.80636 4.63806 2
      vertex 3.33342 4.98882 -2
      vertex 3.80636 4.63806 -2
    endloop
  endfacet
  facet normal -0.146736 0.989176 0
    outer loop
      vertex 1.17054 -5.88471 -2
      vertex 0.588102 -5.97111 2
      vertex 1.17054 -5.88471 2
    endloop
  endfacet
  facet normal -0.146736 0.989176 0
    outer loop
      vertex 0.588102 -5.97111 2
      vertex 1.17054 -5.88471 -2
      vertex 0.588102 -5.97111 -2
    endloop
  endfacet
  facet normal -0.740952 0.671558 0
    outer loop
      vertex 4.24264 -4.24264 -2
      vertex 4.63806 -3.80636 2
      vertex 4.63806 -3.80636 -2
    endloop
  endfacet
  facet normal -0.740952 0.671558 0
    outer loop
      vertex 4.63806 -3.80636 2
      vertex 4.24264 -4.24264 -2
      vertex 4.24264 -4.24264 2
    endloop
  endfacet
  facet normal -0.803204 0.595703 0
    outer loop
      vertex 4.63806 -3.80636 -2
      vertex 4.98882 -3.33342 2
      vertex 4.98882 -3.33342 -2
    endloop
  endfacet
  facet normal -0.803204 0.595703 0
    outer loop
      vertex 4.98882 -3.33342 2
      vertex 4.63806 -3.80636 -2
      vertex 4.63806 -3.80636 2
    endloop
  endfacet
  facet normal -0.242979 0.970032 0
    outer loop
      vertex 1.74171 -5.74164 -2
      vertex 1.17054 -5.88471 2
      vertex 1.74171 -5.74164 2
    endloop
  endfacet
  facet normal -0.242979 0.970032 0
    outer loop
      vertex 1.17054 -5.88471 2
      vertex 1.74171 -5.74164 -2
      vertex 1.17054 -5.88471 -2
    endloop
  endfacet
  facet normal -0.941546 0.336884 0
    outer loop
      vertex 5.54328 -2.2961 -2
      vertex 5.74164 -1.74171 2
      vertex 5.74164 -1.74171 -2
    endloop
  endfacet
  facet normal -0.941546 0.336884 0
    outer loop
      vertex 5.74164 -1.74171 2
      vertex 5.54328 -2.2961 -2
      vertex 5.54328 -2.2961 2
    endloop
  endfacet
  facet normal 0.242979 -0.970032 0
    outer loop
      vertex -1.74171 5.74164 -2
      vertex -1.17054 5.88471 2
      vertex -1.74171 5.74164 2
    endloop
  endfacet
  facet normal 0.242979 -0.970032 0
    outer loop
      vertex -1.17054 5.88471 2
      vertex -1.74171 5.74164 -2
      vertex -1.17054 5.88471 -2
    endloop
  endfacet
  facet normal 0.903989 0.427556 0
    outer loop
      vertex -5.29153 -2.82838 2
      vertex -5.54328 -2.2961 -2
      vertex -5.54328 -2.2961 2
    endloop
  endfacet
  facet normal 0.903989 0.427556 0
    outer loop
      vertex -5.54328 -2.2961 -2
      vertex -5.29153 -2.82838 2
      vertex -5.29153 -2.82838 -2
    endloop
  endfacet
  facet normal 0.989176 -0.146736 0
    outer loop
      vertex -5.97111 0.588102 2
      vertex -5.88471 1.17054 -2
      vertex -5.88471 1.17054 2
    endloop
  endfacet
  facet normal 0.989176 -0.146736 0
    outer loop
      vertex -5.88471 1.17054 -2
      vertex -5.97111 0.588102 2
      vertex -5.97111 0.588102 -2
    endloop
  endfacet
  facet normal -0.427556 -0.903989 0
    outer loop
      vertex 2.2961 5.54328 -2
      vertex 2.82838 5.29153 2
      vertex 2.2961 5.54328 2
    endloop
  endfacet
  facet normal -0.427556 -0.903989 -0
    outer loop
      vertex 2.82838 5.29153 2
      vertex 2.2961 5.54328 -2
      vertex 2.82838 5.29153 -2
    endloop
  endfacet
  facet normal 0.740952 0.671558 0
    outer loop
      vertex -4.24264 -4.24264 2
      vertex -4.63806 -3.80636 -2
      vertex -4.63806 -3.80636 2
    endloop
  endfacet
  facet normal 0.740952 0.671558 0
    outer loop
      vertex -4.63806 -3.80636 -2
      vertex -4.24264 -4.24264 2
      vertex -4.24264 -4.24264 -2
    endloop
  endfacet
  facet normal 0.857728 0.514104 0
    outer loop
      vertex -4.98882 -3.33342 2
      vertex -5.29153 -2.82838 -2
      vertex -5.29153 -2.82838 2
    endloop
  endfacet
  facet normal 0.857728 0.514104 0
    outer loop
      vertex -5.29153 -2.82838 -2
      vertex -4.98882 -3.33342 2
      vertex -4.98882 -3.33342 -2
    endloop
  endfacet
  facet normal 0.336884 -0.941546 0
    outer loop
      vertex -2.2961 5.54328 -2
      vertex -1.74171 5.74164 2
      vertex -2.2961 5.54328 2
    endloop
  endfacet
  facet normal 0.336884 -0.941546 0
    outer loop
      vertex -1.74171 5.74164 2
      vertex -2.2961 5.54328 -2
      vertex -1.74171 5.74164 -2
    endloop
  endfacet
  facet normal 0.514104 0.857728 -0
    outer loop
      vertex -2.82838 -5.29153 -2
      vertex -3.33342 -4.98882 2
      vertex -2.82838 -5.29153 2
    endloop
  endfacet
  facet normal 0.514104 0.857728 0
    outer loop
      vertex -3.33342 -4.98882 2
      vertex -2.82838 -5.29153 -2
      vertex -3.33342 -4.98882 -2
    endloop
  endfacet
  facet normal 0.941546 -0.336884 0
    outer loop
      vertex -5.74164 1.74171 2
      vertex -5.54328 2.2961 -2
      vertex -5.54328 2.2961 2
    endloop
  endfacet
  facet normal 0.941546 -0.336884 0
    outer loop
      vertex -5.54328 2.2961 -2
      vertex -5.74164 1.74171 2
      vertex -5.74164 1.74171 -2
    endloop
  endfacet
  facet normal -0.595703 0.803204 0
    outer loop
      vertex 3.80636 -4.63806 -2
      vertex 3.33342 -4.98882 2
      vertex 3.80636 -4.63806 2
    endloop
  endfacet
  facet normal -0.595703 0.803204 0
    outer loop
      vertex 3.33342 -4.98882 2
      vertex 3.80636 -4.63806 -2
      vertex 3.33342 -4.98882 -2
    endloop
  endfacet
  facet normal -0.740952 -0.671558 0
    outer loop
      vertex 4.63806 3.80636 -2
      vertex 4.24264 4.24264 2
      vertex 4.24264 4.24264 -2
    endloop
  endfacet
  facet normal -0.740952 -0.671558 0
    outer loop
      vertex 4.24264 4.24264 2
      vertex 4.63806 3.80636 -2
      vertex 4.63806 3.80636 2
    endloop
  endfacet
  facet normal 0.803204 0.595703 0
    outer loop
      vertex -4.63806 -3.80636 2
      vertex -4.98882 -3.33342 -2
      vertex -4.98882 -3.33342 2
    endloop
  endfacet
  facet normal 0.803204 0.595703 0
    outer loop
      vertex -4.98882 -3.33342 -2
      vertex -4.63806 -3.80636 2
      vertex -4.63806 -3.80636 -2
    endloop
  endfacet
  facet normal 0.514104 -0.857728 0
    outer loop
      vertex -3.33342 4.98882 -2
      vertex -2.82838 5.29153 2
      vertex -3.33342 4.98882 2
    endloop
  endfacet
  facet normal 0.514104 -0.857728 0
    outer loop
      vertex -2.82838 5.29153 2
      vertex -3.33342 4.98882 -2
      vertex -2.82838 5.29153 -2
    endloop
  endfacet
  facet normal 0.989176 0.146736 0
    outer loop
      vertex -5.88471 -1.17054 2
      vertex -5.97111 -0.588102 -2
      vertex -5.97111 -0.588102 2
    endloop
  endfacet
  facet normal 0.989176 0.146736 0
    outer loop
      vertex -5.97111 -0.588102 -2
      vertex -5.88471 -1.17054 2
      vertex -5.88471 -1.17054 -2
    endloop
  endfacet
  facet normal 0.903989 -0.427556 0
    outer loop
      vertex -5.54328 2.2961 2
      vertex -5.29153 2.82838 -2
      vertex -5.29153 2.82838 2
    endloop
  endfacet
  facet normal 0.903989 -0.427556 0
    outer loop
      vertex -5.29153 2.82838 -2
      vertex -5.54328 2.2961 2
      vertex -5.54328 2.2961 -2
    endloop
  endfacet
  facet normal 0.671558 0.740952 -0
    outer loop
      vertex -3.80636 -4.63806 -2
      vertex -4.24264 -4.24264 2
      vertex -3.80636 -4.63806 2
    endloop
  endfacet
  facet normal 0.671558 0.740952 0
    outer loop
      vertex -4.24264 -4.24264 2
      vertex -3.80636 -4.63806 -2
      vertex -4.24264 -4.24264 -2
    endloop
  endfacet
  facet normal 0.803204 -0.595703 0
    outer loop
      vertex -4.98882 3.33342 2
      vertex -4.63806 3.80636 -2
      vertex -4.63806 3.80636 2
    endloop
  endfacet
  facet normal 0.803204 -0.595703 0
    outer loop
      vertex -4.63806 3.80636 -2
      vertex -4.98882 3.33342 2
      vertex -4.98882 3.33342 -2
    endloop
  endfacet
  facet normal 0.049065 0.998796 -0
    outer loop
      vertex 0 -6 -2
      vertex -0.588102 -5.97111 2
      vertex 0 -6 2
    endloop
  endfacet
  facet normal 0.049065 0.998796 0
    outer loop
      vertex -0.588102 -5.97111 2
      vertex 0 -6 -2
      vertex -0.588102 -5.97111 -2
    endloop
  endfacet
  facet normal 0.998796 -0.049065 0
    outer loop
      vertex -6 0 2
      vertex -5.97111 0.588102 -2
      vertex -5.97111 0.588102 2
    endloop
  endfacet
  facet normal 0.998796 -0.049065 0
    outer loop
      vertex -5.97111 0.588102 -2
      vertex -6 0 2
      vertex -6 0 -2
    endloop
  endfacet
  facet normal -0.671558 0.740952 0
    outer loop
      vertex 4.24264 -4.24264 -2
      vertex 3.80636 -4.63806 2
      vertex 4.24264 -4.24264 2
    endloop
  endfacet
  facet normal -0.671558 0.740952 0
    outer loop
      vertex 3.80636 -4.63806 2
      vertex 4.24264 -4.24264 -2
      vertex 3.80636 -4.63806 -2
    endloop
  endfacet
  facet normal 0.989176 0.146736 0
    outer loop
      vertex 1.49278 0.147025 -1
      vertex 1.47118 0.292635 -1.5
      vertex 1.47118 0.292635 -1
    endloop
  endfacet
  facet normal 0.989176 0.146736 0
    outer loop
      vertex 1.47118 0.292635 -1.5
      vertex 1.49278 0.147025 -1
      vertex 1.49278 0.147025 -1.5
    endloop
  endfacet
  facet normal 0.989176 0.146736 0
    outer loop
      vertex 1.49278 0.147025 1.5
      vertex 1.47118 0.292635 1
      vertex 1.47118 0.292635 1.5
    endloop
  endfacet
  facet normal 0.989176 0.146736 0
    outer loop
      vertex 1.47118 0.292635 1
      vertex 1.49278 0.147025 1.5
      vertex 1.49278 0.147025 1
    endloop
  endfacet
  facet normal 0.998796 0.0490482 0
    outer loop
      vertex 1.5 0 -1
      vertex 1.49278 0.147025 -1.5
      vertex 1.49278 0.147025 -1
    endloop
  endfacet
  facet normal 0.998796 0.0490482 0
    outer loop
      vertex 1.49278 0.147025 -1.5
      vertex 1.5 0 -1
      vertex 1.5 0 -1.5
    endloop
  endfacet
  facet normal 0.998796 0.0490482 0
    outer loop
      vertex 1.5 0 1.5
      vertex 1.49278 0.147025 1
      vertex 1.49278 0.147025 1.5
    endloop
  endfacet
  facet normal 0.998796 0.0490482 0
    outer loop
      vertex 1.49278 0.147025 1
      vertex 1.5 0 1.5
      vertex 1.5 0 1
    endloop
  endfacet
  facet normal 0.970027 0.242996 0
    outer loop
      vertex 1.47118 0.292635 -1
      vertex 1.43541 0.435427 -1.5
      vertex 1.43541 0.435427 -1
    endloop
  endfacet
  facet normal 0.970027 0.242996 0
    outer loop
      vertex 1.43541 0.435427 -1.5
      vertex 1.47118 0.292635 -1
      vertex 1.47118 0.292635 -1.5
    endloop
  endfacet
  facet normal 0.970027 0.242996 0
    outer loop
      vertex 1.47118 0.292635 1.5
      vertex 1.43541 0.435427 1
      vertex 1.43541 0.435427 1.5
    endloop
  endfacet
  facet normal 0.970027 0.242996 0
    outer loop
      vertex 1.43541 0.435427 1
      vertex 1.47118 0.292635 1.5
      vertex 1.47118 0.292635 1
    endloop
  endfacet
  facet normal 0.427569 -0.903983 0
    outer loop
      vertex 0.574024 -1.38582 1
      vertex 0.707094 -1.32288 1.5
      vertex 0.574024 -1.38582 1.5
    endloop
  endfacet
  facet normal 0.427569 -0.903983 0
    outer loop
      vertex 0.707094 -1.32288 1.5
      vertex 0.574024 -1.38582 1
      vertex 0.707094 -1.32288 1
    endloop
  endfacet
  facet normal 0.427569 -0.903983 0
    outer loop
      vertex 0.574024 -1.38582 -1.5
      vertex 0.707094 -1.32288 -1
      vertex 0.574024 -1.38582 -1
    endloop
  endfacet
  facet normal 0.427569 -0.903983 0
    outer loop
      vertex 0.707094 -1.32288 -1
      vertex 0.574024 -1.38582 -1.5
      vertex 0.707094 -1.32288 -1.5
    endloop
  endfacet
  facet normal -0.59566 0.803237 0
    outer loop
      vertex -0.833355 1.2472 -1.5
      vertex -0.95159 1.15952 -1
      vertex -0.833355 1.2472 -1
    endloop
  endfacet
  facet normal -0.59566 0.803237 0
    outer loop
      vertex -0.95159 1.15952 -1
      vertex -0.833355 1.2472 -1.5
      vertex -0.95159 1.15952 -1.5
    endloop
  endfacet
  facet normal -0.59566 0.803237 0
    outer loop
      vertex -0.833355 1.2472 1
      vertex -0.95159 1.15952 1.5
      vertex -0.833355 1.2472 1.5
    endloop
  endfacet
  facet normal -0.59566 0.803237 0
    outer loop
      vertex -0.95159 1.15952 1.5
      vertex -0.833355 1.2472 1
      vertex -0.95159 1.15952 1
    endloop
  endfacet
  facet normal 0.242996 0.970027 -0
    outer loop
      vertex 0.435427 1.43541 1
      vertex 0.292635 1.47118 1.5
      vertex 0.435427 1.43541 1.5
    endloop
  endfacet
  facet normal 0.242996 0.970027 0
    outer loop
      vertex 0.292635 1.47118 1.5
      vertex 0.435427 1.43541 1
      vertex 0.292635 1.47118 1
    endloop
  endfacet
  facet normal 0.242996 0.970027 -0
    outer loop
      vertex 0.435427 1.43541 -1.5
      vertex 0.292635 1.47118 -1
      vertex 0.435427 1.43541 -1
    endloop
  endfacet
  facet normal 0.242996 0.970027 0
    outer loop
      vertex 0.292635 1.47118 -1
      vertex 0.435427 1.43541 -1.5
      vertex 0.292635 1.47118 -1.5
    endloop
  endfacet
  facet normal -0.903983 0.427569 0
    outer loop
      vertex -1.38582 0.574024 -1.5
      vertex -1.32288 0.707094 -1
      vertex -1.32288 0.707094 -1.5
    endloop
  endfacet
  facet normal -0.903983 0.427569 0
    outer loop
      vertex -1.32288 0.707094 -1
      vertex -1.38582 0.574024 -1.5
      vertex -1.38582 0.574024 -1
    endloop
  endfacet
  facet normal -0.903983 0.427569 0
    outer loop
      vertex -1.38582 0.574024 1
      vertex -1.32288 0.707094 1.5
      vertex -1.32288 0.707094 1
    endloop
  endfacet
  facet normal -0.903983 0.427569 0
    outer loop
      vertex -1.32288 0.707094 1.5
      vertex -1.38582 0.574024 1
      vertex -1.38582 0.574024 1.5
    endloop
  endfacet
  facet normal -0.970027 0.242996 0
    outer loop
      vertex -1.47118 0.292635 1
      vertex -1.43541 0.435427 1.5
      vertex -1.43541 0.435427 1
    endloop
  endfacet
  facet normal -0.970027 0.242996 0
    outer loop
      vertex -1.43541 0.435427 1.5
      vertex -1.47118 0.292635 1
      vertex -1.47118 0.292635 1.5
    endloop
  endfacet
  facet normal -0.970027 0.242996 0
    outer loop
      vertex -1.47118 0.292635 -1.5
      vertex -1.43541 0.435427 -1
      vertex -1.43541 0.435427 -1.5
    endloop
  endfacet
  facet normal -0.970027 0.242996 0
    outer loop
      vertex -1.43541 0.435427 -1
      vertex -1.47118 0.292635 -1.5
      vertex -1.47118 0.292635 -1
    endloop
  endfacet
  facet normal 0.514113 -0.857722 0
    outer loop
      vertex 0.707094 -1.32288 1
      vertex 0.833355 -1.2472 1.5
      vertex 0.707094 -1.32288 1.5
    endloop
  endfacet
  facet normal 0.514113 -0.857722 0
    outer loop
      vertex 0.833355 -1.2472 1.5
      vertex 0.707094 -1.32288 1
      vertex 0.833355 -1.2472 1
    endloop
  endfacet
  facet normal 0.514113 -0.857722 0
    outer loop
      vertex 0.707094 -1.32288 -1.5
      vertex 0.833355 -1.2472 -1
      vertex 0.707094 -1.32288 -1
    endloop
  endfacet
  facet normal 0.514113 -0.857722 0
    outer loop
      vertex 0.833355 -1.2472 -1
      vertex 0.707094 -1.32288 -1.5
      vertex 0.833355 -1.2472 -1.5
    endloop
  endfacet
  facet normal 0.242996 -0.970027 0
    outer loop
      vertex 0.292635 -1.47118 -1.5
      vertex 0.435427 -1.43541 -1
      vertex 0.292635 -1.47118 -1
    endloop
  endfacet
  facet normal 0.242996 -0.970027 0
    outer loop
      vertex 0.435427 -1.43541 -1
      vertex 0.292635 -1.47118 -1.5
      vertex 0.435427 -1.43541 -1.5
    endloop
  endfacet
  facet normal 0.242996 -0.970027 0
    outer loop
      vertex 0.292635 -1.47118 1
      vertex 0.435427 -1.43541 1.5
      vertex 0.292635 -1.47118 1.5
    endloop
  endfacet
  facet normal 0.242996 -0.970027 0
    outer loop
      vertex 0.435427 -1.43541 1.5
      vertex 0.292635 -1.47118 1
      vertex 0.435427 -1.43541 1
    endloop
  endfacet
  facet normal 0.0490482 0.998796 -0
    outer loop
      vertex 0.147025 1.49278 -1.5
      vertex 0 1.5 -1
      vertex 0.147025 1.49278 -1
    endloop
  endfacet
  facet normal 0.0490482 0.998796 0
    outer loop
      vertex 0 1.5 -1
      vertex 0.147025 1.49278 -1.5
      vertex 0 1.5 -1.5
    endloop
  endfacet
  facet normal 0.0490482 0.998796 -0
    outer loop
      vertex 0.147025 1.49278 1
      vertex 0 1.5 1.5
      vertex 0.147025 1.49278 1.5
    endloop
  endfacet
  facet normal 0.0490482 0.998796 0
    outer loop
      vertex 0 1.5 1.5
      vertex 0.147025 1.49278 1
      vertex 0 1.5 1
    endloop
  endfacet
  facet normal 0.146736 0.989176 -0
    outer loop
      vertex 0.292635 1.47118 -1.5
      vertex 0.147025 1.49278 -1
      vertex 0.292635 1.47118 -1
    endloop
  endfacet
  facet normal 0.146736 0.989176 0
    outer loop
      vertex 0.147025 1.49278 -1
      vertex 0.292635 1.47118 -1.5
      vertex 0.147025 1.49278 -1.5
    endloop
  endfacet
  facet normal 0.146736 0.989176 -0
    outer loop
      vertex 0.292635 1.47118 1
      vertex 0.147025 1.49278 1.5
      vertex 0.292635 1.47118 1.5
    endloop
  endfacet
  facet normal 0.146736 0.989176 0
    outer loop
      vertex 0.147025 1.49278 1.5
      vertex 0.292635 1.47118 1
      vertex 0.147025 1.49278 1
    endloop
  endfacet
  facet normal 0.427569 0.903983 -0
    outer loop
      vertex 0.707094 1.32288 -1.5
      vertex 0.574024 1.38582 -1
      vertex 0.707094 1.32288 -1
    endloop
  endfacet
  facet normal 0.427569 0.903983 0
    outer loop
      vertex 0.574024 1.38582 -1
      vertex 0.707094 1.32288 -1.5
      vertex 0.574024 1.38582 -1.5
    endloop
  endfacet
  facet normal 0.427569 0.903983 -0
    outer loop
      vertex 0.707094 1.32288 1
      vertex 0.574024 1.38582 1.5
      vertex 0.707094 1.32288 1.5
    endloop
  endfacet
  facet normal 0.427569 0.903983 0
    outer loop
      vertex 0.574024 1.38582 1.5
      vertex 0.707094 1.32288 1
      vertex 0.574024 1.38582 1
    endloop
  endfacet
  facet normal 0.146736 -0.989176 0
    outer loop
      vertex 0.147025 -1.49278 1
      vertex 0.292635 -1.47118 1.5
      vertex 0.147025 -1.49278 1.5
    endloop
  endfacet
  facet normal 0.146736 -0.989176 0
    outer loop
      vertex 0.292635 -1.47118 1.5
      vertex 0.147025 -1.49278 1
      vertex 0.292635 -1.47118 1
    endloop
  endfacet
  facet normal 0.146736 -0.989176 0
    outer loop
      vertex 0.147025 -1.49278 -1.5
      vertex 0.292635 -1.47118 -1
      vertex 0.147025 -1.49278 -1
    endloop
  endfacet
  facet normal 0.146736 -0.989176 0
    outer loop
      vertex 0.292635 -1.47118 -1
      vertex 0.147025 -1.49278 -1.5
      vertex 0.292635 -1.47118 -1.5
    endloop
  endfacet
  facet normal 0 0 1
    outer loop
      vertex 1.49278 0.147025 1.5
      vertex 1.49278 -0.147025 1.5
      vertex 1.5 0 1.5
    endloop
  endfacet
  facet normal 0 0 1
    outer loop
      vertex 1.47118 0.292635 1.5
      vertex 1.49278 -0.147025 1.5
      vertex 1.49278 0.147025 1.5
    endloop
  endfacet
  facet normal 0 0 1
    outer loop
      vertex 1.47118 0.292635 1.5
      vertex 1.47118 -0.292635 1.5
      vertex 1.49278 -0.147025 1.5
    endloop
  endfacet
  facet normal 0 0 1
    outer loop
      vertex 1.43541 0.435427 1.5
      vertex 1.47118 -0.292635 1.5
      vertex 1.47118 0.292635 1.5
    endloop
  endfacet
  facet normal 0 0 1
    outer loop
      vertex 1.43541 0.435427 1.5
      vertex 1.43541 -0.435427 1.5
      vertex 1.47118 -0.292635 1.5
    endloop
  endfacet
  facet normal 0 0 1
    outer loop
      vertex 1.38582 0.574024 1.5
      vertex 1.43541 -0.435427 1.5
      vertex 1.43541 0.435427 1.5
    endloop
  endfacet
  facet normal 0 0 1
    outer loop
      vertex 1.38582 0.574024 1.5
      vertex 1.38582 -0.574024 1.5
      vertex 1.43541 -0.435427 1.5
    endloop
  endfacet
  facet normal 0 0 1
    outer loop
      vertex 1.32288 0.707094 1.5
      vertex 1.38582 -0.574024 1.5
      vertex 1.38582 0.574024 1.5
    endloop
  endfacet
  facet normal 0 0 1
    outer loop
      vertex 1.32288 0.707094 1.5
      vertex 1.32288 -0.707094 1.5
      vertex 1.38582 -0.574024 1.5
    endloop
  endfacet
  facet normal 0 0 1
    outer loop
      vertex 1.2472 0.833355 1.5
      vertex 1.32288 -0.707094 1.5
      vertex 1.32288 0.707094 1.5
    endloop
  endfacet
  facet normal 0 0 1
    outer loop
      vertex 1.2472 0.833355 1.5
      vertex 1.2472 -0.833355 1.5
      vertex 1.32288 -0.707094 1.5
    endloop
  endfacet
  facet normal 0 0 1
    outer loop
      vertex 1.15952 0.95159 1.5
      vertex 1.2472 -0.833355 1.5
      vertex 1.2472 0.833355 1.5
    endloop
  endfacet
  facet normal 0 0 1
    outer loop
      vertex 1.15952 0.95159 1.5
      vertex 1.15952 -0.95159 1.5
      vertex 1.2472 -0.833355 1.5
    endloop
  endfacet
  facet normal 0 0 1
    outer loop
      vertex 1.06066 1.06066 1.5
      vertex 1.15952 -0.95159 1.5
      vertex 1.15952 0.95159 1.5
    endloop
  endfacet
  facet normal 0 0 1
    outer loop
      vertex 1.06066 1.06066 1.5
      vertex 1.06066 -1.06066 1.5
      vertex 1.15952 -0.95159 1.5
    endloop
  endfacet
  facet normal 0 0 1
    outer loop
      vertex 0.95159 1.15952 1.5
      vertex 1.06066 -1.06066 1.5
      vertex 1.06066 1.06066 1.5
    endloop
  endfacet
  facet normal 0 0 1
    outer loop
      vertex 0.95159 1.15952 1.5
      vertex 0.95159 -1.15952 1.5
      vertex 1.06066 -1.06066 1.5
    endloop
  endfacet
  facet normal 0 0 1
    outer loop
      vertex 0.833355 1.2472 1.5
      vertex 0.95159 -1.15952 1.5
      vertex 0.95159 1.15952 1.5
    endloop
  endfacet
  facet normal 0 0 1
    outer loop
      vertex 0.833355 1.2472 1.5
      vertex 0.833355 -1.2472 1.5
      vertex 0.95159 -1.15952 1.5
    endloop
  endfacet
  facet normal 0 0 1
    outer loop
      vertex 0.707094 1.32288 1.5
      vertex 0.833355 -1.2472 1.5
      vertex 0.833355 1.2472 1.5
    endloop
  endfacet
  facet normal 0 0 1
    outer loop
      vertex 0.707094 1.32288 1.5
      vertex 0.707094 -1.32288 1.5
      vertex 0.833355 -1.2472 1.5
    endloop
  endfacet
  facet normal 0 0 1
    outer loop
      vertex 0.574024 1.38582 1.5
      vertex 0.707094 -1.32288 1.5
      vertex 0.707094 1.32288 1.5
    endloop
  endfacet
  facet normal 0 0 1
    outer loop
      vertex 0.574024 1.38582 1.5
      vertex 0.574024 -1.38582 1.5
      vertex 0.707094 -1.32288 1.5
    endloop
  endfacet
  facet normal 0 0 1
    outer loop
      vertex 0.435427 1.43541 1.5
      vertex 0.574024 -1.38582 1.5
      vertex 0.574024 1.38582 1.5
    endloop
  endfacet
  facet normal 0 0 1
    outer loop
      vertex 0.435427 1.43541 1.5
      vertex 0.435427 -1.43541 1.5
      vertex 0.574024 -1.38582 1.5
    endloop
  endfacet
  facet normal 0 0 1
    outer loop
      vertex 0.292635 1.47118 1.5
      vertex 0.435427 -1.43541 1.5
      vertex 0.435427 1.43541 1.5
    endloop
  endfacet
  facet normal 0 0 1
    outer loop
      vertex 0.292635 1.47118 1.5
      vertex 0.292635 -1.47118 1.5
      vertex 0.435427 -1.43541 1.5
    endloop
  endfacet
  facet normal 0 0 1
    outer loop
      vertex 0.147025 1.49278 1.5
      vertex 0.292635 -1.47118 1.5
      vertex 0.292635 1.47118 1.5
    endloop
  endfacet
  facet normal 0 0 1
    outer loop
      vertex 0.147025 1.49278 1.5
      vertex 0.147025 -1.49278 1.5
      vertex 0.292635 -1.47118 1.5
    endloop
  endfacet
  facet normal 0 0 1
    outer loop
      vertex 0 1.5 1.5
      vertex 0.147025 -1.49278 1.5
      vertex 0.147025 1.49278 1.5
    endloop
  endfacet
  facet normal 0 0 1
    outer loop
      vertex 0 1.5 1.5
      vertex 0 -1.5 1.5
      vertex 0.147025 -1.49278 1.5
    endloop
  endfacet
  facet normal -0 0 1
    outer loop
      vertex -0.147025 1.49278 1.5
      vertex 0 -1.5 1.5
      vertex 0 1.5 1.5
    endloop
  endfacet
  facet normal 0 0 1
    outer loop
      vertex -0.147025 1.49278 1.5
      vertex -0.147025 -1.49278 1.5
      vertex 0 -1.5 1.5
    endloop
  endfacet
  facet normal -0 0 1
    outer loop
      vertex -0.292635 1.47118 1.5
      vertex -0.147025 -1.49278 1.5
      vertex -0.147025 1.49278 1.5
    endloop
  endfacet
  facet normal 0 0 1
    outer loop
      vertex -0.292635 1.47118 1.5
      vertex -0.292635 -1.47118 1.5
      vertex -0.147025 -1.49278 1.5
    endloop
  endfacet
  facet normal -0 0 1
    outer loop
      vertex -0.435427 1.43541 1.5
      vertex -0.292635 -1.47118 1.5
      vertex -0.292635 1.47118 1.5
    endloop
  endfacet
  facet normal 0 0 1
    outer loop
      vertex -0.435427 1.43541 1.5
      vertex -0.435427 -1.43541 1.5
      vertex -0.292635 -1.47118 1.5
    endloop
  endfacet
  facet normal -0 0 1
    outer loop
      vertex -0.574024 1.38582 1.5
      vertex -0.435427 -1.43541 1.5
      vertex -0.435427 1.43541 1.5
    endloop
  endfacet
  facet normal 0 0 1
    outer loop
      vertex -0.574024 1.38582 1.5
      vertex -0.574024 -1.38582 1.5
      vertex -0.435427 -1.43541 1.5
    endloop
  endfacet
  facet normal -0 0 1
    outer loop
      vertex -0.707094 1.32288 1.5
      vertex -0.574024 -1.38582 1.5
      vertex -0.574024 1.38582 1.5
    endloop
  endfacet
  facet normal 0 0 1
    outer loop
      vertex -0.707094 1.32288 1.5
      vertex -0.707094 -1.32288 1.5
      vertex -0.574024 -1.38582 1.5
    endloop
  endfacet
  facet normal -0 0 1
    outer loop
      vertex -0.833355 1.2472 1.5
      vertex -0.707094 -1.32288 1.5
      vertex -0.707094 1.32288 1.5
    endloop
  endfacet
  facet normal 0 0 1
    outer loop
      vertex -0.833355 1.2472 1.5
      vertex -0.833355 -1.2472 1.5
      vertex -0.707094 -1.32288 1.5
    endloop
  endfacet
  facet normal -0 0 1
    outer loop
      vertex -0.95159 1.15952 1.5
      vertex -0.833355 -1.2472 1.5
      vertex -0.833355 1.2472 1.5
    endloop
  endfacet
  facet normal 0 0 1
    outer loop
      vertex -0.95159 1.15952 1.5
      vertex -0.95159 -1.15952 1.5
      vertex -0.833355 -1.2472 1.5
    endloop
  endfacet
  facet normal -0 0 1
    outer loop
      vertex -1.06066 1.06066 1.5
      vertex -0.95159 -1.15952 1.5
      vertex -0.95159 1.15952 1.5
    endloop
  endfacet
  facet normal 0 0 1
    outer loop
      vertex -1.06066 1.06066 1.5
      vertex -1.06066 -1.06066 1.5
      vertex -0.95159 -1.15952 1.5
    endloop
  endfacet
  facet normal -0 0 1
    outer loop
      vertex -1.15952 0.95159 1.5
      vertex -1.06066 -1.06066 1.5
      vertex -1.06066 1.06066 1.5
    endloop
  endfacet
  facet normal 0 0 1
    outer loop
      vertex -1.15952 0.95159 1.5
      vertex -1.15952 -0.95159 1.5
      vertex -1.06066 -1.06066 1.5
    endloop
  endfacet
  facet normal -0 0 1
    outer loop
      vertex -1.2472 0.833355 1.5
      vertex -1.15952 -0.95159 1.5
      vertex -1.15952 0.95159 1.5
    endloop
  endfacet
  facet normal 0 0 1
    outer loop
      vertex -1.2472 0.833355 1.5
      vertex -1.2472 -0.833355 1.5
      vertex -1.15952 -0.95159 1.5
    endloop
  endfacet
  facet normal -0 0 1
    outer loop
      vertex -1.32288 0.707094 1.5
      vertex -1.2472 -0.833355 1.5
      vertex -1.2472 0.833355 1.5
    endloop
  endfacet
  facet normal 0 0 1
    outer loop
      vertex -1.32288 0.707094 1.5
      vertex -1.32288 -0.707094 1.5
      vertex -1.2472 -0.833355 1.5
    endloop
  endfacet
  facet normal -0 0 1
    outer loop
      vertex -1.38582 0.574024 1.5
      vertex -1.32288 -0.707094 1.5
      vertex -1.32288 0.707094 1.5
    endloop
  endfacet
  facet normal 0 0 1
    outer loop
      vertex -1.38582 0.574024 1.5
      vertex -1.38582 -0.574024 1.5
      vertex -1.32288 -0.707094 1.5
    endloop
  endfacet
  facet normal -0 0 1
    outer loop
      vertex -1.43541 0.435427 1.5
      vertex -1.38582 -0.574024 1.5
      vertex -1.38582 0.574024 1.5
    endloop
  endfacet
  facet normal 0 0 1
    outer loop
      vertex -1.43541 0.435427 1.5
      vertex -1.43541 -0.435427 1.5
      vertex -1.38582 -0.574024 1.5
    endloop
  endfacet
  facet normal -0 0 1
    outer loop
      vertex -1.47118 0.292635 1.5
      vertex -1.43541 -0.435427 1.5
      vertex -1.43541 0.435427 1.5
    endloop
  endfacet
  facet normal 0 0 1
    outer loop
      vertex -1.47118 0.292635 1.5
      vertex -1.47118 -0.292635 1.5
      vertex -1.43541 -0.435427 1.5
    endloop
  endfacet
  facet normal -0 0 1
    outer loop
      vertex -1.49278 0.147025 1.5
      vertex -1.47118 -0.292635 1.5
      vertex -1.47118 0.292635 1.5
    endloop
  endfacet
  facet normal 0 0 1
    outer loop
      vertex -1.49278 0.147025 1.5
      vertex -1.49278 -0.147025 1.5
      vertex -1.47118 -0.292635 1.5
    endloop
  endfacet
  facet normal 0 -0 1
    outer loop
      vertex -1.49278 -0.147025 1.5
      vertex -1.49278 0.147025 1.5
      vertex -1.5 0 1.5
    endloop
  endfacet
  facet normal 0.803237 -0.59566 0
    outer loop
      vertex 1.15952 -0.95159 -1
      vertex 1.2472 -0.833355 -1.5
      vertex 1.2472 -0.833355 -1
    endloop
  endfacet
  facet normal 0.803237 -0.59566 0
    outer loop
      vertex 1.2472 -0.833355 -1.5
      vertex 1.15952 -0.95159 -1
      vertex 1.15952 -0.95159 -1.5
    endloop
  endfacet
  facet normal 0.803237 -0.59566 0
    outer loop
      vertex 1.15952 -0.95159 1.5
      vertex 1.2472 -0.833355 1
      vertex 1.2472 -0.833355 1.5
    endloop
  endfacet
  facet normal 0.803237 -0.59566 0
    outer loop
      vertex 1.2472 -0.833355 1
      vertex 1.15952 -0.95159 1.5
      vertex 1.15952 -0.95159 1
    endloop
  endfacet
  facet normal -0.740935 -0.671577 0
    outer loop
      vertex -1.06066 -1.06066 -1.5
      vertex -1.15952 -0.95159 -1
      vertex -1.15952 -0.95159 -1.5
    endloop
  endfacet
  facet normal -0.740935 -0.671577 0
    outer loop
      vertex -1.15952 -0.95159 -1
      vertex -1.06066 -1.06066 -1.5
      vertex -1.06066 -1.06066 -1
    endloop
  endfacet
  facet normal -0.740935 -0.671577 0
    outer loop
      vertex -1.06066 -1.06066 1
      vertex -1.15952 -0.95159 1.5
      vertex -1.15952 -0.95159 1
    endloop
  endfacet
  facet normal -0.740935 -0.671577 0
    outer loop
      vertex -1.15952 -0.95159 1.5
      vertex -1.06066 -1.06066 1
      vertex -1.06066 -1.06066 1.5
    endloop
  endfacet
  facet normal -0.514113 0.857722 0
    outer loop
      vertex -0.707094 1.32288 1
      vertex -0.833355 1.2472 1.5
      vertex -0.707094 1.32288 1.5
    endloop
  endfacet
  facet normal -0.514113 0.857722 0
    outer loop
      vertex -0.833355 1.2472 1.5
      vertex -0.707094 1.32288 1
      vertex -0.833355 1.2472 1
    endloop
  endfacet
  facet normal -0.514113 0.857722 0
    outer loop
      vertex -0.707094 1.32288 -1.5
      vertex -0.833355 1.2472 -1
      vertex -0.707094 1.32288 -1
    endloop
  endfacet
  facet normal -0.514113 0.857722 0
    outer loop
      vertex -0.833355 1.2472 -1
      vertex -0.707094 1.32288 -1.5
      vertex -0.833355 1.2472 -1.5
    endloop
  endfacet
  facet normal 0.989176 -0.146736 0
    outer loop
      vertex 1.47118 -0.292635 1.5
      vertex 1.49278 -0.147025 1
      vertex 1.49278 -0.147025 1.5
    endloop
  endfacet
  facet normal 0.989176 -0.146736 0
    outer loop
      vertex 1.49278 -0.147025 1
      vertex 1.47118 -0.292635 1.5
      vertex 1.47118 -0.292635 1
    endloop
  endfacet
  facet normal 0.989176 -0.146736 0
    outer loop
      vertex 1.47118 -0.292635 -1
      vertex 1.49278 -0.147025 -1.5
      vertex 1.49278 -0.147025 -1
    endloop
  endfacet
  facet normal 0.989176 -0.146736 0
    outer loop
      vertex 1.49278 -0.147025 -1.5
      vertex 1.47118 -0.292635 -1
      vertex 1.47118 -0.292635 -1.5
    endloop
  endfacet
  facet normal -0.146736 -0.989176 0
    outer loop
      vertex -0.292635 -1.47118 1
      vertex -0.147025 -1.49278 1.5
      vertex -0.292635 -1.47118 1.5
    endloop
  endfacet
  facet normal -0.146736 -0.989176 -0
    outer loop
      vertex -0.147025 -1.49278 1.5
      vertex -0.292635 -1.47118 1
      vertex -0.147025 -1.49278 1
    endloop
  endfacet
  facet normal -0.146736 -0.989176 0
    outer loop
      vertex -0.292635 -1.47118 -1.5
      vertex -0.147025 -1.49278 -1
      vertex -0.292635 -1.47118 -1
    endloop
  endfacet
  facet normal -0.146736 -0.989176 -0
    outer loop
      vertex -0.147025 -1.49278 -1
      vertex -0.292635 -1.47118 -1.5
      vertex -0.147025 -1.49278 -1.5
    endloop
  endfacet
  facet normal 0.59566 -0.803237 0
    outer loop
      vertex 0.833355 -1.2472 1
      vertex 0.95159 -1.15952 1.5
      vertex 0.833355 -1.2472 1.5
    endloop
  endfacet
  facet normal 0.59566 -0.803237 0
    outer loop
      vertex 0.95159 -1.15952 1.5
      vertex 0.833355 -1.2472 1
      vertex 0.95159 -1.15952 1
    endloop
  endfacet
  facet normal 0.59566 -0.803237 0
    outer loop
      vertex 0.833355 -1.2472 -1.5
      vertex 0.95159 -1.15952 -1
      vertex 0.833355 -1.2472 -1
    endloop
  endfacet
  facet normal 0.59566 -0.803237 0
    outer loop
      vertex 0.95159 -1.15952 -1
      vertex 0.833355 -1.2472 -1.5
      vertex 0.95159 -1.15952 -1.5
    endloop
  endfacet
  facet normal -0.0490482 -0.998796 0
    outer loop
      vertex -0.147025 -1.49278 1
      vertex 0 -1.5 1.5
      vertex -0.147025 -1.49278 1.5
    endloop
  endfacet
  facet normal -0.0490482 -0.998796 -0
    outer loop
      vertex 0 -1.5 1.5
      vertex -0.147025 -1.49278 1
      vertex 0 -1.5 1
    endloop
  endfacet
  facet normal -0.0490482 -0.998796 0
    outer loop
      vertex -0.147025 -1.49278 -1.5
      vertex 0 -1.5 -1
      vertex -0.147025 -1.49278 -1
    endloop
  endfacet
  facet normal -0.0490482 -0.998796 -0
    outer loop
      vertex 0 -1.5 -1
      vertex -0.147025 -1.49278 -1.5
      vertex 0 -1.5 -1.5
    endloop
  endfacet
  facet normal 0.59566 0.803237 -0
    outer loop
      vertex 0.95159 1.15952 1
      vertex 0.833355 1.2472 1.5
      vertex 0.95159 1.15952 1.5
    endloop
  endfacet
  facet normal 0.59566 0.803237 0
    outer loop
      vertex 0.833355 1.2472 1.5
      vertex 0.95159 1.15952 1
      vertex 0.833355 1.2472 1
    endloop
  endfacet
  facet normal 0.59566 0.803237 -0
    outer loop
      vertex 0.95159 1.15952 -1.5
      vertex 0.833355 1.2472 -1
      vertex 0.95159 1.15952 -1
    endloop
  endfacet
  facet normal 0.59566 0.803237 0
    outer loop
      vertex 0.833355 1.2472 -1
      vertex 0.95159 1.15952 -1.5
      vertex 0.833355 1.2472 -1.5
    endloop
  endfacet
  facet normal 0.970027 -0.242996 0
    outer loop
      vertex 1.43541 -0.435427 1.5
      vertex 1.47118 -0.292635 1
      vertex 1.47118 -0.292635 1.5
    endloop
  endfacet
  facet normal 0.970027 -0.242996 0
    outer loop
      vertex 1.47118 -0.292635 1
      vertex 1.43541 -0.435427 1.5
      vertex 1.43541 -0.435427 1
    endloop
  endfacet
  facet normal 0.970027 -0.242996 0
    outer loop
      vertex 1.43541 -0.435427 -1
      vertex 1.47118 -0.292635 -1.5
      vertex 1.47118 -0.292635 -1
    endloop
  endfacet
  facet normal 0.970027 -0.242996 0
    outer loop
      vertex 1.47118 -0.292635 -1.5
      vertex 1.43541 -0.435427 -1
      vertex 1.43541 -0.435427 -1.5
    endloop
  endfacet
  facet normal -0.989176 0.146736 0
    outer loop
      vertex -1.49278 0.147025 1
      vertex -1.47118 0.292635 1.5
      vertex -1.47118 0.292635 1
    endloop
  endfacet
  facet normal -0.989176 0.146736 0
    outer loop
      vertex -1.47118 0.292635 1.5
      vertex -1.49278 0.147025 1
      vertex -1.49278 0.147025 1.5
    endloop
  endfacet
  facet normal -0.989176 0.146736 0
    outer loop
      vertex -1.49278 0.147025 -1.5
      vertex -1.47118 0.292635 -1
      vertex -1.47118 0.292635 -1.5
    endloop
  endfacet
  facet normal -0.989176 0.146736 0
    outer loop
      vertex -1.47118 0.292635 -1
      vertex -1.49278 0.147025 -1.5
      vertex -1.49278 0.147025 -1
    endloop
  endfacet
  facet normal -0.857722 0.514113 0
    outer loop
      vertex -1.32288 0.707094 1
      vertex -1.2472 0.833355 1.5
      vertex -1.2472 0.833355 1
    endloop
  endfacet
  facet normal -0.857722 0.514113 0
    outer loop
      vertex -1.2472 0.833355 1.5
      vertex -1.32288 0.707094 1
      vertex -1.32288 0.707094 1.5
    endloop
  endfacet
  facet normal -0.857722 0.514113 0
    outer loop
      vertex -1.32288 0.707094 -1.5
      vertex -1.2472 0.833355 -1
      vertex -1.2472 0.833355 -1.5
    endloop
  endfacet
  facet normal -0.857722 0.514113 0
    outer loop
      vertex -1.2472 0.833355 -1
      vertex -1.32288 0.707094 -1.5
      vertex -1.32288 0.707094 -1
    endloop
  endfacet
  facet normal -0.941546 -0.336885 0
    outer loop
      vertex -1.38582 -0.574024 1
      vertex -1.43541 -0.435427 1.5
      vertex -1.43541 -0.435427 1
    endloop
  endfacet
  facet normal -0.941546 -0.336885 0
    outer loop
      vertex -1.43541 -0.435427 1.5
      vertex -1.38582 -0.574024 1
      vertex -1.38582 -0.574024 1.5
    endloop
  endfacet
  facet normal -0.941546 -0.336885 0
    outer loop
      vertex -1.38582 -0.574024 -1.5
      vertex -1.43541 -0.435427 -1
      vertex -1.43541 -0.435427 -1.5
    endloop
  endfacet
  facet normal -0.941546 -0.336885 0
    outer loop
      vertex -1.43541 -0.435427 -1
      vertex -1.38582 -0.574024 -1.5
      vertex -1.38582 -0.574024 -1
    endloop
  endfacet
  facet normal -0.146736 0.989176 0
    outer loop
      vertex -0.147025 1.49278 1
      vertex -0.292635 1.47118 1.5
      vertex -0.147025 1.49278 1.5
    endloop
  endfacet
  facet normal -0.146736 0.989176 0
    outer loop
      vertex -0.292635 1.47118 1.5
      vertex -0.147025 1.49278 1
      vertex -0.292635 1.47118 1
    endloop
  endfacet
  facet normal -0.146736 0.989176 0
    outer loop
      vertex -0.147025 1.49278 -1.5
      vertex -0.292635 1.47118 -1
      vertex -0.147025 1.49278 -1
    endloop
  endfacet
  facet normal -0.146736 0.989176 0
    outer loop
      vertex -0.292635 1.47118 -1
      vertex -0.147025 1.49278 -1.5
      vertex -0.292635 1.47118 -1.5
    endloop
  endfacet
  facet normal 0.803237 0.59566 0
    outer loop
      vertex 1.2472 0.833355 1.5
      vertex 1.15952 0.95159 1
      vertex 1.15952 0.95159 1.5
    endloop
  endfacet
  facet normal 0.803237 0.59566 0
    outer loop
      vertex 1.15952 0.95159 1
      vertex 1.2472 0.833355 1.5
      vertex 1.2472 0.833355 1
    endloop
  endfacet
  facet normal 0.803237 0.59566 0
    outer loop
      vertex 1.2472 0.833355 -1
      vertex 1.15952 0.95159 -1.5
      vertex 1.15952 0.95159 -1
    endloop
  endfacet
  facet normal 0.803237 0.59566 0
    outer loop
      vertex 1.15952 0.95159 -1.5
      vertex 1.2472 0.833355 -1
      vertex 1.2472 0.833355 -1.5
    endloop
  endfacet
  facet normal -0.970027 -0.242996 0
    outer loop
      vertex -1.43541 -0.435427 1
      vertex -1.47118 -0.292635 1.5
      vertex -1.47118 -0.292635 1
    endloop
  endfacet
  facet normal -0.970027 -0.242996 0
    outer loop
      vertex -1.47118 -0.292635 1.5
      vertex -1.43541 -0.435427 1
      vertex -1.43541 -0.435427 1.5
    endloop
  endfacet
  facet normal -0.970027 -0.242996 0
    outer loop
      vertex -1.43541 -0.435427 -1.5
      vertex -1.47118 -0.292635 -1
      vertex -1.47118 -0.292635 -1.5
    endloop
  endfacet
  facet normal -0.970027 -0.242996 0
    outer loop
      vertex -1.47118 -0.292635 -1
      vertex -1.43541 -0.435427 -1.5
      vertex -1.43541 -0.435427 -1
    endloop
  endfacet
  facet normal -0.998796 -0.0490482 0
    outer loop
      vertex -1.49278 -0.147025 1
      vertex -1.5 0 1.5
      vertex -1.5 0 1
    endloop
  endfacet
  facet normal -0.998796 -0.0490482 0
    outer loop
      vertex -1.5 0 1.5
      vertex -1.49278 -0.147025 1
      vertex -1.49278 -0.147025 1.5
    endloop
  endfacet
  facet normal -0.998796 -0.0490482 0
    outer loop
      vertex -1.49278 -0.147025 -1.5
      vertex -1.5 0 -1
      vertex -1.5 0 -1.5
    endloop
  endfacet
  facet normal -0.998796 -0.0490482 0
    outer loop
      vertex -1.5 0 -1
      vertex -1.49278 -0.147025 -1.5
      vertex -1.49278 -0.147025 -1
    endloop
  endfacet
  facet normal 0.514113 0.857722 -0
    outer loop
      vertex 0.833355 1.2472 1
      vertex 0.707094 1.32288 1.5
      vertex 0.833355 1.2472 1.5
    endloop
  endfacet
  facet normal 0.514113 0.857722 0
    outer loop
      vertex 0.707094 1.32288 1.5
      vertex 0.833355 1.2472 1
      vertex 0.707094 1.32288 1
    endloop
  endfacet
  facet normal 0.514113 0.857722 -0
    outer loop
      vertex 0.833355 1.2472 -1.5
      vertex 0.707094 1.32288 -1
      vertex 0.833355 1.2472 -1
    endloop
  endfacet
  facet normal 0.514113 0.857722 0
    outer loop
      vertex 0.707094 1.32288 -1
      vertex 0.833355 1.2472 -1.5
      vertex 0.707094 1.32288 -1.5
    endloop
  endfacet
  facet normal 0.998796 -0.0490482 0
    outer loop
      vertex 1.49278 -0.147025 1.5
      vertex 1.5 0 1
      vertex 1.5 0 1.5
    endloop
  endfacet
  facet normal 0.998796 -0.0490482 0
    outer loop
      vertex 1.5 0 1
      vertex 1.49278 -0.147025 1.5
      vertex 1.49278 -0.147025 1
    endloop
  endfacet
  facet normal 0.998796 -0.0490482 0
    outer loop
      vertex 1.49278 -0.147025 -1
      vertex 1.5 0 -1.5
      vertex 1.5 0 -1
    endloop
  endfacet
  facet normal 0.998796 -0.0490482 0
    outer loop
      vertex 1.5 0 -1.5
      vertex 1.49278 -0.147025 -1
      vertex 1.49278 -0.147025 -1.5
    endloop
  endfacet
  facet normal 0.903983 -0.427569 0
    outer loop
      vertex 1.32288 -0.707094 1.5
      vertex 1.38582 -0.574024 1
      vertex 1.38582 -0.574024 1.5
    endloop
  endfacet
  facet normal 0.903983 -0.427569 0
    outer loop
      vertex 1.38582 -0.574024 1
      vertex 1.32288 -0.707094 1.5
      vertex 1.32288 -0.707094 1
    endloop
  endfacet
  facet normal 0.903983 -0.427569 0
    outer loop
      vertex 1.32288 -0.707094 -1
      vertex 1.38582 -0.574024 -1.5
      vertex 1.38582 -0.574024 -1
    endloop
  endfacet
  facet normal 0.903983 -0.427569 0
    outer loop
      vertex 1.38582 -0.574024 -1.5
      vertex 1.32288 -0.707094 -1
      vertex 1.32288 -0.707094 -1.5
    endloop
  endfacet
  facet normal 0.740935 0.671577 0
    outer loop
      vertex 1.15952 0.95159 1.5
      vertex 1.06066 1.06066 1
      vertex 1.06066 1.06066 1.5
    endloop
  endfacet
  facet normal 0.740935 0.671577 0
    outer loop
      vertex 1.06066 1.06066 1
      vertex 1.15952 0.95159 1.5
      vertex 1.15952 0.95159 1
    endloop
  endfacet
  facet normal 0.740935 0.671577 0
    outer loop
      vertex 1.15952 0.95159 -1
      vertex 1.06066 1.06066 -1.5
      vertex 1.06066 1.06066 -1
    endloop
  endfacet
  facet normal 0.740935 0.671577 0
    outer loop
      vertex 1.06066 1.06066 -1.5
      vertex 1.15952 0.95159 -1
      vertex 1.15952 0.95159 -1.5
    endloop
  endfacet
  facet normal -0.0490482 0.998796 0
    outer loop
      vertex 0 1.5 -1.5
      vertex -0.147025 1.49278 -1
      vertex 0 1.5 -1
    endloop
  endfacet
  facet normal -0.0490482 0.998796 0
    outer loop
      vertex -0.147025 1.49278 -1
      vertex 0 1.5 -1.5
      vertex -0.147025 1.49278 -1.5
    endloop
  endfacet
  facet normal -0.0490482 0.998796 0
    outer loop
      vertex 0 1.5 1
      vertex -0.147025 1.49278 1.5
      vertex 0 1.5 1.5
    endloop
  endfacet
  facet normal -0.0490482 0.998796 0
    outer loop
      vertex -0.147025 1.49278 1.5
      vertex 0 1.5 1
      vertex -0.147025 1.49278 1
    endloop
  endfacet
  facet normal -0.740935 0.671577 0
    outer loop
      vertex -1.15952 0.95159 1
      vertex -1.06066 1.06066 1.5
      vertex -1.06066 1.06066 1
    endloop
  endfacet
  facet normal -0.740935 0.671577 0
    outer loop
      vertex -1.06066 1.06066 1.5
      vertex -1.15952 0.95159 1
      vertex -1.15952 0.95159 1.5
    endloop
  endfacet
  facet normal -0.740935 0.671577 0
    outer loop
      vertex -1.15952 0.95159 -1.5
      vertex -1.06066 1.06066 -1
      vertex -1.06066 1.06066 -1.5
    endloop
  endfacet
  facet normal -0.740935 0.671577 0
    outer loop
      vertex -1.06066 1.06066 -1
      vertex -1.15952 0.95159 -1.5
      vertex -1.15952 0.95159 -1
    endloop
  endfacet
  facet normal -0.671577 -0.740935 0
    outer loop
      vertex -1.06066 -1.06066 -1.5
      vertex -0.95159 -1.15952 -1
      vertex -1.06066 -1.06066 -1
    endloop
  endfacet
  facet normal -0.671577 -0.740935 -0
    outer loop
      vertex -0.95159 -1.15952 -1
      vertex -1.06066 -1.06066 -1.5
      vertex -0.95159 -1.15952 -1.5
    endloop
  endfacet
  facet normal -0.671577 -0.740935 0
    outer loop
      vertex -1.06066 -1.06066 1
      vertex -0.95159 -1.15952 1.5
      vertex -1.06066 -1.06066 1.5
    endloop
  endfacet
  facet normal -0.671577 -0.740935 -0
    outer loop
      vertex -0.95159 -1.15952 1.5
      vertex -1.06066 -1.06066 1
      vertex -0.95159 -1.15952 1
    endloop
  endfacet
  facet normal 0.0490482 -0.998796 0
    outer loop
      vertex 0 -1.5 1
      vertex 0.147025 -1.49278 1.5
      vertex 0 -1.5 1.5
    endloop
  endfacet
  facet normal 0.0490482 -0.998796 0
    outer loop
      vertex 0.147025 -1.49278 1.5
      vertex 0 -1.5 1
      vertex 0.147025 -1.49278 1
    endloop
  endfacet
  facet normal 0.0490482 -0.998796 0
    outer loop
      vertex 0 -1.5 -1.5
      vertex 0.147025 -1.49278 -1
      vertex 0 -1.5 -1
    endloop
  endfacet
  facet normal 0.0490482 -0.998796 0
    outer loop
      vertex 0.147025 -1.49278 -1
      vertex 0 -1.5 -1.5
      vertex 0.147025 -1.49278 -1.5
    endloop
  endfacet
  facet normal 0.941546 0.336885 0
    outer loop
      vertex 1.43541 0.435427 -1
      vertex 1.38582 0.574024 -1.5
      vertex 1.38582 0.574024 -1
    endloop
  endfacet
  facet normal 0.941546 0.336885 0
    outer loop
      vertex 1.38582 0.574024 -1.5
      vertex 1.43541 0.435427 -1
      vertex 1.43541 0.435427 -1.5
    endloop
  endfacet
  facet normal 0.941546 0.336885 0
    outer loop
      vertex 1.43541 0.435427 1.5
      vertex 1.38582 0.574024 1
      vertex 1.38582 0.574024 1.5
    endloop
  endfacet
  facet normal 0.941546 0.336885 0
    outer loop
      vertex 1.38582 0.574024 1
      vertex 1.43541 0.435427 1.5
      vertex 1.43541 0.435427 1
    endloop
  endfacet
  facet normal 0.857722 -0.514113 0
    outer loop
      vertex 1.2472 -0.833355 1.5
      vertex 1.32288 -0.707094 1
      vertex 1.32288 -0.707094 1.5
    endloop
  endfacet
  facet normal 0.857722 -0.514113 0
    outer loop
      vertex 1.32288 -0.707094 1
      vertex 1.2472 -0.833355 1.5
      vertex 1.2472 -0.833355 1
    endloop
  endfacet
  facet normal 0.857722 -0.514113 0
    outer loop
      vertex 1.2472 -0.833355 -1
      vertex 1.32288 -0.707094 -1.5
      vertex 1.32288 -0.707094 -1
    endloop
  endfacet
  facet normal 0.857722 -0.514113 0
    outer loop
      vertex 1.32288 -0.707094 -1.5
      vertex 1.2472 -0.833355 -1
      vertex 1.2472 -0.833355 -1.5
    endloop
  endfacet
  facet normal -0.242996 0.970027 0
    outer loop
      vertex -0.292635 1.47118 1
      vertex -0.435427 1.43541 1.5
      vertex -0.292635 1.47118 1.5
    endloop
  endfacet
  facet normal -0.242996 0.970027 0
    outer loop
      vertex -0.435427 1.43541 1.5
      vertex -0.292635 1.47118 1
      vertex -0.435427 1.43541 1
    endloop
  endfacet
  facet normal -0.242996 0.970027 0
    outer loop
      vertex -0.292635 1.47118 -1.5
      vertex -0.435427 1.43541 -1
      vertex -0.292635 1.47118 -1
    endloop
  endfacet
  facet normal -0.242996 0.970027 0
    outer loop
      vertex -0.435427 1.43541 -1
      vertex -0.292635 1.47118 -1.5
      vertex -0.435427 1.43541 -1.5
    endloop
  endfacet
  facet normal 0.336885 -0.941546 0
    outer loop
      vertex 0.435427 -1.43541 1
      vertex 0.574024 -1.38582 1.5
      vertex 0.435427 -1.43541 1.5
    endloop
  endfacet
  facet normal 0.336885 -0.941546 0
    outer loop
      vertex 0.574024 -1.38582 1.5
      vertex 0.435427 -1.43541 1
      vertex 0.574024 -1.38582 1
    endloop
  endfacet
  facet normal 0.336885 -0.941546 0
    outer loop
      vertex 0.435427 -1.43541 -1.5
      vertex 0.574024 -1.38582 -1
      vertex 0.435427 -1.43541 -1
    endloop
  endfacet
  facet normal 0.336885 -0.941546 0
    outer loop
      vertex 0.574024 -1.38582 -1
      vertex 0.435427 -1.43541 -1.5
      vertex 0.574024 -1.38582 -1.5
    endloop
  endfacet
  facet normal -0.427569 0.903983 0
    outer loop
      vertex -0.574024 1.38582 -1.5
      vertex -0.707094 1.32288 -1
      vertex -0.574024 1.38582 -1
    endloop
  endfacet
  facet normal -0.427569 0.903983 0
    outer loop
      vertex -0.707094 1.32288 -1
      vertex -0.574024 1.38582 -1.5
      vertex -0.707094 1.32288 -1.5
    endloop
  endfacet
  facet normal -0.427569 0.903983 0
    outer loop
      vertex -0.574024 1.38582 1
      vertex -0.707094 1.32288 1.5
      vertex -0.574024 1.38582 1.5
    endloop
  endfacet
  facet normal -0.427569 0.903983 0
    outer loop
      vertex -0.707094 1.32288 1.5
      vertex -0.574024 1.38582 1
      vertex -0.707094 1.32288 1
    endloop
  endfacet
  facet normal 0.903983 0.427569 0
    outer loop
      vertex 1.38582 0.574024 1.5
      vertex 1.32288 0.707094 1
      vertex 1.32288 0.707094 1.5
    endloop
  endfacet
  facet normal 0.903983 0.427569 0
    outer loop
      vertex 1.32288 0.707094 1
      vertex 1.38582 0.574024 1.5
      vertex 1.38582 0.574024 1
    endloop
  endfacet
  facet normal 0.903983 0.427569 0
    outer loop
      vertex 1.38582 0.574024 -1
      vertex 1.32288 0.707094 -1.5
      vertex 1.32288 0.707094 -1
    endloop
  endfacet
  facet normal 0.903983 0.427569 0
    outer loop
      vertex 1.32288 0.707094 -1.5
      vertex 1.38582 0.574024 -1
      vertex 1.38582 0.574024 -1.5
    endloop
  endfacet
  facet normal -0.671577 0.740935 0
    outer loop
      vertex -0.95159 1.15952 -1.5
      vertex -1.06066 1.06066 -1
      vertex -0.95159 1.15952 -1
    endloop
  endfacet
  facet normal -0.671577 0.740935 0
    outer loop
      vertex -1.06066 1.06066 -1
      vertex -0.95159 1.15952 -1.5
      vertex -1.06066 1.06066 -1.5
    endloop
  endfacet
  facet normal -0.671577 0.740935 0
    outer loop
      vertex -0.95159 1.15952 1
      vertex -1.06066 1.06066 1.5
      vertex -0.95159 1.15952 1.5
    endloop
  endfacet
  facet normal -0.671577 0.740935 0
    outer loop
      vertex -1.06066 1.06066 1.5
      vertex -0.95159 1.15952 1
      vertex -1.06066 1.06066 1
    endloop
  endfacet
  facet normal 0.857722 0.514113 0
    outer loop
      vertex 1.32288 0.707094 1.5
      vertex 1.2472 0.833355 1
      vertex 1.2472 0.833355 1.5
    endloop
  endfacet
  facet normal 0.857722 0.514113 0
    outer loop
      vertex 1.2472 0.833355 1
      vertex 1.32288 0.707094 1.5
      vertex 1.32288 0.707094 1
    endloop
  endfacet
  facet normal 0.857722 0.514113 0
    outer loop
      vertex 1.32288 0.707094 -1
      vertex 1.2472 0.833355 -1.5
      vertex 1.2472 0.833355 -1
    endloop
  endfacet
  facet normal 0.857722 0.514113 0
    outer loop
      vertex 1.2472 0.833355 -1.5
      vertex 1.32288 0.707094 -1
      vertex 1.32288 0.707094 -1.5
    endloop
  endfacet
  facet normal 0.336885 0.941546 -0
    outer loop
      vertex 0.574024 1.38582 1
      vertex 0.435427 1.43541 1.5
      vertex 0.574024 1.38582 1.5
    endloop
  endfacet
  facet normal 0.336885 0.941546 0
    outer loop
      vertex 0.435427 1.43541 1.5
      vertex 0.574024 1.38582 1
      vertex 0.435427 1.43541 1
    endloop
  endfacet
  facet normal 0.336885 0.941546 -0
    outer loop
      vertex 0.574024 1.38582 -1.5
      vertex 0.435427 1.43541 -1
      vertex 0.574024 1.38582 -1
    endloop
  endfacet
  facet normal 0.336885 0.941546 0
    outer loop
      vertex 0.435427 1.43541 -1
      vertex 0.574024 1.38582 -1.5
      vertex 0.435427 1.43541 -1.5
    endloop
  endfacet
  facet normal -0.336885 0.941546 0
    outer loop
      vertex -0.435427 1.43541 -1.5
      vertex -0.574024 1.38582 -1
      vertex -0.435427 1.43541 -1
    endloop
  endfacet
  facet normal -0.336885 0.941546 0
    outer loop
      vertex -0.574024 1.38582 -1
      vertex -0.435427 1.43541 -1.5
      vertex -0.574024 1.38582 -1.5
    endloop
  endfacet
  facet normal -0.336885 0.941546 0
    outer loop
      vertex -0.435427 1.43541 1
      vertex -0.574024 1.38582 1.5
      vertex -0.435427 1.43541 1.5
    endloop
  endfacet
  facet normal -0.336885 0.941546 0
    outer loop
      vertex -0.574024 1.38582 1.5
      vertex -0.435427 1.43541 1
      vertex -0.574024 1.38582 1
    endloop
  endfacet
  facet normal -0.857722 -0.514113 0
    outer loop
      vertex -1.2472 -0.833355 -1.5
      vertex -1.32288 -0.707094 -1
      vertex -1.32288 -0.707094 -1.5
    endloop
  endfacet
  facet normal -0.857722 -0.514113 0
    outer loop
      vertex -1.32288 -0.707094 -1
      vertex -1.2472 -0.833355 -1.5
      vertex -1.2472 -0.833355 -1
    endloop
  endfacet
  facet normal -0.857722 -0.514113 0
    outer loop
      vertex -1.2472 -0.833355 1
      vertex -1.32288 -0.707094 1.5
      vertex -1.32288 -0.707094 1
    endloop
  endfacet
  facet normal -0.857722 -0.514113 0
    outer loop
      vertex -1.32288 -0.707094 1.5
      vertex -1.2472 -0.833355 1
      vertex -1.2472 -0.833355 1.5
    endloop
  endfacet
  facet normal -0.514113 -0.857722 0
    outer loop
      vertex -0.833355 -1.2472 -1.5
      vertex -0.707094 -1.32288 -1
      vertex -0.833355 -1.2472 -1
    endloop
  endfacet
  facet normal -0.514113 -0.857722 -0
    outer loop
      vertex -0.707094 -1.32288 -1
      vertex -0.833355 -1.2472 -1.5
      vertex -0.707094 -1.32288 -1.5
    endloop
  endfacet
  facet normal -0.514113 -0.857722 0
    outer loop
      vertex -0.833355 -1.2472 1
      vertex -0.707094 -1.32288 1.5
      vertex -0.833355 -1.2472 1.5
    endloop
  endfacet
  facet normal -0.514113 -0.857722 -0
    outer loop
      vertex -0.707094 -1.32288 1.5
      vertex -0.833355 -1.2472 1
      vertex -0.707094 -1.32288 1
    endloop
  endfacet
  facet normal 0.671577 -0.740935 0
    outer loop
      vertex 0.95159 -1.15952 -1.5
      vertex 1.06066 -1.06066 -1
      vertex 0.95159 -1.15952 -1
    endloop
  endfacet
  facet normal 0.671577 -0.740935 0
    outer loop
      vertex 1.06066 -1.06066 -1
      vertex 0.95159 -1.15952 -1.5
      vertex 1.06066 -1.06066 -1.5
    endloop
  endfacet
  facet normal 0.671577 -0.740935 0
    outer loop
      vertex 0.95159 -1.15952 1
      vertex 1.06066 -1.06066 1.5
      vertex 0.95159 -1.15952 1.5
    endloop
  endfacet
  facet normal 0.671577 -0.740935 0
    outer loop
      vertex 1.06066 -1.06066 1.5
      vertex 0.95159 -1.15952 1
      vertex 1.06066 -1.06066 1
    endloop
  endfacet
  facet normal 0.671577 0.740935 -0
    outer loop
      vertex 1.06066 1.06066 1
      vertex 0.95159 1.15952 1.5
      vertex 1.06066 1.06066 1.5
    endloop
  endfacet
  facet normal 0.671577 0.740935 0
    outer loop
      vertex 0.95159 1.15952 1.5
      vertex 1.06066 1.06066 1
      vertex 0.95159 1.15952 1
    endloop
  endfacet
  facet normal 0.671577 0.740935 -0
    outer loop
      vertex 1.06066 1.06066 -1.5
      vertex 0.95159 1.15952 -1
      vertex 1.06066 1.06066 -1
    endloop
  endfacet
  facet normal 0.671577 0.740935 0
    outer loop
      vertex 0.95159 1.15952 -1
      vertex 1.06066 1.06066 -1.5
      vertex 0.95159 1.15952 -1.5
    endloop
  endfacet
  facet normal -0.59566 -0.803237 0
    outer loop
      vertex -0.95159 -1.15952 -1.5
      vertex -0.833355 -1.2472 -1
      vertex -0.95159 -1.15952 -1
    endloop
  endfacet
  facet normal -0.59566 -0.803237 -0
    outer loop
      vertex -0.833355 -1.2472 -1
      vertex -0.95159 -1.15952 -1.5
      vertex -0.833355 -1.2472 -1.5
    endloop
  endfacet
  facet normal -0.59566 -0.803237 0
    outer loop
      vertex -0.95159 -1.15952 1
      vertex -0.833355 -1.2472 1.5
      vertex -0.95159 -1.15952 1.5
    endloop
  endfacet
  facet normal -0.59566 -0.803237 -0
    outer loop
      vertex -0.833355 -1.2472 1.5
      vertex -0.95159 -1.15952 1
      vertex -0.833355 -1.2472 1
    endloop
  endfacet
  facet normal -0.427569 -0.903983 0
    outer loop
      vertex -0.707094 -1.32288 -1.5
      vertex -0.574024 -1.38582 -1
      vertex -0.707094 -1.32288 -1
    endloop
  endfacet
  facet normal -0.427569 -0.903983 -0
    outer loop
      vertex -0.574024 -1.38582 -1
      vertex -0.707094 -1.32288 -1.5
      vertex -0.574024 -1.38582 -1.5
    endloop
  endfacet
  facet normal -0.427569 -0.903983 0
    outer loop
      vertex -0.707094 -1.32288 1
      vertex -0.574024 -1.38582 1.5
      vertex -0.707094 -1.32288 1.5
    endloop
  endfacet
  facet normal -0.427569 -0.903983 -0
    outer loop
      vertex -0.574024 -1.38582 1.5
      vertex -0.707094 -1.32288 1
      vertex -0.574024 -1.38582 1
    endloop
  endfacet
  facet normal -0.803237 -0.59566 0
    outer loop
      vertex -1.15952 -0.95159 1
      vertex -1.2472 -0.833355 1.5
      vertex -1.2472 -0.833355 1
    endloop
  endfacet
  facet normal -0.803237 -0.59566 0
    outer loop
      vertex -1.2472 -0.833355 1.5
      vertex -1.15952 -0.95159 1
      vertex -1.15952 -0.95159 1.5
    endloop
  endfacet
  facet normal -0.803237 -0.59566 0
    outer loop
      vertex -1.15952 -0.95159 -1.5
      vertex -1.2472 -0.833355 -1
      vertex -1.2472 -0.833355 -1.5
    endloop
  endfacet
  facet normal -0.803237 -0.59566 0
    outer loop
      vertex -1.2472 -0.833355 -1
      vertex -1.15952 -0.95159 -1.5
      vertex -1.15952 -0.95159 -1
    endloop
  endfacet
  facet normal -0.242996 -0.970027 0
    outer loop
      vertex -0.435427 -1.43541 1
      vertex -0.292635 -1.47118 1.5
      vertex -0.435427 -1.43541 1.5
    endloop
  endfacet
  facet normal -0.242996 -0.970027 -0
    outer loop
      vertex -0.292635 -1.47118 1.5
      vertex -0.435427 -1.43541 1
      vertex -0.292635 -1.47118 1
    endloop
  endfacet
  facet normal -0.242996 -0.970027 0
    outer loop
      vertex -0.435427 -1.43541 -1.5
      vertex -0.292635 -1.47118 -1
      vertex -0.435427 -1.43541 -1
    endloop
  endfacet
  facet normal -0.242996 -0.970027 -0
    outer loop
      vertex -0.292635 -1.47118 -1
      vertex -0.435427 -1.43541 -1.5
      vertex -0.292635 -1.47118 -1.5
    endloop
  endfacet
  facet normal -0.336885 -0.941546 0
    outer loop
      vertex -0.574024 -1.38582 1
      vertex -0.435427 -1.43541 1.5
      vertex -0.574024 -1.38582 1.5
    endloop
  endfacet
  facet normal -0.336885 -0.941546 -0
    outer loop
      vertex -0.435427 -1.43541 1.5
      vertex -0.574024 -1.38582 1
      vertex -0.435427 -1.43541 1
    endloop
  endfacet
  facet normal -0.336885 -0.941546 0
    outer loop
      vertex -0.574024 -1.38582 -1.5
      vertex -0.435427 -1.43541 -1
      vertex -0.574024 -1.38582 -1
    endloop
  endfacet
  facet normal -0.336885 -0.941546 -0
    outer loop
      vertex -0.435427 -1.43541 -1
      vertex -0.574024 -1.38582 -1.5
      vertex -0.435427 -1.43541 -1.5
    endloop
  endfacet
  facet normal -0.989176 -0.146736 0
    outer loop
      vertex -1.47118 -0.292635 1
      vertex -1.49278 -0.147025 1.5
      vertex -1.49278 -0.147025 1
    endloop
  endfacet
  facet normal -0.989176 -0.146736 0
    outer loop
      vertex -1.49278 -0.147025 1.5
      vertex -1.47118 -0.292635 1
      vertex -1.47118 -0.292635 1.5
    endloop
  endfacet
  facet normal -0.989176 -0.146736 0
    outer loop
      vertex -1.47118 -0.292635 -1.5
      vertex -1.49278 -0.147025 -1
      vertex -1.49278 -0.147025 -1.5
    endloop
  endfacet
  facet normal -0.989176 -0.146736 0
    outer loop
      vertex -1.49278 -0.147025 -1
      vertex -1.47118 -0.292635 -1.5
      vertex -1.47118 -0.292635 -1
    endloop
  endfacet
  facet normal -0.903983 -0.427569 0
    outer loop
      vertex -1.32288 -0.707094 -1.5
      vertex -1.38582 -0.574024 -1
      vertex -1.38582 -0.574024 -1.5
    endloop
  endfacet
  facet normal -0.903983 -0.427569 0
    outer loop
      vertex -1.38582 -0.574024 -1
      vertex -1.32288 -0.707094 -1.5
      vertex -1.32288 -0.707094 -1
    endloop
  endfacet
  facet normal -0.903983 -0.427569 0
    outer loop
      vertex -1.32288 -0.707094 1
      vertex -1.38582 -0.574024 1.5
      vertex -1.38582 -0.574024 1
    endloop
  endfacet
  facet normal -0.903983 -0.427569 0
    outer loop
      vertex -1.38582 -0.574024 1.5
      vertex -1.32288 -0.707094 1
      vertex -1.32288 -0.707094 1.5
    endloop
  endfacet
  facet normal -0.941546 0.336885 0
    outer loop
      vertex -1.43541 0.435427 1
      vertex -1.38582 0.574024 1.5
      vertex -1.38582 0.574024 1
    endloop
  endfacet
  facet normal -0.941546 0.336885 0
    outer loop
      vertex -1.38582 0.574024 1.5
      vertex -1.43541 0.435427 1
      vertex -1.43541 0.435427 1.5
    endloop
  endfacet
  facet normal -0.941546 0.336885 0
    outer loop
      vertex -1.43541 0.435427 -1.5
      vertex -1.38582 0.574024 -1
      vertex -1.38582 0.574024 -1.5
    endloop
  endfacet
  facet normal -0.941546 0.336885 0
    outer loop
      vertex -1.38582 0.574024 -1
      vertex -1.43541 0.435427 -1.5
      vertex -1.43541 0.435427 -1
    endloop
  endfacet
  facet normal 0.941546 -0.336885 0
    outer loop
      vertex 1.38582 -0.574024 -1
      vertex 1.43541 -0.435427 -1.5
      vertex 1.43541 -0.435427 -1
    endloop
  endfacet
  facet normal 0.941546 -0.336885 0
    outer loop
      vertex 1.43541 -0.435427 -1.5
      vertex 1.38582 -0.574024 -1
      vertex 1.38582 -0.574024 -1.5
    endloop
  endfacet
  facet normal 0.941546 -0.336885 0
    outer loop
      vertex 1.38582 -0.574024 1.5
      vertex 1.43541 -0.435427 1
      vertex 1.43541 -0.435427 1.5
    endloop
  endfacet
  facet normal 0.941546 -0.336885 0
    outer loop
      vertex 1.43541 -0.435427 1
      vertex 1.38582 -0.574024 1.5
      vertex 1.38582 -0.574024 1
    endloop
  endfacet
  facet normal -0.803237 0.59566 0
    outer loop
      vertex -1.2472 0.833355 1
      vertex -1.15952 0.95159 1.5
      vertex -1.15952 0.95159 1
    endloop
  endfacet
  facet normal -0.803237 0.59566 0
    outer loop
      vertex -1.15952 0.95159 1.5
      vertex -1.2472 0.833355 1
      vertex -1.2472 0.833355 1.5
    endloop
  endfacet
  facet normal -0.803237 0.59566 0
    outer loop
      vertex -1.2472 0.833355 -1.5
      vertex -1.15952 0.95159 -1
      vertex -1.15952 0.95159 -1.5
    endloop
  endfacet
  facet normal -0.803237 0.59566 0
    outer loop
      vertex -1.15952 0.95159 -1
      vertex -1.2472 0.833355 -1.5
      vertex -1.2472 0.833355 -1
    endloop
  endfacet
  facet normal -0.998796 0.0490482 0
    outer loop
      vertex -1.5 0 1
      vertex -1.49278 0.147025 1.5
      vertex -1.49278 0.147025 1
    endloop
  endfacet
  facet normal -0.998796 0.0490482 0
    outer loop
      vertex -1.49278 0.147025 1.5
      vertex -1.5 0 1
      vertex -1.5 0 1.5
    endloop
  endfacet
  facet normal -0.998796 0.0490482 0
    outer loop
      vertex -1.5 0 -1.5
      vertex -1.49278 0.147025 -1
      vertex -1.49278 0.147025 -1.5
    endloop
  endfacet
  facet normal -0.998796 0.0490482 0
    outer loop
      vertex -1.49278 0.147025 -1
      vertex -1.5 0 -1.5
      vertex -1.5 0 -1
    endloop
  endfacet
  facet normal 0.740935 -0.671577 0
    outer loop
      vertex 1.06066 -1.06066 -1
      vertex 1.15952 -0.95159 -1.5
      vertex 1.15952 -0.95159 -1
    endloop
  endfacet
  facet normal 0.740935 -0.671577 0
    outer loop
      vertex 1.15952 -0.95159 -1.5
      vertex 1.06066 -1.06066 -1
      vertex 1.06066 -1.06066 -1.5
    endloop
  endfacet
  facet normal 0.740935 -0.671577 0
    outer loop
      vertex 1.06066 -1.06066 1.5
      vertex 1.15952 -0.95159 1
      vertex 1.15952 -0.95159 1.5
    endloop
  endfacet
  facet normal 0.740935 -0.671577 0
    outer loop
      vertex 1.15952 -0.95159 1
      vertex 1.06066 -1.06066 1.5
      vertex 1.06066 -1.06066 1
    endloop
  endfacet
  facet normal 0 0 -1
    outer loop
      vertex 1.49278 -0.147025 -1.5
      vertex 1.49278 0.147025 -1.5
      vertex 1.5 0 -1.5
    endloop
  endfacet
  facet normal 0 0 -1
    outer loop
      vertex 1.47118 -0.292635 -1.5
      vertex 1.49278 0.147025 -1.5
      vertex 1.49278 -0.147025 -1.5
    endloop
  endfacet
  facet normal 0 0 -1
    outer loop
      vertex 1.47118 -0.292635 -1.5
      vertex 1.47118 0.292635 -1.5
      vertex 1.49278 0.147025 -1.5
    endloop
  endfacet
  facet normal 0 0 -1
    outer loop
      vertex 1.43541 -0.435427 -1.5
      vertex 1.47118 0.292635 -1.5
      vertex 1.47118 -0.292635 -1.5
    endloop
  endfacet
  facet normal 0 0 -1
    outer loop
      vertex 1.43541 -0.435427 -1.5
      vertex 1.43541 0.435427 -1.5
      vertex 1.47118 0.292635 -1.5
    endloop
  endfacet
  facet normal 0 0 -1
    outer loop
      vertex 1.38582 -0.574024 -1.5
      vertex 1.43541 0.435427 -1.5
      vertex 1.43541 -0.435427 -1.5
    endloop
  endfacet
  facet normal 0 0 -1
    outer loop
      vertex 1.38582 -0.574024 -1.5
      vertex 1.38582 0.574024 -1.5
      vertex 1.43541 0.435427 -1.5
    endloop
  endfacet
  facet normal 0 0 -1
    outer loop
      vertex 1.32288 -0.707094 -1.5
      vertex 1.38582 0.574024 -1.5
      vertex 1.38582 -0.574024 -1.5
    endloop
  endfacet
  facet normal 0 0 -1
    outer loop
      vertex 1.32288 -0.707094 -1.5
      vertex 1.32288 0.707094 -1.5
      vertex 1.38582 0.574024 -1.5
    endloop
  endfacet
  facet normal 0 0 -1
    outer loop
      vertex 1.2472 -0.833355 -1.5
      vertex 1.32288 0.707094 -1.5
      vertex 1.32288 -0.707094 -1.5
    endloop
  endfacet
  facet normal 0 0 -1
    outer loop
      vertex 1.2472 -0.833355 -1.5
      vertex 1.2472 0.833355 -1.5
      vertex 1.32288 0.707094 -1.5
    endloop
  endfacet
  facet normal 0 0 -1
    outer loop
      vertex 1.15952 -0.95159 -1.5
      vertex 1.2472 0.833355 -1.5
      vertex 1.2472 -0.833355 -1.5
    endloop
  endfacet
  facet normal 0 0 -1
    outer loop
      vertex 1.15952 -0.95159 -1.5
      vertex 1.15952 0.95159 -1.5
      vertex 1.2472 0.833355 -1.5
    endloop
  endfacet
  facet normal 0 0 -1
    outer loop
      vertex 1.06066 -1.06066 -1.5
      vertex 1.15952 0.95159 -1.5
      vertex 1.15952 -0.95159 -1.5
    endloop
  endfacet
  facet normal 0 0 -1
    outer loop
      vertex 1.06066 -1.06066 -1.5
      vertex 1.06066 1.06066 -1.5
      vertex 1.15952 0.95159 -1.5
    endloop
  endfacet
  facet normal 0 0 -1
    outer loop
      vertex 0.95159 -1.15952 -1.5
      vertex 1.06066 1.06066 -1.5
      vertex 1.06066 -1.06066 -1.5
    endloop
  endfacet
  facet normal 0 0 -1
    outer loop
      vertex 0.95159 -1.15952 -1.5
      vertex 0.95159 1.15952 -1.5
      vertex 1.06066 1.06066 -1.5
    endloop
  endfacet
  facet normal 0 0 -1
    outer loop
      vertex 0.833355 -1.2472 -1.5
      vertex 0.95159 1.15952 -1.5
      vertex 0.95159 -1.15952 -1.5
    endloop
  endfacet
  facet normal 0 0 -1
    outer loop
      vertex 0.833355 -1.2472 -1.5
      vertex 0.833355 1.2472 -1.5
      vertex 0.95159 1.15952 -1.5
    endloop
  endfacet
  facet normal 0 0 -1
    outer loop
      vertex 0.707094 -1.32288 -1.5
      vertex 0.833355 1.2472 -1.5
      vertex 0.833355 -1.2472 -1.5
    endloop
  endfacet
  facet normal 0 0 -1
    outer loop
      vertex 0.707094 -1.32288 -1.5
      vertex 0.707094 1.32288 -1.5
      vertex 0.833355 1.2472 -1.5
    endloop
  endfacet
  facet normal 0 0 -1
    outer loop
      vertex 0.574024 -1.38582 -1.5
      vertex 0.707094 1.32288 -1.5
      vertex 0.707094 -1.32288 -1.5
    endloop
  endfacet
  facet normal 0 0 -1
    outer loop
      vertex 0.574024 -1.38582 -1.5
      vertex 0.574024 1.38582 -1.5
      vertex 0.707094 1.32288 -1.5
    endloop
  endfacet
  facet normal 0 0 -1
    outer loop
      vertex 0.435427 -1.43541 -1.5
      vertex 0.574024 1.38582 -1.5
      vertex 0.574024 -1.38582 -1.5
    endloop
  endfacet
  facet normal 0 0 -1
    outer loop
      vertex 0.435427 -1.43541 -1.5
      vertex 0.435427 1.43541 -1.5
      vertex 0.574024 1.38582 -1.5
    endloop
  endfacet
  facet normal 0 0 -1
    outer loop
      vertex 0.292635 -1.47118 -1.5
      vertex 0.435427 1.43541 -1.5
      vertex 0.435427 -1.43541 -1.5
    endloop
  endfacet
  facet normal 0 0 -1
    outer loop
      vertex 0.292635 -1.47118 -1.5
      vertex 0.292635 1.47118 -1.5
      vertex 0.435427 1.43541 -1.5
    endloop
  endfacet
  facet normal 0 0 -1
    outer loop
      vertex 0.147025 -1.49278 -1.5
      vertex 0.292635 1.47118 -1.5
      vertex 0.292635 -1.47118 -1.5
    endloop
  endfacet
  facet normal 0 0 -1
    outer loop
      vertex 0.147025 -1.49278 -1.5
      vertex 0.147025 1.49278 -1.5
      vertex 0.292635 1.47118 -1.5
    endloop
  endfacet
  facet normal 0 0 -1
    outer loop
      vertex 0 -1.5 -1.5
      vertex 0.147025 1.49278 -1.5
      vertex 0.147025 -1.49278 -1.5
    endloop
  endfacet
  facet normal 0 0 -1
    outer loop
      vertex 0 -1.5 -1.5
      vertex 0 1.5 -1.5
      vertex 0.147025 1.49278 -1.5
    endloop
  endfacet
  facet normal 0 0 -1
    outer loop
      vertex -0.147025 -1.49278 -1.5
      vertex 0 1.5 -1.5
      vertex 0 -1.5 -1.5
    endloop
  endfacet
  facet normal 0 0 -1
    outer loop
      vertex -0.147025 -1.49278 -1.5
      vertex -0.147025 1.49278 -1.5
      vertex 0 1.5 -1.5
    endloop
  endfacet
  facet normal 0 0 -1
    outer loop
      vertex -0.292635 -1.47118 -1.5
      vertex -0.147025 1.49278 -1.5
      vertex -0.147025 -1.49278 -1.5
    endloop
  endfacet
  facet normal 0 0 -1
    outer loop
      vertex -0.292635 -1.47118 -1.5
      vertex -0.292635 1.47118 -1.5
      vertex -0.147025 1.49278 -1.5
    endloop
  endfacet
  facet normal 0 0 -1
    outer loop
      vertex -0.435427 -1.43541 -1.5
      vertex -0.292635 1.47118 -1.5
      vertex -0.292635 -1.47118 -1.5
    endloop
  endfacet
  facet normal 0 0 -1
    outer loop
      vertex -0.435427 -1.43541 -1.5
      vertex -0.435427 1.43541 -1.5
      vertex -0.292635 1.47118 -1.5
    endloop
  endfacet
  facet normal 0 0 -1
    outer loop
      vertex -0.574024 -1.38582 -1.5
      vertex -0.435427 1.43541 -1.5
      vertex -0.435427 -1.43541 -1.5
    endloop
  endfacet
  facet normal 0 0 -1
    outer loop
      vertex -0.574024 -1.38582 -1.5
      vertex -0.574024 1.38582 -1.5
      vertex -0.435427 1.43541 -1.5
    endloop
  endfacet
  facet normal 0 0 -1
    outer loop
      vertex -0.707094 -1.32288 -1.5
      vertex -0.574024 1.38582 -1.5
      vertex -0.574024 -1.38582 -1.5
    endloop
  endfacet
  facet normal 0 0 -1
    outer loop
      vertex -0.707094 -1.32288 -1.5
      vertex -0.707094 1.32288 -1.5
      vertex -0.574024 1.38582 -1.5
    endloop
  endfacet
  facet normal 0 0 -1
    outer loop
      vertex -0.833355 -1.2472 -1.5
      vertex -0.707094 1.32288 -1.5
      vertex -0.707094 -1.32288 -1.5
    endloop
  endfacet
  facet normal 0 0 -1
    outer loop
      vertex -0.833355 -1.2472 -1.5
      vertex -0.833355 1.2472 -1.5
      vertex -0.707094 1.32288 -1.5
    endloop
  endfacet
  facet normal 0 0 -1
    outer loop
      vertex -0.95159 -1.15952 -1.5
      vertex -0.833355 1.2472 -1.5
      vertex -0.833355 -1.2472 -1.5
    endloop
  endfacet
  facet normal 0 0 -1
    outer loop
      vertex -0.95159 -1.15952 -1.5
      vertex -0.95159 1.15952 -1.5
      vertex -0.833355 1.2472 -1.5
    endloop
  endfacet
  facet normal 0 0 -1
    outer loop
      vertex -1.06066 -1.06066 -1.5
      vertex -0.95159 1.15952 -1.5
      vertex -0.95159 -1.15952 -1.5
    endloop
  endfacet
  facet normal 0 0 -1
    outer loop
      vertex -1.06066 -1.06066 -1.5
      vertex -1.06066 1.06066 -1.5
      vertex -0.95159 1.15952 -1.5
    endloop
  endfacet
  facet normal 0 0 -1
    outer loop
      vertex -1.15952 -0.95159 -1.5
      vertex -1.06066 1.06066 -1.5
      vertex -1.06066 -1.06066 -1.5
    endloop
  endfacet
  facet normal 0 0 -1
    outer loop
      vertex -1.15952 -0.95159 -1.5
      vertex -1.15952 0.95159 -1.5
      vertex -1.06066 1.06066 -1.5
    endloop
  endfacet
  facet normal 0 0 -1
    outer loop
      vertex -1.2472 -0.833355 -1.5
      vertex -1.15952 0.95159 -1.5
      vertex -1.15952 -0.95159 -1.5
    endloop
  endfacet
  facet normal 0 0 -1
    outer loop
      vertex -1.2472 -0.833355 -1.5
      vertex -1.2472 0.833355 -1.5
      vertex -1.15952 0.95159 -1.5
    endloop
  endfacet
  facet normal 0 0 -1
    outer loop
      vertex -1.32288 -0.707094 -1.5
      vertex -1.2472 0.833355 -1.5
      vertex -1.2472 -0.833355 -1.5
    endloop
  endfacet
  facet normal 0 0 -1
    outer loop
      vertex -1.32288 -0.707094 -1.5
      vertex -1.32288 0.707094 -1.5
      vertex -1.2472 0.833355 -1.5
    endloop
  endfacet
  facet normal 0 0 -1
    outer loop
      vertex -1.38582 -0.574024 -1.5
      vertex -1.32288 0.707094 -1.5
      vertex -1.32288 -0.707094 -1.5
    endloop
  endfacet
  facet normal 0 0 -1
    outer loop
      vertex -1.38582 -0.574024 -1.5
      vertex -1.38582 0.574024 -1.5
      vertex -1.32288 0.707094 -1.5
    endloop
  endfacet
  facet normal 0 0 -1
    outer loop
      vertex -1.43541 -0.435427 -1.5
      vertex -1.38582 0.574024 -1.5
      vertex -1.38582 -0.574024 -1.5
    endloop
  endfacet
  facet normal 0 0 -1
    outer loop
      vertex -1.43541 -0.435427 -1.5
      vertex -1.43541 0.435427 -1.5
      vertex -1.38582 0.574024 -1.5
    endloop
  endfacet
  facet normal 0 0 -1
    outer loop
      vertex -1.47118 -0.292635 -1.5
      vertex -1.43541 0.435427 -1.5
      vertex -1.43541 -0.435427 -1.5
    endloop
  endfacet
  facet normal 0 0 -1
    outer loop
      vertex -1.47118 -0.292635 -1.5
      vertex -1.47118 0.292635 -1.5
      vertex -1.43541 0.435427 -1.5
    endloop
  endfacet
  facet normal 0 0 -1
    outer loop
      vertex -1.49278 -0.147025 -1.5
      vertex -1.47118 0.292635 -1.5
      vertex -1.47118 -0.292635 -1.5
    endloop
  endfacet
  facet normal 0 0 -1
    outer loop
      vertex -1.49278 -0.147025 -1.5
      vertex -1.49278 0.147025 -1.5
      vertex -1.47118 0.292635 -1.5
    endloop
  endfacet
  facet normal 0 -0 -1
    outer loop
      vertex -1.49278 0.147025 -1.5
      vertex -1.49278 -0.147025 -1.5
      vertex -1.5 0 -1.5
    endloop
  endfacet
  facet normal 0.803201 -0.595708 0
    outer loop
      vertex 3.09204 -2.53757 1
      vertex 3.32588 -2.22228 -1
      vertex 3.32588 -2.22228 1
    endloop
  endfacet
  facet normal 0.803201 -0.595708 0
    outer loop
      vertex 3.32588 -2.22228 -1
      vertex 3.09204 -2.53757 1
      vertex 3.09204 -2.53757 -1
    endloop
  endfacet
  facet normal 0.941545 -0.336887 0
    outer loop
      vertex 3.69552 -1.53073 1
      vertex 3.82776 -1.16114 -1
      vertex 3.82776 -1.16114 1
    endloop
  endfacet
  facet normal 0.941545 -0.336887 0
    outer loop
      vertex 3.82776 -1.16114 -1
      vertex 3.69552 -1.53073 1
      vertex 3.69552 -1.53073 -1
    endloop
  endfacet
  facet normal -0.989176 0.146736 0
    outer loop
      vertex -3.98074 0.392068 -1
      vertex -3.92314 0.780361 1
      vertex -3.92314 0.780361 -1
    endloop
  endfacet
  facet normal -0.989176 0.146736 0
    outer loop
      vertex -3.92314 0.780361 1
      vertex -3.98074 0.392068 -1
      vertex -3.98074 0.392068 1
    endloop
  endfacet
  facet normal 0.336887 0.941545 -0
    outer loop
      vertex 1.53073 3.69552 -1
      vertex 1.16114 3.82776 1
      vertex 1.53073 3.69552 1
    endloop
  endfacet
  facet normal 0.336887 0.941545 0
    outer loop
      vertex 1.16114 3.82776 1
      vertex 1.53073 3.69552 -1
      vertex 1.16114 3.82776 -1
    endloop
  endfacet
  facet normal 0.989176 0.146736 0
    outer loop
      vertex 3.98074 0.392068 1
      vertex 3.92314 0.780361 -1
      vertex 3.92314 0.780361 1
    endloop
  endfacet
  facet normal 0.989176 0.146736 0
    outer loop
      vertex 3.92314 0.780361 -1
      vertex 3.98074 0.392068 1
      vertex 3.98074 0.392068 -1
    endloop
  endfacet
  facet normal -0.903986 -0.427563 0
    outer loop
      vertex -3.52768 -1.88559 -1
      vertex -3.69552 -1.53073 1
      vertex -3.69552 -1.53073 -1
    endloop
  endfacet
  facet normal -0.903986 -0.427563 0
    outer loop
      vertex -3.69552 -1.53073 1
      vertex -3.52768 -1.88559 -1
      vertex -3.52768 -1.88559 1
    endloop
  endfacet
  facet normal 0.989176 -0.146736 0
    outer loop
      vertex 3.92314 -0.780361 1
      vertex 3.98074 -0.392068 -1
      vertex 3.98074 -0.392068 1
    endloop
  endfacet
  facet normal 0.989176 -0.146736 0
    outer loop
      vertex 3.98074 -0.392068 -1
      vertex 3.92314 -0.780361 1
      vertex 3.92314 -0.780361 -1
    endloop
  endfacet
  facet normal 0.146736 0.989176 -0
    outer loop
      vertex 0.780361 3.92314 -1
      vertex 0.392068 3.98074 1
      vertex 0.780361 3.92314 1
    endloop
  endfacet
  facet normal 0.146736 0.989176 0
    outer loop
      vertex 0.392068 3.98074 1
      vertex 0.780361 3.92314 -1
      vertex 0.392068 3.98074 -1
    endloop
  endfacet
  facet normal 0.803201 0.595708 0
    outer loop
      vertex 3.32588 2.22228 1
      vertex 3.09204 2.53757 -1
      vertex 3.09204 2.53757 1
    endloop
  endfacet
  facet normal 0.803201 0.595708 0
    outer loop
      vertex 3.09204 2.53757 -1
      vertex 3.32588 2.22228 1
      vertex 3.32588 2.22228 -1
    endloop
  endfacet
  facet normal -0.336887 0.941545 0
    outer loop
      vertex -1.16114 3.82776 -1
      vertex -1.53073 3.69552 1
      vertex -1.16114 3.82776 1
    endloop
  endfacet
  facet normal -0.336887 0.941545 0
    outer loop
      vertex -1.53073 3.69552 1
      vertex -1.16114 3.82776 -1
      vertex -1.53073 3.69552 -1
    endloop
  endfacet
  facet normal -0.595708 0.803201 0
    outer loop
      vertex -2.22228 3.32588 -1
      vertex -2.53757 3.09204 1
      vertex -2.22228 3.32588 1
    endloop
  endfacet
  facet normal -0.595708 0.803201 0
    outer loop
      vertex -2.53757 3.09204 1
      vertex -2.22228 3.32588 -1
      vertex -2.53757 3.09204 -1
    endloop
  endfacet
  facet normal 0.595708 -0.803201 0
    outer loop
      vertex 2.22228 -3.32588 -1
      vertex 2.53757 -3.09204 1
      vertex 2.22228 -3.32588 1
    endloop
  endfacet
  facet normal 0.595708 -0.803201 0
    outer loop
      vertex 2.53757 -3.09204 1
      vertex 2.22228 -3.32588 -1
      vertex 2.53757 -3.09204 -1
    endloop
  endfacet
  facet normal 0.671545 -0.740964 0
    outer loop
      vertex 2.53757 -3.09204 -1
      vertex 2.82843 -2.82843 1
      vertex 2.53757 -3.09204 1
    endloop
  endfacet
  facet normal 0.671545 -0.740964 0
    outer loop
      vertex 2.82843 -2.82843 1
      vertex 2.53757 -3.09204 -1
      vertex 2.82843 -2.82843 -1
    endloop
  endfacet
  facet normal 0.146736 -0.989176 0
    outer loop
      vertex 0.392068 -3.98074 -1
      vertex 0.780361 -3.92314 1
      vertex 0.392068 -3.98074 1
    endloop
  endfacet
  facet normal 0.146736 -0.989176 0
    outer loop
      vertex 0.780361 -3.92314 1
      vertex 0.392068 -3.98074 -1
      vertex 0.780361 -3.92314 -1
    endloop
  endfacet
  facet normal -0.989176 -0.146736 0
    outer loop
      vertex -3.92314 -0.780361 -1
      vertex -3.98074 -0.392068 1
      vertex -3.98074 -0.392068 -1
    endloop
  endfacet
  facet normal -0.989176 -0.146736 0
    outer loop
      vertex -3.98074 -0.392068 1
      vertex -3.92314 -0.780361 -1
      vertex -3.92314 -0.780361 1
    endloop
  endfacet
  facet normal -0.803201 -0.595708 0
    outer loop
      vertex -3.09204 -2.53757 -1
      vertex -3.32588 -2.22228 1
      vertex -3.32588 -2.22228 -1
    endloop
  endfacet
  facet normal -0.803201 -0.595708 0
    outer loop
      vertex -3.32588 -2.22228 1
      vertex -3.09204 -2.53757 -1
      vertex -3.09204 -2.53757 1
    endloop
  endfacet
  facet normal 0.427563 0.903986 -0
    outer loop
      vertex 1.88559 3.52768 -1
      vertex 1.53073 3.69552 1
      vertex 1.88559 3.52768 1
    endloop
  endfacet
  facet normal 0.427563 0.903986 0
    outer loop
      vertex 1.53073 3.69552 1
      vertex 1.88559 3.52768 -1
      vertex 1.53073 3.69552 -1
    endloop
  endfacet
  facet normal 0.998796 0.049065 0
    outer loop
      vertex 4 0 1
      vertex 3.98074 0.392068 -1
      vertex 3.98074 0.392068 1
    endloop
  endfacet
  facet normal 0.998796 0.049065 0
    outer loop
      vertex 3.98074 0.392068 -1
      vertex 4 0 1
      vertex 4 0 -1
    endloop
  endfacet
  facet normal -0.857733 0.514095 0
    outer loop
      vertex -3.52768 1.88559 -1
      vertex -3.32588 2.22228 1
      vertex -3.32588 2.22228 -1
    endloop
  endfacet
  facet normal -0.857733 0.514095 0
    outer loop
      vertex -3.32588 2.22228 1
      vertex -3.52768 1.88559 -1
      vertex -3.52768 1.88559 1
    endloop
  endfacet
  facet normal 0.595708 0.803201 -0
    outer loop
      vertex 2.53757 3.09204 -1
      vertex 2.22228 3.32588 1
      vertex 2.53757 3.09204 1
    endloop
  endfacet
  facet normal 0.595708 0.803201 0
    outer loop
      vertex 2.22228 3.32588 1
      vertex 2.53757 3.09204 -1
      vertex 2.22228 3.32588 -1
    endloop
  endfacet
  facet normal 0 0 -1
    outer loop
      vertex 1.5 0 -1
      vertex 4 0 -1
      vertex 3.98074 -0.392068 -1
    endloop
  endfacet
  facet normal 0 0 -1
    outer loop
      vertex 1.49278 -0.147025 -1
      vertex 3.98074 -0.392068 -1
      vertex 3.92314 -0.780361 -1
    endloop
  endfacet
  facet normal 0 0 -1
    outer loop
      vertex 4 0 -1
      vertex 1.5 0 -1
      vertex 3.98074 0.392068 -1
    endloop
  endfacet
  facet normal 0 0 -1
    outer loop
      vertex 1.47118 -0.292635 -1
      vertex 3.92314 -0.780361 -1
      vertex 3.82776 -1.16114 -1
    endloop
  endfacet
  facet normal 0 0 -1
    outer loop
      vertex 1.49278 0.147025 -1
      vertex 3.98074 0.392068 -1
      vertex 1.5 0 -1
    endloop
  endfacet
  facet normal 0 0 -1
    outer loop
      vertex 1.43541 -0.435427 -1
      vertex 3.82776 -1.16114 -1
      vertex 3.69552 -1.53073 -1
    endloop
  endfacet
  facet normal -0 0 -1
    outer loop
      vertex 3.98074 0.392068 -1
      vertex 1.49278 0.147025 -1
      vertex 3.92314 0.780361 -1
    endloop
  endfacet
  facet normal 0 0 -1
    outer loop
      vertex 1.38582 -0.574024 -1
      vertex 3.69552 -1.53073 -1
      vertex 3.52768 -1.88559 -1
    endloop
  endfacet
  facet normal 0 0 -1
    outer loop
      vertex 1.47118 0.292635 -1
      vertex 3.92314 0.780361 -1
      vertex 1.49278 0.147025 -1
    endloop
  endfacet
  facet normal 0 0 -1
    outer loop
      vertex 1.32288 -0.707094 -1
      vertex 3.52768 -1.88559 -1
      vertex 3.32588 -2.22228 -1
    endloop
  endfacet
  facet normal -0 0 -1
    outer loop
      vertex 3.92314 0.780361 -1
      vertex 1.47118 0.292635 -1
      vertex 3.82776 1.16114 -1
    endloop
  endfacet
  facet normal 0 0 -1
    outer loop
      vertex 1.2472 -0.833355 -1
      vertex 3.32588 -2.22228 -1
      vertex 3.09204 -2.53757 -1
    endloop
  endfacet
  facet normal 0 0 -1
    outer loop
      vertex 1.43541 0.435427 -1
      vertex 3.82776 1.16114 -1
      vertex 1.47118 0.292635 -1
    endloop
  endfacet
  facet normal 0 0 -1
    outer loop
      vertex 1.15952 -0.95159 -1
      vertex 3.09204 -2.53757 -1
      vertex 2.82843 -2.82843 -1
    endloop
  endfacet
  facet normal -0 0 -1
    outer loop
      vertex 3.82776 1.16114 -1
      vertex 1.43541 0.435427 -1
      vertex 3.69552 1.53073 -1
    endloop
  endfacet
  facet normal 0 0 -1
    outer loop
      vertex 1.06066 -1.06066 -1
      vertex 2.82843 -2.82843 -1
      vertex 2.53757 -3.09204 -1
    endloop
  endfacet
  facet normal 0 0 -1
    outer loop
      vertex 1.38582 0.574024 -1
      vertex 3.69552 1.53073 -1
      vertex 1.43541 0.435427 -1
    endloop
  endfacet
  facet normal 0 0 -1
    outer loop
      vertex 0.95159 -1.15952 -1
      vertex 2.53757 -3.09204 -1
      vertex 2.22228 -3.32588 -1
    endloop
  endfacet
  facet normal -0 0 -1
    outer loop
      vertex 3.69552 1.53073 -1
      vertex 1.38582 0.574024 -1
      vertex 3.52768 1.88559 -1
    endloop
  endfacet
  facet normal 0 0 -1
    outer loop
      vertex 0.833355 -1.2472 -1
      vertex 2.22228 -3.32588 -1
      vertex 1.88559 -3.52768 -1
    endloop
  endfacet
  facet normal 0 0 -1
    outer loop
      vertex 1.32288 0.707094 -1
      vertex 3.52768 1.88559 -1
      vertex 1.38582 0.574024 -1
    endloop
  endfacet
  facet normal 0 0 -1
    outer loop
      vertex 0.707094 -1.32288 -1
      vertex 1.88559 -3.52768 -1
      vertex 1.53073 -3.69552 -1
    endloop
  endfacet
  facet normal -0 0 -1
    outer loop
      vertex 3.52768 1.88559 -1
      vertex 1.32288 0.707094 -1
      vertex 3.32588 2.22228 -1
    endloop
  endfacet
  facet normal 0 0 -1
    outer loop
      vertex 1.2472 0.833355 -1
      vertex 3.32588 2.22228 -1
      vertex 1.32288 0.707094 -1
    endloop
  endfacet
  facet normal 0 0 -1
    outer loop
      vertex 3.98074 -0.392068 -1
      vertex 1.49278 -0.147025 -1
      vertex 1.5 0 -1
    endloop
  endfacet
  facet normal 0 0 -1
    outer loop
      vertex 3.92314 -0.780361 -1
      vertex 1.47118 -0.292635 -1
      vertex 1.49278 -0.147025 -1
    endloop
  endfacet
  facet normal 0 0 -1
    outer loop
      vertex 3.82776 -1.16114 -1
      vertex 1.43541 -0.435427 -1
      vertex 1.47118 -0.292635 -1
    endloop
  endfacet
  facet normal 0 0 -1
    outer loop
      vertex 3.69552 -1.53073 -1
      vertex 1.38582 -0.574024 -1
      vertex 1.43541 -0.435427 -1
    endloop
  endfacet
  facet normal 0 0 -1
    outer loop
      vertex 3.52768 -1.88559 -1
      vertex 1.32288 -0.707094 -1
      vertex 1.38582 -0.574024 -1
    endloop
  endfacet
  facet normal 0 0 -1
    outer loop
      vertex 3.32588 -2.22228 -1
      vertex 1.2472 -0.833355 -1
      vertex 1.32288 -0.707094 -1
    endloop
  endfacet
  facet normal 0 0 -1
    outer loop
      vertex 0.574024 -1.38582 -1
      vertex 1.53073 -3.69552 -1
      vertex 1.16114 -3.82776 -1
    endloop
  endfacet
  facet normal 0 0 -1
    outer loop
      vertex 3.09204 -2.53757 -1
      vertex 1.15952 -0.95159 -1
      vertex 1.2472 -0.833355 -1
    endloop
  endfacet
  facet normal 0 0 -1
    outer loop
      vertex 2.82843 -2.82843 -1
      vertex 1.06066 -1.06066 -1
      vertex 1.15952 -0.95159 -1
    endloop
  endfacet
  facet normal 0 0 -1
    outer loop
      vertex 2.53757 -3.09204 -1
      vertex 0.95159 -1.15952 -1
      vertex 1.06066 -1.06066 -1
    endloop
  endfacet
  facet normal 0 0 -1
    outer loop
      vertex 2.22228 -3.32588 -1
      vertex 0.833355 -1.2472 -1
      vertex 0.95159 -1.15952 -1
    endloop
  endfacet
  facet normal 0 0 -1
    outer loop
      vertex 0.435427 -1.43541 -1
      vertex 1.16114 -3.82776 -1
      vertex 0.780361 -3.92314 -1
    endloop
  endfacet
  facet normal 0 0 -1
    outer loop
      vertex 1.88559 -3.52768 -1
      vertex 0.707094 -1.32288 -1
      vertex 0.833355 -1.2472 -1
    endloop
  endfacet
  facet normal 0 0 -1
    outer loop
      vertex 1.53073 -3.69552 -1
      vertex 0.574024 -1.38582 -1
      vertex 0.707094 -1.32288 -1
    endloop
  endfacet
  facet normal 0 0 -1
    outer loop
      vertex 1.16114 -3.82776 -1
      vertex 0.435427 -1.43541 -1
      vertex 0.574024 -1.38582 -1
    endloop
  endfacet
  facet normal 0 0 -1
    outer loop
      vertex 0.292635 -1.47118 -1
      vertex 0.780361 -3.92314 -1
      vertex 0.392068 -3.98074 -1
    endloop
  endfacet
  facet normal 0 0 -1
    outer loop
      vertex 0.780361 -3.92314 -1
      vertex 0.292635 -1.47118 -1
      vertex 0.435427 -1.43541 -1
    endloop
  endfacet
  facet normal 0 0 -1
    outer loop
      vertex 0.392068 -3.98074 -1
      vertex 0.147025 -1.49278 -1
      vertex 0.292635 -1.47118 -1
    endloop
  endfacet
  facet normal 0 0 -1
    outer loop
      vertex 0 -4 -1
      vertex 0.147025 -1.49278 -1
      vertex 0.392068 -3.98074 -1
    endloop
  endfacet
  facet normal 0 0 -1
    outer loop
      vertex 0 -4 -1
      vertex 0 -1.5 -1
      vertex 0.147025 -1.49278 -1
    endloop
  endfacet
  facet normal 0 0 -1
    outer loop
      vertex 0 -4 -1
      vertex -0.147025 -1.49278 -1
      vertex 0 -1.5 -1
    endloop
  endfacet
  facet normal 0 0 -1
    outer loop
      vertex -0.392068 -3.98074 -1
      vertex -0.147025 -1.49278 -1
      vertex 0 -4 -1
    endloop
  endfacet
  facet normal -0 0 -1
    outer loop
      vertex -0.147025 -1.49278 -1
      vertex -0.392068 -3.98074 -1
      vertex -0.292635 -1.47118 -1
    endloop
  endfacet
  facet normal 0 0 -1
    outer loop
      vertex -0.780361 -3.92314 -1
      vertex -0.292635 -1.47118 -1
      vertex -0.392068 -3.98074 -1
    endloop
  endfacet
  facet normal -0 0 -1
    outer loop
      vertex -0.292635 -1.47118 -1
      vertex -0.780361 -3.92314 -1
      vertex -0.435427 -1.43541 -1
    endloop
  endfacet
  facet normal 0 0 -1
    outer loop
      vertex -1.16114 -3.82776 -1
      vertex -0.435427 -1.43541 -1
      vertex -0.780361 -3.92314 -1
    endloop
  endfacet
  facet normal -0 0 -1
    outer loop
      vertex -0.435427 -1.43541 -1
      vertex -1.16114 -3.82776 -1
      vertex -0.574024 -1.38582 -1
    endloop
  endfacet
  facet normal 0 0 -1
    outer loop
      vertex -1.53073 -3.69552 -1
      vertex -0.574024 -1.38582 -1
      vertex -1.16114 -3.82776 -1
    endloop
  endfacet
  facet normal -0 0 -1
    outer loop
      vertex -0.574024 -1.38582 -1
      vertex -1.53073 -3.69552 -1
      vertex -0.707094 -1.32288 -1
    endloop
  endfacet
  facet normal 0 0 -1
    outer loop
      vertex -1.88559 -3.52768 -1
      vertex -0.707094 -1.32288 -1
      vertex -1.53073 -3.69552 -1
    endloop
  endfacet
  facet normal -0 0 -1
    outer loop
      vertex -0.707094 -1.32288 -1
      vertex -1.88559 -3.52768 -1
      vertex -0.833355 -1.2472 -1
    endloop
  endfacet
  facet normal 0 0 -1
    outer loop
      vertex -2.22228 -3.32588 -1
      vertex -0.833355 -1.2472 -1
      vertex -1.88559 -3.52768 -1
    endloop
  endfacet
  facet normal -0 0 -1
    outer loop
      vertex -0.833355 -1.2472 -1
      vertex -2.22228 -3.32588 -1
      vertex -0.95159 -1.15952 -1
    endloop
  endfacet
  facet normal 0 0 -1
    outer loop
      vertex -2.53757 -3.09204 -1
      vertex -0.95159 -1.15952 -1
      vertex -2.22228 -3.32588 -1
    endloop
  endfacet
  facet normal -0 0 -1
    outer loop
      vertex -0.95159 -1.15952 -1
      vertex -2.53757 -3.09204 -1
      vertex -1.06066 -1.06066 -1
    endloop
  endfacet
  facet normal 0 0 -1
    outer loop
      vertex -2.82843 -2.82843 -1
      vertex -1.06066 -1.06066 -1
      vertex -2.53757 -3.09204 -1
    endloop
  endfacet
  facet normal -0 0 -1
    outer loop
      vertex -1.06066 -1.06066 -1
      vertex -2.82843 -2.82843 -1
      vertex -1.15952 -0.95159 -1
    endloop
  endfacet
  facet normal 0 0 -1
    outer loop
      vertex -3.09204 -2.53757 -1
      vertex -1.15952 -0.95159 -1
      vertex -2.82843 -2.82843 -1
    endloop
  endfacet
  facet normal 0 0 -1
    outer loop
      vertex -3.32588 -2.22228 -1
      vertex -1.2472 -0.833355 -1
      vertex -3.09204 -2.53757 -1
    endloop
  endfacet
  facet normal -0 0 -1
    outer loop
      vertex -1.15952 -0.95159 -1
      vertex -3.09204 -2.53757 -1
      vertex -1.2472 -0.833355 -1
    endloop
  endfacet
  facet normal -0 0 -1
    outer loop
      vertex 3.32588 2.22228 -1
      vertex 1.2472 0.833355 -1
      vertex 3.09204 2.53757 -1
    endloop
  endfacet
  facet normal 0 0 -1
    outer loop
      vertex 1.15952 0.95159 -1
      vertex 3.09204 2.53757 -1
      vertex 1.2472 0.833355 -1
    endloop
  endfacet
  facet normal -0 0 -1
    outer loop
      vertex 3.09204 2.53757 -1
      vertex 1.15952 0.95159 -1
      vertex 2.82843 2.82843 -1
    endloop
  endfacet
  facet normal 0 0 -1
    outer loop
      vertex 1.06066 1.06066 -1
      vertex 2.82843 2.82843 -1
      vertex 1.15952 0.95159 -1
    endloop
  endfacet
  facet normal -0 0 -1
    outer loop
      vertex 2.82843 2.82843 -1
      vertex 1.06066 1.06066 -1
      vertex 2.53757 3.09204 -1
    endloop
  endfacet
  facet normal 0 0 -1
    outer loop
      vertex 0.95159 1.15952 -1
      vertex 2.53757 3.09204 -1
      vertex 1.06066 1.06066 -1
    endloop
  endfacet
  facet normal -0 0 -1
    outer loop
      vertex 2.53757 3.09204 -1
      vertex 0.95159 1.15952 -1
      vertex 2.22228 3.32588 -1
    endloop
  endfacet
  facet normal 0 0 -1
    outer loop
      vertex 0.833355 1.2472 -1
      vertex 2.22228 3.32588 -1
      vertex 0.95159 1.15952 -1
    endloop
  endfacet
  facet normal -0 0 -1
    outer loop
      vertex 2.22228 3.32588 -1
      vertex 0.833355 1.2472 -1
      vertex 1.88559 3.52768 -1
    endloop
  endfacet
  facet normal 0 0 -1
    outer loop
      vertex 0.707094 1.32288 -1
      vertex 1.88559 3.52768 -1
      vertex 0.833355 1.2472 -1
    endloop
  endfacet
  facet normal -0 0 -1
    outer loop
      vertex 1.88559 3.52768 -1
      vertex 0.707094 1.32288 -1
      vertex 1.53073 3.69552 -1
    endloop
  endfacet
  facet normal 0 0 -1
    outer loop
      vertex 0.574024 1.38582 -1
      vertex 1.53073 3.69552 -1
      vertex 0.707094 1.32288 -1
    endloop
  endfacet
  facet normal -0 0 -1
    outer loop
      vertex 1.53073 3.69552 -1
      vertex 0.574024 1.38582 -1
      vertex 1.16114 3.82776 -1
    endloop
  endfacet
  facet normal 0 0 -1
    outer loop
      vertex 0.435427 1.43541 -1
      vertex 1.16114 3.82776 -1
      vertex 0.574024 1.38582 -1
    endloop
  endfacet
  facet normal -0 0 -1
    outer loop
      vertex 1.16114 3.82776 -1
      vertex 0.435427 1.43541 -1
      vertex 0.780361 3.92314 -1
    endloop
  endfacet
  facet normal 0 0 -1
    outer loop
      vertex 0.292635 1.47118 -1
      vertex 0.780361 3.92314 -1
      vertex 0.435427 1.43541 -1
    endloop
  endfacet
  facet normal -0 0 -1
    outer loop
      vertex 0.780361 3.92314 -1
      vertex 0.292635 1.47118 -1
      vertex 0.392068 3.98074 -1
    endloop
  endfacet
  facet normal 0 0 -1
    outer loop
      vertex 0.147025 1.49278 -1
      vertex 0.392068 3.98074 -1
      vertex 0.292635 1.47118 -1
    endloop
  endfacet
  facet normal 0 0 -1
    outer loop
      vertex 0 1.5 -1
      vertex 0.392068 3.98074 -1
      vertex 0.147025 1.49278 -1
    endloop
  endfacet
  facet normal 0 0 -1
    outer loop
      vertex 0 1.5 -1
      vertex 0 4 -1
      vertex 0.392068 3.98074 -1
    endloop
  endfacet
  facet normal 0 0 -1
    outer loop
      vertex -0.147025 1.49278 -1
      vertex 0 4 -1
      vertex 0 1.5 -1
    endloop
  endfacet
  facet normal 0 0 -1
    outer loop
      vertex -0.392068 3.98074 -1
      vertex -0.147025 1.49278 -1
      vertex -0.292635 1.47118 -1
    endloop
  endfacet
  facet normal 0 0 -1
    outer loop
      vertex -0.147025 1.49278 -1
      vertex -0.392068 3.98074 -1
      vertex 0 4 -1
    endloop
  endfacet
  facet normal 0 0 -1
    outer loop
      vertex -0.780361 3.92314 -1
      vertex -0.292635 1.47118 -1
      vertex -0.435427 1.43541 -1
    endloop
  endfacet
  facet normal 0 0 -1
    outer loop
      vertex -1.16114 3.82776 -1
      vertex -0.435427 1.43541 -1
      vertex -0.574024 1.38582 -1
    endloop
  endfacet
  facet normal 0 0 -1
    outer loop
      vertex -1.53073 3.69552 -1
      vertex -0.574024 1.38582 -1
      vertex -0.707094 1.32288 -1
    endloop
  endfacet
  facet normal 0 0 -1
    outer loop
      vertex -0.292635 1.47118 -1
      vertex -0.780361 3.92314 -1
      vertex -0.392068 3.98074 -1
    endloop
  endfacet
  facet normal 0 0 -1
    outer loop
      vertex -1.88559 3.52768 -1
      vertex -0.707094 1.32288 -1
      vertex -0.833355 1.2472 -1
    endloop
  endfacet
  facet normal 0 0 -1
    outer loop
      vertex -2.22228 3.32588 -1
      vertex -0.833355 1.2472 -1
      vertex -0.95159 1.15952 -1
    endloop
  endfacet
  facet normal 0 0 -1
    outer loop
      vertex -2.53757 3.09204 -1
      vertex -0.95159 1.15952 -1
      vertex -1.06066 1.06066 -1
    endloop
  endfacet
  facet normal 0 0 -1
    outer loop
      vertex -2.82843 2.82843 -1
      vertex -1.06066 1.06066 -1
      vertex -1.15952 0.95159 -1
    endloop
  endfacet
  facet normal 0 0 -1
    outer loop
      vertex -0.435427 1.43541 -1
      vertex -1.16114 3.82776 -1
      vertex -0.780361 3.92314 -1
    endloop
  endfacet
  facet normal 0 0 -1
    outer loop
      vertex -3.09204 2.53757 -1
      vertex -1.15952 0.95159 -1
      vertex -1.2472 0.833355 -1
    endloop
  endfacet
  facet normal 0 0 -1
    outer loop
      vertex -3.32588 2.22228 -1
      vertex -1.2472 0.833355 -1
      vertex -1.32288 0.707094 -1
    endloop
  endfacet
  facet normal 0 0 -1
    outer loop
      vertex -3.52768 1.88559 -1
      vertex -1.32288 0.707094 -1
      vertex -1.38582 0.574024 -1
    endloop
  endfacet
  facet normal 0 0 -1
    outer loop
      vertex -3.69552 1.53073 -1
      vertex -1.38582 0.574024 -1
      vertex -1.43541 0.435427 -1
    endloop
  endfacet
  facet normal 0 0 -1
    outer loop
      vertex -3.82776 1.16114 -1
      vertex -1.43541 0.435427 -1
      vertex -1.47118 0.292635 -1
    endloop
  endfacet
  facet normal 0 0 -1
    outer loop
      vertex -3.92314 0.780361 -1
      vertex -1.47118 0.292635 -1
      vertex -1.49278 0.147025 -1
    endloop
  endfacet
  facet normal 0 0 -1
    outer loop
      vertex -0.574024 1.38582 -1
      vertex -1.53073 3.69552 -1
      vertex -1.16114 3.82776 -1
    endloop
  endfacet
  facet normal 0 0 -1
    outer loop
      vertex -3.98074 0.392068 -1
      vertex -1.49278 0.147025 -1
      vertex -1.5 0 -1
    endloop
  endfacet
  facet normal -0 0 -1
    outer loop
      vertex -1.2472 -0.833355 -1
      vertex -3.32588 -2.22228 -1
      vertex -1.32288 -0.707094 -1
    endloop
  endfacet
  facet normal 0 0 -1
    outer loop
      vertex -3.52768 -1.88559 -1
      vertex -1.32288 -0.707094 -1
      vertex -3.32588 -2.22228 -1
    endloop
  endfacet
  facet normal 0 0 -1
    outer loop
      vertex -0.707094 1.32288 -1
      vertex -1.88559 3.52768 -1
      vertex -1.53073 3.69552 -1
    endloop
  endfacet
  facet normal -0 0 -1
    outer loop
      vertex -1.32288 -0.707094 -1
      vertex -3.52768 -1.88559 -1
      vertex -1.38582 -0.574024 -1
    endloop
  endfacet
  facet normal 0 0 -1
    outer loop
      vertex -0.833355 1.2472 -1
      vertex -2.22228 3.32588 -1
      vertex -1.88559 3.52768 -1
    endloop
  endfacet
  facet normal 0 0 -1
    outer loop
      vertex -3.69552 -1.53073 -1
      vertex -1.38582 -0.574024 -1
      vertex -3.52768 -1.88559 -1
    endloop
  endfacet
  facet normal 0 0 -1
    outer loop
      vertex -0.95159 1.15952 -1
      vertex -2.53757 3.09204 -1
      vertex -2.22228 3.32588 -1
    endloop
  endfacet
  facet normal -0 0 -1
    outer loop
      vertex -1.38582 -0.574024 -1
      vertex -3.69552 -1.53073 -1
      vertex -1.43541 -0.435427 -1
    endloop
  endfacet
  facet normal 0 0 -1
    outer loop
      vertex -1.06066 1.06066 -1
      vertex -2.82843 2.82843 -1
      vertex -2.53757 3.09204 -1
    endloop
  endfacet
  facet normal 0 0 -1
    outer loop
      vertex -3.82776 -1.16114 -1
      vertex -1.43541 -0.435427 -1
      vertex -3.69552 -1.53073 -1
    endloop
  endfacet
  facet normal 0 0 -1
    outer loop
      vertex -1.15952 0.95159 -1
      vertex -3.09204 2.53757 -1
      vertex -2.82843 2.82843 -1
    endloop
  endfacet
  facet normal -0 0 -1
    outer loop
      vertex -1.43541 -0.435427 -1
      vertex -3.82776 -1.16114 -1
      vertex -1.47118 -0.292635 -1
    endloop
  endfacet
  facet normal 0 0 -1
    outer loop
      vertex -1.2472 0.833355 -1
      vertex -3.32588 2.22228 -1
      vertex -3.09204 2.53757 -1
    endloop
  endfacet
  facet normal 0 0 -1
    outer loop
      vertex -3.92314 -0.780361 -1
      vertex -1.47118 -0.292635 -1
      vertex -3.82776 -1.16114 -1
    endloop
  endfacet
  facet normal 0 0 -1
    outer loop
      vertex -1.32288 0.707094 -1
      vertex -3.52768 1.88559 -1
      vertex -3.32588 2.22228 -1
    endloop
  endfacet
  facet normal -0 0 -1
    outer loop
      vertex -1.47118 -0.292635 -1
      vertex -3.92314 -0.780361 -1
      vertex -1.49278 -0.147025 -1
    endloop
  endfacet
  facet normal 0 0 -1
    outer loop
      vertex -1.38582 0.574024 -1
      vertex -3.69552 1.53073 -1
      vertex -3.52768 1.88559 -1
    endloop
  endfacet
  facet normal 0 0 -1
    outer loop
      vertex -3.98074 -0.392068 -1
      vertex -1.49278 -0.147025 -1
      vertex -3.92314 -0.780361 -1
    endloop
  endfacet
  facet normal 0 0 -1
    outer loop
      vertex -1.43541 0.435427 -1
      vertex -3.82776 1.16114 -1
      vertex -3.69552 1.53073 -1
    endloop
  endfacet
  facet normal -0 0 -1
    outer loop
      vertex -1.49278 -0.147025 -1
      vertex -3.98074 -0.392068 -1
      vertex -1.5 0 -1
    endloop
  endfacet
  facet normal 0 0 -1
    outer loop
      vertex -1.47118 0.292635 -1
      vertex -3.92314 0.780361 -1
      vertex -3.82776 1.16114 -1
    endloop
  endfacet
  facet normal 0 0 -1
    outer loop
      vertex -4 0 -1
      vertex -1.5 0 -1
      vertex -3.98074 -0.392068 -1
    endloop
  endfacet
  facet normal 0 0 -1
    outer loop
      vertex -1.49278 0.147025 -1
      vertex -3.98074 0.392068 -1
      vertex -3.92314 0.780361 -1
    endloop
  endfacet
  facet normal 0 0 -1
    outer loop
      vertex -1.5 0 -1
      vertex -4 0 -1
      vertex -3.98074 0.392068 -1
    endloop
  endfacet
  facet normal -0.24298 -0.970031 0
    outer loop
      vertex -1.16114 -3.82776 -1
      vertex -0.780361 -3.92314 1
      vertex -1.16114 -3.82776 1
    endloop
  endfacet
  facet normal -0.24298 -0.970031 -0
    outer loop
      vertex -0.780361 -3.92314 1
      vertex -1.16114 -3.82776 -1
      vertex -0.780361 -3.92314 -1
    endloop
  endfacet
  facet normal -0.941545 0.336887 0
    outer loop
      vertex -3.82776 1.16114 -1
      vertex -3.69552 1.53073 1
      vertex -3.69552 1.53073 -1
    endloop
  endfacet
  facet normal -0.941545 0.336887 0
    outer loop
      vertex -3.69552 1.53073 1
      vertex -3.82776 1.16114 -1
      vertex -3.82776 1.16114 1
    endloop
  endfacet
  facet normal -0.146736 0.989176 0
    outer loop
      vertex -0.392068 3.98074 -1
      vertex -0.780361 3.92314 1
      vertex -0.392068 3.98074 1
    endloop
  endfacet
  facet normal -0.146736 0.989176 0
    outer loop
      vertex -0.780361 3.92314 1
      vertex -0.392068 3.98074 -1
      vertex -0.780361 3.92314 -1
    endloop
  endfacet
  facet normal 0.903986 0.427563 0
    outer loop
      vertex 3.69552 1.53073 1
      vertex 3.52768 1.88559 -1
      vertex 3.52768 1.88559 1
    endloop
  endfacet
  facet normal 0.903986 0.427563 0
    outer loop
      vertex 3.52768 1.88559 -1
      vertex 3.69552 1.53073 1
      vertex 3.69552 1.53073 -1
    endloop
  endfacet
  facet normal 0.998796 -0.049065 0
    outer loop
      vertex 3.98074 -0.392068 1
      vertex 4 0 -1
      vertex 4 0 1
    endloop
  endfacet
  facet normal 0.998796 -0.049065 0
    outer loop
      vertex 4 0 -1
      vertex 3.98074 -0.392068 1
      vertex 3.98074 -0.392068 -1
    endloop
  endfacet
  facet normal 0.671545 0.740964 -0
    outer loop
      vertex 2.82843 2.82843 -1
      vertex 2.53757 3.09204 1
      vertex 2.82843 2.82843 1
    endloop
  endfacet
  facet normal 0.671545 0.740964 0
    outer loop
      vertex 2.53757 3.09204 1
      vertex 2.82843 2.82843 -1
      vertex 2.53757 3.09204 -1
    endloop
  endfacet
  facet normal 0.970031 0.24298 0
    outer loop
      vertex 3.92314 0.780361 1
      vertex 3.82776 1.16114 -1
      vertex 3.82776 1.16114 1
    endloop
  endfacet
  facet normal 0.970031 0.24298 0
    outer loop
      vertex 3.82776 1.16114 -1
      vertex 3.92314 0.780361 1
      vertex 3.92314 0.780361 -1
    endloop
  endfacet
  facet normal 0.24298 0.970031 -0
    outer loop
      vertex 1.16114 3.82776 -1
      vertex 0.780361 3.92314 1
      vertex 1.16114 3.82776 1
    endloop
  endfacet
  facet normal 0.24298 0.970031 0
    outer loop
      vertex 0.780361 3.92314 1
      vertex 1.16114 3.82776 -1
      vertex 0.780361 3.92314 -1
    endloop
  endfacet
  facet normal 0.336887 -0.941545 0
    outer loop
      vertex 1.16114 -3.82776 -1
      vertex 1.53073 -3.69552 1
      vertex 1.16114 -3.82776 1
    endloop
  endfacet
  facet normal 0.336887 -0.941545 0
    outer loop
      vertex 1.53073 -3.69552 1
      vertex 1.16114 -3.82776 -1
      vertex 1.53073 -3.69552 -1
    endloop
  endfacet
  facet normal 0.857733 -0.514095 0
    outer loop
      vertex 3.32588 -2.22228 1
      vertex 3.52768 -1.88559 -1
      vertex 3.52768 -1.88559 1
    endloop
  endfacet
  facet normal 0.857733 -0.514095 0
    outer loop
      vertex 3.52768 -1.88559 -1
      vertex 3.32588 -2.22228 1
      vertex 3.32588 -2.22228 -1
    endloop
  endfacet
  facet normal 0.24298 -0.970031 0
    outer loop
      vertex 0.780361 -3.92314 -1
      vertex 1.16114 -3.82776 1
      vertex 0.780361 -3.92314 1
    endloop
  endfacet
  facet normal 0.24298 -0.970031 0
    outer loop
      vertex 1.16114 -3.82776 1
      vertex 0.780361 -3.92314 -1
      vertex 1.16114 -3.82776 -1
    endloop
  endfacet
  facet normal 0.514095 0.857733 -0
    outer loop
      vertex 2.22228 3.32588 -1
      vertex 1.88559 3.52768 1
      vertex 2.22228 3.32588 1
    endloop
  endfacet
  facet normal 0.514095 0.857733 0
    outer loop
      vertex 1.88559 3.52768 1
      vertex 2.22228 3.32588 -1
      vertex 1.88559 3.52768 -1
    endloop
  endfacet
  facet normal 0.903986 -0.427563 0
    outer loop
      vertex 3.52768 -1.88559 1
      vertex 3.69552 -1.53073 -1
      vertex 3.69552 -1.53073 1
    endloop
  endfacet
  facet normal 0.903986 -0.427563 0
    outer loop
      vertex 3.69552 -1.53073 -1
      vertex 3.52768 -1.88559 1
      vertex 3.52768 -1.88559 -1
    endloop
  endfacet
  facet normal 0.941545 0.336887 0
    outer loop
      vertex 3.82776 1.16114 1
      vertex 3.69552 1.53073 -1
      vertex 3.69552 1.53073 1
    endloop
  endfacet
  facet normal 0.941545 0.336887 0
    outer loop
      vertex 3.69552 1.53073 -1
      vertex 3.82776 1.16114 1
      vertex 3.82776 1.16114 -1
    endloop
  endfacet
  facet normal 0.049065 -0.998796 0
    outer loop
      vertex 0 -4 -1
      vertex 0.392068 -3.98074 1
      vertex 0 -4 1
    endloop
  endfacet
  facet normal 0.049065 -0.998796 0
    outer loop
      vertex 0.392068 -3.98074 1
      vertex 0 -4 -1
      vertex 0.392068 -3.98074 -1
    endloop
  endfacet
  facet normal -0.998796 0.049065 0
    outer loop
      vertex -4 0 -1
      vertex -3.98074 0.392068 1
      vertex -3.98074 0.392068 -1
    endloop
  endfacet
  facet normal -0.998796 0.049065 0
    outer loop
      vertex -3.98074 0.392068 1
      vertex -4 0 -1
      vertex -4 0 1
    endloop
  endfacet
  facet normal -0.998796 -0.049065 0
    outer loop
      vertex -3.98074 -0.392068 -1
      vertex -4 0 1
      vertex -4 0 -1
    endloop
  endfacet
  facet normal -0.998796 -0.049065 0
    outer loop
      vertex -4 0 1
      vertex -3.98074 -0.392068 -1
      vertex -3.98074 -0.392068 1
    endloop
  endfacet
  facet normal -0.049065 0.998796 0
    outer loop
      vertex 0 4 -1
      vertex -0.392068 3.98074 1
      vertex 0 4 1
    endloop
  endfacet
  facet normal -0.049065 0.998796 0
    outer loop
      vertex -0.392068 3.98074 1
      vertex 0 4 -1
      vertex -0.392068 3.98074 -1
    endloop
  endfacet
  facet normal -0.671545 0.740964 0
    outer loop
      vertex -2.53757 3.09204 -1
      vertex -2.82843 2.82843 1
      vertex -2.53757 3.09204 1
    endloop
  endfacet
  facet normal -0.671545 0.740964 0
    outer loop
      vertex -2.82843 2.82843 1
      vertex -2.53757 3.09204 -1
      vertex -2.82843 2.82843 -1
    endloop
  endfacet
  facet normal -0.427563 -0.903986 0
    outer loop
      vertex -1.88559 -3.52768 -1
      vertex -1.53073 -3.69552 1
      vertex -1.88559 -3.52768 1
    endloop
  endfacet
  facet normal -0.427563 -0.903986 -0
    outer loop
      vertex -1.53073 -3.69552 1
      vertex -1.88559 -3.52768 -1
      vertex -1.53073 -3.69552 -1
    endloop
  endfacet
  facet normal 0.857733 0.514095 0
    outer loop
      vertex 3.52768 1.88559 1
      vertex 3.32588 2.22228 -1
      vertex 3.32588 2.22228 1
    endloop
  endfacet
  facet normal 0.857733 0.514095 0
    outer loop
      vertex 3.32588 2.22228 -1
      vertex 3.52768 1.88559 1
      vertex 3.52768 1.88559 -1
    endloop
  endfacet
  facet normal -0.595708 -0.803201 0
    outer loop
      vertex -2.53757 -3.09204 -1
      vertex -2.22228 -3.32588 1
      vertex -2.53757 -3.09204 1
    endloop
  endfacet
  facet normal -0.595708 -0.803201 -0
    outer loop
      vertex -2.22228 -3.32588 1
      vertex -2.53757 -3.09204 -1
      vertex -2.22228 -3.32588 -1
    endloop
  endfacet
  facet normal -0.24298 0.970031 0
    outer loop
      vertex -0.780361 3.92314 -1
      vertex -1.16114 3.82776 1
      vertex -0.780361 3.92314 1
    endloop
  endfacet
  facet normal -0.24298 0.970031 0
    outer loop
      vertex -1.16114 3.82776 1
      vertex -0.780361 3.92314 -1
      vertex -1.16114 3.82776 -1
    endloop
  endfacet
  facet normal -0.740964 -0.671545 0
    outer loop
      vertex -2.82843 -2.82843 -1
      vertex -3.09204 -2.53757 1
      vertex -3.09204 -2.53757 -1
    endloop
  endfacet
  facet normal -0.740964 -0.671545 0
    outer loop
      vertex -3.09204 -2.53757 1
      vertex -2.82843 -2.82843 -1
      vertex -2.82843 -2.82843 1
    endloop
  endfacet
  facet normal 0 0 1
    outer loop
      vertex 1.5 0 1
      vertex 4 0 1
      vertex 3.98074 0.392068 1
    endloop
  endfacet
  facet normal 0 0 1
    outer loop
      vertex 1.49278 0.147025 1
      vertex 3.98074 0.392068 1
      vertex 3.92314 0.780361 1
    endloop
  endfacet
  facet normal 0 0 1
    outer loop
      vertex 4 0 1
      vertex 1.5 0 1
      vertex 3.98074 -0.392068 1
    endloop
  endfacet
  facet normal 0 0 1
    outer loop
      vertex 1.47118 0.292635 1
      vertex 3.92314 0.780361 1
      vertex 3.82776 1.16114 1
    endloop
  endfacet
  facet normal -0 0 1
    outer loop
      vertex 1.49278 -0.147025 1
      vertex 3.98074 -0.392068 1
      vertex 1.5 0 1
    endloop
  endfacet
  facet normal 0 0 1
    outer loop
      vertex 1.43541 0.435427 1
      vertex 3.82776 1.16114 1
      vertex 3.69552 1.53073 1
    endloop
  endfacet
  facet normal 0 0 1
    outer loop
      vertex 3.98074 -0.392068 1
      vertex 1.49278 -0.147025 1
      vertex 3.92314 -0.780361 1
    endloop
  endfacet
  facet normal 0 0 1
    outer loop
      vertex 1.38582 0.574024 1
      vertex 3.69552 1.53073 1
      vertex 3.52768 1.88559 1
    endloop
  endfacet
  facet normal -0 0 1
    outer loop
      vertex 1.47118 -0.292635 1
      vertex 3.92314 -0.780361 1
      vertex 1.49278 -0.147025 1
    endloop
  endfacet
  facet normal 0 0 1
    outer loop
      vertex 1.32288 0.707094 1
      vertex 3.52768 1.88559 1
      vertex 3.32588 2.22228 1
    endloop
  endfacet
  facet normal 0 0 1
    outer loop
      vertex 3.92314 -0.780361 1
      vertex 1.47118 -0.292635 1
      vertex 3.82776 -1.16114 1
    endloop
  endfacet
  facet normal 0 0 1
    outer loop
      vertex 1.2472 0.833355 1
      vertex 3.32588 2.22228 1
      vertex 3.09204 2.53757 1
    endloop
  endfacet
  facet normal -0 0 1
    outer loop
      vertex 1.43541 -0.435427 1
      vertex 3.82776 -1.16114 1
      vertex 1.47118 -0.292635 1
    endloop
  endfacet
  facet normal 0 0 1
    outer loop
      vertex 1.15952 0.95159 1
      vertex 3.09204 2.53757 1
      vertex 2.82843 2.82843 1
    endloop
  endfacet
  facet normal 0 0 1
    outer loop
      vertex 3.82776 -1.16114 1
      vertex 1.43541 -0.435427 1
      vertex 3.69552 -1.53073 1
    endloop
  endfacet
  facet normal 0 0 1
    outer loop
      vertex 1.06066 1.06066 1
      vertex 2.82843 2.82843 1
      vertex 2.53757 3.09204 1
    endloop
  endfacet
  facet normal -0 0 1
    outer loop
      vertex 1.38582 -0.574024 1
      vertex 3.69552 -1.53073 1
      vertex 1.43541 -0.435427 1
    endloop
  endfacet
  facet normal 0 0 1
    outer loop
      vertex 0.95159 1.15952 1
      vertex 2.53757 3.09204 1
      vertex 2.22228 3.32588 1
    endloop
  endfacet
  facet normal 0 0 1
    outer loop
      vertex 3.69552 -1.53073 1
      vertex 1.38582 -0.574024 1
      vertex 3.52768 -1.88559 1
    endloop
  endfacet
  facet normal 0 0 1
    outer loop
      vertex 0.833355 1.2472 1
      vertex 2.22228 3.32588 1
      vertex 1.88559 3.52768 1
    endloop
  endfacet
  facet normal -0 0 1
    outer loop
      vertex 1.32288 -0.707094 1
      vertex 3.52768 -1.88559 1
      vertex 1.38582 -0.574024 1
    endloop
  endfacet
  facet normal 0 0 1
    outer loop
      vertex 0.707094 1.32288 1
      vertex 1.88559 3.52768 1
      vertex 1.53073 3.69552 1
    endloop
  endfacet
  facet normal 0 0 1
    outer loop
      vertex 3.52768 -1.88559 1
      vertex 1.32288 -0.707094 1
      vertex 3.32588 -2.22228 1
    endloop
  endfacet
  facet normal -0 0 1
    outer loop
      vertex 1.2472 -0.833355 1
      vertex 3.32588 -2.22228 1
      vertex 1.32288 -0.707094 1
    endloop
  endfacet
  facet normal 0 0 1
    outer loop
      vertex 3.98074 0.392068 1
      vertex 1.49278 0.147025 1
      vertex 1.5 0 1
    endloop
  endfacet
  facet normal 0 0 1
    outer loop
      vertex 3.92314 0.780361 1
      vertex 1.47118 0.292635 1
      vertex 1.49278 0.147025 1
    endloop
  endfacet
  facet normal 0 0 1
    outer loop
      vertex 3.82776 1.16114 1
      vertex 1.43541 0.435427 1
      vertex 1.47118 0.292635 1
    endloop
  endfacet
  facet normal 0 0 1
    outer loop
      vertex 3.69552 1.53073 1
      vertex 1.38582 0.574024 1
      vertex 1.43541 0.435427 1
    endloop
  endfacet
  facet normal 0 0 1
    outer loop
      vertex 3.52768 1.88559 1
      vertex 1.32288 0.707094 1
      vertex 1.38582 0.574024 1
    endloop
  endfacet
  facet normal 0 0 1
    outer loop
      vertex 3.32588 2.22228 1
      vertex 1.2472 0.833355 1
      vertex 1.32288 0.707094 1
    endloop
  endfacet
  facet normal 0 0 1
    outer loop
      vertex 0.574024 1.38582 1
      vertex 1.53073 3.69552 1
      vertex 1.16114 3.82776 1
    endloop
  endfacet
  facet normal 0 0 1
    outer loop
      vertex 3.09204 2.53757 1
      vertex 1.15952 0.95159 1
      vertex 1.2472 0.833355 1
    endloop
  endfacet
  facet normal 0 0 1
    outer loop
      vertex 2.82843 2.82843 1
      vertex 1.06066 1.06066 1
      vertex 1.15952 0.95159 1
    endloop
  endfacet
  facet normal 0 0 1
    outer loop
      vertex 2.53757 3.09204 1
      vertex 0.95159 1.15952 1
      vertex 1.06066 1.06066 1
    endloop
  endfacet
  facet normal 0 0 1
    outer loop
      vertex 2.22228 3.32588 1
      vertex 0.833355 1.2472 1
      vertex 0.95159 1.15952 1
    endloop
  endfacet
  facet normal 0 0 1
    outer loop
      vertex 0.435427 1.43541 1
      vertex 1.16114 3.82776 1
      vertex 0.780361 3.92314 1
    endloop
  endfacet
  facet normal 0 0 1
    outer loop
      vertex 1.88559 3.52768 1
      vertex 0.707094 1.32288 1
      vertex 0.833355 1.2472 1
    endloop
  endfacet
  facet normal 0 0 1
    outer loop
      vertex 1.53073 3.69552 1
      vertex 0.574024 1.38582 1
      vertex 0.707094 1.32288 1
    endloop
  endfacet
  facet normal 0 0 1
    outer loop
      vertex 1.16114 3.82776 1
      vertex 0.435427 1.43541 1
      vertex 0.574024 1.38582 1
    endloop
  endfacet
  facet normal 0 0 1
    outer loop
      vertex 0.292635 1.47118 1
      vertex 0.780361 3.92314 1
      vertex 0.392068 3.98074 1
    endloop
  endfacet
  facet normal 0 0 1
    outer loop
      vertex 0.780361 3.92314 1
      vertex 0.292635 1.47118 1
      vertex 0.435427 1.43541 1
    endloop
  endfacet
  facet normal 0 0 1
    outer loop
      vertex 0.392068 3.98074 1
      vertex 0.147025 1.49278 1
      vertex 0.292635 1.47118 1
    endloop
  endfacet
  facet normal 0 0 1
    outer loop
      vertex 0 4 1
      vertex 0.147025 1.49278 1
      vertex 0.392068 3.98074 1
    endloop
  endfacet
  facet normal 0 0 1
    outer loop
      vertex 0 4 1
      vertex 0 1.5 1
      vertex 0.147025 1.49278 1
    endloop
  endfacet
  facet normal 0 0 1
    outer loop
      vertex 0 4 1
      vertex -0.147025 1.49278 1
      vertex 0 1.5 1
    endloop
  endfacet
  facet normal -0 0 1
    outer loop
      vertex -0.392068 3.98074 1
      vertex -0.147025 1.49278 1
      vertex 0 4 1
    endloop
  endfacet
  facet normal 0 0 1
    outer loop
      vertex -0.147025 1.49278 1
      vertex -0.392068 3.98074 1
      vertex -0.292635 1.47118 1
    endloop
  endfacet
  facet normal -0 0 1
    outer loop
      vertex -0.780361 3.92314 1
      vertex -0.292635 1.47118 1
      vertex -0.392068 3.98074 1
    endloop
  endfacet
  facet normal 0 0 1
    outer loop
      vertex -0.292635 1.47118 1
      vertex -0.780361 3.92314 1
      vertex -0.435427 1.43541 1
    endloop
  endfacet
  facet normal -0 0 1
    outer loop
      vertex -1.16114 3.82776 1
      vertex -0.435427 1.43541 1
      vertex -0.780361 3.92314 1
    endloop
  endfacet
  facet normal 0 0 1
    outer loop
      vertex -0.435427 1.43541 1
      vertex -1.16114 3.82776 1
      vertex -0.574024 1.38582 1
    endloop
  endfacet
  facet normal -0 0 1
    outer loop
      vertex -1.53073 3.69552 1
      vertex -0.574024 1.38582 1
      vertex -1.16114 3.82776 1
    endloop
  endfacet
  facet normal 0 0 1
    outer loop
      vertex -0.574024 1.38582 1
      vertex -1.53073 3.69552 1
      vertex -0.707094 1.32288 1
    endloop
  endfacet
  facet normal -0 0 1
    outer loop
      vertex -1.88559 3.52768 1
      vertex -0.707094 1.32288 1
      vertex -1.53073 3.69552 1
    endloop
  endfacet
  facet normal 0 0 1
    outer loop
      vertex -0.707094 1.32288 1
      vertex -1.88559 3.52768 1
      vertex -0.833355 1.2472 1
    endloop
  endfacet
  facet normal -0 0 1
    outer loop
      vertex -2.22228 3.32588 1
      vertex -0.833355 1.2472 1
      vertex -1.88559 3.52768 1
    endloop
  endfacet
  facet normal 0 0 1
    outer loop
      vertex -0.833355 1.2472 1
      vertex -2.22228 3.32588 1
      vertex -0.95159 1.15952 1
    endloop
  endfacet
  facet normal -0 0 1
    outer loop
      vertex -2.53757 3.09204 1
      vertex -0.95159 1.15952 1
      vertex -2.22228 3.32588 1
    endloop
  endfacet
  facet normal 0 0 1
    outer loop
      vertex -0.95159 1.15952 1
      vertex -2.53757 3.09204 1
      vertex -1.06066 1.06066 1
    endloop
  endfacet
  facet normal -0 0 1
    outer loop
      vertex -2.82843 2.82843 1
      vertex -1.06066 1.06066 1
      vertex -2.53757 3.09204 1
    endloop
  endfacet
  facet normal 0 0 1
    outer loop
      vertex -1.06066 1.06066 1
      vertex -2.82843 2.82843 1
      vertex -1.15952 0.95159 1
    endloop
  endfacet
  facet normal -0 0 1
    outer loop
      vertex -3.09204 2.53757 1
      vertex -1.15952 0.95159 1
      vertex -2.82843 2.82843 1
    endloop
  endfacet
  facet normal -0 0 1
    outer loop
      vertex -3.32588 2.22228 1
      vertex -1.2472 0.833355 1
      vertex -3.09204 2.53757 1
    endloop
  endfacet
  facet normal 0 0 1
    outer loop
      vertex -1.15952 0.95159 1
      vertex -3.09204 2.53757 1
      vertex -1.2472 0.833355 1
    endloop
  endfacet
  facet normal 0 0 1
    outer loop
      vertex 3.32588 -2.22228 1
      vertex 1.2472 -0.833355 1
      vertex 3.09204 -2.53757 1
    endloop
  endfacet
  facet normal -0 0 1
    outer loop
      vertex 1.15952 -0.95159 1
      vertex 3.09204 -2.53757 1
      vertex 1.2472 -0.833355 1
    endloop
  endfacet
  facet normal 0 0 1
    outer loop
      vertex 3.09204 -2.53757 1
      vertex 1.15952 -0.95159 1
      vertex 2.82843 -2.82843 1
    endloop
  endfacet
  facet normal -0 0 1
    outer loop
      vertex 1.06066 -1.06066 1
      vertex 2.82843 -2.82843 1
      vertex 1.15952 -0.95159 1
    endloop
  endfacet
  facet normal 0 0 1
    outer loop
      vertex 2.82843 -2.82843 1
      vertex 1.06066 -1.06066 1
      vertex 2.53757 -3.09204 1
    endloop
  endfacet
  facet normal -0 0 1
    outer loop
      vertex 0.95159 -1.15952 1
      vertex 2.53757 -3.09204 1
      vertex 1.06066 -1.06066 1
    endloop
  endfacet
  facet normal 0 0 1
    outer loop
      vertex 2.53757 -3.09204 1
      vertex 0.95159 -1.15952 1
      vertex 2.22228 -3.32588 1
    endloop
  endfacet
  facet normal -0 0 1
    outer loop
      vertex 0.833355 -1.2472 1
      vertex 2.22228 -3.32588 1
      vertex 0.95159 -1.15952 1
    endloop
  endfacet
  facet normal 0 0 1
    outer loop
      vertex 2.22228 -3.32588 1
      vertex 0.833355 -1.2472 1
      vertex 1.88559 -3.52768 1
    endloop
  endfacet
  facet normal -0 0 1
    outer loop
      vertex 0.707094 -1.32288 1
      vertex 1.88559 -3.52768 1
      vertex 0.833355 -1.2472 1
    endloop
  endfacet
  facet normal 0 0 1
    outer loop
      vertex 1.88559 -3.52768 1
      vertex 0.707094 -1.32288 1
      vertex 1.53073 -3.69552 1
    endloop
  endfacet
  facet normal -0 0 1
    outer loop
      vertex 0.574024 -1.38582 1
      vertex 1.53073 -3.69552 1
      vertex 0.707094 -1.32288 1
    endloop
  endfacet
  facet normal 0 0 1
    outer loop
      vertex 1.53073 -3.69552 1
      vertex 0.574024 -1.38582 1
      vertex 1.16114 -3.82776 1
    endloop
  endfacet
  facet normal -0 0 1
    outer loop
      vertex 0.435427 -1.43541 1
      vertex 1.16114 -3.82776 1
      vertex 0.574024 -1.38582 1
    endloop
  endfacet
  facet normal 0 0 1
    outer loop
      vertex 1.16114 -3.82776 1
      vertex 0.435427 -1.43541 1
      vertex 0.780361 -3.92314 1
    endloop
  endfacet
  facet normal -0 0 1
    outer loop
      vertex 0.292635 -1.47118 1
      vertex 0.780361 -3.92314 1
      vertex 0.435427 -1.43541 1
    endloop
  endfacet
  facet normal 0 0 1
    outer loop
      vertex 0.780361 -3.92314 1
      vertex 0.292635 -1.47118 1
      vertex 0.392068 -3.98074 1
    endloop
  endfacet
  facet normal -0 0 1
    outer loop
      vertex 0.147025 -1.49278 1
      vertex 0.392068 -3.98074 1
      vertex 0.292635 -1.47118 1
    endloop
  endfacet
  facet normal -0 0 1
    outer loop
      vertex 0 -1.5 1
      vertex 0.392068 -3.98074 1
      vertex 0.147025 -1.49278 1
    endloop
  endfacet
  facet normal 0 0 1
    outer loop
      vertex 0 -1.5 1
      vertex 0 -4 1
      vertex 0.392068 -3.98074 1
    endloop
  endfacet
  facet normal 0 0 1
    outer loop
      vertex -0.147025 -1.49278 1
      vertex 0 -4 1
      vertex 0 -1.5 1
    endloop
  endfacet
  facet normal 0 0 1
    outer loop
      vertex -0.392068 -3.98074 1
      vertex -0.147025 -1.49278 1
      vertex -0.292635 -1.47118 1
    endloop
  endfacet
  facet normal 0 0 1
    outer loop
      vertex -0.147025 -1.49278 1
      vertex -0.392068 -3.98074 1
      vertex 0 -4 1
    endloop
  endfacet
  facet normal 0 0 1
    outer loop
      vertex -0.780361 -3.92314 1
      vertex -0.292635 -1.47118 1
      vertex -0.435427 -1.43541 1
    endloop
  endfacet
  facet normal 0 0 1
    outer loop
      vertex -1.16114 -3.82776 1
      vertex -0.435427 -1.43541 1
      vertex -0.574024 -1.38582 1
    endloop
  endfacet
  facet normal 0 0 1
    outer loop
      vertex -1.53073 -3.69552 1
      vertex -0.574024 -1.38582 1
      vertex -0.707094 -1.32288 1
    endloop
  endfacet
  facet normal 0 0 1
    outer loop
      vertex -0.292635 -1.47118 1
      vertex -0.780361 -3.92314 1
      vertex -0.392068 -3.98074 1
    endloop
  endfacet
  facet normal 0 0 1
    outer loop
      vertex -1.88559 -3.52768 1
      vertex -0.707094 -1.32288 1
      vertex -0.833355 -1.2472 1
    endloop
  endfacet
  facet normal 0 0 1
    outer loop
      vertex -2.22228 -3.32588 1
      vertex -0.833355 -1.2472 1
      vertex -0.95159 -1.15952 1
    endloop
  endfacet
  facet normal 0 0 1
    outer loop
      vertex -2.53757 -3.09204 1
      vertex -0.95159 -1.15952 1
      vertex -1.06066 -1.06066 1
    endloop
  endfacet
  facet normal 0 0 1
    outer loop
      vertex -2.82843 -2.82843 1
      vertex -1.06066 -1.06066 1
      vertex -1.15952 -0.95159 1
    endloop
  endfacet
  facet normal 0 0 1
    outer loop
      vertex -0.435427 -1.43541 1
      vertex -1.16114 -3.82776 1
      vertex -0.780361 -3.92314 1
    endloop
  endfacet
  facet normal 0 0 1
    outer loop
      vertex -3.09204 -2.53757 1
      vertex -1.15952 -0.95159 1
      vertex -1.2472 -0.833355 1
    endloop
  endfacet
  facet normal 0 0 1
    outer loop
      vertex -3.32588 -2.22228 1
      vertex -1.2472 -0.833355 1
      vertex -1.32288 -0.707094 1
    endloop
  endfacet
  facet normal 0 0 1
    outer loop
      vertex -3.52768 -1.88559 1
      vertex -1.32288 -0.707094 1
      vertex -1.38582 -0.574024 1
    endloop
  endfacet
  facet normal 0 0 1
    outer loop
      vertex -3.69552 -1.53073 1
      vertex -1.38582 -0.574024 1
      vertex -1.43541 -0.435427 1
    endloop
  endfacet
  facet normal 0 0 1
    outer loop
      vertex -3.82776 -1.16114 1
      vertex -1.43541 -0.435427 1
      vertex -1.47118 -0.292635 1
    endloop
  endfacet
  facet normal 0 0 1
    outer loop
      vertex -3.92314 -0.780361 1
      vertex -1.47118 -0.292635 1
      vertex -1.49278 -0.147025 1
    endloop
  endfacet
  facet normal 0 0 1
    outer loop
      vertex -0.574024 -1.38582 1
      vertex -1.53073 -3.69552 1
      vertex -1.16114 -3.82776 1
    endloop
  endfacet
  facet normal 0 0 1
    outer loop
      vertex -3.98074 -0.392068 1
      vertex -1.49278 -0.147025 1
      vertex -1.5 0 1
    endloop
  endfacet
  facet normal 0 0 1
    outer loop
      vertex -1.2472 0.833355 1
      vertex -3.32588 2.22228 1
      vertex -1.32288 0.707094 1
    endloop
  endfacet
  facet normal -0 0 1
    outer loop
      vertex -3.52768 1.88559 1
      vertex -1.32288 0.707094 1
      vertex -3.32588 2.22228 1
    endloop
  endfacet
  facet normal 0 0 1
    outer loop
      vertex -0.707094 -1.32288 1
      vertex -1.88559 -3.52768 1
      vertex -1.53073 -3.69552 1
    endloop
  endfacet
  facet normal 0 0 1
    outer loop
      vertex -1.32288 0.707094 1
      vertex -3.52768 1.88559 1
      vertex -1.38582 0.574024 1
    endloop
  endfacet
  facet normal 0 0 1
    outer loop
      vertex -0.833355 -1.2472 1
      vertex -2.22228 -3.32588 1
      vertex -1.88559 -3.52768 1
    endloop
  endfacet
  facet normal -0 0 1
    outer loop
      vertex -3.69552 1.53073 1
      vertex -1.38582 0.574024 1
      vertex -3.52768 1.88559 1
    endloop
  endfacet
  facet normal 0 0 1
    outer loop
      vertex -0.95159 -1.15952 1
      vertex -2.53757 -3.09204 1
      vertex -2.22228 -3.32588 1
    endloop
  endfacet
  facet normal 0 0 1
    outer loop
      vertex -1.38582 0.574024 1
      vertex -3.69552 1.53073 1
      vertex -1.43541 0.435427 1
    endloop
  endfacet
  facet normal 0 0 1
    outer loop
      vertex -1.06066 -1.06066 1
      vertex -2.82843 -2.82843 1
      vertex -2.53757 -3.09204 1
    endloop
  endfacet
  facet normal -0 0 1
    outer loop
      vertex -3.82776 1.16114 1
      vertex -1.43541 0.435427 1
      vertex -3.69552 1.53073 1
    endloop
  endfacet
  facet normal 0 0 1
    outer loop
      vertex -1.15952 -0.95159 1
      vertex -3.09204 -2.53757 1
      vertex -2.82843 -2.82843 1
    endloop
  endfacet
  facet normal 0 0 1
    outer loop
      vertex -1.43541 0.435427 1
      vertex -3.82776 1.16114 1
      vertex -1.47118 0.292635 1
    endloop
  endfacet
  facet normal 0 0 1
    outer loop
      vertex -1.2472 -0.833355 1
      vertex -3.32588 -2.22228 1
      vertex -3.09204 -2.53757 1
    endloop
  endfacet
  facet normal -0 0 1
    outer loop
      vertex -3.92314 0.780361 1
      vertex -1.47118 0.292635 1
      vertex -3.82776 1.16114 1
    endloop
  endfacet
  facet normal 0 0 1
    outer loop
      vertex -1.32288 -0.707094 1
      vertex -3.52768 -1.88559 1
      vertex -3.32588 -2.22228 1
    endloop
  endfacet
  facet normal 0 0 1
    outer loop
      vertex -1.47118 0.292635 1
      vertex -3.92314 0.780361 1
      vertex -1.49278 0.147025 1
    endloop
  endfacet
  facet normal 0 0 1
    outer loop
      vertex -1.38582 -0.574024 1
      vertex -3.69552 -1.53073 1
      vertex -3.52768 -1.88559 1
    endloop
  endfacet
  facet normal -0 0 1
    outer loop
      vertex -3.98074 0.392068 1
      vertex -1.49278 0.147025 1
      vertex -3.92314 0.780361 1
    endloop
  endfacet
  facet normal 0 0 1
    outer loop
      vertex -1.43541 -0.435427 1
      vertex -3.82776 -1.16114 1
      vertex -3.69552 -1.53073 1
    endloop
  endfacet
  facet normal 0 0 1
    outer loop
      vertex -1.49278 0.147025 1
      vertex -3.98074 0.392068 1
      vertex -1.5 0 1
    endloop
  endfacet
  facet normal 0 0 1
    outer loop
      vertex -1.47118 -0.292635 1
      vertex -3.92314 -0.780361 1
      vertex -3.82776 -1.16114 1
    endloop
  endfacet
  facet normal 0 0 1
    outer loop
      vertex -4 0 1
      vertex -1.5 0 1
      vertex -3.98074 0.392068 1
    endloop
  endfacet
  facet normal 0 0 1
    outer loop
      vertex -1.49278 -0.147025 1
      vertex -3.98074 -0.392068 1
      vertex -3.92314 -0.780361 1
    endloop
  endfacet
  facet normal 0 0 1
    outer loop
      vertex -1.5 0 1
      vertex -4 0 1
      vertex -3.98074 -0.392068 1
    endloop
  endfacet
  facet normal -0.970031 -0.24298 0
    outer loop
      vertex -3.82776 -1.16114 -1
      vertex -3.92314 -0.780361 1
      vertex -3.92314 -0.780361 -1
    endloop
  endfacet
  facet normal -0.970031 -0.24298 0
    outer loop
      vertex -3.92314 -0.780361 1
      vertex -3.82776 -1.16114 -1
      vertex -3.82776 -1.16114 1
    endloop
  endfacet
  facet normal -0.941545 -0.336887 0
    outer loop
      vertex -3.69552 -1.53073 -1
      vertex -3.82776 -1.16114 1
      vertex -3.82776 -1.16114 -1
    endloop
  endfacet
  facet normal -0.941545 -0.336887 0
    outer loop
      vertex -3.82776 -1.16114 1
      vertex -3.69552 -1.53073 -1
      vertex -3.69552 -1.53073 1
    endloop
  endfacet
  facet normal -0.049065 -0.998796 0
    outer loop
      vertex -0.392068 -3.98074 -1
      vertex 0 -4 1
      vertex -0.392068 -3.98074 1
    endloop
  endfacet
  facet normal -0.049065 -0.998796 -0
    outer loop
      vertex 0 -4 1
      vertex -0.392068 -3.98074 -1
      vertex 0 -4 -1
    endloop
  endfacet
  facet normal -0.146736 -0.989176 0
    outer loop
      vertex -0.780361 -3.92314 -1
      vertex -0.392068 -3.98074 1
      vertex -0.780361 -3.92314 1
    endloop
  endfacet
  facet normal -0.146736 -0.989176 -0
    outer loop
      vertex -0.392068 -3.98074 1
      vertex -0.780361 -3.92314 -1
      vertex -0.392068 -3.98074 -1
    endloop
  endfacet
  facet normal 0.740964 -0.671545 0
    outer loop
      vertex 2.82843 -2.82843 1
      vertex 3.09204 -2.53757 -1
      vertex 3.09204 -2.53757 1
    endloop
  endfacet
  facet normal 0.740964 -0.671545 0
    outer loop
      vertex 3.09204 -2.53757 -1
      vertex 2.82843 -2.82843 1
      vertex 2.82843 -2.82843 -1
    endloop
  endfacet
  facet normal 0.049065 0.998796 -0
    outer loop
      vertex 0.392068 3.98074 -1
      vertex 0 4 1
      vertex 0.392068 3.98074 1
    endloop
  endfacet
  facet normal 0.049065 0.998796 0
    outer loop
      vertex 0 4 1
      vertex 0.392068 3.98074 -1
      vertex 0 4 -1
    endloop
  endfacet
  facet normal -0.336887 -0.941545 0
    outer loop
      vertex -1.53073 -3.69552 -1
      vertex -1.16114 -3.82776 1
      vertex -1.53073 -3.69552 1
    endloop
  endfacet
  facet normal -0.336887 -0.941545 -0
    outer loop
      vertex -1.16114 -3.82776 1
      vertex -1.53073 -3.69552 -1
      vertex -1.16114 -3.82776 -1
    endloop
  endfacet
  facet normal 0.970031 -0.24298 0
    outer loop
      vertex 3.82776 -1.16114 1
      vertex 3.92314 -0.780361 -1
      vertex 3.92314 -0.780361 1
    endloop
  endfacet
  facet normal 0.970031 -0.24298 0
    outer loop
      vertex 3.92314 -0.780361 -1
      vertex 3.82776 -1.16114 1
      vertex 3.82776 -1.16114 -1
    endloop
  endfacet
  facet normal -0.903986 0.427563 0
    outer loop
      vertex -3.69552 1.53073 -1
      vertex -3.52768 1.88559 1
      vertex -3.52768 1.88559 -1
    endloop
  endfacet
  facet normal -0.903986 0.427563 0
    outer loop
      vertex -3.52768 1.88559 1
      vertex -3.69552 1.53073 -1
      vertex -3.69552 1.53073 1
    endloop
  endfacet
  facet normal -0.857733 -0.514095 0
    outer loop
      vertex -3.32588 -2.22228 -1
      vertex -3.52768 -1.88559 1
      vertex -3.52768 -1.88559 -1
    endloop
  endfacet
  facet normal -0.857733 -0.514095 0
    outer loop
      vertex -3.52768 -1.88559 1
      vertex -3.32588 -2.22228 -1
      vertex -3.32588 -2.22228 1
    endloop
  endfacet
  facet normal -0.671545 -0.740964 0
    outer loop
      vertex -2.82843 -2.82843 -1
      vertex -2.53757 -3.09204 1
      vertex -2.82843 -2.82843 1
    endloop
  endfacet
  facet normal -0.671545 -0.740964 -0
    outer loop
      vertex -2.53757 -3.09204 1
      vertex -2.82843 -2.82843 -1
      vertex -2.53757 -3.09204 -1
    endloop
  endfacet
  facet normal -0.970031 0.24298 0
    outer loop
      vertex -3.92314 0.780361 -1
      vertex -3.82776 1.16114 1
      vertex -3.82776 1.16114 -1
    endloop
  endfacet
  facet normal -0.970031 0.24298 0
    outer loop
      vertex -3.82776 1.16114 1
      vertex -3.92314 0.780361 -1
      vertex -3.92314 0.780361 1
    endloop
  endfacet
  facet normal -0.514095 -0.857733 0
    outer loop
      vertex -2.22228 -3.32588 -1
      vertex -1.88559 -3.52768 1
      vertex -2.22228 -3.32588 1
    endloop
  endfacet
  facet normal -0.514095 -0.857733 -0
    outer loop
      vertex -1.88559 -3.52768 1
      vertex -2.22228 -3.32588 -1
      vertex -1.88559 -3.52768 -1
    endloop
  endfacet
  facet normal 0.427563 -0.903986 0
    outer loop
      vertex 1.53073 -3.69552 -1
      vertex 1.88559 -3.52768 1
      vertex 1.53073 -3.69552 1
    endloop
  endfacet
  facet normal 0.427563 -0.903986 0
    outer loop
      vertex 1.88559 -3.52768 1
      vertex 1.53073 -3.69552 -1
      vertex 1.88559 -3.52768 -1
    endloop
  endfacet
  facet normal -0.803201 0.595708 0
    outer loop
      vertex -3.32588 2.22228 -1
      vertex -3.09204 2.53757 1
      vertex -3.09204 2.53757 -1
    endloop
  endfacet
  facet normal -0.803201 0.595708 0
    outer loop
      vertex -3.09204 2.53757 1
      vertex -3.32588 2.22228 -1
      vertex -3.32588 2.22228 1
    endloop
  endfacet
  facet normal 0.740964 0.671545 0
    outer loop
      vertex 3.09204 2.53757 1
      vertex 2.82843 2.82843 -1
      vertex 2.82843 2.82843 1
    endloop
  endfacet
  facet normal 0.740964 0.671545 0
    outer loop
      vertex 2.82843 2.82843 -1
      vertex 3.09204 2.53757 1
      vertex 3.09204 2.53757 -1
    endloop
  endfacet
  facet normal 0.514095 -0.857733 0
    outer loop
      vertex 1.88559 -3.52768 -1
      vertex 2.22228 -3.32588 1
      vertex 1.88559 -3.52768 1
    endloop
  endfacet
  facet normal 0.514095 -0.857733 0
    outer loop
      vertex 2.22228 -3.32588 1
      vertex 1.88559 -3.52768 -1
      vertex 2.22228 -3.32588 -1
    endloop
  endfacet
  facet normal -0.740964 0.671545 0
    outer loop
      vertex -3.09204 2.53757 -1
      vertex -2.82843 2.82843 1
      vertex -2.82843 2.82843 -1
    endloop
  endfacet
  facet normal -0.740964 0.671545 0
    outer loop
      vertex -2.82843 2.82843 1
      vertex -3.09204 2.53757 -1
      vertex -3.09204 2.53757 1
    endloop
  endfacet
  facet normal -0.514095 0.857733 0
    outer loop
      vertex -1.88559 3.52768 -1
      vertex -2.22228 3.32588 1
      vertex -1.88559 3.52768 1
    endloop
  endfacet
  facet normal -0.514095 0.857733 0
    outer loop
      vertex -2.22228 3.32588 1
      vertex -1.88559 3.52768 -1
      vertex -2.22228 3.32588 -1
    endloop
  endfacet
  facet normal -0.427563 0.903986 0
    outer loop
      vertex -1.53073 3.69552 -1
      vertex -1.88559 3.52768 1
      vertex -1.53073 3.69552 1
    endloop
  endfacet
  facet normal -0.427563 0.903986 0
    outer loop
      vertex -1.88559 3.52768 1
      vertex -1.53073 3.69552 -1
      vertex -1.88559 3.52768 -1
    endloop
  endfacet
endsolid OpenSCAD_Model
