solid OpenSCAD_Model
  facet normal -0.336879 0 0.941548
    outer loop
      vertex -18.8389 4 -3.82776
      vertex -18.4693 -4 -3.69552
      vertex -18.4693 4 -3.69552
    endloop
  endfacet
  facet normal -0.336879 0 0.941548
    outer loop
      vertex -18.4693 -4 -3.69552
      vertex -18.8389 4 -3.82776
      vertex -18.8389 -4 -3.82776
    endloop
  endfacet
  facet normal -0.427523 0 0.904004
    outer loop
      vertex -18.4693 4 -3.69552
      vertex -18.1144 -4 -3.52768
      vertex -18.1144 4 -3.52768
    endloop
  endfacet
  facet normal -0.427523 0 0.904004
    outer loop
      vertex -18.1144 -4 -3.52768
      vertex -18.4693 4 -3.69552
      vertex -18.4693 -4 -3.69552
    endloop
  endfacet
  facet normal 0 1 0
    outer loop
      vertex -16.908 -4 -2.53757
      vertex -16.5409 -4 -2
      vertex -16.6741 -4 -2.22228
    endloop
  endfacet
  facet normal 0 1 0
    outer loop
      vertex -16.5409 -4 -2
      vertex -16.908 -4 -2.53757
      vertex -23.4591 -4 -2
    endloop
  endfacet
  facet normal 0 1 -0
    outer loop
      vertex -23.092 -4 -2.53757
      vertex -23.4591 -4 -2
      vertex -16.908 -4 -2.53757
    endloop
  endfacet
  facet normal 0 1 0
    outer loop
      vertex -23.4591 -4 -2
      vertex -23.092 -4 -2.53757
      vertex -23.3259 -4 -2.22228
    endloop
  endfacet
  facet normal 0 1 -0
    outer loop
      vertex -17.1716 -4 -2.82843
      vertex -23.092 -4 -2.53757
      vertex -16.908 -4 -2.53757
    endloop
  endfacet
  facet normal 0 1 0
    outer loop
      vertex -17.1716 -4 -2.82843
      vertex -22.8284 -4 -2.82843
      vertex -23.092 -4 -2.53757
    endloop
  endfacet
  facet normal 0 1 -0
    outer loop
      vertex -17.4624 -4 -3.09204
      vertex -22.8284 -4 -2.82843
      vertex -17.1716 -4 -2.82843
    endloop
  endfacet
  facet normal 0 1 0
    outer loop
      vertex -17.4624 -4 -3.09204
      vertex -22.5376 -4 -3.09204
      vertex -22.8284 -4 -2.82843
    endloop
  endfacet
  facet normal 0 1 -0
    outer loop
      vertex -17.7777 -4 -3.32588
      vertex -22.5376 -4 -3.09204
      vertex -17.4624 -4 -3.09204
    endloop
  endfacet
  facet normal 0 1 0
    outer loop
      vertex -17.7777 -4 -3.32588
      vertex -22.2223 -4 -3.32588
      vertex -22.5376 -4 -3.09204
    endloop
  endfacet
  facet normal 0 1 -0
    outer loop
      vertex -18.1144 -4 -3.52768
      vertex -22.2223 -4 -3.32588
      vertex -17.7777 -4 -3.32588
    endloop
  endfacet
  facet normal 0 1 0
    outer loop
      vertex -18.1144 -4 -3.52768
      vertex -21.8856 -4 -3.52768
      vertex -22.2223 -4 -3.32588
    endloop
  endfacet
  facet normal 0 1 -0
    outer loop
      vertex -18.4693 -4 -3.69552
      vertex -21.8856 -4 -3.52768
      vertex -18.1144 -4 -3.52768
    endloop
  endfacet
  facet normal 0 1 0
    outer loop
      vertex -18.4693 -4 -3.69552
      vertex -21.5307 -4 -3.69552
      vertex -21.8856 -4 -3.52768
    endloop
  endfacet
  facet normal 0 1 -0
    outer loop
      vertex -18.8389 -4 -3.82776
      vertex -21.5307 -4 -3.69552
      vertex -18.4693 -4 -3.69552
    endloop
  endfacet
  facet normal 0 1 0
    outer loop
      vertex -18.8389 -4 -3.82776
      vertex -21.1611 -4 -3.82776
      vertex -21.5307 -4 -3.69552
    endloop
  endfacet
  facet normal 0 1 -0
    outer loop
      vertex -19.2196 -4 -3.92314
      vertex -21.1611 -4 -3.82776
      vertex -18.8389 -4 -3.82776
    endloop
  endfacet
  facet normal 0 1 0
    outer loop
      vertex -19.2196 -4 -3.92314
      vertex -20.7804 -4 -3.92314
      vertex -21.1611 -4 -3.82776
    endloop
  endfacet
  facet normal 0 1 -0
    outer loop
      vertex -19.6079 -4 -3.98074
      vertex -20.7804 -4 -3.92314
      vertex -19.2196 -4 -3.92314
    endloop
  endfacet
  facet normal 0 1 0
    outer loop
      vertex -19.6079 -4 -3.98074
      vertex -20.3921 -4 -3.98074
      vertex -20.7804 -4 -3.92314
    endloop
  endfacet
  facet normal -0 1 0
    outer loop
      vertex -20.3921 -4 -3.98074
      vertex -19.6079 -4 -3.98074
      vertex -20 -4 -4
    endloop
  endfacet
  facet normal 0.243027 0 0.970019
    outer loop
      vertex -21.1611 4 -3.82776
      vertex -20.7804 -4 -3.92314
      vertex -20.7804 4 -3.92314
    endloop
  endfacet
  facet normal 0.243027 0 0.970019
    outer loop
      vertex -20.7804 -4 -3.92314
      vertex -21.1611 4 -3.82776
      vertex -21.1611 -4 -3.82776
    endloop
  endfacet
  facet normal -0.514084 0 0.85774
    outer loop
      vertex -18.1144 4 -3.52768
      vertex -17.7777 -4 -3.32588
      vertex -17.7777 4 -3.32588
    endloop
  endfacet
  facet normal -0.514084 0 0.85774
    outer loop
      vertex -17.7777 -4 -3.32588
      vertex -18.1144 4 -3.52768
      vertex -18.1144 -4 -3.52768
    endloop
  endfacet
  facet normal -0.803128 0 0.595806
    outer loop
      vertex -16.908 -4 -2.53757
      vertex -16.6741 4 -2.22228
      vertex -16.908 4 -2.53757
    endloop
  endfacet
  facet normal -0.803128 0 0.595806
    outer loop
      vertex -16.6741 4 -2.22228
      vertex -16.908 -4 -2.53757
      vertex -16.6741 -4 -2.22228
    endloop
  endfacet
  facet normal -0.146733 0 0.989176
    outer loop
      vertex -19.6079 4 -3.98074
      vertex -19.2196 -4 -3.92314
      vertex -19.2196 4 -3.92314
    endloop
  endfacet
  facet normal -0.146733 0 0.989176
    outer loop
      vertex -19.2196 -4 -3.92314
      vertex -19.6079 4 -3.98074
      vertex -19.6079 -4 -3.98074
    endloop
  endfacet
  facet normal -0.857779 0 0.514019
    outer loop
      vertex -16.6741 -4 -2.22228
      vertex -16.5409 4 -2
      vertex -16.6741 4 -2.22228
    endloop
  endfacet
  facet normal -0.857779 0 0.514019
    outer loop
      vertex -16.5409 4 -2
      vertex -16.6741 -4 -2.22228
      vertex -16.5409 -4 -2
    endloop
  endfacet
  facet normal -0.243027 0 0.970019
    outer loop
      vertex -19.2196 4 -3.92314
      vertex -18.8389 -4 -3.82776
      vertex -18.8389 4 -3.82776
    endloop
  endfacet
  facet normal -0.243027 0 0.970019
    outer loop
      vertex -18.8389 -4 -3.82776
      vertex -19.2196 4 -3.92314
      vertex -19.2196 -4 -3.92314
    endloop
  endfacet
  facet normal 0.740977 -0 0.671531
    outer loop
      vertex -23.092 -4 -2.53757
      vertex -22.8284 4 -2.82843
      vertex -23.092 4 -2.53757
    endloop
  endfacet
  facet normal 0.740977 0 0.671531
    outer loop
      vertex -22.8284 4 -2.82843
      vertex -23.092 -4 -2.53757
      vertex -22.8284 -4 -2.82843
    endloop
  endfacet
  facet normal -0.671621 0 0.740895
    outer loop
      vertex -17.4624 4 -3.09204
      vertex -17.1716 -4 -2.82843
      vertex -17.1716 4 -2.82843
    endloop
  endfacet
  facet normal -0.671621 0 0.740895
    outer loop
      vertex -17.1716 -4 -2.82843
      vertex -17.4624 4 -3.09204
      vertex -17.4624 -4 -3.09204
    endloop
  endfacet
  facet normal 0.049061 0 0.998796
    outer loop
      vertex -20.3921 4 -3.98074
      vertex -20 -4 -4
      vertex -20 4 -4
    endloop
  endfacet
  facet normal 0.049061 0 0.998796
    outer loop
      vertex -20 -4 -4
      vertex -20.3921 4 -3.98074
      vertex -20.3921 -4 -3.98074
    endloop
  endfacet
  facet normal 0.671621 0 0.740895
    outer loop
      vertex -22.8284 4 -2.82843
      vertex -22.5376 -4 -3.09204
      vertex -22.5376 4 -3.09204
    endloop
  endfacet
  facet normal 0.671621 0 0.740895
    outer loop
      vertex -22.5376 -4 -3.09204
      vertex -22.8284 4 -2.82843
      vertex -22.8284 -4 -2.82843
    endloop
  endfacet
  facet normal -0.049061 0 0.998796
    outer loop
      vertex -20 4 -4
      vertex -19.6079 -4 -3.98074
      vertex -19.6079 4 -3.98074
    endloop
  endfacet
  facet normal -0.049061 0 0.998796
    outer loop
      vertex -19.6079 -4 -3.98074
      vertex -20 4 -4
      vertex -20 -4 -4
    endloop
  endfacet
  facet normal -0.595695 0 0.80321
    outer loop
      vertex -17.7777 4 -3.32588
      vertex -17.4624 -4 -3.09204
      vertex -17.4624 4 -3.09204
    endloop
  endfacet
  facet normal -0.595695 0 0.80321
    outer loop
      vertex -17.4624 -4 -3.09204
      vertex -17.7777 4 -3.32588
      vertex -17.7777 -4 -3.32588
    endloop
  endfacet
  facet normal 0.857779 -0 0.514019
    outer loop
      vertex -23.4591 -4 -2
      vertex -23.3259 4 -2.22228
      vertex -23.4591 4 -2
    endloop
  endfacet
  facet normal 0.857779 0 0.514019
    outer loop
      vertex -23.3259 4 -2.22228
      vertex -23.4591 -4 -2
      vertex -23.3259 -4 -2.22228
    endloop
  endfacet
  facet normal 0.514084 0 0.85774
    outer loop
      vertex -22.2223 4 -3.32588
      vertex -21.8856 -4 -3.52768
      vertex -21.8856 4 -3.52768
    endloop
  endfacet
  facet normal 0.514084 0 0.85774
    outer loop
      vertex -21.8856 -4 -3.52768
      vertex -22.2223 4 -3.32588
      vertex -22.2223 -4 -3.32588
    endloop
  endfacet
  facet normal 0.803128 -0 0.595806
    outer loop
      vertex -23.3259 -4 -2.22228
      vertex -23.092 4 -2.53757
      vertex -23.3259 4 -2.22228
    endloop
  endfacet
  facet normal 0.803128 0 0.595806
    outer loop
      vertex -23.092 4 -2.53757
      vertex -23.3259 -4 -2.22228
      vertex -23.092 -4 -2.53757
    endloop
  endfacet
  facet normal 0.595695 0 0.80321
    outer loop
      vertex -22.5376 4 -3.09204
      vertex -22.2223 -4 -3.32588
      vertex -22.2223 4 -3.32588
    endloop
  endfacet
  facet normal 0.595695 0 0.80321
    outer loop
      vertex -22.2223 -4 -3.32588
      vertex -22.5376 4 -3.09204
      vertex -22.5376 -4 -3.09204
    endloop
  endfacet
  facet normal 0.146733 0 0.989176
    outer loop
      vertex -20.7804 4 -3.92314
      vertex -20.3921 -4 -3.98074
      vertex -20.3921 4 -3.98074
    endloop
  endfacet
  facet normal 0.146733 0 0.989176
    outer loop
      vertex -20.3921 -4 -3.98074
      vertex -20.7804 4 -3.92314
      vertex -20.7804 -4 -3.92314
    endloop
  endfacet
  facet normal -0.740977 0 0.671531
    outer loop
      vertex -17.1716 -4 -2.82843
      vertex -16.908 4 -2.53757
      vertex -17.1716 4 -2.82843
    endloop
  endfacet
  facet normal -0.740977 0 0.671531
    outer loop
      vertex -16.908 4 -2.53757
      vertex -17.1716 -4 -2.82843
      vertex -16.908 -4 -2.53757
    endloop
  endfacet
  facet normal 0.427523 0 0.904004
    outer loop
      vertex -21.8856 4 -3.52768
      vertex -21.5307 -4 -3.69552
      vertex -21.5307 4 -3.69552
    endloop
  endfacet
  facet normal 0.427523 0 0.904004
    outer loop
      vertex -21.5307 -4 -3.69552
      vertex -21.8856 4 -3.52768
      vertex -21.8856 -4 -3.52768
    endloop
  endfacet
  facet normal 0.336879 0 0.941548
    outer loop
      vertex -21.5307 4 -3.69552
      vertex -21.1611 -4 -3.82776
      vertex -21.1611 4 -3.82776
    endloop
  endfacet
  facet normal 0.336879 0 0.941548
    outer loop
      vertex -21.1611 -4 -3.82776
      vertex -21.5307 4 -3.69552
      vertex -21.5307 -4 -3.69552
    endloop
  endfacet
  facet normal 0 -1 0
    outer loop
      vertex -23.092 4 -2.53757
      vertex -23.4591 4 -2
      vertex -23.3259 4 -2.22228
    endloop
  endfacet
  facet normal 0 -1 0
    outer loop
      vertex -23.4591 4 -2
      vertex -23.092 4 -2.53757
      vertex -16.5409 4 -2
    endloop
  endfacet
  facet normal 0 -1 0
    outer loop
      vertex -16.908 4 -2.53757
      vertex -16.5409 4 -2
      vertex -23.092 4 -2.53757
    endloop
  endfacet
  facet normal 0 -1 0
    outer loop
      vertex -16.5409 4 -2
      vertex -16.908 4 -2.53757
      vertex -16.6741 4 -2.22228
    endloop
  endfacet
  facet normal 0 -1 0
    outer loop
      vertex -22.8284 4 -2.82843
      vertex -16.908 4 -2.53757
      vertex -23.092 4 -2.53757
    endloop
  endfacet
  facet normal 0 -1 0
    outer loop
      vertex -22.8284 4 -2.82843
      vertex -17.1716 4 -2.82843
      vertex -16.908 4 -2.53757
    endloop
  endfacet
  facet normal 0 -1 0
    outer loop
      vertex -22.5376 4 -3.09204
      vertex -17.1716 4 -2.82843
      vertex -22.8284 4 -2.82843
    endloop
  endfacet
  facet normal 0 -1 0
    outer loop
      vertex -22.5376 4 -3.09204
      vertex -17.4624 4 -3.09204
      vertex -17.1716 4 -2.82843
    endloop
  endfacet
  facet normal 0 -1 0
    outer loop
      vertex -22.2223 4 -3.32588
      vertex -17.4624 4 -3.09204
      vertex -22.5376 4 -3.09204
    endloop
  endfacet
  facet normal 0 -1 0
    outer loop
      vertex -22.2223 4 -3.32588
      vertex -17.7777 4 -3.32588
      vertex -17.4624 4 -3.09204
    endloop
  endfacet
  facet normal 0 -1 0
    outer loop
      vertex -21.8856 4 -3.52768
      vertex -17.7777 4 -3.32588
      vertex -22.2223 4 -3.32588
    endloop
  endfacet
  facet normal 0 -1 0
    outer loop
      vertex -21.8856 4 -3.52768
      vertex -18.1144 4 -3.52768
      vertex -17.7777 4 -3.32588
    endloop
  endfacet
  facet normal 0 -1 0
    outer loop
      vertex -21.5307 4 -3.69552
      vertex -18.1144 4 -3.52768
      vertex -21.8856 4 -3.52768
    endloop
  endfacet
  facet normal 0 -1 0
    outer loop
      vertex -21.5307 4 -3.69552
      vertex -18.4693 4 -3.69552
      vertex -18.1144 4 -3.52768
    endloop
  endfacet
  facet normal 0 -1 0
    outer loop
      vertex -21.1611 4 -3.82776
      vertex -18.4693 4 -3.69552
      vertex -21.5307 4 -3.69552
    endloop
  endfacet
  facet normal 0 -1 0
    outer loop
      vertex -21.1611 4 -3.82776
      vertex -18.8389 4 -3.82776
      vertex -18.4693 4 -3.69552
    endloop
  endfacet
  facet normal 0 -1 0
    outer loop
      vertex -20.7804 4 -3.92314
      vertex -18.8389 4 -3.82776
      vertex -21.1611 4 -3.82776
    endloop
  endfacet
  facet normal 0 -1 0
    outer loop
      vertex -20.7804 4 -3.92314
      vertex -19.2196 4 -3.92314
      vertex -18.8389 4 -3.82776
    endloop
  endfacet
  facet normal 0 -1 0
    outer loop
      vertex -20.3921 4 -3.98074
      vertex -19.2196 4 -3.92314
      vertex -20.7804 4 -3.92314
    endloop
  endfacet
  facet normal 0 -1 0
    outer loop
      vertex -20.3921 4 -3.98074
      vertex -19.6079 4 -3.98074
      vertex -19.2196 4 -3.92314
    endloop
  endfacet
  facet normal -0 -1 0
    outer loop
      vertex -19.6079 4 -3.98074
      vertex -20.3921 4 -3.98074
      vertex -20 4 -4
    endloop
  endfacet
  facet normal -0.803128 0 0.595806
    outer loop
      vertex 23.092 -4 -2.53757
      vertex 23.3259 4 -2.22228
      vertex 23.092 4 -2.53757
    endloop
  endfacet
  facet normal -0.803128 0 0.595806
    outer loop
      vertex 23.3259 4 -2.22228
      vertex 23.092 -4 -2.53757
      vertex 23.3259 -4 -2.22228
    endloop
  endfacet
  facet normal 0.671621 0 0.740895
    outer loop
      vertex 17.1716 4 -2.82843
      vertex 17.4624 -4 -3.09204
      vertex 17.4624 4 -3.09204
    endloop
  endfacet
  facet normal 0.671621 0 0.740895
    outer loop
      vertex 17.4624 -4 -3.09204
      vertex 17.1716 4 -2.82843
      vertex 17.1716 -4 -2.82843
    endloop
  endfacet
  facet normal 0.740977 -0 0.671531
    outer loop
      vertex 16.908 -4 -2.53757
      vertex 17.1716 4 -2.82843
      vertex 16.908 4 -2.53757
    endloop
  endfacet
  facet normal 0.740977 0 0.671531
    outer loop
      vertex 17.1716 4 -2.82843
      vertex 16.908 -4 -2.53757
      vertex 17.1716 -4 -2.82843
    endloop
  endfacet
  facet normal -0.336879 0 0.941548
    outer loop
      vertex 21.1611 4 -3.82776
      vertex 21.5307 -4 -3.69552
      vertex 21.5307 4 -3.69552
    endloop
  endfacet
  facet normal -0.336879 0 0.941548
    outer loop
      vertex 21.5307 -4 -3.69552
      vertex 21.1611 4 -3.82776
      vertex 21.1611 -4 -3.82776
    endloop
  endfacet
  facet normal -0.243027 0 0.970019
    outer loop
      vertex 20.7804 4 -3.92314
      vertex 21.1611 -4 -3.82776
      vertex 21.1611 4 -3.82776
    endloop
  endfacet
  facet normal -0.243027 0 0.970019
    outer loop
      vertex 21.1611 -4 -3.82776
      vertex 20.7804 4 -3.92314
      vertex 20.7804 -4 -3.92314
    endloop
  endfacet
  facet normal -0.857779 0 0.514019
    outer loop
      vertex 23.3259 -4 -2.22228
      vertex 23.4591 4 -2
      vertex 23.3259 4 -2.22228
    endloop
  endfacet
  facet normal -0.857779 0 0.514019
    outer loop
      vertex 23.4591 4 -2
      vertex 23.3259 -4 -2.22228
      vertex 23.4591 -4 -2
    endloop
  endfacet
  facet normal 0.803128 -0 0.595806
    outer loop
      vertex 16.6741 -4 -2.22228
      vertex 16.908 4 -2.53757
      vertex 16.6741 4 -2.22228
    endloop
  endfacet
  facet normal 0.803128 0 0.595806
    outer loop
      vertex 16.908 4 -2.53757
      vertex 16.6741 -4 -2.22228
      vertex 16.908 -4 -2.53757
    endloop
  endfacet
  facet normal 0.146733 0 0.989176
    outer loop
      vertex 19.2196 4 -3.92314
      vertex 19.6079 -4 -3.98074
      vertex 19.6079 4 -3.98074
    endloop
  endfacet
  facet normal 0.146733 0 0.989176
    outer loop
      vertex 19.6079 -4 -3.98074
      vertex 19.2196 4 -3.92314
      vertex 19.2196 -4 -3.92314
    endloop
  endfacet
  facet normal -0.427523 0 0.904004
    outer loop
      vertex 21.5307 4 -3.69552
      vertex 21.8856 -4 -3.52768
      vertex 21.8856 4 -3.52768
    endloop
  endfacet
  facet normal -0.427523 0 0.904004
    outer loop
      vertex 21.8856 -4 -3.52768
      vertex 21.5307 4 -3.69552
      vertex 21.5307 -4 -3.69552
    endloop
  endfacet
  facet normal -0.595695 0 0.80321
    outer loop
      vertex 22.2223 4 -3.32588
      vertex 22.5376 -4 -3.09204
      vertex 22.5376 4 -3.09204
    endloop
  endfacet
  facet normal -0.595695 0 0.80321
    outer loop
      vertex 22.5376 -4 -3.09204
      vertex 22.2223 4 -3.32588
      vertex 22.2223 -4 -3.32588
    endloop
  endfacet
  facet normal -0.514084 0 0.85774
    outer loop
      vertex 21.8856 4 -3.52768
      vertex 22.2223 -4 -3.32588
      vertex 22.2223 4 -3.32588
    endloop
  endfacet
  facet normal -0.514084 0 0.85774
    outer loop
      vertex 22.2223 -4 -3.32588
      vertex 21.8856 4 -3.52768
      vertex 21.8856 -4 -3.52768
    endloop
  endfacet
  facet normal 0.427523 0 0.904004
    outer loop
      vertex 18.1144 4 -3.52768
      vertex 18.4693 -4 -3.69552
      vertex 18.4693 4 -3.69552
    endloop
  endfacet
  facet normal 0.427523 0 0.904004
    outer loop
      vertex 18.4693 -4 -3.69552
      vertex 18.1144 4 -3.52768
      vertex 18.1144 -4 -3.52768
    endloop
  endfacet
  facet normal 0.336879 0 0.941548
    outer loop
      vertex 18.4693 4 -3.69552
      vertex 18.8389 -4 -3.82776
      vertex 18.8389 4 -3.82776
    endloop
  endfacet
  facet normal 0.336879 0 0.941548
    outer loop
      vertex 18.8389 -4 -3.82776
      vertex 18.4693 4 -3.69552
      vertex 18.4693 -4 -3.69552
    endloop
  endfacet
  facet normal 0.049061 0 0.998796
    outer loop
      vertex 19.6079 4 -3.98074
      vertex 20 -4 -4
      vertex 20 4 -4
    endloop
  endfacet
  facet normal 0.049061 0 0.998796
    outer loop
      vertex 20 -4 -4
      vertex 19.6079 4 -3.98074
      vertex 19.6079 -4 -3.98074
    endloop
  endfacet
  facet normal 0.243027 0 0.970019
    outer loop
      vertex 18.8389 4 -3.82776
      vertex 19.2196 -4 -3.92314
      vertex 19.2196 4 -3.92314
    endloop
  endfacet
  facet normal 0.243027 0 0.970019
    outer loop
      vertex 19.2196 -4 -3.92314
      vertex 18.8389 4 -3.82776
      vertex 18.8389 -4 -3.82776
    endloop
  endfacet
  facet normal -0.146733 0 0.989176
    outer loop
      vertex 20.3921 4 -3.98074
      vertex 20.7804 -4 -3.92314
      vertex 20.7804 4 -3.92314
    endloop
  endfacet
  facet normal -0.146733 0 0.989176
    outer loop
      vertex 20.7804 -4 -3.92314
      vertex 20.3921 4 -3.98074
      vertex 20.3921 -4 -3.98074
    endloop
  endfacet
  facet normal -0.740977 0 0.671531
    outer loop
      vertex 22.8284 -4 -2.82843
      vertex 23.092 4 -2.53757
      vertex 22.8284 4 -2.82843
    endloop
  endfacet
  facet normal -0.740977 0 0.671531
    outer loop
      vertex 23.092 4 -2.53757
      vertex 22.8284 -4 -2.82843
      vertex 23.092 -4 -2.53757
    endloop
  endfacet
  facet normal 0.514084 0 0.85774
    outer loop
      vertex 17.7777 4 -3.32588
      vertex 18.1144 -4 -3.52768
      vertex 18.1144 4 -3.52768
    endloop
  endfacet
  facet normal 0.514084 0 0.85774
    outer loop
      vertex 18.1144 -4 -3.52768
      vertex 17.7777 4 -3.32588
      vertex 17.7777 -4 -3.32588
    endloop
  endfacet
  facet normal 0.857779 -0 0.514019
    outer loop
      vertex 16.5409 -4 -2
      vertex 16.6741 4 -2.22228
      vertex 16.5409 4 -2
    endloop
  endfacet
  facet normal 0.857779 0 0.514019
    outer loop
      vertex 16.6741 4 -2.22228
      vertex 16.5409 -4 -2
      vertex 16.6741 -4 -2.22228
    endloop
  endfacet
  facet normal -0.049061 0 0.998796
    outer loop
      vertex 20 4 -4
      vertex 20.3921 -4 -3.98074
      vertex 20.3921 4 -3.98074
    endloop
  endfacet
  facet normal -0.049061 0 0.998796
    outer loop
      vertex 20.3921 -4 -3.98074
      vertex 20 4 -4
      vertex 20 -4 -4
    endloop
  endfacet
  facet normal 0 1 0
    outer loop
      vertex 23.092 -4 -2.53757
      vertex 23.4591 -4 -2
      vertex 23.3259 -4 -2.22228
    endloop
  endfacet
  facet normal 0 1 0
    outer loop
      vertex 23.4591 -4 -2
      vertex 23.092 -4 -2.53757
      vertex 16.5409 -4 -2
    endloop
  endfacet
  facet normal 0 1 -0
    outer loop
      vertex 16.908 -4 -2.53757
      vertex 16.5409 -4 -2
      vertex 23.092 -4 -2.53757
    endloop
  endfacet
  facet normal 0 1 0
    outer loop
      vertex 16.5409 -4 -2
      vertex 16.908 -4 -2.53757
      vertex 16.6741 -4 -2.22228
    endloop
  endfacet
  facet normal 0 1 -0
    outer loop
      vertex 22.8284 -4 -2.82843
      vertex 16.908 -4 -2.53757
      vertex 23.092 -4 -2.53757
    endloop
  endfacet
  facet normal 0 1 0
    outer loop
      vertex 22.8284 -4 -2.82843
      vertex 17.1716 -4 -2.82843
      vertex 16.908 -4 -2.53757
    endloop
  endfacet
  facet normal 0 1 -0
    outer loop
      vertex 22.5376 -4 -3.09204
      vertex 17.1716 -4 -2.82843
      vertex 22.8284 -4 -2.82843
    endloop
  endfacet
  facet normal 0 1 0
    outer loop
      vertex 22.5376 -4 -3.09204
      vertex 17.4624 -4 -3.09204
      vertex 17.1716 -4 -2.82843
    endloop
  endfacet
  facet normal 0 1 -0
    outer loop
      vertex 22.2223 -4 -3.32588
      vertex 17.4624 -4 -3.09204
      vertex 22.5376 -4 -3.09204
    endloop
  endfacet
  facet normal 0 1 0
    outer loop
      vertex 22.2223 -4 -3.32588
      vertex 17.7777 -4 -3.32588
      vertex 17.4624 -4 -3.09204
    endloop
  endfacet
  facet normal 0 1 -0
    outer loop
      vertex 21.8856 -4 -3.52768
      vertex 17.7777 -4 -3.32588
      vertex 22.2223 -4 -3.32588
    endloop
  endfacet
  facet normal 0 1 0
    outer loop
      vertex 21.8856 -4 -3.52768
      vertex 18.1144 -4 -3.52768
      vertex 17.7777 -4 -3.32588
    endloop
  endfacet
  facet normal 0 1 -0
    outer loop
      vertex 21.5307 -4 -3.69552
      vertex 18.1144 -4 -3.52768
      vertex 21.8856 -4 -3.52768
    endloop
  endfacet
  facet normal 0 1 0
    outer loop
      vertex 21.5307 -4 -3.69552
      vertex 18.4693 -4 -3.69552
      vertex 18.1144 -4 -3.52768
    endloop
  endfacet
  facet normal 0 1 -0
    outer loop
      vertex 21.1611 -4 -3.82776
      vertex 18.4693 -4 -3.69552
      vertex 21.5307 -4 -3.69552
    endloop
  endfacet
  facet normal 0 1 0
    outer loop
      vertex 21.1611 -4 -3.82776
      vertex 18.8389 -4 -3.82776
      vertex 18.4693 -4 -3.69552
    endloop
  endfacet
  facet normal 0 1 -0
    outer loop
      vertex 20.7804 -4 -3.92314
      vertex 18.8389 -4 -3.82776
      vertex 21.1611 -4 -3.82776
    endloop
  endfacet
  facet normal 0 1 0
    outer loop
      vertex 20.7804 -4 -3.92314
      vertex 19.2196 -4 -3.92314
      vertex 18.8389 -4 -3.82776
    endloop
  endfacet
  facet normal 0 1 -0
    outer loop
      vertex 20.3921 -4 -3.98074
      vertex 19.2196 -4 -3.92314
      vertex 20.7804 -4 -3.92314
    endloop
  endfacet
  facet normal 0 1 0
    outer loop
      vertex 20.3921 -4 -3.98074
      vertex 19.6079 -4 -3.98074
      vertex 19.2196 -4 -3.92314
    endloop
  endfacet
  facet normal -0 1 0
    outer loop
      vertex 19.6079 -4 -3.98074
      vertex 20.3921 -4 -3.98074
      vertex 20 -4 -4
    endloop
  endfacet
  facet normal -0.671621 0 0.740895
    outer loop
      vertex 22.5376 4 -3.09204
      vertex 22.8284 -4 -2.82843
      vertex 22.8284 4 -2.82843
    endloop
  endfacet
  facet normal -0.671621 0 0.740895
    outer loop
      vertex 22.8284 -4 -2.82843
      vertex 22.5376 4 -3.09204
      vertex 22.5376 -4 -3.09204
    endloop
  endfacet
  facet normal 0.595695 0 0.80321
    outer loop
      vertex 17.4624 4 -3.09204
      vertex 17.7777 -4 -3.32588
      vertex 17.7777 4 -3.32588
    endloop
  endfacet
  facet normal 0.595695 0 0.80321
    outer loop
      vertex 17.7777 -4 -3.32588
      vertex 17.4624 4 -3.09204
      vertex 17.4624 -4 -3.09204
    endloop
  endfacet
  facet normal 0 -1 0
    outer loop
      vertex 16.908 4 -2.53757
      vertex 16.5409 4 -2
      vertex 16.6741 4 -2.22228
    endloop
  endfacet
  facet normal 0 -1 0
    outer loop
      vertex 16.5409 4 -2
      vertex 16.908 4 -2.53757
      vertex 23.4591 4 -2
    endloop
  endfacet
  facet normal 0 -1 0
    outer loop
      vertex 23.092 4 -2.53757
      vertex 23.4591 4 -2
      vertex 16.908 4 -2.53757
    endloop
  endfacet
  facet normal 0 -1 0
    outer loop
      vertex 23.4591 4 -2
      vertex 23.092 4 -2.53757
      vertex 23.3259 4 -2.22228
    endloop
  endfacet
  facet normal 0 -1 0
    outer loop
      vertex 17.1716 4 -2.82843
      vertex 23.092 4 -2.53757
      vertex 16.908 4 -2.53757
    endloop
  endfacet
  facet normal 0 -1 0
    outer loop
      vertex 17.1716 4 -2.82843
      vertex 22.8284 4 -2.82843
      vertex 23.092 4 -2.53757
    endloop
  endfacet
  facet normal 0 -1 0
    outer loop
      vertex 17.4624 4 -3.09204
      vertex 22.8284 4 -2.82843
      vertex 17.1716 4 -2.82843
    endloop
  endfacet
  facet normal 0 -1 0
    outer loop
      vertex 17.4624 4 -3.09204
      vertex 22.5376 4 -3.09204
      vertex 22.8284 4 -2.82843
    endloop
  endfacet
  facet normal 0 -1 0
    outer loop
      vertex 17.7777 4 -3.32588
      vertex 22.5376 4 -3.09204
      vertex 17.4624 4 -3.09204
    endloop
  endfacet
  facet normal 0 -1 0
    outer loop
      vertex 17.7777 4 -3.32588
      vertex 22.2223 4 -3.32588
      vertex 22.5376 4 -3.09204
    endloop
  endfacet
  facet normal 0 -1 0
    outer loop
      vertex 18.1144 4 -3.52768
      vertex 22.2223 4 -3.32588
      vertex 17.7777 4 -3.32588
    endloop
  endfacet
  facet normal 0 -1 0
    outer loop
      vertex 18.1144 4 -3.52768
      vertex 21.8856 4 -3.52768
      vertex 22.2223 4 -3.32588
    endloop
  endfacet
  facet normal 0 -1 0
    outer loop
      vertex 18.4693 4 -3.69552
      vertex 21.8856 4 -3.52768
      vertex 18.1144 4 -3.52768
    endloop
  endfacet
  facet normal 0 -1 0
    outer loop
      vertex 18.4693 4 -3.69552
      vertex 21.5307 4 -3.69552
      vertex 21.8856 4 -3.52768
    endloop
  endfacet
  facet normal 0 -1 0
    outer loop
      vertex 18.8389 4 -3.82776
      vertex 21.5307 4 -3.69552
      vertex 18.4693 4 -3.69552
    endloop
  endfacet
  facet normal 0 -1 0
    outer loop
      vertex 18.8389 4 -3.82776
      vertex 21.1611 4 -3.82776
      vertex 21.5307 4 -3.69552
    endloop
  endfacet
  facet normal 0 -1 0
    outer loop
      vertex 19.2196 4 -3.92314
      vertex 21.1611 4 -3.82776
      vertex 18.8389 4 -3.82776
    endloop
  endfacet
  facet normal 0 -1 0
    outer loop
      vertex 19.2196 4 -3.92314
      vertex 20.7804 4 -3.92314
      vertex 21.1611 4 -3.82776
    endloop
  endfacet
  facet normal 0 -1 0
    outer loop
      vertex 19.6079 4 -3.98074
      vertex 20.7804 4 -3.92314
      vertex 19.2196 4 -3.92314
    endloop
  endfacet
  facet normal 0 -1 0
    outer loop
      vertex 19.6079 4 -3.98074
      vertex 20.3921 4 -3.98074
      vertex 20.7804 4 -3.92314
    endloop
  endfacet
  facet normal -0 -1 0
    outer loop
      vertex 20.3921 4 -3.98074
      vertex 19.6079 4 -3.98074
      vertex 20 4 -4
    endloop
  endfacet
  facet normal 1 -0 0
    outer loop
      vertex 35 -30 18
      vertex 35 30 -10
      vertex 35 30 18
    endloop
  endfacet
  facet normal 1 0 0
    outer loop
      vertex 35 30 -10
      vertex 35 -30 18
      vertex 35 -30 -10
    endloop
  endfacet
  facet normal 0 0 1
    outer loop
      vertex 35 30 18
      vertex 31 25 18
      vertex 35 -30 18
    endloop
  endfacet
  facet normal 0 0 1
    outer loop
      vertex 35 30 18
      vertex -31 25 18
      vertex 31 25 18
    endloop
  endfacet
  facet normal 0 0 1
    outer loop
      vertex -31 25 18
      vertex -35 30 18
      vertex -31 -25 18
    endloop
  endfacet
  facet normal -0 0 1
    outer loop
      vertex -35 30 18
      vertex -31 25 18
      vertex 35 30 18
    endloop
  endfacet
  facet normal -0 0 1
    outer loop
      vertex 31 -25 18
      vertex 35 -30 18
      vertex 31 25 18
    endloop
  endfacet
  facet normal -0 0 1
    outer loop
      vertex -31 -25 18
      vertex 35 -30 18
      vertex 31 -25 18
    endloop
  endfacet
  facet normal 0 0 1
    outer loop
      vertex -31 -25 18
      vertex -35 -30 18
      vertex 35 -30 18
    endloop
  endfacet
  facet normal 0 0 1
    outer loop
      vertex -35 -30 18
      vertex -31 -25 18
      vertex -35 30 18
    endloop
  endfacet
  facet normal 0 0 -1
    outer loop
      vertex 35 -30 -10
      vertex -15 7.4641 -10
      vertex 35 30 -10
    endloop
  endfacet
  facet normal 0 0 -1
    outer loop
      vertex -35 -30 -10
      vertex -15 7.4641 -10
      vertex 35 -30 -10
    endloop
  endfacet
  facet normal -0 0 -1
    outer loop
      vertex -15 7.4641 -10
      vertex -35 -30 -10
      vertex -35 7.4641 -10
    endloop
  endfacet
  facet normal 0 0 -1
    outer loop
      vertex -15 14.9932 -10
      vertex 35 30 -10
      vertex -15 7.4641 -10
    endloop
  endfacet
  facet normal 0 0 -1
    outer loop
      vertex -35 30 -10
      vertex -15 14.9932 -10
      vertex -35 14.9932 -10
    endloop
  endfacet
  facet normal 0 0 -1
    outer loop
      vertex -15 14.9932 -10
      vertex -35 30 -10
      vertex 35 30 -10
    endloop
  endfacet
  facet normal -1 0 0
    outer loop
      vertex -35 18.63 -23.5725
      vertex -35 7.4641 -10
      vertex -35 14.9932 -10
    endloop
  endfacet
  facet normal -1 0 0
    outer loop
      vertex -35 -10.3478 -31.3371
      vertex -35 7.4641 -10
      vertex -35 18.63 -23.5725
    endloop
  endfacet
  facet normal -1 0 0
    outer loop
      vertex -35 7.4641 -10
      vertex -35 -10.3478 -31.3371
      vertex -35 -14.4889 -15.8823
    endloop
  endfacet
  facet normal -1 0 0
    outer loop
      vertex -35 14.9932 -10
      vertex -35 30 18
      vertex -35 30 -10
    endloop
  endfacet
  facet normal -1 0 0
    outer loop
      vertex -35 7.4641 -10
      vertex -35 30 18
      vertex -35 14.9932 -10
    endloop
  endfacet
  facet normal -1 0 0
    outer loop
      vertex -35 -30 18
      vertex -35 7.4641 -10
      vertex -35 -30 -10
    endloop
  endfacet
  facet normal -1 0 0
    outer loop
      vertex -35 7.4641 -10
      vertex -35 -30 18
      vertex -35 30 18
    endloop
  endfacet
  facet normal 0 1 -0
    outer loop
      vertex 35 30 -10
      vertex -35 30 18
      vertex 35 30 18
    endloop
  endfacet
  facet normal 0 1 0
    outer loop
      vertex -35 30 18
      vertex 35 30 -10
      vertex -35 30 -10
    endloop
  endfacet
  facet normal 0 -1 0
    outer loop
      vertex -35 -30 -10
      vertex 35 -30 18
      vertex -35 -30 18
    endloop
  endfacet
  facet normal 0 -1 -0
    outer loop
      vertex 35 -30 18
      vertex -35 -30 -10
      vertex 35 -30 -10
    endloop
  endfacet
  facet normal -1 0 0
    outer loop
      vertex 31 -25 -2
      vertex 31 25 18
      vertex 31 25 -2
    endloop
  endfacet
  facet normal -1 -0 0
    outer loop
      vertex 31 25 18
      vertex 31 -25 -2
      vertex 31 -25 18
    endloop
  endfacet
  facet normal 0 0 1
    outer loop
      vertex 31 25 -2
      vertex 23.4591 4 -2
      vertex 31 -25 -2
    endloop
  endfacet
  facet normal 0 0 1
    outer loop
      vertex 31 25 -2
      vertex 16.5409 4 -2
      vertex 23.4591 4 -2
    endloop
  endfacet
  facet normal 0 0 1
    outer loop
      vertex 16.5409 4 -2
      vertex -16.5409 4 -2
      vertex 16.5409 -4 -2
    endloop
  endfacet
  facet normal 0 0 1
    outer loop
      vertex 31 25 -2
      vertex -16.5409 4 -2
      vertex 16.5409 4 -2
    endloop
  endfacet
  facet normal -0 0 1
    outer loop
      vertex -31 25 -2
      vertex -16.5409 4 -2
      vertex 31 25 -2
    endloop
  endfacet
  facet normal 0 0 1
    outer loop
      vertex -23.4591 4 -2
      vertex -31 25 -2
      vertex -23.4591 -4 -2
    endloop
  endfacet
  facet normal 0 0 1
    outer loop
      vertex -16.5409 4 -2
      vertex -31 25 -2
      vertex -23.4591 4 -2
    endloop
  endfacet
  facet normal -0 0 1
    outer loop
      vertex 23.4591 -4 -2
      vertex 31 -25 -2
      vertex 23.4591 4 -2
    endloop
  endfacet
  facet normal -0 0 1
    outer loop
      vertex 16.5409 -4 -2
      vertex 31 -25 -2
      vertex 23.4591 -4 -2
    endloop
  endfacet
  facet normal 0 0 1
    outer loop
      vertex -16.5409 -4 -2
      vertex 16.5409 -4 -2
      vertex -16.5409 4 -2
    endloop
  endfacet
  facet normal 0 0 1
    outer loop
      vertex 16.5409 -4 -2
      vertex -16.5409 -4 -2
      vertex 31 -25 -2
    endloop
  endfacet
  facet normal 0 0 1
    outer loop
      vertex -31 -25 -2
      vertex -16.5409 -4 -2
      vertex -23.4591 -4 -2
    endloop
  endfacet
  facet normal 0 0 1
    outer loop
      vertex -16.5409 -4 -2
      vertex -31 -25 -2
      vertex 31 -25 -2
    endloop
  endfacet
  facet normal 0 0 1
    outer loop
      vertex -31 -25 -2
      vertex -23.4591 -4 -2
      vertex -31 25 -2
    endloop
  endfacet
  facet normal 1 -0 0
    outer loop
      vertex -31 -25 18
      vertex -31 25 -2
      vertex -31 25 18
    endloop
  endfacet
  facet normal 1 0 0
    outer loop
      vertex -31 25 -2
      vertex -31 -25 18
      vertex -31 -25 -2
    endloop
  endfacet
  facet normal 0 -1 0
    outer loop
      vertex -31 25 -2
      vertex 31 25 18
      vertex -31 25 18
    endloop
  endfacet
  facet normal 0 -1 -0
    outer loop
      vertex 31 25 18
      vertex -31 25 -2
      vertex 31 25 -2
    endloop
  endfacet
  facet normal 0 1 -0
    outer loop
      vertex 31 -25 -2
      vertex -31 -25 18
      vertex 31 -25 18
    endloop
  endfacet
  facet normal 0 1 0
    outer loop
      vertex -31 -25 18
      vertex 31 -25 -2
      vertex -31 -25 -2
    endloop
  endfacet
  facet normal 0.989175 0.146738 0
    outer loop
      vertex -4.75602 -5.87748 91.5
      vertex -4.77402 -5.75614 89.5
      vertex -4.77402 -5.75614 91.5
    endloop
  endfacet
  facet normal 0.989175 0.146738 0
    outer loop
      vertex -4.77402 -5.75614 89.5
      vertex -4.75602 -5.87748 91.5
      vertex -4.75602 -5.87748 89.5
    endloop
  endfacet
  facet normal 0.998795 0.0490756 0
    outer loop
      vertex -4.75 -6 91.5
      vertex -4.75602 -5.87748 89.5
      vertex -4.75602 -5.87748 91.5
    endloop
  endfacet
  facet normal 0.998795 0.0490756 0
    outer loop
      vertex -4.75602 -5.87748 89.5
      vertex -4.75 -6 91.5
      vertex -4.75 -6 89.5
    endloop
  endfacet
  facet normal 0.970047 0.242919 0
    outer loop
      vertex -4.77402 -5.75614 91.5
      vertex -4.80382 -5.63714 89.5
      vertex -4.80382 -5.63714 91.5
    endloop
  endfacet
  facet normal 0.970047 0.242919 0
    outer loop
      vertex -4.80382 -5.63714 89.5
      vertex -4.77402 -5.75614 91.5
      vertex -4.77402 -5.75614 89.5
    endloop
  endfacet
  facet normal 0.336868 -0.941552 0
    outer loop
      vertex -5.63714 -7.19617 89.5
      vertex -5.52165 -7.15485 91.5
      vertex -5.63714 -7.19617 91.5
    endloop
  endfacet
  facet normal 0.336868 -0.941552 0
    outer loop
      vertex -5.52165 -7.15485 91.5
      vertex -5.63714 -7.19617 89.5
      vertex -5.52165 -7.15485 89.5
    endloop
  endfacet
  facet normal 0.336941 0.941526 -0
    outer loop
      vertex -5.52165 -4.84515 89.5
      vertex -5.63714 -4.80382 91.5
      vertex -5.52165 -4.84515 91.5
    endloop
  endfacet
  facet normal 0.336941 0.941526 0
    outer loop
      vertex -5.63714 -4.80382 91.5
      vertex -5.52165 -4.84515 89.5
      vertex -5.63714 -4.80382 89.5
    endloop
  endfacet
  facet normal 0.427543 -0.903995 0
    outer loop
      vertex -5.52165 -7.15485 89.5
      vertex -5.41075 -7.1024 91.5
      vertex -5.52165 -7.15485 91.5
    endloop
  endfacet
  facet normal 0.427543 -0.903995 0
    outer loop
      vertex -5.41075 -7.1024 91.5
      vertex -5.52165 -7.15485 89.5
      vertex -5.41075 -7.1024 89.5
    endloop
  endfacet
  facet normal 0.970042 -0.242938 0
    outer loop
      vertex -4.80382 -6.36285 91.5
      vertex -4.77402 -6.24386 89.5
      vertex -4.77402 -6.24386 91.5
    endloop
  endfacet
  facet normal 0.970042 -0.242938 0
    outer loop
      vertex -4.77402 -6.24386 89.5
      vertex -4.80382 -6.36285 91.5
      vertex -4.80382 -6.36285 89.5
    endloop
  endfacet
  facet normal 0.242919 0.970047 -0
    outer loop
      vertex -5.63714 -4.80382 89.5
      vertex -5.75614 -4.77402 91.5
      vertex -5.63714 -4.80382 91.5
    endloop
  endfacet
  facet normal 0.242919 0.970047 0
    outer loop
      vertex -5.75614 -4.77402 91.5
      vertex -5.63714 -4.80382 89.5
      vertex -5.75614 -4.77402 89.5
    endloop
  endfacet
  facet normal -0.803187 0.595727 0
    outer loop
      vertex -7.03934 -5.30554 89.5
      vertex -6.96626 -5.20701 91.5
      vertex -6.96626 -5.20701 89.5
    endloop
  endfacet
  facet normal -0.803187 0.595727 0
    outer loop
      vertex -6.96626 -5.20701 91.5
      vertex -7.03934 -5.30554 89.5
      vertex -7.03934 -5.30554 91.5
    endloop
  endfacet
  facet normal -0.740943 -0.671568 0
    outer loop
      vertex -6.88388 -6.88388 89.5
      vertex -6.96626 -6.79299 91.5
      vertex -6.96626 -6.79299 89.5
    endloop
  endfacet
  facet normal -0.740943 -0.671568 0
    outer loop
      vertex -6.96626 -6.79299 91.5
      vertex -6.88388 -6.88388 89.5
      vertex -6.88388 -6.88388 91.5
    endloop
  endfacet
  facet normal -0.970022 -0.243015 0
    outer loop
      vertex -7.19617 -6.36285 89.5
      vertex -7.22598 -6.24386 91.5
      vertex -7.22598 -6.24386 89.5
    endloop
  endfacet
  facet normal -0.970022 -0.243015 0
    outer loop
      vertex -7.22598 -6.24386 91.5
      vertex -7.19617 -6.36285 89.5
      vertex -7.19617 -6.36285 91.5
    endloop
  endfacet
  facet normal -0.427543 0.903995 0
    outer loop
      vertex -6.47835 -4.84515 89.5
      vertex -6.58925 -4.8976 91.5
      vertex -6.47835 -4.84515 91.5
    endloop
  endfacet
  facet normal -0.427543 0.903995 0
    outer loop
      vertex -6.58925 -4.8976 91.5
      vertex -6.47835 -4.84515 89.5
      vertex -6.58925 -4.8976 89.5
    endloop
  endfacet
  facet normal -0.427543 -0.903995 0
    outer loop
      vertex -6.58925 -7.1024 89.5
      vertex -6.47835 -7.15485 91.5
      vertex -6.58925 -7.1024 91.5
    endloop
  endfacet
  facet normal -0.427543 -0.903995 -0
    outer loop
      vertex -6.47835 -7.15485 91.5
      vertex -6.58925 -7.1024 89.5
      vertex -6.47835 -7.15485 89.5
    endloop
  endfacet
  facet normal -0.5141 -0.85773 0
    outer loop
      vertex -6.69446 -7.03934 89.5
      vertex -6.58925 -7.1024 91.5
      vertex -6.69446 -7.03934 91.5
    endloop
  endfacet
  facet normal -0.5141 -0.85773 -0
    outer loop
      vertex -6.58925 -7.1024 91.5
      vertex -6.69446 -7.03934 89.5
      vertex -6.58925 -7.1024 89.5
    endloop
  endfacet
  facet normal -0.336915 0.941535 0
    outer loop
      vertex -6.36285 -4.80382 89.5
      vertex -6.47835 -4.84515 91.5
      vertex -6.36285 -4.80382 91.5
    endloop
  endfacet
  facet normal -0.336915 0.941535 0
    outer loop
      vertex -6.47835 -4.84515 91.5
      vertex -6.36285 -4.80382 89.5
      vertex -6.47835 -4.84515 89.5
    endloop
  endfacet
  facet normal -0.85773 0.5141 0
    outer loop
      vertex -7.1024 -5.41075 89.5
      vertex -7.03934 -5.30554 91.5
      vertex -7.03934 -5.30554 89.5
    endloop
  endfacet
  facet normal -0.85773 0.5141 0
    outer loop
      vertex -7.03934 -5.30554 91.5
      vertex -7.1024 -5.41075 89.5
      vertex -7.1024 -5.41075 91.5
    endloop
  endfacet
  facet normal -0.243015 -0.970022 0
    outer loop
      vertex -6.36285 -7.19617 89.5
      vertex -6.24386 -7.22598 91.5
      vertex -6.36285 -7.19617 91.5
    endloop
  endfacet
  facet normal -0.243015 -0.970022 -0
    outer loop
      vertex -6.24386 -7.22598 91.5
      vertex -6.36285 -7.19617 89.5
      vertex -6.24386 -7.22598 89.5
    endloop
  endfacet
  facet normal -0.671568 -0.740943 0
    outer loop
      vertex -6.88388 -6.88388 89.5
      vertex -6.79299 -6.96626 91.5
      vertex -6.88388 -6.88388 91.5
    endloop
  endfacet
  facet normal -0.671568 -0.740943 -0
    outer loop
      vertex -6.79299 -6.96626 91.5
      vertex -6.88388 -6.88388 89.5
      vertex -6.79299 -6.96626 89.5
    endloop
  endfacet
  facet normal 0.5141 -0.85773 0
    outer loop
      vertex -5.41075 -7.1024 89.5
      vertex -5.30554 -7.03934 91.5
      vertex -5.41075 -7.1024 91.5
    endloop
  endfacet
  facet normal 0.5141 -0.85773 0
    outer loop
      vertex -5.30554 -7.03934 91.5
      vertex -5.41075 -7.1024 89.5
      vertex -5.30554 -7.03934 89.5
    endloop
  endfacet
  facet normal 0.427543 0.903995 -0
    outer loop
      vertex -5.41075 -4.8976 89.5
      vertex -5.52165 -4.84515 91.5
      vertex -5.41075 -4.8976 91.5
    endloop
  endfacet
  facet normal 0.427543 0.903995 0
    outer loop
      vertex -5.52165 -4.84515 91.5
      vertex -5.41075 -4.8976 89.5
      vertex -5.52165 -4.84515 89.5
    endloop
  endfacet
  facet normal 0.941535 -0.336915 0
    outer loop
      vertex -4.84515 -6.47835 91.5
      vertex -4.80382 -6.36285 89.5
      vertex -4.80382 -6.36285 91.5
    endloop
  endfacet
  facet normal 0.941535 -0.336915 0
    outer loop
      vertex -4.80382 -6.36285 89.5
      vertex -4.84515 -6.47835 91.5
      vertex -4.84515 -6.47835 89.5
    endloop
  endfacet
  facet normal -0.903995 -0.427543 0
    outer loop
      vertex -7.1024 -6.58925 89.5
      vertex -7.15485 -6.47835 91.5
      vertex -7.15485 -6.47835 89.5
    endloop
  endfacet
  facet normal -0.903995 -0.427543 0
    outer loop
      vertex -7.15485 -6.47835 91.5
      vertex -7.1024 -6.58925 89.5
      vertex -7.1024 -6.58925 91.5
    endloop
  endfacet
  facet normal -0.595727 0.803187 0
    outer loop
      vertex -6.69446 -4.96066 89.5
      vertex -6.79299 -5.03374 91.5
      vertex -6.69446 -4.96066 91.5
    endloop
  endfacet
  facet normal -0.595727 0.803187 0
    outer loop
      vertex -6.79299 -5.03374 91.5
      vertex -6.69446 -4.96066 89.5
      vertex -6.79299 -5.03374 89.5
    endloop
  endfacet
  facet normal 0.803187 0.595727 0
    outer loop
      vertex -4.96066 -5.30554 91.5
      vertex -5.03374 -5.20701 89.5
      vertex -5.03374 -5.20701 91.5
    endloop
  endfacet
  facet normal 0.803187 0.595727 0
    outer loop
      vertex -5.03374 -5.20701 89.5
      vertex -4.96066 -5.30554 91.5
      vertex -4.96066 -5.30554 89.5
    endloop
  endfacet
  facet normal -0.998795 -0.0490756 0
    outer loop
      vertex -7.24398 -6.12252 89.5
      vertex -7.25 -6 91.5
      vertex -7.25 -6 89.5
    endloop
  endfacet
  facet normal -0.998795 -0.0490756 0
    outer loop
      vertex -7.25 -6 91.5
      vertex -7.24398 -6.12252 89.5
      vertex -7.24398 -6.12252 91.5
    endloop
  endfacet
  facet normal 0.0490756 -0.998795 0
    outer loop
      vertex -6 -7.25 89.5
      vertex -5.87748 -7.24398 91.5
      vertex -6 -7.25 91.5
    endloop
  endfacet
  facet normal 0.0490756 -0.998795 0
    outer loop
      vertex -5.87748 -7.24398 91.5
      vertex -6 -7.25 89.5
      vertex -5.87748 -7.24398 89.5
    endloop
  endfacet
  facet normal -0.146738 0.989175 0
    outer loop
      vertex -6.12252 -4.75602 89.5
      vertex -6.24386 -4.77402 91.5
      vertex -6.12252 -4.75602 91.5
    endloop
  endfacet
  facet normal -0.146738 0.989175 0
    outer loop
      vertex -6.24386 -4.77402 91.5
      vertex -6.12252 -4.75602 89.5
      vertex -6.24386 -4.77402 89.5
    endloop
  endfacet
  facet normal -0.146738 -0.989175 0
    outer loop
      vertex -6.24386 -7.22598 89.5
      vertex -6.12252 -7.24398 91.5
      vertex -6.24386 -7.22598 91.5
    endloop
  endfacet
  facet normal -0.146738 -0.989175 -0
    outer loop
      vertex -6.12252 -7.24398 91.5
      vertex -6.24386 -7.22598 89.5
      vertex -6.12252 -7.24398 89.5
    endloop
  endfacet
  facet normal 0.85773 -0.5141 0
    outer loop
      vertex -4.96066 -6.69446 91.5
      vertex -4.8976 -6.58925 89.5
      vertex -4.8976 -6.58925 91.5
    endloop
  endfacet
  facet normal 0.85773 -0.5141 0
    outer loop
      vertex -4.8976 -6.58925 89.5
      vertex -4.96066 -6.69446 91.5
      vertex -4.96066 -6.69446 89.5
    endloop
  endfacet
  facet normal 0.671568 0.740943 -0
    outer loop
      vertex -5.11612 -5.11612 89.5
      vertex -5.20701 -5.03374 91.5
      vertex -5.11612 -5.11612 91.5
    endloop
  endfacet
  facet normal 0.671568 0.740943 0
    outer loop
      vertex -5.20701 -5.03374 91.5
      vertex -5.11612 -5.11612 89.5
      vertex -5.20701 -5.03374 89.5
    endloop
  endfacet
  facet normal 0.998795 -0.0490756 0
    outer loop
      vertex -4.75602 -6.12252 91.5
      vertex -4.75 -6 89.5
      vertex -4.75 -6 91.5
    endloop
  endfacet
  facet normal 0.998795 -0.0490756 0
    outer loop
      vertex -4.75 -6 89.5
      vertex -4.75602 -6.12252 91.5
      vertex -4.75602 -6.12252 89.5
    endloop
  endfacet
  facet normal 0.595727 0.803187 -0
    outer loop
      vertex -5.20701 -5.03374 89.5
      vertex -5.30554 -4.96066 91.5
      vertex -5.20701 -5.03374 91.5
    endloop
  endfacet
  facet normal 0.595727 0.803187 0
    outer loop
      vertex -5.30554 -4.96066 91.5
      vertex -5.20701 -5.03374 89.5
      vertex -5.30554 -4.96066 89.5
    endloop
  endfacet
  facet normal 0.5141 0.85773 -0
    outer loop
      vertex -5.30554 -4.96066 89.5
      vertex -5.41075 -4.8976 91.5
      vertex -5.30554 -4.96066 91.5
    endloop
  endfacet
  facet normal 0.5141 0.85773 0
    outer loop
      vertex -5.41075 -4.8976 91.5
      vertex -5.30554 -4.96066 89.5
      vertex -5.41075 -4.8976 89.5
    endloop
  endfacet
  facet normal 0.146738 -0.989175 0
    outer loop
      vertex -5.87748 -7.24398 89.5
      vertex -5.75614 -7.22598 91.5
      vertex -5.87748 -7.24398 91.5
    endloop
  endfacet
  facet normal 0.146738 -0.989175 0
    outer loop
      vertex -5.75614 -7.22598 91.5
      vertex -5.87748 -7.24398 89.5
      vertex -5.75614 -7.22598 89.5
    endloop
  endfacet
  facet normal 0.941526 0.336941 0
    outer loop
      vertex -4.80382 -5.63714 91.5
      vertex -4.84515 -5.52165 89.5
      vertex -4.84515 -5.52165 91.5
    endloop
  endfacet
  facet normal 0.941526 0.336941 0
    outer loop
      vertex -4.84515 -5.52165 89.5
      vertex -4.80382 -5.63714 91.5
      vertex -4.80382 -5.63714 89.5
    endloop
  endfacet
  facet normal 0.740943 -0.671568 0
    outer loop
      vertex -5.11612 -6.88388 91.5
      vertex -5.03374 -6.79299 89.5
      vertex -5.03374 -6.79299 91.5
    endloop
  endfacet
  facet normal 0.740943 -0.671568 0
    outer loop
      vertex -5.03374 -6.79299 89.5
      vertex -5.11612 -6.88388 91.5
      vertex -5.11612 -6.88388 89.5
    endloop
  endfacet
  facet normal 0.803187 -0.595727 0
    outer loop
      vertex -5.03374 -6.79299 91.5
      vertex -4.96066 -6.69446 89.5
      vertex -4.96066 -6.69446 91.5
    endloop
  endfacet
  facet normal 0.803187 -0.595727 0
    outer loop
      vertex -4.96066 -6.69446 89.5
      vertex -5.03374 -6.79299 91.5
      vertex -5.03374 -6.79299 89.5
    endloop
  endfacet
  facet normal 0.146738 0.989175 -0
    outer loop
      vertex -5.75614 -4.77402 89.5
      vertex -5.87748 -4.75602 91.5
      vertex -5.75614 -4.77402 91.5
    endloop
  endfacet
  facet normal 0.146738 0.989175 0
    outer loop
      vertex -5.87748 -4.75602 91.5
      vertex -5.75614 -4.77402 89.5
      vertex -5.87748 -4.75602 89.5
    endloop
  endfacet
  facet normal 0.903995 -0.427543 0
    outer loop
      vertex -4.8976 -6.58925 91.5
      vertex -4.84515 -6.47835 89.5
      vertex -4.84515 -6.47835 91.5
    endloop
  endfacet
  facet normal 0.903995 -0.427543 0
    outer loop
      vertex -4.84515 -6.47835 89.5
      vertex -4.8976 -6.58925 91.5
      vertex -4.8976 -6.58925 89.5
    endloop
  endfacet
  facet normal 0.903995 0.427543 0
    outer loop
      vertex -4.84515 -5.52165 91.5
      vertex -4.8976 -5.41075 89.5
      vertex -4.8976 -5.41075 91.5
    endloop
  endfacet
  facet normal 0.903995 0.427543 0
    outer loop
      vertex -4.8976 -5.41075 89.5
      vertex -4.84515 -5.52165 91.5
      vertex -4.84515 -5.52165 89.5
    endloop
  endfacet
  facet normal -0.0490756 0.998795 0
    outer loop
      vertex -6 -4.75 89.5
      vertex -6.12252 -4.75602 91.5
      vertex -6 -4.75 91.5
    endloop
  endfacet
  facet normal -0.0490756 0.998795 0
    outer loop
      vertex -6.12252 -4.75602 91.5
      vertex -6 -4.75 89.5
      vertex -6.12252 -4.75602 89.5
    endloop
  endfacet
  facet normal -0.5141 0.85773 0
    outer loop
      vertex -6.58925 -4.8976 89.5
      vertex -6.69446 -4.96066 91.5
      vertex -6.58925 -4.8976 91.5
    endloop
  endfacet
  facet normal -0.5141 0.85773 0
    outer loop
      vertex -6.69446 -4.96066 91.5
      vertex -6.58925 -4.8976 89.5
      vertex -6.69446 -4.96066 89.5
    endloop
  endfacet
  facet normal 0.989175 -0.146738 0
    outer loop
      vertex -4.77402 -6.24386 91.5
      vertex -4.75602 -6.12252 89.5
      vertex -4.75602 -6.12252 91.5
    endloop
  endfacet
  facet normal 0.989175 -0.146738 0
    outer loop
      vertex -4.75602 -6.12252 89.5
      vertex -4.77402 -6.24386 91.5
      vertex -4.77402 -6.24386 89.5
    endloop
  endfacet
  facet normal 0.85773 0.5141 0
    outer loop
      vertex -4.8976 -5.41075 91.5
      vertex -4.96066 -5.30554 89.5
      vertex -4.96066 -5.30554 91.5
    endloop
  endfacet
  facet normal 0.85773 0.5141 0
    outer loop
      vertex -4.96066 -5.30554 89.5
      vertex -4.8976 -5.41075 91.5
      vertex -4.8976 -5.41075 89.5
    endloop
  endfacet
  facet normal -0.941552 0.336868 0
    outer loop
      vertex -7.19617 -5.63714 89.5
      vertex -7.15485 -5.52165 91.5
      vertex -7.15485 -5.52165 89.5
    endloop
  endfacet
  facet normal -0.941552 0.336868 0
    outer loop
      vertex -7.15485 -5.52165 91.5
      vertex -7.19617 -5.63714 89.5
      vertex -7.19617 -5.63714 91.5
    endloop
  endfacet
  facet normal 0.0490756 0.998795 -0
    outer loop
      vertex -5.87748 -4.75602 89.5
      vertex -6 -4.75 91.5
      vertex -5.87748 -4.75602 91.5
    endloop
  endfacet
  facet normal 0.0490756 0.998795 0
    outer loop
      vertex -6 -4.75 91.5
      vertex -5.87748 -4.75602 89.5
      vertex -6 -4.75 89.5
    endloop
  endfacet
  facet normal -0.671568 0.740943 0
    outer loop
      vertex -6.79299 -5.03374 89.5
      vertex -6.88388 -5.11612 91.5
      vertex -6.79299 -5.03374 91.5
    endloop
  endfacet
  facet normal -0.671568 0.740943 0
    outer loop
      vertex -6.88388 -5.11612 91.5
      vertex -6.79299 -5.03374 89.5
      vertex -6.88388 -5.11612 89.5
    endloop
  endfacet
  facet normal -0.941561 -0.336842 0
    outer loop
      vertex -7.15485 -6.47835 89.5
      vertex -7.19617 -6.36285 91.5
      vertex -7.19617 -6.36285 89.5
    endloop
  endfacet
  facet normal -0.941561 -0.336842 0
    outer loop
      vertex -7.19617 -6.36285 91.5
      vertex -7.15485 -6.47835 89.5
      vertex -7.15485 -6.47835 91.5
    endloop
  endfacet
  facet normal -0.970027 0.242996 0
    outer loop
      vertex -7.22598 -5.75614 89.5
      vertex -7.19617 -5.63714 91.5
      vertex -7.19617 -5.63714 89.5
    endloop
  endfacet
  facet normal -0.970027 0.242996 0
    outer loop
      vertex -7.19617 -5.63714 91.5
      vertex -7.22598 -5.75614 89.5
      vertex -7.22598 -5.75614 91.5
    endloop
  endfacet
  facet normal -0.85773 -0.5141 0
    outer loop
      vertex -7.03934 -6.69446 89.5
      vertex -7.1024 -6.58925 91.5
      vertex -7.1024 -6.58925 89.5
    endloop
  endfacet
  facet normal -0.85773 -0.5141 0
    outer loop
      vertex -7.1024 -6.58925 91.5
      vertex -7.03934 -6.69446 89.5
      vertex -7.03934 -6.69446 91.5
    endloop
  endfacet
  facet normal 0.242996 -0.970027 0
    outer loop
      vertex -5.75614 -7.22598 89.5
      vertex -5.63714 -7.19617 91.5
      vertex -5.75614 -7.22598 91.5
    endloop
  endfacet
  facet normal 0.242996 -0.970027 0
    outer loop
      vertex -5.63714 -7.19617 91.5
      vertex -5.75614 -7.22598 89.5
      vertex -5.63714 -7.19617 89.5
    endloop
  endfacet
  facet normal -0.242938 0.970042 0
    outer loop
      vertex -6.24386 -4.77402 89.5
      vertex -6.36285 -4.80382 91.5
      vertex -6.24386 -4.77402 91.5
    endloop
  endfacet
  facet normal -0.242938 0.970042 0
    outer loop
      vertex -6.36285 -4.80382 91.5
      vertex -6.24386 -4.77402 89.5
      vertex -6.36285 -4.80382 89.5
    endloop
  endfacet
  facet normal 0.740943 0.671568 0
    outer loop
      vertex -5.03374 -5.20701 91.5
      vertex -5.11612 -5.11612 89.5
      vertex -5.11612 -5.11612 91.5
    endloop
  endfacet
  facet normal 0.740943 0.671568 0
    outer loop
      vertex -5.11612 -5.11612 89.5
      vertex -5.03374 -5.20701 91.5
      vertex -5.03374 -5.20701 89.5
    endloop
  endfacet
  facet normal 0.595727 -0.803187 0
    outer loop
      vertex -5.30554 -7.03934 89.5
      vertex -5.20701 -6.96626 91.5
      vertex -5.30554 -7.03934 91.5
    endloop
  endfacet
  facet normal 0.595727 -0.803187 0
    outer loop
      vertex -5.20701 -6.96626 91.5
      vertex -5.30554 -7.03934 89.5
      vertex -5.20701 -6.96626 89.5
    endloop
  endfacet
  facet normal -0.740943 0.671568 0
    outer loop
      vertex -6.96626 -5.20701 89.5
      vertex -6.88388 -5.11612 91.5
      vertex -6.88388 -5.11612 89.5
    endloop
  endfacet
  facet normal -0.740943 0.671568 0
    outer loop
      vertex -6.88388 -5.11612 91.5
      vertex -6.96626 -5.20701 89.5
      vertex -6.96626 -5.20701 91.5
    endloop
  endfacet
  facet normal -0.903995 0.427543 0
    outer loop
      vertex -7.15485 -5.52165 89.5
      vertex -7.1024 -5.41075 91.5
      vertex -7.1024 -5.41075 89.5
    endloop
  endfacet
  facet normal -0.903995 0.427543 0
    outer loop
      vertex -7.1024 -5.41075 91.5
      vertex -7.15485 -5.52165 89.5
      vertex -7.15485 -5.52165 91.5
    endloop
  endfacet
  facet normal -0.803187 -0.595727 0
    outer loop
      vertex -6.96626 -6.79299 89.5
      vertex -7.03934 -6.69446 91.5
      vertex -7.03934 -6.69446 89.5
    endloop
  endfacet
  facet normal -0.803187 -0.595727 0
    outer loop
      vertex -7.03934 -6.69446 91.5
      vertex -6.96626 -6.79299 89.5
      vertex -6.96626 -6.79299 91.5
    endloop
  endfacet
  facet normal -0.989175 -0.146738 0
    outer loop
      vertex -7.22598 -6.24386 89.5
      vertex -7.24398 -6.12252 91.5
      vertex -7.24398 -6.12252 89.5
    endloop
  endfacet
  facet normal -0.989175 -0.146738 0
    outer loop
      vertex -7.24398 -6.12252 91.5
      vertex -7.22598 -6.24386 89.5
      vertex -7.22598 -6.24386 91.5
    endloop
  endfacet
  facet normal -0.989175 0.146738 0
    outer loop
      vertex -7.24398 -5.87748 89.5
      vertex -7.22598 -5.75614 91.5
      vertex -7.22598 -5.75614 89.5
    endloop
  endfacet
  facet normal -0.989175 0.146738 0
    outer loop
      vertex -7.22598 -5.75614 91.5
      vertex -7.24398 -5.87748 89.5
      vertex -7.24398 -5.87748 91.5
    endloop
  endfacet
  facet normal -0.595727 -0.803187 0
    outer loop
      vertex -6.79299 -6.96626 89.5
      vertex -6.69446 -7.03934 91.5
      vertex -6.79299 -6.96626 91.5
    endloop
  endfacet
  facet normal -0.595727 -0.803187 -0
    outer loop
      vertex -6.69446 -7.03934 91.5
      vertex -6.79299 -6.96626 89.5
      vertex -6.69446 -7.03934 89.5
    endloop
  endfacet
  facet normal -0.0490756 -0.998795 0
    outer loop
      vertex -6.12252 -7.24398 89.5
      vertex -6 -7.25 91.5
      vertex -6.12252 -7.24398 91.5
    endloop
  endfacet
  facet normal -0.0490756 -0.998795 -0
    outer loop
      vertex -6 -7.25 91.5
      vertex -6.12252 -7.24398 89.5
      vertex -6 -7.25 89.5
    endloop
  endfacet
  facet normal 0 0 1
    outer loop
      vertex -4.75602 -5.87748 91.5
      vertex -4.75602 -6.12252 91.5
      vertex -4.75 -6 91.5
    endloop
  endfacet
  facet normal 0 0 1
    outer loop
      vertex -4.77402 -5.75614 91.5
      vertex -4.75602 -6.12252 91.5
      vertex -4.75602 -5.87748 91.5
    endloop
  endfacet
  facet normal 0 0 1
    outer loop
      vertex -4.77402 -5.75614 91.5
      vertex -4.77402 -6.24386 91.5
      vertex -4.75602 -6.12252 91.5
    endloop
  endfacet
  facet normal 0 0 1
    outer loop
      vertex -4.80382 -5.63714 91.5
      vertex -4.77402 -6.24386 91.5
      vertex -4.77402 -5.75614 91.5
    endloop
  endfacet
  facet normal 0 0 1
    outer loop
      vertex -4.80382 -5.63714 91.5
      vertex -4.80382 -6.36285 91.5
      vertex -4.77402 -6.24386 91.5
    endloop
  endfacet
  facet normal 0 0 1
    outer loop
      vertex -4.84515 -5.52165 91.5
      vertex -4.80382 -6.36285 91.5
      vertex -4.80382 -5.63714 91.5
    endloop
  endfacet
  facet normal 0 0 1
    outer loop
      vertex -4.84515 -5.52165 91.5
      vertex -4.84515 -6.47835 91.5
      vertex -4.80382 -6.36285 91.5
    endloop
  endfacet
  facet normal 0 0 1
    outer loop
      vertex -4.8976 -5.41075 91.5
      vertex -4.84515 -6.47835 91.5
      vertex -4.84515 -5.52165 91.5
    endloop
  endfacet
  facet normal 0 0 1
    outer loop
      vertex -4.8976 -5.41075 91.5
      vertex -4.8976 -6.58925 91.5
      vertex -4.84515 -6.47835 91.5
    endloop
  endfacet
  facet normal 0 0 1
    outer loop
      vertex -4.96066 -5.30554 91.5
      vertex -4.8976 -6.58925 91.5
      vertex -4.8976 -5.41075 91.5
    endloop
  endfacet
  facet normal 0 0 1
    outer loop
      vertex -4.96066 -5.30554 91.5
      vertex -4.96066 -6.69446 91.5
      vertex -4.8976 -6.58925 91.5
    endloop
  endfacet
  facet normal 0 0 1
    outer loop
      vertex -5.03374 -5.20701 91.5
      vertex -4.96066 -6.69446 91.5
      vertex -4.96066 -5.30554 91.5
    endloop
  endfacet
  facet normal 0 0 1
    outer loop
      vertex -5.03374 -5.20701 91.5
      vertex -5.03374 -6.79299 91.5
      vertex -4.96066 -6.69446 91.5
    endloop
  endfacet
  facet normal 0 0 1
    outer loop
      vertex -5.11612 -5.11612 91.5
      vertex -5.03374 -6.79299 91.5
      vertex -5.03374 -5.20701 91.5
    endloop
  endfacet
  facet normal 0 0 1
    outer loop
      vertex -5.11612 -5.11612 91.5
      vertex -5.11612 -6.88388 91.5
      vertex -5.03374 -6.79299 91.5
    endloop
  endfacet
  facet normal 0 0 1
    outer loop
      vertex -5.20701 -5.03374 91.5
      vertex -5.11612 -6.88388 91.5
      vertex -5.11612 -5.11612 91.5
    endloop
  endfacet
  facet normal 0 0 1
    outer loop
      vertex -5.20701 -5.03374 91.5
      vertex -5.20701 -6.96626 91.5
      vertex -5.11612 -6.88388 91.5
    endloop
  endfacet
  facet normal 0 0 1
    outer loop
      vertex -5.30554 -4.96066 91.5
      vertex -5.20701 -6.96626 91.5
      vertex -5.20701 -5.03374 91.5
    endloop
  endfacet
  facet normal 0 0 1
    outer loop
      vertex -5.30554 -4.96066 91.5
      vertex -5.30554 -7.03934 91.5
      vertex -5.20701 -6.96626 91.5
    endloop
  endfacet
  facet normal 0 0 1
    outer loop
      vertex -5.41075 -4.8976 91.5
      vertex -5.30554 -7.03934 91.5
      vertex -5.30554 -4.96066 91.5
    endloop
  endfacet
  facet normal 0 0 1
    outer loop
      vertex -5.41075 -4.8976 91.5
      vertex -5.41075 -7.1024 91.5
      vertex -5.30554 -7.03934 91.5
    endloop
  endfacet
  facet normal 0 0 1
    outer loop
      vertex -5.52165 -4.84515 91.5
      vertex -5.41075 -7.1024 91.5
      vertex -5.41075 -4.8976 91.5
    endloop
  endfacet
  facet normal 0 0 1
    outer loop
      vertex -5.52165 -4.84515 91.5
      vertex -5.52165 -7.15485 91.5
      vertex -5.41075 -7.1024 91.5
    endloop
  endfacet
  facet normal 0 0 1
    outer loop
      vertex -5.63714 -4.80382 91.5
      vertex -5.52165 -7.15485 91.5
      vertex -5.52165 -4.84515 91.5
    endloop
  endfacet
  facet normal 0 0 1
    outer loop
      vertex -5.63714 -4.80382 91.5
      vertex -5.63714 -7.19617 91.5
      vertex -5.52165 -7.15485 91.5
    endloop
  endfacet
  facet normal 0 0 1
    outer loop
      vertex -5.75614 -4.77402 91.5
      vertex -5.63714 -7.19617 91.5
      vertex -5.63714 -4.80382 91.5
    endloop
  endfacet
  facet normal 0 0 1
    outer loop
      vertex -5.75614 -4.77402 91.5
      vertex -5.75614 -7.22598 91.5
      vertex -5.63714 -7.19617 91.5
    endloop
  endfacet
  facet normal 0 0 1
    outer loop
      vertex -5.87748 -4.75602 91.5
      vertex -5.75614 -7.22598 91.5
      vertex -5.75614 -4.77402 91.5
    endloop
  endfacet
  facet normal 0 0 1
    outer loop
      vertex -5.87748 -4.75602 91.5
      vertex -5.87748 -7.24398 91.5
      vertex -5.75614 -7.22598 91.5
    endloop
  endfacet
  facet normal 0 0 1
    outer loop
      vertex -6 -4.75 91.5
      vertex -5.87748 -7.24398 91.5
      vertex -5.87748 -4.75602 91.5
    endloop
  endfacet
  facet normal 0 0 1
    outer loop
      vertex -6 -4.75 91.5
      vertex -6 -7.25 91.5
      vertex -5.87748 -7.24398 91.5
    endloop
  endfacet
  facet normal -0 0 1
    outer loop
      vertex -6.12252 -4.75602 91.5
      vertex -6 -7.25 91.5
      vertex -6 -4.75 91.5
    endloop
  endfacet
  facet normal 0 0 1
    outer loop
      vertex -6.12252 -4.75602 91.5
      vertex -6.12252 -7.24398 91.5
      vertex -6 -7.25 91.5
    endloop
  endfacet
  facet normal -0 0 1
    outer loop
      vertex -6.24386 -4.77402 91.5
      vertex -6.12252 -7.24398 91.5
      vertex -6.12252 -4.75602 91.5
    endloop
  endfacet
  facet normal 0 0 1
    outer loop
      vertex -6.24386 -4.77402 91.5
      vertex -6.24386 -7.22598 91.5
      vertex -6.12252 -7.24398 91.5
    endloop
  endfacet
  facet normal -0 0 1
    outer loop
      vertex -6.36285 -4.80382 91.5
      vertex -6.24386 -7.22598 91.5
      vertex -6.24386 -4.77402 91.5
    endloop
  endfacet
  facet normal 0 0 1
    outer loop
      vertex -6.36285 -4.80382 91.5
      vertex -6.36285 -7.19617 91.5
      vertex -6.24386 -7.22598 91.5
    endloop
  endfacet
  facet normal -0 0 1
    outer loop
      vertex -6.47835 -4.84515 91.5
      vertex -6.36285 -7.19617 91.5
      vertex -6.36285 -4.80382 91.5
    endloop
  endfacet
  facet normal 0 0 1
    outer loop
      vertex -6.47835 -4.84515 91.5
      vertex -6.47835 -7.15485 91.5
      vertex -6.36285 -7.19617 91.5
    endloop
  endfacet
  facet normal -0 0 1
    outer loop
      vertex -6.58925 -4.8976 91.5
      vertex -6.47835 -7.15485 91.5
      vertex -6.47835 -4.84515 91.5
    endloop
  endfacet
  facet normal 0 0 1
    outer loop
      vertex -6.58925 -4.8976 91.5
      vertex -6.58925 -7.1024 91.5
      vertex -6.47835 -7.15485 91.5
    endloop
  endfacet
  facet normal -0 0 1
    outer loop
      vertex -6.69446 -4.96066 91.5
      vertex -6.58925 -7.1024 91.5
      vertex -6.58925 -4.8976 91.5
    endloop
  endfacet
  facet normal 0 0 1
    outer loop
      vertex -6.69446 -4.96066 91.5
      vertex -6.69446 -7.03934 91.5
      vertex -6.58925 -7.1024 91.5
    endloop
  endfacet
  facet normal -0 0 1
    outer loop
      vertex -6.79299 -5.03374 91.5
      vertex -6.69446 -7.03934 91.5
      vertex -6.69446 -4.96066 91.5
    endloop
  endfacet
  facet normal 0 0 1
    outer loop
      vertex -6.79299 -5.03374 91.5
      vertex -6.79299 -6.96626 91.5
      vertex -6.69446 -7.03934 91.5
    endloop
  endfacet
  facet normal -0 0 1
    outer loop
      vertex -6.88388 -5.11612 91.5
      vertex -6.79299 -6.96626 91.5
      vertex -6.79299 -5.03374 91.5
    endloop
  endfacet
  facet normal 0 0 1
    outer loop
      vertex -6.88388 -5.11612 91.5
      vertex -6.88388 -6.88388 91.5
      vertex -6.79299 -6.96626 91.5
    endloop
  endfacet
  facet normal -0 0 1
    outer loop
      vertex -6.96626 -5.20701 91.5
      vertex -6.88388 -6.88388 91.5
      vertex -6.88388 -5.11612 91.5
    endloop
  endfacet
  facet normal 0 0 1
    outer loop
      vertex -6.96626 -5.20701 91.5
      vertex -6.96626 -6.79299 91.5
      vertex -6.88388 -6.88388 91.5
    endloop
  endfacet
  facet normal -0 0 1
    outer loop
      vertex -7.03934 -5.30554 91.5
      vertex -6.96626 -6.79299 91.5
      vertex -6.96626 -5.20701 91.5
    endloop
  endfacet
  facet normal 0 0 1
    outer loop
      vertex -7.03934 -5.30554 91.5
      vertex -7.03934 -6.69446 91.5
      vertex -6.96626 -6.79299 91.5
    endloop
  endfacet
  facet normal -0 0 1
    outer loop
      vertex -7.1024 -5.41075 91.5
      vertex -7.03934 -6.69446 91.5
      vertex -7.03934 -5.30554 91.5
    endloop
  endfacet
  facet normal 0 0 1
    outer loop
      vertex -7.1024 -5.41075 91.5
      vertex -7.1024 -6.58925 91.5
      vertex -7.03934 -6.69446 91.5
    endloop
  endfacet
  facet normal -0 0 1
    outer loop
      vertex -7.15485 -5.52165 91.5
      vertex -7.1024 -6.58925 91.5
      vertex -7.1024 -5.41075 91.5
    endloop
  endfacet
  facet normal 0 0 1
    outer loop
      vertex -7.15485 -5.52165 91.5
      vertex -7.15485 -6.47835 91.5
      vertex -7.1024 -6.58925 91.5
    endloop
  endfacet
  facet normal -0 0 1
    outer loop
      vertex -7.19617 -5.63714 91.5
      vertex -7.15485 -6.47835 91.5
      vertex -7.15485 -5.52165 91.5
    endloop
  endfacet
  facet normal 0 0 1
    outer loop
      vertex -7.19617 -5.63714 91.5
      vertex -7.19617 -6.36285 91.5
      vertex -7.15485 -6.47835 91.5
    endloop
  endfacet
  facet normal -0 0 1
    outer loop
      vertex -7.22598 -5.75614 91.5
      vertex -7.19617 -6.36285 91.5
      vertex -7.19617 -5.63714 91.5
    endloop
  endfacet
  facet normal 0 0 1
    outer loop
      vertex -7.22598 -5.75614 91.5
      vertex -7.22598 -6.24386 91.5
      vertex -7.19617 -6.36285 91.5
    endloop
  endfacet
  facet normal -0 0 1
    outer loop
      vertex -7.24398 -5.87748 91.5
      vertex -7.22598 -6.24386 91.5
      vertex -7.22598 -5.75614 91.5
    endloop
  endfacet
  facet normal 0 0 1
    outer loop
      vertex -7.24398 -5.87748 91.5
      vertex -7.24398 -6.12252 91.5
      vertex -7.22598 -6.24386 91.5
    endloop
  endfacet
  facet normal 0 -0 1
    outer loop
      vertex -7.24398 -6.12252 91.5
      vertex -7.24398 -5.87748 91.5
      vertex -7.25 -6 91.5
    endloop
  endfacet
  facet normal -0.998795 0.0490756 0
    outer loop
      vertex -7.25 -6 89.5
      vertex -7.24398 -5.87748 91.5
      vertex -7.24398 -5.87748 89.5
    endloop
  endfacet
  facet normal -0.998795 0.0490756 0
    outer loop
      vertex -7.24398 -5.87748 91.5
      vertex -7.25 -6 89.5
      vertex -7.25 -6 91.5
    endloop
  endfacet
  facet normal -0.336842 -0.941561 0
    outer loop
      vertex -6.47835 -7.15485 89.5
      vertex -6.36285 -7.19617 91.5
      vertex -6.47835 -7.15485 91.5
    endloop
  endfacet
  facet normal -0.336842 -0.941561 -0
    outer loop
      vertex -6.36285 -7.19617 91.5
      vertex -6.47835 -7.15485 89.5
      vertex -6.36285 -7.19617 89.5
    endloop
  endfacet
  facet normal 0.671568 -0.740943 0
    outer loop
      vertex -5.20701 -6.96626 89.5
      vertex -5.11612 -6.88388 91.5
      vertex -5.20701 -6.96626 91.5
    endloop
  endfacet
  facet normal 0.671568 -0.740943 0
    outer loop
      vertex -5.11612 -6.88388 91.5
      vertex -5.20701 -6.96626 89.5
      vertex -5.11612 -6.88388 89.5
    endloop
  endfacet
  facet normal 0 0 -1
    outer loop
      vertex -2.5 2.5 84.5
      vertex -7 2.5 84.5
      vertex -2.5 7 84.5
    endloop
  endfacet
  facet normal 0 0 -1
    outer loop
      vertex 9 -9 84.5
      vertex 7 -2.5 84.5
      vertex 9 9 84.5
    endloop
  endfacet
  facet normal 0 0 -1
    outer loop
      vertex 9 -9 84.5
      vertex 2.5 -7 84.5
      vertex 7 -2.5 84.5
    endloop
  endfacet
  facet normal 0 0 -1
    outer loop
      vertex 9 -9 84.5
      vertex -2.5 -7 84.5
      vertex 2.5 -7 84.5
    endloop
  endfacet
  facet normal 0 0 -1
    outer loop
      vertex -2.5 -7 84.5
      vertex -7 -2.5 84.5
      vertex -2.5 -2.5 84.5
    endloop
  endfacet
  facet normal -0 0 -1
    outer loop
      vertex -7 -2.5 84.5
      vertex -9 -9 84.5
      vertex -7 2.5 84.5
    endloop
  endfacet
  facet normal -0 0 -1
    outer loop
      vertex -2.5 -7 84.5
      vertex -9 -9 84.5
      vertex -7 -2.5 84.5
    endloop
  endfacet
  facet normal 0 0 -1
    outer loop
      vertex -9 -9 84.5
      vertex -2.5 -7 84.5
      vertex 9 -9 84.5
    endloop
  endfacet
  facet normal 0 0 -1
    outer loop
      vertex 7 2.5 84.5
      vertex 9 9 84.5
      vertex 7 -2.5 84.5
    endloop
  endfacet
  facet normal 0 0 -1
    outer loop
      vertex 2.5 7 84.5
      vertex 7 2.5 84.5
      vertex 2.5 2.5 84.5
    endloop
  endfacet
  facet normal 0 0 -1
    outer loop
      vertex 7 2.5 84.5
      vertex 2.5 7 84.5
      vertex 9 9 84.5
    endloop
  endfacet
  facet normal 0 0 -1
    outer loop
      vertex -2.5 7 84.5
      vertex 9 9 84.5
      vertex 2.5 7 84.5
    endloop
  endfacet
  facet normal 0 0 -1
    outer loop
      vertex -2.5 7 84.5
      vertex -9 9 84.5
      vertex 9 9 84.5
    endloop
  endfacet
  facet normal 0 0 -1
    outer loop
      vertex -7 2.5 84.5
      vertex -9 9 84.5
      vertex -2.5 7 84.5
    endloop
  endfacet
  facet normal 0 0 -1
    outer loop
      vertex -9 9 84.5
      vertex -7 2.5 84.5
      vertex -9 -9 84.5
    endloop
  endfacet
  facet normal -0 0 -1
    outer loop
      vertex 7 -2.5 84.5
      vertex 2.5 -7 84.5
      vertex 2.5 -2.5 84.5
    endloop
  endfacet
  facet normal 0 0 1
    outer loop
      vertex -4.75602 6.12252 91.5
      vertex -4.75602 5.87748 91.5
      vertex -4.75 6 91.5
    endloop
  endfacet
  facet normal 0 0 1
    outer loop
      vertex -4.77402 6.24386 91.5
      vertex -4.75602 5.87748 91.5
      vertex -4.75602 6.12252 91.5
    endloop
  endfacet
  facet normal 0 0 1
    outer loop
      vertex -4.77402 6.24386 91.5
      vertex -4.77402 5.75614 91.5
      vertex -4.75602 5.87748 91.5
    endloop
  endfacet
  facet normal 0 0 1
    outer loop
      vertex -4.80382 6.36285 91.5
      vertex -4.77402 5.75614 91.5
      vertex -4.77402 6.24386 91.5
    endloop
  endfacet
  facet normal 0 0 1
    outer loop
      vertex -4.80382 6.36285 91.5
      vertex -4.80382 5.63714 91.5
      vertex -4.77402 5.75614 91.5
    endloop
  endfacet
  facet normal 0 0 1
    outer loop
      vertex -4.84515 6.47835 91.5
      vertex -4.80382 5.63714 91.5
      vertex -4.80382 6.36285 91.5
    endloop
  endfacet
  facet normal 0 0 1
    outer loop
      vertex -4.84515 6.47835 91.5
      vertex -4.84515 5.52165 91.5
      vertex -4.80382 5.63714 91.5
    endloop
  endfacet
  facet normal 0 0 1
    outer loop
      vertex -4.8976 6.58925 91.5
      vertex -4.84515 5.52165 91.5
      vertex -4.84515 6.47835 91.5
    endloop
  endfacet
  facet normal 0 0 1
    outer loop
      vertex -4.8976 6.58925 91.5
      vertex -4.8976 5.41075 91.5
      vertex -4.84515 5.52165 91.5
    endloop
  endfacet
  facet normal 0 0 1
    outer loop
      vertex -4.96066 6.69446 91.5
      vertex -4.8976 5.41075 91.5
      vertex -4.8976 6.58925 91.5
    endloop
  endfacet
  facet normal 0 0 1
    outer loop
      vertex -4.96066 6.69446 91.5
      vertex -4.96066 5.30554 91.5
      vertex -4.8976 5.41075 91.5
    endloop
  endfacet
  facet normal 0 0 1
    outer loop
      vertex -5.03374 6.79299 91.5
      vertex -4.96066 5.30554 91.5
      vertex -4.96066 6.69446 91.5
    endloop
  endfacet
  facet normal 0 0 1
    outer loop
      vertex -5.03374 6.79299 91.5
      vertex -5.03374 5.20701 91.5
      vertex -4.96066 5.30554 91.5
    endloop
  endfacet
  facet normal 0 0 1
    outer loop
      vertex -5.11612 6.88388 91.5
      vertex -5.03374 5.20701 91.5
      vertex -5.03374 6.79299 91.5
    endloop
  endfacet
  facet normal 0 0 1
    outer loop
      vertex -5.11612 6.88388 91.5
      vertex -5.11612 5.11612 91.5
      vertex -5.03374 5.20701 91.5
    endloop
  endfacet
  facet normal 0 0 1
    outer loop
      vertex -5.20701 6.96626 91.5
      vertex -5.11612 5.11612 91.5
      vertex -5.11612 6.88388 91.5
    endloop
  endfacet
  facet normal 0 0 1
    outer loop
      vertex -5.20701 6.96626 91.5
      vertex -5.20701 5.03374 91.5
      vertex -5.11612 5.11612 91.5
    endloop
  endfacet
  facet normal 0 0 1
    outer loop
      vertex -5.30554 7.03934 91.5
      vertex -5.20701 5.03374 91.5
      vertex -5.20701 6.96626 91.5
    endloop
  endfacet
  facet normal 0 0 1
    outer loop
      vertex -5.30554 7.03934 91.5
      vertex -5.30554 4.96066 91.5
      vertex -5.20701 5.03374 91.5
    endloop
  endfacet
  facet normal 0 0 1
    outer loop
      vertex -5.41075 7.1024 91.5
      vertex -5.30554 4.96066 91.5
      vertex -5.30554 7.03934 91.5
    endloop
  endfacet
  facet normal 0 0 1
    outer loop
      vertex -5.41075 7.1024 91.5
      vertex -5.41075 4.8976 91.5
      vertex -5.30554 4.96066 91.5
    endloop
  endfacet
  facet normal 0 0 1
    outer loop
      vertex -5.52165 7.15485 91.5
      vertex -5.41075 4.8976 91.5
      vertex -5.41075 7.1024 91.5
    endloop
  endfacet
  facet normal 0 0 1
    outer loop
      vertex -5.52165 7.15485 91.5
      vertex -5.52165 4.84515 91.5
      vertex -5.41075 4.8976 91.5
    endloop
  endfacet
  facet normal 0 0 1
    outer loop
      vertex -5.63714 7.19617 91.5
      vertex -5.52165 4.84515 91.5
      vertex -5.52165 7.15485 91.5
    endloop
  endfacet
  facet normal 0 0 1
    outer loop
      vertex -5.63714 7.19617 91.5
      vertex -5.63714 4.80382 91.5
      vertex -5.52165 4.84515 91.5
    endloop
  endfacet
  facet normal 0 0 1
    outer loop
      vertex -5.75614 7.22598 91.5
      vertex -5.63714 4.80382 91.5
      vertex -5.63714 7.19617 91.5
    endloop
  endfacet
  facet normal 0 0 1
    outer loop
      vertex -5.75614 7.22598 91.5
      vertex -5.75614 4.77402 91.5
      vertex -5.63714 4.80382 91.5
    endloop
  endfacet
  facet normal 0 0 1
    outer loop
      vertex -5.87748 7.24398 91.5
      vertex -5.75614 4.77402 91.5
      vertex -5.75614 7.22598 91.5
    endloop
  endfacet
  facet normal 0 0 1
    outer loop
      vertex -5.87748 7.24398 91.5
      vertex -5.87748 4.75602 91.5
      vertex -5.75614 4.77402 91.5
    endloop
  endfacet
  facet normal 0 0 1
    outer loop
      vertex -6 7.25 91.5
      vertex -5.87748 4.75602 91.5
      vertex -5.87748 7.24398 91.5
    endloop
  endfacet
  facet normal 0 0 1
    outer loop
      vertex -6 7.25 91.5
      vertex -6 4.75 91.5
      vertex -5.87748 4.75602 91.5
    endloop
  endfacet
  facet normal -0 0 1
    outer loop
      vertex -6.12252 7.24398 91.5
      vertex -6 4.75 91.5
      vertex -6 7.25 91.5
    endloop
  endfacet
  facet normal 0 0 1
    outer loop
      vertex -6.12252 7.24398 91.5
      vertex -6.12252 4.75602 91.5
      vertex -6 4.75 91.5
    endloop
  endfacet
  facet normal -0 0 1
    outer loop
      vertex -6.24386 7.22598 91.5
      vertex -6.12252 4.75602 91.5
      vertex -6.12252 7.24398 91.5
    endloop
  endfacet
  facet normal 0 0 1
    outer loop
      vertex -6.24386 7.22598 91.5
      vertex -6.24386 4.77402 91.5
      vertex -6.12252 4.75602 91.5
    endloop
  endfacet
  facet normal -0 0 1
    outer loop
      vertex -6.36285 7.19617 91.5
      vertex -6.24386 4.77402 91.5
      vertex -6.24386 7.22598 91.5
    endloop
  endfacet
  facet normal 0 0 1
    outer loop
      vertex -6.36285 7.19617 91.5
      vertex -6.36285 4.80382 91.5
      vertex -6.24386 4.77402 91.5
    endloop
  endfacet
  facet normal -0 0 1
    outer loop
      vertex -6.47835 7.15485 91.5
      vertex -6.36285 4.80382 91.5
      vertex -6.36285 7.19617 91.5
    endloop
  endfacet
  facet normal 0 0 1
    outer loop
      vertex -6.47835 7.15485 91.5
      vertex -6.47835 4.84515 91.5
      vertex -6.36285 4.80382 91.5
    endloop
  endfacet
  facet normal -0 0 1
    outer loop
      vertex -6.58925 7.1024 91.5
      vertex -6.47835 4.84515 91.5
      vertex -6.47835 7.15485 91.5
    endloop
  endfacet
  facet normal 0 0 1
    outer loop
      vertex -6.58925 7.1024 91.5
      vertex -6.58925 4.8976 91.5
      vertex -6.47835 4.84515 91.5
    endloop
  endfacet
  facet normal -0 0 1
    outer loop
      vertex -6.69446 7.03934 91.5
      vertex -6.58925 4.8976 91.5
      vertex -6.58925 7.1024 91.5
    endloop
  endfacet
  facet normal 0 0 1
    outer loop
      vertex -6.69446 7.03934 91.5
      vertex -6.69446 4.96066 91.5
      vertex -6.58925 4.8976 91.5
    endloop
  endfacet
  facet normal -0 0 1
    outer loop
      vertex -6.79299 6.96626 91.5
      vertex -6.69446 4.96066 91.5
      vertex -6.69446 7.03934 91.5
    endloop
  endfacet
  facet normal 0 0 1
    outer loop
      vertex -6.79299 6.96626 91.5
      vertex -6.79299 5.03374 91.5
      vertex -6.69446 4.96066 91.5
    endloop
  endfacet
  facet normal -0 0 1
    outer loop
      vertex -6.88388 6.88388 91.5
      vertex -6.79299 5.03374 91.5
      vertex -6.79299 6.96626 91.5
    endloop
  endfacet
  facet normal 0 0 1
    outer loop
      vertex -6.88388 6.88388 91.5
      vertex -6.88388 5.11612 91.5
      vertex -6.79299 5.03374 91.5
    endloop
  endfacet
  facet normal -0 0 1
    outer loop
      vertex -6.96626 6.79299 91.5
      vertex -6.88388 5.11612 91.5
      vertex -6.88388 6.88388 91.5
    endloop
  endfacet
  facet normal 0 0 1
    outer loop
      vertex -6.96626 6.79299 91.5
      vertex -6.96626 5.20701 91.5
      vertex -6.88388 5.11612 91.5
    endloop
  endfacet
  facet normal -0 0 1
    outer loop
      vertex -7.03934 6.69446 91.5
      vertex -6.96626 5.20701 91.5
      vertex -6.96626 6.79299 91.5
    endloop
  endfacet
  facet normal 0 0 1
    outer loop
      vertex -7.03934 6.69446 91.5
      vertex -7.03934 5.30554 91.5
      vertex -6.96626 5.20701 91.5
    endloop
  endfacet
  facet normal -0 0 1
    outer loop
      vertex -7.1024 6.58925 91.5
      vertex -7.03934 5.30554 91.5
      vertex -7.03934 6.69446 91.5
    endloop
  endfacet
  facet normal 0 0 1
    outer loop
      vertex -7.1024 6.58925 91.5
      vertex -7.1024 5.41075 91.5
      vertex -7.03934 5.30554 91.5
    endloop
  endfacet
  facet normal -0 0 1
    outer loop
      vertex -7.15485 6.47835 91.5
      vertex -7.1024 5.41075 91.5
      vertex -7.1024 6.58925 91.5
    endloop
  endfacet
  facet normal 0 0 1
    outer loop
      vertex -7.15485 6.47835 91.5
      vertex -7.15485 5.52165 91.5
      vertex -7.1024 5.41075 91.5
    endloop
  endfacet
  facet normal -0 0 1
    outer loop
      vertex -7.19617 6.36285 91.5
      vertex -7.15485 5.52165 91.5
      vertex -7.15485 6.47835 91.5
    endloop
  endfacet
  facet normal 0 0 1
    outer loop
      vertex -7.19617 6.36285 91.5
      vertex -7.19617 5.63714 91.5
      vertex -7.15485 5.52165 91.5
    endloop
  endfacet
  facet normal -0 0 1
    outer loop
      vertex -7.22598 6.24386 91.5
      vertex -7.19617 5.63714 91.5
      vertex -7.19617 6.36285 91.5
    endloop
  endfacet
  facet normal 0 0 1
    outer loop
      vertex -7.22598 6.24386 91.5
      vertex -7.22598 5.75614 91.5
      vertex -7.19617 5.63714 91.5
    endloop
  endfacet
  facet normal -0 0 1
    outer loop
      vertex -7.24398 6.12252 91.5
      vertex -7.22598 5.75614 91.5
      vertex -7.22598 6.24386 91.5
    endloop
  endfacet
  facet normal 0 0 1
    outer loop
      vertex -7.24398 6.12252 91.5
      vertex -7.24398 5.87748 91.5
      vertex -7.22598 5.75614 91.5
    endloop
  endfacet
  facet normal 0 -0 1
    outer loop
      vertex -7.24398 5.87748 91.5
      vertex -7.24398 6.12252 91.5
      vertex -7.25 6 91.5
    endloop
  endfacet
  facet normal 0.989175 0.146738 0
    outer loop
      vertex -4.75602 6.12252 91.5
      vertex -4.77402 6.24386 89.5
      vertex -4.77402 6.24386 91.5
    endloop
  endfacet
  facet normal 0.989175 0.146738 0
    outer loop
      vertex -4.77402 6.24386 89.5
      vertex -4.75602 6.12252 91.5
      vertex -4.75602 6.12252 89.5
    endloop
  endfacet
  facet normal 0.998795 0.0490756 0
    outer loop
      vertex -4.75 6 91.5
      vertex -4.75602 6.12252 89.5
      vertex -4.75602 6.12252 91.5
    endloop
  endfacet
  facet normal 0.998795 0.0490756 0
    outer loop
      vertex -4.75602 6.12252 89.5
      vertex -4.75 6 91.5
      vertex -4.75 6 89.5
    endloop
  endfacet
  facet normal 0.970042 0.242938 0
    outer loop
      vertex -4.77402 6.24386 91.5
      vertex -4.80382 6.36285 89.5
      vertex -4.80382 6.36285 91.5
    endloop
  endfacet
  facet normal 0.970042 0.242938 0
    outer loop
      vertex -4.80382 6.36285 89.5
      vertex -4.77402 6.24386 91.5
      vertex -4.77402 6.24386 89.5
    endloop
  endfacet
  facet normal -0.146738 0.989175 0
    outer loop
      vertex -6.12252 7.24398 89.5
      vertex -6.24386 7.22598 91.5
      vertex -6.12252 7.24398 91.5
    endloop
  endfacet
  facet normal -0.146738 0.989175 0
    outer loop
      vertex -6.24386 7.22598 91.5
      vertex -6.12252 7.24398 89.5
      vertex -6.24386 7.22598 89.5
    endloop
  endfacet
  facet normal 0.336941 -0.941526 0
    outer loop
      vertex -5.63714 4.80382 89.5
      vertex -5.52165 4.84515 91.5
      vertex -5.63714 4.80382 91.5
    endloop
  endfacet
  facet normal 0.336941 -0.941526 0
    outer loop
      vertex -5.52165 4.84515 91.5
      vertex -5.63714 4.80382 89.5
      vertex -5.52165 4.84515 89.5
    endloop
  endfacet
  facet normal -0.740943 0.671568 0
    outer loop
      vertex -6.96626 6.79299 89.5
      vertex -6.88388 6.88388 91.5
      vertex -6.88388 6.88388 89.5
    endloop
  endfacet
  facet normal -0.740943 0.671568 0
    outer loop
      vertex -6.88388 6.88388 91.5
      vertex -6.96626 6.79299 89.5
      vertex -6.96626 6.79299 91.5
    endloop
  endfacet
  facet normal -0.671568 0.740943 0
    outer loop
      vertex -6.79299 6.96626 89.5
      vertex -6.88388 6.88388 91.5
      vertex -6.79299 6.96626 91.5
    endloop
  endfacet
  facet normal -0.671568 0.740943 0
    outer loop
      vertex -6.88388 6.88388 91.5
      vertex -6.79299 6.96626 89.5
      vertex -6.88388 6.88388 89.5
    endloop
  endfacet
  facet normal 0.941535 0.336915 0
    outer loop
      vertex -4.80382 6.36285 91.5
      vertex -4.84515 6.47835 89.5
      vertex -4.84515 6.47835 91.5
    endloop
  endfacet
  facet normal 0.941535 0.336915 0
    outer loop
      vertex -4.84515 6.47835 89.5
      vertex -4.80382 6.36285 91.5
      vertex -4.80382 6.36285 89.5
    endloop
  endfacet
  facet normal 0.941526 -0.336941 0
    outer loop
      vertex -4.84515 5.52165 91.5
      vertex -4.80382 5.63714 89.5
      vertex -4.80382 5.63714 91.5
    endloop
  endfacet
  facet normal 0.941526 -0.336941 0
    outer loop
      vertex -4.80382 5.63714 89.5
      vertex -4.84515 5.52165 91.5
      vertex -4.84515 5.52165 89.5
    endloop
  endfacet
  facet normal 0.671568 0.740943 -0
    outer loop
      vertex -5.11612 6.88388 89.5
      vertex -5.20701 6.96626 91.5
      vertex -5.11612 6.88388 91.5
    endloop
  endfacet
  facet normal 0.671568 0.740943 0
    outer loop
      vertex -5.20701 6.96626 91.5
      vertex -5.11612 6.88388 89.5
      vertex -5.20701 6.96626 89.5
    endloop
  endfacet
  facet normal 0.427543 -0.903995 0
    outer loop
      vertex -5.52165 4.84515 89.5
      vertex -5.41075 4.8976 91.5
      vertex -5.52165 4.84515 91.5
    endloop
  endfacet
  facet normal 0.427543 -0.903995 0
    outer loop
      vertex -5.41075 4.8976 91.5
      vertex -5.52165 4.84515 89.5
      vertex -5.41075 4.8976 89.5
    endloop
  endfacet
  facet normal 0.740943 0.671568 0
    outer loop
      vertex -5.03374 6.79299 91.5
      vertex -5.11612 6.88388 89.5
      vertex -5.11612 6.88388 91.5
    endloop
  endfacet
  facet normal 0.740943 0.671568 0
    outer loop
      vertex -5.11612 6.88388 89.5
      vertex -5.03374 6.79299 91.5
      vertex -5.03374 6.79299 89.5
    endloop
  endfacet
  facet normal 0.671568 -0.740943 0
    outer loop
      vertex -5.20701 5.03374 89.5
      vertex -5.11612 5.11612 91.5
      vertex -5.20701 5.03374 91.5
    endloop
  endfacet
  facet normal 0.671568 -0.740943 0
    outer loop
      vertex -5.11612 5.11612 91.5
      vertex -5.20701 5.03374 89.5
      vertex -5.11612 5.11612 89.5
    endloop
  endfacet
  facet normal 0.5141 0.85773 -0
    outer loop
      vertex -5.30554 7.03934 89.5
      vertex -5.41075 7.1024 91.5
      vertex -5.30554 7.03934 91.5
    endloop
  endfacet
  facet normal 0.5141 0.85773 0
    outer loop
      vertex -5.41075 7.1024 91.5
      vertex -5.30554 7.03934 89.5
      vertex -5.41075 7.1024 89.5
    endloop
  endfacet
  facet normal -0.803187 -0.595727 0
    outer loop
      vertex -6.96626 5.20701 89.5
      vertex -7.03934 5.30554 91.5
      vertex -7.03934 5.30554 89.5
    endloop
  endfacet
  facet normal -0.803187 -0.595727 0
    outer loop
      vertex -7.03934 5.30554 91.5
      vertex -6.96626 5.20701 89.5
      vertex -6.96626 5.20701 91.5
    endloop
  endfacet
  facet normal 0.998795 -0.0490756 0
    outer loop
      vertex -4.75602 5.87748 91.5
      vertex -4.75 6 89.5
      vertex -4.75 6 91.5
    endloop
  endfacet
  facet normal 0.998795 -0.0490756 0
    outer loop
      vertex -4.75 6 89.5
      vertex -4.75602 5.87748 91.5
      vertex -4.75602 5.87748 89.5
    endloop
  endfacet
  facet normal 0.903995 -0.427543 0
    outer loop
      vertex -4.8976 5.41075 91.5
      vertex -4.84515 5.52165 89.5
      vertex -4.84515 5.52165 91.5
    endloop
  endfacet
  facet normal 0.903995 -0.427543 0
    outer loop
      vertex -4.84515 5.52165 89.5
      vertex -4.8976 5.41075 91.5
      vertex -4.8976 5.41075 89.5
    endloop
  endfacet
  facet normal -0.998795 0.0490756 0
    outer loop
      vertex -7.25 6 89.5
      vertex -7.24398 6.12252 91.5
      vertex -7.24398 6.12252 89.5
    endloop
  endfacet
  facet normal -0.998795 0.0490756 0
    outer loop
      vertex -7.24398 6.12252 91.5
      vertex -7.25 6 89.5
      vertex -7.25 6 91.5
    endloop
  endfacet
  facet normal -0.941552 -0.336868 0
    outer loop
      vertex -7.15485 5.52165 89.5
      vertex -7.19617 5.63714 91.5
      vertex -7.19617 5.63714 89.5
    endloop
  endfacet
  facet normal -0.941552 -0.336868 0
    outer loop
      vertex -7.19617 5.63714 91.5
      vertex -7.15485 5.52165 89.5
      vertex -7.15485 5.52165 91.5
    endloop
  endfacet
  facet normal -0.0490756 -0.998795 0
    outer loop
      vertex -6.12252 4.75602 89.5
      vertex -6 4.75 91.5
      vertex -6.12252 4.75602 91.5
    endloop
  endfacet
  facet normal -0.0490756 -0.998795 -0
    outer loop
      vertex -6 4.75 91.5
      vertex -6.12252 4.75602 89.5
      vertex -6 4.75 89.5
    endloop
  endfacet
  facet normal 0.989175 -0.146738 0
    outer loop
      vertex -4.77402 5.75614 91.5
      vertex -4.75602 5.87748 89.5
      vertex -4.75602 5.87748 91.5
    endloop
  endfacet
  facet normal 0.989175 -0.146738 0
    outer loop
      vertex -4.75602 5.87748 89.5
      vertex -4.77402 5.75614 91.5
      vertex -4.77402 5.75614 89.5
    endloop
  endfacet
  facet normal -0.336842 0.941561 0
    outer loop
      vertex -6.36285 7.19617 89.5
      vertex -6.47835 7.15485 91.5
      vertex -6.36285 7.19617 91.5
    endloop
  endfacet
  facet normal -0.336842 0.941561 0
    outer loop
      vertex -6.47835 7.15485 91.5
      vertex -6.36285 7.19617 89.5
      vertex -6.47835 7.15485 89.5
    endloop
  endfacet
  facet normal -0.903995 -0.427543 0
    outer loop
      vertex -7.1024 5.41075 89.5
      vertex -7.15485 5.52165 91.5
      vertex -7.15485 5.52165 89.5
    endloop
  endfacet
  facet normal -0.903995 -0.427543 0
    outer loop
      vertex -7.15485 5.52165 91.5
      vertex -7.1024 5.41075 89.5
      vertex -7.1024 5.41075 91.5
    endloop
  endfacet
  facet normal -0.243015 0.970022 0
    outer loop
      vertex -6.24386 7.22598 89.5
      vertex -6.36285 7.19617 91.5
      vertex -6.24386 7.22598 91.5
    endloop
  endfacet
  facet normal -0.243015 0.970022 0
    outer loop
      vertex -6.36285 7.19617 91.5
      vertex -6.24386 7.22598 89.5
      vertex -6.36285 7.19617 89.5
    endloop
  endfacet
  facet normal 0.740943 -0.671568 0
    outer loop
      vertex -5.11612 5.11612 91.5
      vertex -5.03374 5.20701 89.5
      vertex -5.03374 5.20701 91.5
    endloop
  endfacet
  facet normal 0.740943 -0.671568 0
    outer loop
      vertex -5.03374 5.20701 89.5
      vertex -5.11612 5.11612 91.5
      vertex -5.11612 5.11612 89.5
    endloop
  endfacet
  facet normal 0.970047 -0.242919 0
    outer loop
      vertex -4.80382 5.63714 91.5
      vertex -4.77402 5.75614 89.5
      vertex -4.77402 5.75614 91.5
    endloop
  endfacet
  facet normal 0.970047 -0.242919 0
    outer loop
      vertex -4.77402 5.75614 89.5
      vertex -4.80382 5.63714 91.5
      vertex -4.80382 5.63714 89.5
    endloop
  endfacet
  facet normal -0.970027 -0.242996 0
    outer loop
      vertex -7.19617 5.63714 89.5
      vertex -7.22598 5.75614 91.5
      vertex -7.22598 5.75614 89.5
    endloop
  endfacet
  facet normal -0.970027 -0.242996 0
    outer loop
      vertex -7.22598 5.75614 91.5
      vertex -7.19617 5.63714 89.5
      vertex -7.19617 5.63714 91.5
    endloop
  endfacet
  facet normal -0.998795 -0.0490756 0
    outer loop
      vertex -7.24398 5.87748 89.5
      vertex -7.25 6 91.5
      vertex -7.25 6 89.5
    endloop
  endfacet
  facet normal -0.998795 -0.0490756 0
    outer loop
      vertex -7.25 6 91.5
      vertex -7.24398 5.87748 89.5
      vertex -7.24398 5.87748 91.5
    endloop
  endfacet
  facet normal 0.5141 -0.85773 0
    outer loop
      vertex -5.41075 4.8976 89.5
      vertex -5.30554 4.96066 91.5
      vertex -5.41075 4.8976 91.5
    endloop
  endfacet
  facet normal 0.5141 -0.85773 0
    outer loop
      vertex -5.30554 4.96066 91.5
      vertex -5.41075 4.8976 89.5
      vertex -5.30554 4.96066 89.5
    endloop
  endfacet
  facet normal -0.595727 0.803187 0
    outer loop
      vertex -6.69446 7.03934 89.5
      vertex -6.79299 6.96626 91.5
      vertex -6.69446 7.03934 91.5
    endloop
  endfacet
  facet normal -0.595727 0.803187 0
    outer loop
      vertex -6.79299 6.96626 91.5
      vertex -6.69446 7.03934 89.5
      vertex -6.79299 6.96626 89.5
    endloop
  endfacet
  facet normal -0.85773 0.5141 0
    outer loop
      vertex -7.1024 6.58925 89.5
      vertex -7.03934 6.69446 91.5
      vertex -7.03934 6.69446 89.5
    endloop
  endfacet
  facet normal -0.85773 0.5141 0
    outer loop
      vertex -7.03934 6.69446 91.5
      vertex -7.1024 6.58925 89.5
      vertex -7.1024 6.58925 91.5
    endloop
  endfacet
  facet normal -0.5141 0.85773 0
    outer loop
      vertex -6.58925 7.1024 89.5
      vertex -6.69446 7.03934 91.5
      vertex -6.58925 7.1024 91.5
    endloop
  endfacet
  facet normal -0.5141 0.85773 0
    outer loop
      vertex -6.69446 7.03934 91.5
      vertex -6.58925 7.1024 89.5
      vertex -6.69446 7.03934 89.5
    endloop
  endfacet
  facet normal -0.427543 0.903995 0
    outer loop
      vertex -6.47835 7.15485 89.5
      vertex -6.58925 7.1024 91.5
      vertex -6.47835 7.15485 91.5
    endloop
  endfacet
  facet normal -0.427543 0.903995 0
    outer loop
      vertex -6.58925 7.1024 91.5
      vertex -6.47835 7.15485 89.5
      vertex -6.58925 7.1024 89.5
    endloop
  endfacet
  facet normal 0.595727 0.803187 -0
    outer loop
      vertex -5.20701 6.96626 89.5
      vertex -5.30554 7.03934 91.5
      vertex -5.20701 6.96626 91.5
    endloop
  endfacet
  facet normal 0.595727 0.803187 0
    outer loop
      vertex -5.30554 7.03934 91.5
      vertex -5.20701 6.96626 89.5
      vertex -5.30554 7.03934 89.5
    endloop
  endfacet
  facet normal -0.941561 0.336842 0
    outer loop
      vertex -7.19617 6.36285 89.5
      vertex -7.15485 6.47835 91.5
      vertex -7.15485 6.47835 89.5
    endloop
  endfacet
  facet normal -0.941561 0.336842 0
    outer loop
      vertex -7.15485 6.47835 91.5
      vertex -7.19617 6.36285 89.5
      vertex -7.19617 6.36285 91.5
    endloop
  endfacet
  facet normal -0.740943 -0.671568 0
    outer loop
      vertex -6.88388 5.11612 89.5
      vertex -6.96626 5.20701 91.5
      vertex -6.96626 5.20701 89.5
    endloop
  endfacet
  facet normal -0.740943 -0.671568 0
    outer loop
      vertex -6.96626 5.20701 91.5
      vertex -6.88388 5.11612 89.5
      vertex -6.88388 5.11612 91.5
    endloop
  endfacet
  facet normal -0.989175 -0.146738 0
    outer loop
      vertex -7.22598 5.75614 89.5
      vertex -7.24398 5.87748 91.5
      vertex -7.24398 5.87748 89.5
    endloop
  endfacet
  facet normal -0.989175 -0.146738 0
    outer loop
      vertex -7.24398 5.87748 91.5
      vertex -7.22598 5.75614 89.5
      vertex -7.22598 5.75614 91.5
    endloop
  endfacet
  facet normal -0.803187 0.595727 0
    outer loop
      vertex -7.03934 6.69446 89.5
      vertex -6.96626 6.79299 91.5
      vertex -6.96626 6.79299 89.5
    endloop
  endfacet
  facet normal -0.803187 0.595727 0
    outer loop
      vertex -6.96626 6.79299 91.5
      vertex -7.03934 6.69446 89.5
      vertex -7.03934 6.69446 91.5
    endloop
  endfacet
  facet normal -0.989175 0.146738 0
    outer loop
      vertex -7.24398 6.12252 89.5
      vertex -7.22598 6.24386 91.5
      vertex -7.22598 6.24386 89.5
    endloop
  endfacet
  facet normal -0.989175 0.146738 0
    outer loop
      vertex -7.22598 6.24386 91.5
      vertex -7.24398 6.12252 89.5
      vertex -7.24398 6.12252 91.5
    endloop
  endfacet
  facet normal 0.85773 -0.5141 0
    outer loop
      vertex -4.96066 5.30554 91.5
      vertex -4.8976 5.41075 89.5
      vertex -4.8976 5.41075 91.5
    endloop
  endfacet
  facet normal 0.85773 -0.5141 0
    outer loop
      vertex -4.8976 5.41075 89.5
      vertex -4.96066 5.30554 91.5
      vertex -4.96066 5.30554 89.5
    endloop
  endfacet
  facet normal 0.85773 0.5141 0
    outer loop
      vertex -4.8976 6.58925 91.5
      vertex -4.96066 6.69446 89.5
      vertex -4.96066 6.69446 91.5
    endloop
  endfacet
  facet normal 0.85773 0.5141 0
    outer loop
      vertex -4.96066 6.69446 89.5
      vertex -4.8976 6.58925 91.5
      vertex -4.8976 6.58925 89.5
    endloop
  endfacet
  facet normal 0.803187 0.595727 0
    outer loop
      vertex -4.96066 6.69446 91.5
      vertex -5.03374 6.79299 89.5
      vertex -5.03374 6.79299 91.5
    endloop
  endfacet
  facet normal 0.803187 0.595727 0
    outer loop
      vertex -5.03374 6.79299 89.5
      vertex -4.96066 6.69446 91.5
      vertex -4.96066 6.69446 89.5
    endloop
  endfacet
  facet normal 0.903995 0.427543 0
    outer loop
      vertex -4.84515 6.47835 91.5
      vertex -4.8976 6.58925 89.5
      vertex -4.8976 6.58925 91.5
    endloop
  endfacet
  facet normal 0.903995 0.427543 0
    outer loop
      vertex -4.8976 6.58925 89.5
      vertex -4.84515 6.47835 91.5
      vertex -4.84515 6.47835 89.5
    endloop
  endfacet
  facet normal -0.903995 0.427543 0
    outer loop
      vertex -7.15485 6.47835 89.5
      vertex -7.1024 6.58925 91.5
      vertex -7.1024 6.58925 89.5
    endloop
  endfacet
  facet normal -0.903995 0.427543 0
    outer loop
      vertex -7.1024 6.58925 91.5
      vertex -7.15485 6.47835 89.5
      vertex -7.15485 6.47835 91.5
    endloop
  endfacet
  facet normal 0.146738 0.989175 -0
    outer loop
      vertex -5.75614 7.22598 89.5
      vertex -5.87748 7.24398 91.5
      vertex -5.75614 7.22598 91.5
    endloop
  endfacet
  facet normal 0.146738 0.989175 0
    outer loop
      vertex -5.87748 7.24398 91.5
      vertex -5.75614 7.22598 89.5
      vertex -5.87748 7.24398 89.5
    endloop
  endfacet
  facet normal -0.85773 -0.5141 0
    outer loop
      vertex -7.03934 5.30554 89.5
      vertex -7.1024 5.41075 91.5
      vertex -7.1024 5.41075 89.5
    endloop
  endfacet
  facet normal -0.85773 -0.5141 0
    outer loop
      vertex -7.1024 5.41075 91.5
      vertex -7.03934 5.30554 89.5
      vertex -7.03934 5.30554 91.5
    endloop
  endfacet
  facet normal 0.0490756 0.998795 -0
    outer loop
      vertex -5.87748 7.24398 89.5
      vertex -6 7.25 91.5
      vertex -5.87748 7.24398 91.5
    endloop
  endfacet
  facet normal 0.0490756 0.998795 0
    outer loop
      vertex -6 7.25 91.5
      vertex -5.87748 7.24398 89.5
      vertex -6 7.25 89.5
    endloop
  endfacet
  facet normal 0.427543 0.903995 -0
    outer loop
      vertex -5.41075 7.1024 89.5
      vertex -5.52165 7.15485 91.5
      vertex -5.41075 7.1024 91.5
    endloop
  endfacet
  facet normal 0.427543 0.903995 0
    outer loop
      vertex -5.52165 7.15485 91.5
      vertex -5.41075 7.1024 89.5
      vertex -5.52165 7.15485 89.5
    endloop
  endfacet
  facet normal -0.5141 -0.85773 0
    outer loop
      vertex -6.69446 4.96066 89.5
      vertex -6.58925 4.8976 91.5
      vertex -6.69446 4.96066 91.5
    endloop
  endfacet
  facet normal -0.5141 -0.85773 -0
    outer loop
      vertex -6.58925 4.8976 91.5
      vertex -6.69446 4.96066 89.5
      vertex -6.58925 4.8976 89.5
    endloop
  endfacet
  facet normal -0.146738 -0.989175 0
    outer loop
      vertex -6.24386 4.77402 89.5
      vertex -6.12252 4.75602 91.5
      vertex -6.24386 4.77402 91.5
    endloop
  endfacet
  facet normal -0.146738 -0.989175 -0
    outer loop
      vertex -6.12252 4.75602 91.5
      vertex -6.24386 4.77402 89.5
      vertex -6.12252 4.75602 89.5
    endloop
  endfacet
  facet normal 0.0490756 -0.998795 0
    outer loop
      vertex -6 4.75 89.5
      vertex -5.87748 4.75602 91.5
      vertex -6 4.75 91.5
    endloop
  endfacet
  facet normal 0.0490756 -0.998795 0
    outer loop
      vertex -5.87748 4.75602 91.5
      vertex -6 4.75 89.5
      vertex -5.87748 4.75602 89.5
    endloop
  endfacet
  facet normal -0.0490756 0.998795 0
    outer loop
      vertex -6 7.25 89.5
      vertex -6.12252 7.24398 91.5
      vertex -6 7.25 91.5
    endloop
  endfacet
  facet normal -0.0490756 0.998795 0
    outer loop
      vertex -6.12252 7.24398 91.5
      vertex -6 7.25 89.5
      vertex -6.12252 7.24398 89.5
    endloop
  endfacet
  facet normal 0.336868 0.941552 -0
    outer loop
      vertex -5.52165 7.15485 89.5
      vertex -5.63714 7.19617 91.5
      vertex -5.52165 7.15485 91.5
    endloop
  endfacet
  facet normal 0.336868 0.941552 0
    outer loop
      vertex -5.63714 7.19617 91.5
      vertex -5.52165 7.15485 89.5
      vertex -5.63714 7.19617 89.5
    endloop
  endfacet
  facet normal 0.803187 -0.595727 0
    outer loop
      vertex -5.03374 5.20701 91.5
      vertex -4.96066 5.30554 89.5
      vertex -4.96066 5.30554 91.5
    endloop
  endfacet
  facet normal 0.803187 -0.595727 0
    outer loop
      vertex -4.96066 5.30554 89.5
      vertex -5.03374 5.20701 91.5
      vertex -5.03374 5.20701 89.5
    endloop
  endfacet
  facet normal 0.146738 -0.989175 0
    outer loop
      vertex -5.87748 4.75602 89.5
      vertex -5.75614 4.77402 91.5
      vertex -5.87748 4.75602 91.5
    endloop
  endfacet
  facet normal 0.146738 -0.989175 0
    outer loop
      vertex -5.75614 4.77402 91.5
      vertex -5.87748 4.75602 89.5
      vertex -5.75614 4.77402 89.5
    endloop
  endfacet
  facet normal -0.336915 -0.941535 0
    outer loop
      vertex -6.47835 4.84515 89.5
      vertex -6.36285 4.80382 91.5
      vertex -6.47835 4.84515 91.5
    endloop
  endfacet
  facet normal -0.336915 -0.941535 -0
    outer loop
      vertex -6.36285 4.80382 91.5
      vertex -6.47835 4.84515 89.5
      vertex -6.36285 4.80382 89.5
    endloop
  endfacet
  facet normal -0.970022 0.243015 0
    outer loop
      vertex -7.22598 6.24386 89.5
      vertex -7.19617 6.36285 91.5
      vertex -7.19617 6.36285 89.5
    endloop
  endfacet
  facet normal -0.970022 0.243015 0
    outer loop
      vertex -7.19617 6.36285 91.5
      vertex -7.22598 6.24386 89.5
      vertex -7.22598 6.24386 91.5
    endloop
  endfacet
  facet normal 0.595727 -0.803187 0
    outer loop
      vertex -5.30554 4.96066 89.5
      vertex -5.20701 5.03374 91.5
      vertex -5.30554 4.96066 91.5
    endloop
  endfacet
  facet normal 0.595727 -0.803187 0
    outer loop
      vertex -5.20701 5.03374 91.5
      vertex -5.30554 4.96066 89.5
      vertex -5.20701 5.03374 89.5
    endloop
  endfacet
  facet normal 0.242919 -0.970047 0
    outer loop
      vertex -5.75614 4.77402 89.5
      vertex -5.63714 4.80382 91.5
      vertex -5.75614 4.77402 91.5
    endloop
  endfacet
  facet normal 0.242919 -0.970047 0
    outer loop
      vertex -5.63714 4.80382 91.5
      vertex -5.75614 4.77402 89.5
      vertex -5.63714 4.80382 89.5
    endloop
  endfacet
  facet normal -0.671568 -0.740943 0
    outer loop
      vertex -6.88388 5.11612 89.5
      vertex -6.79299 5.03374 91.5
      vertex -6.88388 5.11612 91.5
    endloop
  endfacet
  facet normal -0.671568 -0.740943 -0
    outer loop
      vertex -6.79299 5.03374 91.5
      vertex -6.88388 5.11612 89.5
      vertex -6.79299 5.03374 89.5
    endloop
  endfacet
  facet normal -0.595727 -0.803187 0
    outer loop
      vertex -6.79299 5.03374 89.5
      vertex -6.69446 4.96066 91.5
      vertex -6.79299 5.03374 91.5
    endloop
  endfacet
  facet normal -0.595727 -0.803187 -0
    outer loop
      vertex -6.69446 4.96066 91.5
      vertex -6.79299 5.03374 89.5
      vertex -6.69446 4.96066 89.5
    endloop
  endfacet
  facet normal 0.242996 0.970027 -0
    outer loop
      vertex -5.63714 7.19617 89.5
      vertex -5.75614 7.22598 91.5
      vertex -5.63714 7.19617 91.5
    endloop
  endfacet
  facet normal 0.242996 0.970027 0
    outer loop
      vertex -5.75614 7.22598 91.5
      vertex -5.63714 7.19617 89.5
      vertex -5.75614 7.22598 89.5
    endloop
  endfacet
  facet normal -0.242938 -0.970042 0
    outer loop
      vertex -6.36285 4.80382 89.5
      vertex -6.24386 4.77402 91.5
      vertex -6.36285 4.80382 91.5
    endloop
  endfacet
  facet normal -0.242938 -0.970042 -0
    outer loop
      vertex -6.24386 4.77402 91.5
      vertex -6.36285 4.80382 89.5
      vertex -6.24386 4.77402 89.5
    endloop
  endfacet
  facet normal -0.427543 -0.903995 0
    outer loop
      vertex -6.58925 4.8976 89.5
      vertex -6.47835 4.84515 91.5
      vertex -6.58925 4.8976 91.5
    endloop
  endfacet
  facet normal -0.427543 -0.903995 -0
    outer loop
      vertex -6.47835 4.84515 91.5
      vertex -6.58925 4.8976 89.5
      vertex -6.47835 4.84515 89.5
    endloop
  endfacet
  facet normal -0.998795 0.0490756 0
    outer loop
      vertex 4.75 -6 89.5
      vertex 4.75602 -5.87748 91.5
      vertex 4.75602 -5.87748 89.5
    endloop
  endfacet
  facet normal -0.998795 0.0490756 0
    outer loop
      vertex 4.75602 -5.87748 91.5
      vertex 4.75 -6 89.5
      vertex 4.75 -6 91.5
    endloop
  endfacet
  facet normal 0 0 1
    outer loop
      vertex 7.24398 -5.87748 91.5
      vertex 7.24398 -6.12252 91.5
      vertex 7.25 -6 91.5
    endloop
  endfacet
  facet normal 0 0 1
    outer loop
      vertex 7.22598 -5.75614 91.5
      vertex 7.24398 -6.12252 91.5
      vertex 7.24398 -5.87748 91.5
    endloop
  endfacet
  facet normal 0 0 1
    outer loop
      vertex 7.22598 -5.75614 91.5
      vertex 7.22598 -6.24386 91.5
      vertex 7.24398 -6.12252 91.5
    endloop
  endfacet
  facet normal 0 0 1
    outer loop
      vertex 7.19617 -5.63714 91.5
      vertex 7.22598 -6.24386 91.5
      vertex 7.22598 -5.75614 91.5
    endloop
  endfacet
  facet normal 0 0 1
    outer loop
      vertex 7.19617 -5.63714 91.5
      vertex 7.19617 -6.36285 91.5
      vertex 7.22598 -6.24386 91.5
    endloop
  endfacet
  facet normal 0 0 1
    outer loop
      vertex 7.15485 -5.52165 91.5
      vertex 7.19617 -6.36285 91.5
      vertex 7.19617 -5.63714 91.5
    endloop
  endfacet
  facet normal 0 0 1
    outer loop
      vertex 7.15485 -5.52165 91.5
      vertex 7.15485 -6.47835 91.5
      vertex 7.19617 -6.36285 91.5
    endloop
  endfacet
  facet normal 0 0 1
    outer loop
      vertex 7.1024 -5.41075 91.5
      vertex 7.15485 -6.47835 91.5
      vertex 7.15485 -5.52165 91.5
    endloop
  endfacet
  facet normal 0 0 1
    outer loop
      vertex 7.1024 -5.41075 91.5
      vertex 7.1024 -6.58925 91.5
      vertex 7.15485 -6.47835 91.5
    endloop
  endfacet
  facet normal 0 0 1
    outer loop
      vertex 7.03934 -5.30554 91.5
      vertex 7.1024 -6.58925 91.5
      vertex 7.1024 -5.41075 91.5
    endloop
  endfacet
  facet normal 0 0 1
    outer loop
      vertex 7.03934 -5.30554 91.5
      vertex 7.03934 -6.69446 91.5
      vertex 7.1024 -6.58925 91.5
    endloop
  endfacet
  facet normal 0 0 1
    outer loop
      vertex 6.96626 -5.20701 91.5
      vertex 7.03934 -6.69446 91.5
      vertex 7.03934 -5.30554 91.5
    endloop
  endfacet
  facet normal 0 0 1
    outer loop
      vertex 6.96626 -5.20701 91.5
      vertex 6.96626 -6.79299 91.5
      vertex 7.03934 -6.69446 91.5
    endloop
  endfacet
  facet normal 0 0 1
    outer loop
      vertex 6.88388 -5.11612 91.5
      vertex 6.96626 -6.79299 91.5
      vertex 6.96626 -5.20701 91.5
    endloop
  endfacet
  facet normal 0 0 1
    outer loop
      vertex 6.88388 -5.11612 91.5
      vertex 6.88388 -6.88388 91.5
      vertex 6.96626 -6.79299 91.5
    endloop
  endfacet
  facet normal 0 0 1
    outer loop
      vertex 6.79299 -5.03374 91.5
      vertex 6.88388 -6.88388 91.5
      vertex 6.88388 -5.11612 91.5
    endloop
  endfacet
  facet normal 0 0 1
    outer loop
      vertex 6.79299 -5.03374 91.5
      vertex 6.79299 -6.96626 91.5
      vertex 6.88388 -6.88388 91.5
    endloop
  endfacet
  facet normal 0 0 1
    outer loop
      vertex 6.69446 -4.96066 91.5
      vertex 6.79299 -6.96626 91.5
      vertex 6.79299 -5.03374 91.5
    endloop
  endfacet
  facet normal 0 0 1
    outer loop
      vertex 6.69446 -4.96066 91.5
      vertex 6.69446 -7.03934 91.5
      vertex 6.79299 -6.96626 91.5
    endloop
  endfacet
  facet normal 0 0 1
    outer loop
      vertex 6.58925 -4.8976 91.5
      vertex 6.69446 -7.03934 91.5
      vertex 6.69446 -4.96066 91.5
    endloop
  endfacet
  facet normal 0 0 1
    outer loop
      vertex 6.58925 -4.8976 91.5
      vertex 6.58925 -7.1024 91.5
      vertex 6.69446 -7.03934 91.5
    endloop
  endfacet
  facet normal 0 0 1
    outer loop
      vertex 6.47835 -4.84515 91.5
      vertex 6.58925 -7.1024 91.5
      vertex 6.58925 -4.8976 91.5
    endloop
  endfacet
  facet normal 0 0 1
    outer loop
      vertex 6.47835 -4.84515 91.5
      vertex 6.47835 -7.15485 91.5
      vertex 6.58925 -7.1024 91.5
    endloop
  endfacet
  facet normal 0 0 1
    outer loop
      vertex 6.36285 -4.80382 91.5
      vertex 6.47835 -7.15485 91.5
      vertex 6.47835 -4.84515 91.5
    endloop
  endfacet
  facet normal 0 0 1
    outer loop
      vertex 6.36285 -4.80382 91.5
      vertex 6.36285 -7.19617 91.5
      vertex 6.47835 -7.15485 91.5
    endloop
  endfacet
  facet normal 0 0 1
    outer loop
      vertex 6.24386 -4.77402 91.5
      vertex 6.36285 -7.19617 91.5
      vertex 6.36285 -4.80382 91.5
    endloop
  endfacet
  facet normal 0 0 1
    outer loop
      vertex 6.24386 -4.77402 91.5
      vertex 6.24386 -7.22598 91.5
      vertex 6.36285 -7.19617 91.5
    endloop
  endfacet
  facet normal 0 0 1
    outer loop
      vertex 6.12252 -4.75602 91.5
      vertex 6.24386 -7.22598 91.5
      vertex 6.24386 -4.77402 91.5
    endloop
  endfacet
  facet normal 0 0 1
    outer loop
      vertex 6.12252 -4.75602 91.5
      vertex 6.12252 -7.24398 91.5
      vertex 6.24386 -7.22598 91.5
    endloop
  endfacet
  facet normal 0 0 1
    outer loop
      vertex 6 -4.75 91.5
      vertex 6.12252 -7.24398 91.5
      vertex 6.12252 -4.75602 91.5
    endloop
  endfacet
  facet normal 0 0 1
    outer loop
      vertex 6 -4.75 91.5
      vertex 6 -7.25 91.5
      vertex 6.12252 -7.24398 91.5
    endloop
  endfacet
  facet normal -0 0 1
    outer loop
      vertex 5.87748 -4.75602 91.5
      vertex 6 -7.25 91.5
      vertex 6 -4.75 91.5
    endloop
  endfacet
  facet normal 0 0 1
    outer loop
      vertex 5.87748 -4.75602 91.5
      vertex 5.87748 -7.24398 91.5
      vertex 6 -7.25 91.5
    endloop
  endfacet
  facet normal -0 0 1
    outer loop
      vertex 5.75614 -4.77402 91.5
      vertex 5.87748 -7.24398 91.5
      vertex 5.87748 -4.75602 91.5
    endloop
  endfacet
  facet normal 0 0 1
    outer loop
      vertex 5.75614 -4.77402 91.5
      vertex 5.75614 -7.22598 91.5
      vertex 5.87748 -7.24398 91.5
    endloop
  endfacet
  facet normal -0 0 1
    outer loop
      vertex 5.63714 -4.80382 91.5
      vertex 5.75614 -7.22598 91.5
      vertex 5.75614 -4.77402 91.5
    endloop
  endfacet
  facet normal 0 0 1
    outer loop
      vertex 5.63714 -4.80382 91.5
      vertex 5.63714 -7.19617 91.5
      vertex 5.75614 -7.22598 91.5
    endloop
  endfacet
  facet normal -0 0 1
    outer loop
      vertex 5.52165 -4.84515 91.5
      vertex 5.63714 -7.19617 91.5
      vertex 5.63714 -4.80382 91.5
    endloop
  endfacet
  facet normal 0 0 1
    outer loop
      vertex 5.52165 -4.84515 91.5
      vertex 5.52165 -7.15485 91.5
      vertex 5.63714 -7.19617 91.5
    endloop
  endfacet
  facet normal -0 0 1
    outer loop
      vertex 5.41075 -4.8976 91.5
      vertex 5.52165 -7.15485 91.5
      vertex 5.52165 -4.84515 91.5
    endloop
  endfacet
  facet normal 0 0 1
    outer loop
      vertex 5.41075 -4.8976 91.5
      vertex 5.41075 -7.1024 91.5
      vertex 5.52165 -7.15485 91.5
    endloop
  endfacet
  facet normal -0 0 1
    outer loop
      vertex 5.30554 -4.96066 91.5
      vertex 5.41075 -7.1024 91.5
      vertex 5.41075 -4.8976 91.5
    endloop
  endfacet
  facet normal 0 0 1
    outer loop
      vertex 5.30554 -4.96066 91.5
      vertex 5.30554 -7.03934 91.5
      vertex 5.41075 -7.1024 91.5
    endloop
  endfacet
  facet normal -0 0 1
    outer loop
      vertex 5.20701 -5.03374 91.5
      vertex 5.30554 -7.03934 91.5
      vertex 5.30554 -4.96066 91.5
    endloop
  endfacet
  facet normal 0 0 1
    outer loop
      vertex 5.20701 -5.03374 91.5
      vertex 5.20701 -6.96626 91.5
      vertex 5.30554 -7.03934 91.5
    endloop
  endfacet
  facet normal -0 0 1
    outer loop
      vertex 5.11612 -5.11612 91.5
      vertex 5.20701 -6.96626 91.5
      vertex 5.20701 -5.03374 91.5
    endloop
  endfacet
  facet normal 0 0 1
    outer loop
      vertex 5.11612 -5.11612 91.5
      vertex 5.11612 -6.88388 91.5
      vertex 5.20701 -6.96626 91.5
    endloop
  endfacet
  facet normal -0 0 1
    outer loop
      vertex 5.03374 -5.20701 91.5
      vertex 5.11612 -6.88388 91.5
      vertex 5.11612 -5.11612 91.5
    endloop
  endfacet
  facet normal 0 0 1
    outer loop
      vertex 5.03374 -5.20701 91.5
      vertex 5.03374 -6.79299 91.5
      vertex 5.11612 -6.88388 91.5
    endloop
  endfacet
  facet normal -0 0 1
    outer loop
      vertex 4.96066 -5.30554 91.5
      vertex 5.03374 -6.79299 91.5
      vertex 5.03374 -5.20701 91.5
    endloop
  endfacet
  facet normal 0 0 1
    outer loop
      vertex 4.96066 -5.30554 91.5
      vertex 4.96066 -6.69446 91.5
      vertex 5.03374 -6.79299 91.5
    endloop
  endfacet
  facet normal -0 0 1
    outer loop
      vertex 4.8976 -5.41075 91.5
      vertex 4.96066 -6.69446 91.5
      vertex 4.96066 -5.30554 91.5
    endloop
  endfacet
  facet normal 0 0 1
    outer loop
      vertex 4.8976 -5.41075 91.5
      vertex 4.8976 -6.58925 91.5
      vertex 4.96066 -6.69446 91.5
    endloop
  endfacet
  facet normal -0 0 1
    outer loop
      vertex 4.84515 -5.52165 91.5
      vertex 4.8976 -6.58925 91.5
      vertex 4.8976 -5.41075 91.5
    endloop
  endfacet
  facet normal 0 0 1
    outer loop
      vertex 4.84515 -5.52165 91.5
      vertex 4.84515 -6.47835 91.5
      vertex 4.8976 -6.58925 91.5
    endloop
  endfacet
  facet normal -0 0 1
    outer loop
      vertex 4.80382 -5.63714 91.5
      vertex 4.84515 -6.47835 91.5
      vertex 4.84515 -5.52165 91.5
    endloop
  endfacet
  facet normal 0 0 1
    outer loop
      vertex 4.80382 -5.63714 91.5
      vertex 4.80382 -6.36285 91.5
      vertex 4.84515 -6.47835 91.5
    endloop
  endfacet
  facet normal -0 0 1
    outer loop
      vertex 4.77402 -5.75614 91.5
      vertex 4.80382 -6.36285 91.5
      vertex 4.80382 -5.63714 91.5
    endloop
  endfacet
  facet normal 0 0 1
    outer loop
      vertex 4.77402 -5.75614 91.5
      vertex 4.77402 -6.24386 91.5
      vertex 4.80382 -6.36285 91.5
    endloop
  endfacet
  facet normal -0 0 1
    outer loop
      vertex 4.75602 -5.87748 91.5
      vertex 4.77402 -6.24386 91.5
      vertex 4.77402 -5.75614 91.5
    endloop
  endfacet
  facet normal 0 0 1
    outer loop
      vertex 4.75602 -5.87748 91.5
      vertex 4.75602 -6.12252 91.5
      vertex 4.77402 -6.24386 91.5
    endloop
  endfacet
  facet normal 0 -0 1
    outer loop
      vertex 4.75602 -6.12252 91.5
      vertex 4.75602 -5.87748 91.5
      vertex 4.75 -6 91.5
    endloop
  endfacet
  facet normal -0.970042 -0.242938 0
    outer loop
      vertex 4.80382 -6.36285 89.5
      vertex 4.77402 -6.24386 91.5
      vertex 4.77402 -6.24386 89.5
    endloop
  endfacet
  facet normal -0.970042 -0.242938 0
    outer loop
      vertex 4.77402 -6.24386 91.5
      vertex 4.80382 -6.36285 89.5
      vertex 4.80382 -6.36285 91.5
    endloop
  endfacet
  facet normal 0.803187 -0.595727 0
    outer loop
      vertex 6.96626 -6.79299 91.5
      vertex 7.03934 -6.69446 89.5
      vertex 7.03934 -6.69446 91.5
    endloop
  endfacet
  facet normal 0.803187 -0.595727 0
    outer loop
      vertex 7.03934 -6.69446 89.5
      vertex 6.96626 -6.79299 91.5
      vertex 6.96626 -6.79299 89.5
    endloop
  endfacet
  facet normal 0.671568 -0.740943 0
    outer loop
      vertex 6.79299 -6.96626 89.5
      vertex 6.88388 -6.88388 91.5
      vertex 6.79299 -6.96626 91.5
    endloop
  endfacet
  facet normal 0.671568 -0.740943 0
    outer loop
      vertex 6.88388 -6.88388 91.5
      vertex 6.79299 -6.96626 89.5
      vertex 6.88388 -6.88388 89.5
    endloop
  endfacet
  facet normal 0.5141 0.85773 -0
    outer loop
      vertex 6.69446 -4.96066 89.5
      vertex 6.58925 -4.8976 91.5
      vertex 6.69446 -4.96066 91.5
    endloop
  endfacet
  facet normal 0.5141 0.85773 0
    outer loop
      vertex 6.58925 -4.8976 91.5
      vertex 6.69446 -4.96066 89.5
      vertex 6.58925 -4.8976 89.5
    endloop
  endfacet
  facet normal -0.0490756 0.998795 0
    outer loop
      vertex 6 -4.75 89.5
      vertex 5.87748 -4.75602 91.5
      vertex 6 -4.75 91.5
    endloop
  endfacet
  facet normal -0.0490756 0.998795 0
    outer loop
      vertex 5.87748 -4.75602 91.5
      vertex 6 -4.75 89.5
      vertex 5.87748 -4.75602 89.5
    endloop
  endfacet
  facet normal 0.740943 -0.671568 0
    outer loop
      vertex 6.88388 -6.88388 91.5
      vertex 6.96626 -6.79299 89.5
      vertex 6.96626 -6.79299 91.5
    endloop
  endfacet
  facet normal 0.740943 -0.671568 0
    outer loop
      vertex 6.96626 -6.79299 89.5
      vertex 6.88388 -6.88388 91.5
      vertex 6.88388 -6.88388 89.5
    endloop
  endfacet
  facet normal -0.998795 -0.0490756 0
    outer loop
      vertex 4.75602 -6.12252 89.5
      vertex 4.75 -6 91.5
      vertex 4.75 -6 89.5
    endloop
  endfacet
  facet normal -0.998795 -0.0490756 0
    outer loop
      vertex 4.75 -6 91.5
      vertex 4.75602 -6.12252 89.5
      vertex 4.75602 -6.12252 91.5
    endloop
  endfacet
  facet normal -0.671568 -0.740943 0
    outer loop
      vertex 5.11612 -6.88388 89.5
      vertex 5.20701 -6.96626 91.5
      vertex 5.11612 -6.88388 91.5
    endloop
  endfacet
  facet normal -0.671568 -0.740943 -0
    outer loop
      vertex 5.20701 -6.96626 91.5
      vertex 5.11612 -6.88388 89.5
      vertex 5.20701 -6.96626 89.5
    endloop
  endfacet
  facet normal 0.427543 -0.903995 0
    outer loop
      vertex 6.47835 -7.15485 89.5
      vertex 6.58925 -7.1024 91.5
      vertex 6.47835 -7.15485 91.5
    endloop
  endfacet
  facet normal 0.427543 -0.903995 0
    outer loop
      vertex 6.58925 -7.1024 91.5
      vertex 6.47835 -7.15485 89.5
      vertex 6.58925 -7.1024 89.5
    endloop
  endfacet
  facet normal 0.595727 0.803187 -0
    outer loop
      vertex 6.79299 -5.03374 89.5
      vertex 6.69446 -4.96066 91.5
      vertex 6.79299 -5.03374 91.5
    endloop
  endfacet
  facet normal 0.595727 0.803187 0
    outer loop
      vertex 6.69446 -4.96066 91.5
      vertex 6.79299 -5.03374 89.5
      vertex 6.69446 -4.96066 89.5
    endloop
  endfacet
  facet normal 0.336915 0.941535 -0
    outer loop
      vertex 6.47835 -4.84515 89.5
      vertex 6.36285 -4.80382 91.5
      vertex 6.47835 -4.84515 91.5
    endloop
  endfacet
  facet normal 0.336915 0.941535 0
    outer loop
      vertex 6.36285 -4.80382 91.5
      vertex 6.47835 -4.84515 89.5
      vertex 6.36285 -4.80382 89.5
    endloop
  endfacet
  facet normal 0.85773 0.5141 0
    outer loop
      vertex 7.1024 -5.41075 91.5
      vertex 7.03934 -5.30554 89.5
      vertex 7.03934 -5.30554 91.5
    endloop
  endfacet
  facet normal 0.85773 0.5141 0
    outer loop
      vertex 7.03934 -5.30554 89.5
      vertex 7.1024 -5.41075 91.5
      vertex 7.1024 -5.41075 89.5
    endloop
  endfacet
  facet normal 0.243015 -0.970022 0
    outer loop
      vertex 6.24386 -7.22598 89.5
      vertex 6.36285 -7.19617 91.5
      vertex 6.24386 -7.22598 91.5
    endloop
  endfacet
  facet normal 0.243015 -0.970022 0
    outer loop
      vertex 6.36285 -7.19617 91.5
      vertex 6.24386 -7.22598 89.5
      vertex 6.36285 -7.19617 89.5
    endloop
  endfacet
  facet normal -0.0490756 -0.998795 0
    outer loop
      vertex 5.87748 -7.24398 89.5
      vertex 6 -7.25 91.5
      vertex 5.87748 -7.24398 91.5
    endloop
  endfacet
  facet normal -0.0490756 -0.998795 -0
    outer loop
      vertex 6 -7.25 91.5
      vertex 5.87748 -7.24398 89.5
      vertex 6 -7.25 89.5
    endloop
  endfacet
  facet normal 0.989175 0.146738 0
    outer loop
      vertex 7.24398 -5.87748 91.5
      vertex 7.22598 -5.75614 89.5
      vertex 7.22598 -5.75614 91.5
    endloop
  endfacet
  facet normal 0.989175 0.146738 0
    outer loop
      vertex 7.22598 -5.75614 89.5
      vertex 7.24398 -5.87748 91.5
      vertex 7.24398 -5.87748 89.5
    endloop
  endfacet
  facet normal 0.803187 0.595727 0
    outer loop
      vertex 7.03934 -5.30554 91.5
      vertex 6.96626 -5.20701 89.5
      vertex 6.96626 -5.20701 91.5
    endloop
  endfacet
  facet normal 0.803187 0.595727 0
    outer loop
      vertex 6.96626 -5.20701 89.5
      vertex 7.03934 -5.30554 91.5
      vertex 7.03934 -5.30554 89.5
    endloop
  endfacet
  facet normal -0.671568 0.740943 0
    outer loop
      vertex 5.20701 -5.03374 89.5
      vertex 5.11612 -5.11612 91.5
      vertex 5.20701 -5.03374 91.5
    endloop
  endfacet
  facet normal -0.671568 0.740943 0
    outer loop
      vertex 5.11612 -5.11612 91.5
      vertex 5.20701 -5.03374 89.5
      vertex 5.11612 -5.11612 89.5
    endloop
  endfacet
  facet normal 0.998795 0.0490756 0
    outer loop
      vertex 7.25 -6 91.5
      vertex 7.24398 -5.87748 89.5
      vertex 7.24398 -5.87748 91.5
    endloop
  endfacet
  facet normal 0.998795 0.0490756 0
    outer loop
      vertex 7.24398 -5.87748 89.5
      vertex 7.25 -6 91.5
      vertex 7.25 -6 89.5
    endloop
  endfacet
  facet normal -0.242919 0.970047 0
    outer loop
      vertex 5.75614 -4.77402 89.5
      vertex 5.63714 -4.80382 91.5
      vertex 5.75614 -4.77402 91.5
    endloop
  endfacet
  facet normal -0.242919 0.970047 0
    outer loop
      vertex 5.63714 -4.80382 91.5
      vertex 5.75614 -4.77402 89.5
      vertex 5.63714 -4.80382 89.5
    endloop
  endfacet
  facet normal 0.998795 -0.0490756 0
    outer loop
      vertex 7.24398 -6.12252 91.5
      vertex 7.25 -6 89.5
      vertex 7.25 -6 91.5
    endloop
  endfacet
  facet normal 0.998795 -0.0490756 0
    outer loop
      vertex 7.25 -6 89.5
      vertex 7.24398 -6.12252 91.5
      vertex 7.24398 -6.12252 89.5
    endloop
  endfacet
  facet normal 0.427543 0.903995 -0
    outer loop
      vertex 6.58925 -4.8976 89.5
      vertex 6.47835 -4.84515 91.5
      vertex 6.58925 -4.8976 91.5
    endloop
  endfacet
  facet normal 0.427543 0.903995 0
    outer loop
      vertex 6.47835 -4.84515 91.5
      vertex 6.58925 -4.8976 89.5
      vertex 6.47835 -4.84515 89.5
    endloop
  endfacet
  facet normal 0.903995 0.427543 0
    outer loop
      vertex 7.15485 -5.52165 91.5
      vertex 7.1024 -5.41075 89.5
      vertex 7.1024 -5.41075 91.5
    endloop
  endfacet
  facet normal 0.903995 0.427543 0
    outer loop
      vertex 7.1024 -5.41075 89.5
      vertex 7.15485 -5.52165 91.5
      vertex 7.15485 -5.52165 89.5
    endloop
  endfacet
  facet normal -0.146738 0.989175 0
    outer loop
      vertex 5.87748 -4.75602 89.5
      vertex 5.75614 -4.77402 91.5
      vertex 5.87748 -4.75602 91.5
    endloop
  endfacet
  facet normal -0.146738 0.989175 0
    outer loop
      vertex 5.75614 -4.77402 91.5
      vertex 5.87748 -4.75602 89.5
      vertex 5.75614 -4.77402 89.5
    endloop
  endfacet
  facet normal 0.970027 0.242996 0
    outer loop
      vertex 7.22598 -5.75614 91.5
      vertex 7.19617 -5.63714 89.5
      vertex 7.19617 -5.63714 91.5
    endloop
  endfacet
  facet normal 0.970027 0.242996 0
    outer loop
      vertex 7.19617 -5.63714 89.5
      vertex 7.22598 -5.75614 91.5
      vertex 7.22598 -5.75614 89.5
    endloop
  endfacet
  facet normal -0.740943 -0.671568 0
    outer loop
      vertex 5.11612 -6.88388 89.5
      vertex 5.03374 -6.79299 91.5
      vertex 5.03374 -6.79299 89.5
    endloop
  endfacet
  facet normal -0.740943 -0.671568 0
    outer loop
      vertex 5.03374 -6.79299 91.5
      vertex 5.11612 -6.88388 89.5
      vertex 5.11612 -6.88388 91.5
    endloop
  endfacet
  facet normal -0.336941 0.941526 0
    outer loop
      vertex 5.63714 -4.80382 89.5
      vertex 5.52165 -4.84515 91.5
      vertex 5.63714 -4.80382 91.5
    endloop
  endfacet
  facet normal -0.336941 0.941526 0
    outer loop
      vertex 5.52165 -4.84515 91.5
      vertex 5.63714 -4.80382 89.5
      vertex 5.52165 -4.84515 89.5
    endloop
  endfacet
  facet normal 0.146738 -0.989175 0
    outer loop
      vertex 6.12252 -7.24398 89.5
      vertex 6.24386 -7.22598 91.5
      vertex 6.12252 -7.24398 91.5
    endloop
  endfacet
  facet normal 0.146738 -0.989175 0
    outer loop
      vertex 6.24386 -7.22598 91.5
      vertex 6.12252 -7.24398 89.5
      vertex 6.24386 -7.22598 89.5
    endloop
  endfacet
  facet normal -0.740943 0.671568 0
    outer loop
      vertex 5.03374 -5.20701 89.5
      vertex 5.11612 -5.11612 91.5
      vertex 5.11612 -5.11612 89.5
    endloop
  endfacet
  facet normal -0.740943 0.671568 0
    outer loop
      vertex 5.11612 -5.11612 91.5
      vertex 5.03374 -5.20701 89.5
      vertex 5.03374 -5.20701 91.5
    endloop
  endfacet
  facet normal -0.970047 0.242919 0
    outer loop
      vertex 4.77402 -5.75614 89.5
      vertex 4.80382 -5.63714 91.5
      vertex 4.80382 -5.63714 89.5
    endloop
  endfacet
  facet normal -0.970047 0.242919 0
    outer loop
      vertex 4.80382 -5.63714 91.5
      vertex 4.77402 -5.75614 89.5
      vertex 4.77402 -5.75614 91.5
    endloop
  endfacet
  facet normal 0.941552 0.336868 0
    outer loop
      vertex 7.19617 -5.63714 91.5
      vertex 7.15485 -5.52165 89.5
      vertex 7.15485 -5.52165 91.5
    endloop
  endfacet
  facet normal 0.941552 0.336868 0
    outer loop
      vertex 7.15485 -5.52165 89.5
      vertex 7.19617 -5.63714 91.5
      vertex 7.19617 -5.63714 89.5
    endloop
  endfacet
  facet normal -0.336868 -0.941552 0
    outer loop
      vertex 5.52165 -7.15485 89.5
      vertex 5.63714 -7.19617 91.5
      vertex 5.52165 -7.15485 91.5
    endloop
  endfacet
  facet normal -0.336868 -0.941552 -0
    outer loop
      vertex 5.63714 -7.19617 91.5
      vertex 5.52165 -7.15485 89.5
      vertex 5.63714 -7.19617 89.5
    endloop
  endfacet
  facet normal -0.903995 0.427543 0
    outer loop
      vertex 4.84515 -5.52165 89.5
      vertex 4.8976 -5.41075 91.5
      vertex 4.8976 -5.41075 89.5
    endloop
  endfacet
  facet normal -0.903995 0.427543 0
    outer loop
      vertex 4.8976 -5.41075 91.5
      vertex 4.84515 -5.52165 89.5
      vertex 4.84515 -5.52165 91.5
    endloop
  endfacet
  facet normal -0.427543 -0.903995 0
    outer loop
      vertex 5.41075 -7.1024 89.5
      vertex 5.52165 -7.15485 91.5
      vertex 5.41075 -7.1024 91.5
    endloop
  endfacet
  facet normal -0.427543 -0.903995 -0
    outer loop
      vertex 5.52165 -7.15485 91.5
      vertex 5.41075 -7.1024 89.5
      vertex 5.52165 -7.15485 89.5
    endloop
  endfacet
  facet normal 0.989175 -0.146738 0
    outer loop
      vertex 7.22598 -6.24386 91.5
      vertex 7.24398 -6.12252 89.5
      vertex 7.24398 -6.12252 91.5
    endloop
  endfacet
  facet normal 0.989175 -0.146738 0
    outer loop
      vertex 7.24398 -6.12252 89.5
      vertex 7.22598 -6.24386 91.5
      vertex 7.22598 -6.24386 89.5
    endloop
  endfacet
  facet normal 0.941561 -0.336842 0
    outer loop
      vertex 7.15485 -6.47835 91.5
      vertex 7.19617 -6.36285 89.5
      vertex 7.19617 -6.36285 91.5
    endloop
  endfacet
  facet normal 0.941561 -0.336842 0
    outer loop
      vertex 7.19617 -6.36285 89.5
      vertex 7.15485 -6.47835 91.5
      vertex 7.15485 -6.47835 89.5
    endloop
  endfacet
  facet normal 0.336842 -0.941561 0
    outer loop
      vertex 6.36285 -7.19617 89.5
      vertex 6.47835 -7.15485 91.5
      vertex 6.36285 -7.19617 91.5
    endloop
  endfacet
  facet normal 0.336842 -0.941561 0
    outer loop
      vertex 6.47835 -7.15485 91.5
      vertex 6.36285 -7.19617 89.5
      vertex 6.47835 -7.15485 89.5
    endloop
  endfacet
  facet normal 0.740943 0.671568 0
    outer loop
      vertex 6.96626 -5.20701 91.5
      vertex 6.88388 -5.11612 89.5
      vertex 6.88388 -5.11612 91.5
    endloop
  endfacet
  facet normal 0.740943 0.671568 0
    outer loop
      vertex 6.88388 -5.11612 89.5
      vertex 6.96626 -5.20701 91.5
      vertex 6.96626 -5.20701 89.5
    endloop
  endfacet
  facet normal 0.595727 -0.803187 0
    outer loop
      vertex 6.69446 -7.03934 89.5
      vertex 6.79299 -6.96626 91.5
      vertex 6.69446 -7.03934 91.5
    endloop
  endfacet
  facet normal 0.595727 -0.803187 0
    outer loop
      vertex 6.79299 -6.96626 91.5
      vertex 6.69446 -7.03934 89.5
      vertex 6.79299 -6.96626 89.5
    endloop
  endfacet
  facet normal 0.903995 -0.427543 0
    outer loop
      vertex 7.1024 -6.58925 91.5
      vertex 7.15485 -6.47835 89.5
      vertex 7.15485 -6.47835 91.5
    endloop
  endfacet
  facet normal 0.903995 -0.427543 0
    outer loop
      vertex 7.15485 -6.47835 89.5
      vertex 7.1024 -6.58925 91.5
      vertex 7.1024 -6.58925 89.5
    endloop
  endfacet
  facet normal -0.146738 -0.989175 0
    outer loop
      vertex 5.75614 -7.22598 89.5
      vertex 5.87748 -7.24398 91.5
      vertex 5.75614 -7.22598 91.5
    endloop
  endfacet
  facet normal -0.146738 -0.989175 -0
    outer loop
      vertex 5.87748 -7.24398 91.5
      vertex 5.75614 -7.22598 89.5
      vertex 5.87748 -7.24398 89.5
    endloop
  endfacet
  facet normal 0.146738 0.989175 -0
    outer loop
      vertex 6.24386 -4.77402 89.5
      vertex 6.12252 -4.75602 91.5
      vertex 6.24386 -4.77402 91.5
    endloop
  endfacet
  facet normal 0.146738 0.989175 0
    outer loop
      vertex 6.12252 -4.75602 91.5
      vertex 6.24386 -4.77402 89.5
      vertex 6.12252 -4.75602 89.5
    endloop
  endfacet
  facet normal -0.989175 -0.146738 0
    outer loop
      vertex 4.77402 -6.24386 89.5
      vertex 4.75602 -6.12252 91.5
      vertex 4.75602 -6.12252 89.5
    endloop
  endfacet
  facet normal -0.989175 -0.146738 0
    outer loop
      vertex 4.75602 -6.12252 91.5
      vertex 4.77402 -6.24386 89.5
      vertex 4.77402 -6.24386 91.5
    endloop
  endfacet
  facet normal -0.242996 -0.970027 0
    outer loop
      vertex 5.63714 -7.19617 89.5
      vertex 5.75614 -7.22598 91.5
      vertex 5.63714 -7.19617 91.5
    endloop
  endfacet
  facet normal -0.242996 -0.970027 -0
    outer loop
      vertex 5.75614 -7.22598 91.5
      vertex 5.63714 -7.19617 89.5
      vertex 5.75614 -7.22598 89.5
    endloop
  endfacet
  facet normal -0.941535 -0.336915 0
    outer loop
      vertex 4.84515 -6.47835 89.5
      vertex 4.80382 -6.36285 91.5
      vertex 4.80382 -6.36285 89.5
    endloop
  endfacet
  facet normal -0.941535 -0.336915 0
    outer loop
      vertex 4.80382 -6.36285 91.5
      vertex 4.84515 -6.47835 89.5
      vertex 4.84515 -6.47835 91.5
    endloop
  endfacet
  facet normal -0.85773 -0.5141 0
    outer loop
      vertex 4.96066 -6.69446 89.5
      vertex 4.8976 -6.58925 91.5
      vertex 4.8976 -6.58925 89.5
    endloop
  endfacet
  facet normal -0.85773 -0.5141 0
    outer loop
      vertex 4.8976 -6.58925 91.5
      vertex 4.96066 -6.69446 89.5
      vertex 4.96066 -6.69446 91.5
    endloop
  endfacet
  facet normal 0.85773 -0.5141 0
    outer loop
      vertex 7.03934 -6.69446 91.5
      vertex 7.1024 -6.58925 89.5
      vertex 7.1024 -6.58925 91.5
    endloop
  endfacet
  facet normal 0.85773 -0.5141 0
    outer loop
      vertex 7.1024 -6.58925 89.5
      vertex 7.03934 -6.69446 91.5
      vertex 7.03934 -6.69446 89.5
    endloop
  endfacet
  facet normal 0.0490756 -0.998795 0
    outer loop
      vertex 6 -7.25 89.5
      vertex 6.12252 -7.24398 91.5
      vertex 6 -7.25 91.5
    endloop
  endfacet
  facet normal 0.0490756 -0.998795 0
    outer loop
      vertex 6.12252 -7.24398 91.5
      vertex 6 -7.25 89.5
      vertex 6.12252 -7.24398 89.5
    endloop
  endfacet
  facet normal -0.803187 0.595727 0
    outer loop
      vertex 4.96066 -5.30554 89.5
      vertex 5.03374 -5.20701 91.5
      vertex 5.03374 -5.20701 89.5
    endloop
  endfacet
  facet normal -0.803187 0.595727 0
    outer loop
      vertex 5.03374 -5.20701 91.5
      vertex 4.96066 -5.30554 89.5
      vertex 4.96066 -5.30554 91.5
    endloop
  endfacet
  facet normal 0.0490756 0.998795 -0
    outer loop
      vertex 6.12252 -4.75602 89.5
      vertex 6 -4.75 91.5
      vertex 6.12252 -4.75602 91.5
    endloop
  endfacet
  facet normal 0.0490756 0.998795 0
    outer loop
      vertex 6 -4.75 91.5
      vertex 6.12252 -4.75602 89.5
      vertex 6 -4.75 89.5
    endloop
  endfacet
  facet normal 0.5141 -0.85773 0
    outer loop
      vertex 6.58925 -7.1024 89.5
      vertex 6.69446 -7.03934 91.5
      vertex 6.58925 -7.1024 91.5
    endloop
  endfacet
  facet normal 0.5141 -0.85773 0
    outer loop
      vertex 6.69446 -7.03934 91.5
      vertex 6.58925 -7.1024 89.5
      vertex 6.69446 -7.03934 89.5
    endloop
  endfacet
  facet normal 0.671568 0.740943 -0
    outer loop
      vertex 6.88388 -5.11612 89.5
      vertex 6.79299 -5.03374 91.5
      vertex 6.88388 -5.11612 91.5
    endloop
  endfacet
  facet normal 0.671568 0.740943 0
    outer loop
      vertex 6.79299 -5.03374 91.5
      vertex 6.88388 -5.11612 89.5
      vertex 6.79299 -5.03374 89.5
    endloop
  endfacet
  facet normal -0.427543 0.903995 0
    outer loop
      vertex 5.52165 -4.84515 89.5
      vertex 5.41075 -4.8976 91.5
      vertex 5.52165 -4.84515 91.5
    endloop
  endfacet
  facet normal -0.427543 0.903995 0
    outer loop
      vertex 5.41075 -4.8976 91.5
      vertex 5.52165 -4.84515 89.5
      vertex 5.41075 -4.8976 89.5
    endloop
  endfacet
  facet normal 0.970022 -0.243015 0
    outer loop
      vertex 7.19617 -6.36285 91.5
      vertex 7.22598 -6.24386 89.5
      vertex 7.22598 -6.24386 91.5
    endloop
  endfacet
  facet normal 0.970022 -0.243015 0
    outer loop
      vertex 7.22598 -6.24386 89.5
      vertex 7.19617 -6.36285 91.5
      vertex 7.19617 -6.36285 89.5
    endloop
  endfacet
  facet normal -0.595727 -0.803187 0
    outer loop
      vertex 5.20701 -6.96626 89.5
      vertex 5.30554 -7.03934 91.5
      vertex 5.20701 -6.96626 91.5
    endloop
  endfacet
  facet normal -0.595727 -0.803187 -0
    outer loop
      vertex 5.30554 -7.03934 91.5
      vertex 5.20701 -6.96626 89.5
      vertex 5.30554 -7.03934 89.5
    endloop
  endfacet
  facet normal -0.85773 0.5141 0
    outer loop
      vertex 4.8976 -5.41075 89.5
      vertex 4.96066 -5.30554 91.5
      vertex 4.96066 -5.30554 89.5
    endloop
  endfacet
  facet normal -0.85773 0.5141 0
    outer loop
      vertex 4.96066 -5.30554 91.5
      vertex 4.8976 -5.41075 89.5
      vertex 4.8976 -5.41075 91.5
    endloop
  endfacet
  facet normal -0.803187 -0.595727 0
    outer loop
      vertex 5.03374 -6.79299 89.5
      vertex 4.96066 -6.69446 91.5
      vertex 4.96066 -6.69446 89.5
    endloop
  endfacet
  facet normal -0.803187 -0.595727 0
    outer loop
      vertex 4.96066 -6.69446 91.5
      vertex 5.03374 -6.79299 89.5
      vertex 5.03374 -6.79299 91.5
    endloop
  endfacet
  facet normal 0.242938 0.970042 -0
    outer loop
      vertex 6.36285 -4.80382 89.5
      vertex 6.24386 -4.77402 91.5
      vertex 6.36285 -4.80382 91.5
    endloop
  endfacet
  facet normal 0.242938 0.970042 0
    outer loop
      vertex 6.24386 -4.77402 91.5
      vertex 6.36285 -4.80382 89.5
      vertex 6.24386 -4.77402 89.5
    endloop
  endfacet
  facet normal -0.989175 0.146738 0
    outer loop
      vertex 4.75602 -5.87748 89.5
      vertex 4.77402 -5.75614 91.5
      vertex 4.77402 -5.75614 89.5
    endloop
  endfacet
  facet normal -0.989175 0.146738 0
    outer loop
      vertex 4.77402 -5.75614 91.5
      vertex 4.75602 -5.87748 89.5
      vertex 4.75602 -5.87748 91.5
    endloop
  endfacet
  facet normal -0.595727 0.803187 0
    outer loop
      vertex 5.30554 -4.96066 89.5
      vertex 5.20701 -5.03374 91.5
      vertex 5.30554 -4.96066 91.5
    endloop
  endfacet
  facet normal -0.595727 0.803187 0
    outer loop
      vertex 5.20701 -5.03374 91.5
      vertex 5.30554 -4.96066 89.5
      vertex 5.20701 -5.03374 89.5
    endloop
  endfacet
  facet normal -0.5141 0.85773 0
    outer loop
      vertex 5.41075 -4.8976 89.5
      vertex 5.30554 -4.96066 91.5
      vertex 5.41075 -4.8976 91.5
    endloop
  endfacet
  facet normal -0.5141 0.85773 0
    outer loop
      vertex 5.30554 -4.96066 91.5
      vertex 5.41075 -4.8976 89.5
      vertex 5.30554 -4.96066 89.5
    endloop
  endfacet
  facet normal -0.903995 -0.427543 0
    outer loop
      vertex 4.8976 -6.58925 89.5
      vertex 4.84515 -6.47835 91.5
      vertex 4.84515 -6.47835 89.5
    endloop
  endfacet
  facet normal -0.903995 -0.427543 0
    outer loop
      vertex 4.84515 -6.47835 91.5
      vertex 4.8976 -6.58925 89.5
      vertex 4.8976 -6.58925 91.5
    endloop
  endfacet
  facet normal -0.941526 0.336941 0
    outer loop
      vertex 4.80382 -5.63714 89.5
      vertex 4.84515 -5.52165 91.5
      vertex 4.84515 -5.52165 89.5
    endloop
  endfacet
  facet normal -0.941526 0.336941 0
    outer loop
      vertex 4.84515 -5.52165 91.5
      vertex 4.80382 -5.63714 89.5
      vertex 4.80382 -5.63714 91.5
    endloop
  endfacet
  facet normal -0.5141 -0.85773 0
    outer loop
      vertex 5.30554 -7.03934 89.5
      vertex 5.41075 -7.1024 91.5
      vertex 5.30554 -7.03934 91.5
    endloop
  endfacet
  facet normal -0.5141 -0.85773 -0
    outer loop
      vertex 5.41075 -7.1024 91.5
      vertex 5.30554 -7.03934 89.5
      vertex 5.41075 -7.1024 89.5
    endloop
  endfacet
  facet normal -0.336941 -0.941526 0
    outer loop
      vertex 5.52165 4.84515 89.5
      vertex 5.63714 4.80382 91.5
      vertex 5.52165 4.84515 91.5
    endloop
  endfacet
  facet normal -0.336941 -0.941526 -0
    outer loop
      vertex 5.63714 4.80382 91.5
      vertex 5.52165 4.84515 89.5
      vertex 5.63714 4.80382 89.5
    endloop
  endfacet
  facet normal 0.989175 0.146738 0
    outer loop
      vertex 7.24398 6.12252 91.5
      vertex 7.22598 6.24386 89.5
      vertex 7.22598 6.24386 91.5
    endloop
  endfacet
  facet normal 0.989175 0.146738 0
    outer loop
      vertex 7.22598 6.24386 89.5
      vertex 7.24398 6.12252 91.5
      vertex 7.24398 6.12252 89.5
    endloop
  endfacet
  facet normal 0.998795 0.0490756 0
    outer loop
      vertex 7.25 6 91.5
      vertex 7.24398 6.12252 89.5
      vertex 7.24398 6.12252 91.5
    endloop
  endfacet
  facet normal 0.998795 0.0490756 0
    outer loop
      vertex 7.24398 6.12252 89.5
      vertex 7.25 6 91.5
      vertex 7.25 6 89.5
    endloop
  endfacet
  facet normal 0.970022 0.243015 0
    outer loop
      vertex 7.22598 6.24386 91.5
      vertex 7.19617 6.36285 89.5
      vertex 7.19617 6.36285 91.5
    endloop
  endfacet
  facet normal 0.970022 0.243015 0
    outer loop
      vertex 7.19617 6.36285 89.5
      vertex 7.22598 6.24386 91.5
      vertex 7.22598 6.24386 89.5
    endloop
  endfacet
  facet normal -0.989175 0.146738 0
    outer loop
      vertex 4.75602 6.12252 89.5
      vertex 4.77402 6.24386 91.5
      vertex 4.77402 6.24386 89.5
    endloop
  endfacet
  facet normal -0.989175 0.146738 0
    outer loop
      vertex 4.77402 6.24386 91.5
      vertex 4.75602 6.12252 89.5
      vertex 4.75602 6.12252 91.5
    endloop
  endfacet
  facet normal -0.242919 -0.970047 0
    outer loop
      vertex 5.63714 4.80382 89.5
      vertex 5.75614 4.77402 91.5
      vertex 5.63714 4.80382 91.5
    endloop
  endfacet
  facet normal -0.242919 -0.970047 -0
    outer loop
      vertex 5.75614 4.77402 91.5
      vertex 5.63714 4.80382 89.5
      vertex 5.75614 4.77402 89.5
    endloop
  endfacet
  facet normal 0.336842 0.941561 -0
    outer loop
      vertex 6.47835 7.15485 89.5
      vertex 6.36285 7.19617 91.5
      vertex 6.47835 7.15485 91.5
    endloop
  endfacet
  facet normal 0.336842 0.941561 0
    outer loop
      vertex 6.36285 7.19617 91.5
      vertex 6.47835 7.15485 89.5
      vertex 6.36285 7.19617 89.5
    endloop
  endfacet
  facet normal -0.5141 0.85773 0
    outer loop
      vertex 5.41075 7.1024 89.5
      vertex 5.30554 7.03934 91.5
      vertex 5.41075 7.1024 91.5
    endloop
  endfacet
  facet normal -0.5141 0.85773 0
    outer loop
      vertex 5.30554 7.03934 91.5
      vertex 5.41075 7.1024 89.5
      vertex 5.30554 7.03934 89.5
    endloop
  endfacet
  facet normal -0.903995 -0.427543 0
    outer loop
      vertex 4.8976 5.41075 89.5
      vertex 4.84515 5.52165 91.5
      vertex 4.84515 5.52165 89.5
    endloop
  endfacet
  facet normal -0.903995 -0.427543 0
    outer loop
      vertex 4.84515 5.52165 91.5
      vertex 4.8976 5.41075 89.5
      vertex 4.8976 5.41075 91.5
    endloop
  endfacet
  facet normal -0.242996 0.970027 0
    outer loop
      vertex 5.75614 7.22598 89.5
      vertex 5.63714 7.19617 91.5
      vertex 5.75614 7.22598 91.5
    endloop
  endfacet
  facet normal -0.242996 0.970027 0
    outer loop
      vertex 5.63714 7.19617 91.5
      vertex 5.75614 7.22598 89.5
      vertex 5.63714 7.19617 89.5
    endloop
  endfacet
  facet normal -0.85773 -0.5141 0
    outer loop
      vertex 4.96066 5.30554 89.5
      vertex 4.8976 5.41075 91.5
      vertex 4.8976 5.41075 89.5
    endloop
  endfacet
  facet normal -0.85773 -0.5141 0
    outer loop
      vertex 4.8976 5.41075 91.5
      vertex 4.96066 5.30554 89.5
      vertex 4.96066 5.30554 91.5
    endloop
  endfacet
  facet normal 0.242938 -0.970042 0
    outer loop
      vertex 6.24386 4.77402 89.5
      vertex 6.36285 4.80382 91.5
      vertex 6.24386 4.77402 91.5
    endloop
  endfacet
  facet normal 0.242938 -0.970042 0
    outer loop
      vertex 6.36285 4.80382 91.5
      vertex 6.24386 4.77402 89.5
      vertex 6.36285 4.80382 89.5
    endloop
  endfacet
  facet normal -0.595727 -0.803187 0
    outer loop
      vertex 5.20701 5.03374 89.5
      vertex 5.30554 4.96066 91.5
      vertex 5.20701 5.03374 91.5
    endloop
  endfacet
  facet normal -0.595727 -0.803187 -0
    outer loop
      vertex 5.30554 4.96066 91.5
      vertex 5.20701 5.03374 89.5
      vertex 5.30554 4.96066 89.5
    endloop
  endfacet
  facet normal 0.5141 -0.85773 0
    outer loop
      vertex 6.58925 4.8976 89.5
      vertex 6.69446 4.96066 91.5
      vertex 6.58925 4.8976 91.5
    endloop
  endfacet
  facet normal 0.5141 -0.85773 0
    outer loop
      vertex 6.69446 4.96066 91.5
      vertex 6.58925 4.8976 89.5
      vertex 6.69446 4.96066 89.5
    endloop
  endfacet
  facet normal 0.803187 -0.595727 0
    outer loop
      vertex 6.96626 5.20701 91.5
      vertex 7.03934 5.30554 89.5
      vertex 7.03934 5.30554 91.5
    endloop
  endfacet
  facet normal 0.803187 -0.595727 0
    outer loop
      vertex 7.03934 5.30554 89.5
      vertex 6.96626 5.20701 91.5
      vertex 6.96626 5.20701 89.5
    endloop
  endfacet
  facet normal 0.146738 0.989175 -0
    outer loop
      vertex 6.24386 7.22598 89.5
      vertex 6.12252 7.24398 91.5
      vertex 6.24386 7.22598 91.5
    endloop
  endfacet
  facet normal 0.146738 0.989175 0
    outer loop
      vertex 6.12252 7.24398 91.5
      vertex 6.24386 7.22598 89.5
      vertex 6.12252 7.24398 89.5
    endloop
  endfacet
  facet normal -0.595727 0.803187 0
    outer loop
      vertex 5.30554 7.03934 89.5
      vertex 5.20701 6.96626 91.5
      vertex 5.30554 7.03934 91.5
    endloop
  endfacet
  facet normal -0.595727 0.803187 0
    outer loop
      vertex 5.20701 6.96626 91.5
      vertex 5.30554 7.03934 89.5
      vertex 5.20701 6.96626 89.5
    endloop
  endfacet
  facet normal -0.803187 0.595727 0
    outer loop
      vertex 4.96066 6.69446 89.5
      vertex 5.03374 6.79299 91.5
      vertex 5.03374 6.79299 89.5
    endloop
  endfacet
  facet normal -0.803187 0.595727 0
    outer loop
      vertex 5.03374 6.79299 91.5
      vertex 4.96066 6.69446 89.5
      vertex 4.96066 6.69446 91.5
    endloop
  endfacet
  facet normal 0.989175 -0.146738 0
    outer loop
      vertex 7.22598 5.75614 91.5
      vertex 7.24398 5.87748 89.5
      vertex 7.24398 5.87748 91.5
    endloop
  endfacet
  facet normal 0.989175 -0.146738 0
    outer loop
      vertex 7.24398 5.87748 89.5
      vertex 7.22598 5.75614 91.5
      vertex 7.22598 5.75614 89.5
    endloop
  endfacet
  facet normal -0.941535 0.336915 0
    outer loop
      vertex 4.80382 6.36285 89.5
      vertex 4.84515 6.47835 91.5
      vertex 4.84515 6.47835 89.5
    endloop
  endfacet
  facet normal -0.941535 0.336915 0
    outer loop
      vertex 4.84515 6.47835 91.5
      vertex 4.80382 6.36285 89.5
      vertex 4.80382 6.36285 91.5
    endloop
  endfacet
  facet normal 0.427543 0.903995 -0
    outer loop
      vertex 6.58925 7.1024 89.5
      vertex 6.47835 7.15485 91.5
      vertex 6.58925 7.1024 91.5
    endloop
  endfacet
  facet normal 0.427543 0.903995 0
    outer loop
      vertex 6.47835 7.15485 91.5
      vertex 6.58925 7.1024 89.5
      vertex 6.47835 7.15485 89.5
    endloop
  endfacet
  facet normal -0.941526 -0.336941 0
    outer loop
      vertex 4.84515 5.52165 89.5
      vertex 4.80382 5.63714 91.5
      vertex 4.80382 5.63714 89.5
    endloop
  endfacet
  facet normal -0.941526 -0.336941 0
    outer loop
      vertex 4.80382 5.63714 91.5
      vertex 4.84515 5.52165 89.5
      vertex 4.84515 5.52165 91.5
    endloop
  endfacet
  facet normal 0.970027 -0.242996 0
    outer loop
      vertex 7.19617 5.63714 91.5
      vertex 7.22598 5.75614 89.5
      vertex 7.22598 5.75614 91.5
    endloop
  endfacet
  facet normal 0.970027 -0.242996 0
    outer loop
      vertex 7.22598 5.75614 89.5
      vertex 7.19617 5.63714 91.5
      vertex 7.19617 5.63714 89.5
    endloop
  endfacet
  facet normal -0.0490756 0.998795 0
    outer loop
      vertex 6 7.25 89.5
      vertex 5.87748 7.24398 91.5
      vertex 6 7.25 91.5
    endloop
  endfacet
  facet normal -0.0490756 0.998795 0
    outer loop
      vertex 5.87748 7.24398 91.5
      vertex 6 7.25 89.5
      vertex 5.87748 7.24398 89.5
    endloop
  endfacet
  facet normal 0.671568 0.740943 -0
    outer loop
      vertex 6.88388 6.88388 89.5
      vertex 6.79299 6.96626 91.5
      vertex 6.88388 6.88388 91.5
    endloop
  endfacet
  facet normal 0.671568 0.740943 0
    outer loop
      vertex 6.79299 6.96626 91.5
      vertex 6.88388 6.88388 89.5
      vertex 6.79299 6.96626 89.5
    endloop
  endfacet
  facet normal -0.427543 0.903995 0
    outer loop
      vertex 5.52165 7.15485 89.5
      vertex 5.41075 7.1024 91.5
      vertex 5.52165 7.15485 91.5
    endloop
  endfacet
  facet normal -0.427543 0.903995 0
    outer loop
      vertex 5.41075 7.1024 91.5
      vertex 5.52165 7.15485 89.5
      vertex 5.41075 7.1024 89.5
    endloop
  endfacet
  facet normal -0.671568 0.740943 0
    outer loop
      vertex 5.20701 6.96626 89.5
      vertex 5.11612 6.88388 91.5
      vertex 5.20701 6.96626 91.5
    endloop
  endfacet
  facet normal -0.671568 0.740943 0
    outer loop
      vertex 5.11612 6.88388 91.5
      vertex 5.20701 6.96626 89.5
      vertex 5.11612 6.88388 89.5
    endloop
  endfacet
  facet normal 0.336915 -0.941535 0
    outer loop
      vertex 6.36285 4.80382 89.5
      vertex 6.47835 4.84515 91.5
      vertex 6.36285 4.80382 91.5
    endloop
  endfacet
  facet normal 0.336915 -0.941535 0
    outer loop
      vertex 6.47835 4.84515 91.5
      vertex 6.36285 4.80382 89.5
      vertex 6.47835 4.84515 89.5
    endloop
  endfacet
  facet normal -0.336868 0.941552 0
    outer loop
      vertex 5.63714 7.19617 89.5
      vertex 5.52165 7.15485 91.5
      vertex 5.63714 7.19617 91.5
    endloop
  endfacet
  facet normal -0.336868 0.941552 0
    outer loop
      vertex 5.52165 7.15485 91.5
      vertex 5.63714 7.19617 89.5
      vertex 5.52165 7.15485 89.5
    endloop
  endfacet
  facet normal 0.803187 0.595727 0
    outer loop
      vertex 7.03934 6.69446 91.5
      vertex 6.96626 6.79299 89.5
      vertex 6.96626 6.79299 91.5
    endloop
  endfacet
  facet normal 0.803187 0.595727 0
    outer loop
      vertex 6.96626 6.79299 89.5
      vertex 7.03934 6.69446 91.5
      vertex 7.03934 6.69446 89.5
    endloop
  endfacet
  facet normal -0.85773 0.5141 0
    outer loop
      vertex 4.8976 6.58925 89.5
      vertex 4.96066 6.69446 91.5
      vertex 4.96066 6.69446 89.5
    endloop
  endfacet
  facet normal -0.85773 0.5141 0
    outer loop
      vertex 4.96066 6.69446 91.5
      vertex 4.8976 6.58925 89.5
      vertex 4.8976 6.58925 91.5
    endloop
  endfacet
  facet normal 0.998795 -0.0490756 0
    outer loop
      vertex 7.24398 5.87748 91.5
      vertex 7.25 6 89.5
      vertex 7.25 6 91.5
    endloop
  endfacet
  facet normal 0.998795 -0.0490756 0
    outer loop
      vertex 7.25 6 89.5
      vertex 7.24398 5.87748 91.5
      vertex 7.24398 5.87748 89.5
    endloop
  endfacet
  facet normal 0.903995 -0.427543 0
    outer loop
      vertex 7.1024 5.41075 91.5
      vertex 7.15485 5.52165 89.5
      vertex 7.15485 5.52165 91.5
    endloop
  endfacet
  facet normal 0.903995 -0.427543 0
    outer loop
      vertex 7.15485 5.52165 89.5
      vertex 7.1024 5.41075 91.5
      vertex 7.1024 5.41075 89.5
    endloop
  endfacet
  facet normal 0 0 1
    outer loop
      vertex 7.24398 6.12252 91.5
      vertex 7.24398 5.87748 91.5
      vertex 7.25 6 91.5
    endloop
  endfacet
  facet normal 0 0 1
    outer loop
      vertex 7.22598 6.24386 91.5
      vertex 7.24398 5.87748 91.5
      vertex 7.24398 6.12252 91.5
    endloop
  endfacet
  facet normal 0 0 1
    outer loop
      vertex 7.22598 6.24386 91.5
      vertex 7.22598 5.75614 91.5
      vertex 7.24398 5.87748 91.5
    endloop
  endfacet
  facet normal 0 0 1
    outer loop
      vertex 7.19617 6.36285 91.5
      vertex 7.22598 5.75614 91.5
      vertex 7.22598 6.24386 91.5
    endloop
  endfacet
  facet normal 0 0 1
    outer loop
      vertex 7.19617 6.36285 91.5
      vertex 7.19617 5.63714 91.5
      vertex 7.22598 5.75614 91.5
    endloop
  endfacet
  facet normal 0 0 1
    outer loop
      vertex 7.15485 6.47835 91.5
      vertex 7.19617 5.63714 91.5
      vertex 7.19617 6.36285 91.5
    endloop
  endfacet
  facet normal 0 0 1
    outer loop
      vertex 7.15485 6.47835 91.5
      vertex 7.15485 5.52165 91.5
      vertex 7.19617 5.63714 91.5
    endloop
  endfacet
  facet normal 0 0 1
    outer loop
      vertex 7.1024 6.58925 91.5
      vertex 7.15485 5.52165 91.5
      vertex 7.15485 6.47835 91.5
    endloop
  endfacet
  facet normal 0 0 1
    outer loop
      vertex 7.1024 6.58925 91.5
      vertex 7.1024 5.41075 91.5
      vertex 7.15485 5.52165 91.5
    endloop
  endfacet
  facet normal 0 0 1
    outer loop
      vertex 7.03934 6.69446 91.5
      vertex 7.1024 5.41075 91.5
      vertex 7.1024 6.58925 91.5
    endloop
  endfacet
  facet normal 0 0 1
    outer loop
      vertex 7.03934 6.69446 91.5
      vertex 7.03934 5.30554 91.5
      vertex 7.1024 5.41075 91.5
    endloop
  endfacet
  facet normal 0 0 1
    outer loop
      vertex 6.96626 6.79299 91.5
      vertex 7.03934 5.30554 91.5
      vertex 7.03934 6.69446 91.5
    endloop
  endfacet
  facet normal 0 0 1
    outer loop
      vertex 6.96626 6.79299 91.5
      vertex 6.96626 5.20701 91.5
      vertex 7.03934 5.30554 91.5
    endloop
  endfacet
  facet normal 0 0 1
    outer loop
      vertex 6.88388 6.88388 91.5
      vertex 6.96626 5.20701 91.5
      vertex 6.96626 6.79299 91.5
    endloop
  endfacet
  facet normal 0 0 1
    outer loop
      vertex 6.88388 6.88388 91.5
      vertex 6.88388 5.11612 91.5
      vertex 6.96626 5.20701 91.5
    endloop
  endfacet
  facet normal 0 0 1
    outer loop
      vertex 6.79299 6.96626 91.5
      vertex 6.88388 5.11612 91.5
      vertex 6.88388 6.88388 91.5
    endloop
  endfacet
  facet normal 0 0 1
    outer loop
      vertex 6.79299 6.96626 91.5
      vertex 6.79299 5.03374 91.5
      vertex 6.88388 5.11612 91.5
    endloop
  endfacet
  facet normal 0 0 1
    outer loop
      vertex 6.69446 7.03934 91.5
      vertex 6.79299 5.03374 91.5
      vertex 6.79299 6.96626 91.5
    endloop
  endfacet
  facet normal 0 0 1
    outer loop
      vertex 6.69446 7.03934 91.5
      vertex 6.69446 4.96066 91.5
      vertex 6.79299 5.03374 91.5
    endloop
  endfacet
  facet normal 0 0 1
    outer loop
      vertex 6.58925 7.1024 91.5
      vertex 6.69446 4.96066 91.5
      vertex 6.69446 7.03934 91.5
    endloop
  endfacet
  facet normal 0 0 1
    outer loop
      vertex 6.58925 7.1024 91.5
      vertex 6.58925 4.8976 91.5
      vertex 6.69446 4.96066 91.5
    endloop
  endfacet
  facet normal 0 0 1
    outer loop
      vertex 6.47835 7.15485 91.5
      vertex 6.58925 4.8976 91.5
      vertex 6.58925 7.1024 91.5
    endloop
  endfacet
  facet normal 0 0 1
    outer loop
      vertex 6.47835 7.15485 91.5
      vertex 6.47835 4.84515 91.5
      vertex 6.58925 4.8976 91.5
    endloop
  endfacet
  facet normal 0 0 1
    outer loop
      vertex 6.36285 7.19617 91.5
      vertex 6.47835 4.84515 91.5
      vertex 6.47835 7.15485 91.5
    endloop
  endfacet
  facet normal 0 0 1
    outer loop
      vertex 6.36285 7.19617 91.5
      vertex 6.36285 4.80382 91.5
      vertex 6.47835 4.84515 91.5
    endloop
  endfacet
  facet normal 0 0 1
    outer loop
      vertex 6.24386 7.22598 91.5
      vertex 6.36285 4.80382 91.5
      vertex 6.36285 7.19617 91.5
    endloop
  endfacet
  facet normal 0 0 1
    outer loop
      vertex 6.24386 7.22598 91.5
      vertex 6.24386 4.77402 91.5
      vertex 6.36285 4.80382 91.5
    endloop
  endfacet
  facet normal 0 0 1
    outer loop
      vertex 6.12252 7.24398 91.5
      vertex 6.24386 4.77402 91.5
      vertex 6.24386 7.22598 91.5
    endloop
  endfacet
  facet normal 0 0 1
    outer loop
      vertex 6.12252 7.24398 91.5
      vertex 6.12252 4.75602 91.5
      vertex 6.24386 4.77402 91.5
    endloop
  endfacet
  facet normal 0 0 1
    outer loop
      vertex 6 7.25 91.5
      vertex 6.12252 4.75602 91.5
      vertex 6.12252 7.24398 91.5
    endloop
  endfacet
  facet normal 0 0 1
    outer loop
      vertex 6 7.25 91.5
      vertex 6 4.75 91.5
      vertex 6.12252 4.75602 91.5
    endloop
  endfacet
  facet normal -0 0 1
    outer loop
      vertex 5.87748 7.24398 91.5
      vertex 6 4.75 91.5
      vertex 6 7.25 91.5
    endloop
  endfacet
  facet normal 0 0 1
    outer loop
      vertex 5.87748 7.24398 91.5
      vertex 5.87748 4.75602 91.5
      vertex 6 4.75 91.5
    endloop
  endfacet
  facet normal -0 0 1
    outer loop
      vertex 5.75614 7.22598 91.5
      vertex 5.87748 4.75602 91.5
      vertex 5.87748 7.24398 91.5
    endloop
  endfacet
  facet normal 0 0 1
    outer loop
      vertex 5.75614 7.22598 91.5
      vertex 5.75614 4.77402 91.5
      vertex 5.87748 4.75602 91.5
    endloop
  endfacet
  facet normal -0 0 1
    outer loop
      vertex 5.63714 7.19617 91.5
      vertex 5.75614 4.77402 91.5
      vertex 5.75614 7.22598 91.5
    endloop
  endfacet
  facet normal 0 0 1
    outer loop
      vertex 5.63714 7.19617 91.5
      vertex 5.63714 4.80382 91.5
      vertex 5.75614 4.77402 91.5
    endloop
  endfacet
  facet normal -0 0 1
    outer loop
      vertex 5.52165 7.15485 91.5
      vertex 5.63714 4.80382 91.5
      vertex 5.63714 7.19617 91.5
    endloop
  endfacet
  facet normal 0 0 1
    outer loop
      vertex 5.52165 7.15485 91.5
      vertex 5.52165 4.84515 91.5
      vertex 5.63714 4.80382 91.5
    endloop
  endfacet
  facet normal -0 0 1
    outer loop
      vertex 5.41075 7.1024 91.5
      vertex 5.52165 4.84515 91.5
      vertex 5.52165 7.15485 91.5
    endloop
  endfacet
  facet normal 0 0 1
    outer loop
      vertex 5.41075 7.1024 91.5
      vertex 5.41075 4.8976 91.5
      vertex 5.52165 4.84515 91.5
    endloop
  endfacet
  facet normal -0 0 1
    outer loop
      vertex 5.30554 7.03934 91.5
      vertex 5.41075 4.8976 91.5
      vertex 5.41075 7.1024 91.5
    endloop
  endfacet
  facet normal 0 0 1
    outer loop
      vertex 5.30554 7.03934 91.5
      vertex 5.30554 4.96066 91.5
      vertex 5.41075 4.8976 91.5
    endloop
  endfacet
  facet normal -0 0 1
    outer loop
      vertex 5.20701 6.96626 91.5
      vertex 5.30554 4.96066 91.5
      vertex 5.30554 7.03934 91.5
    endloop
  endfacet
  facet normal 0 0 1
    outer loop
      vertex 5.20701 6.96626 91.5
      vertex 5.20701 5.03374 91.5
      vertex 5.30554 4.96066 91.5
    endloop
  endfacet
  facet normal -0 0 1
    outer loop
      vertex 5.11612 6.88388 91.5
      vertex 5.20701 5.03374 91.5
      vertex 5.20701 6.96626 91.5
    endloop
  endfacet
  facet normal 0 0 1
    outer loop
      vertex 5.11612 6.88388 91.5
      vertex 5.11612 5.11612 91.5
      vertex 5.20701 5.03374 91.5
    endloop
  endfacet
  facet normal -0 0 1
    outer loop
      vertex 5.03374 6.79299 91.5
      vertex 5.11612 5.11612 91.5
      vertex 5.11612 6.88388 91.5
    endloop
  endfacet
  facet normal 0 0 1
    outer loop
      vertex 5.03374 6.79299 91.5
      vertex 5.03374 5.20701 91.5
      vertex 5.11612 5.11612 91.5
    endloop
  endfacet
  facet normal -0 0 1
    outer loop
      vertex 4.96066 6.69446 91.5
      vertex 5.03374 5.20701 91.5
      vertex 5.03374 6.79299 91.5
    endloop
  endfacet
  facet normal 0 0 1
    outer loop
      vertex 4.96066 6.69446 91.5
      vertex 4.96066 5.30554 91.5
      vertex 5.03374 5.20701 91.5
    endloop
  endfacet
  facet normal -0 0 1
    outer loop
      vertex 4.8976 6.58925 91.5
      vertex 4.96066 5.30554 91.5
      vertex 4.96066 6.69446 91.5
    endloop
  endfacet
  facet normal 0 0 1
    outer loop
      vertex 4.8976 6.58925 91.5
      vertex 4.8976 5.41075 91.5
      vertex 4.96066 5.30554 91.5
    endloop
  endfacet
  facet normal -0 0 1
    outer loop
      vertex 4.84515 6.47835 91.5
      vertex 4.8976 5.41075 91.5
      vertex 4.8976 6.58925 91.5
    endloop
  endfacet
  facet normal 0 0 1
    outer loop
      vertex 4.84515 6.47835 91.5
      vertex 4.84515 5.52165 91.5
      vertex 4.8976 5.41075 91.5
    endloop
  endfacet
  facet normal -0 0 1
    outer loop
      vertex 4.80382 6.36285 91.5
      vertex 4.84515 5.52165 91.5
      vertex 4.84515 6.47835 91.5
    endloop
  endfacet
  facet normal 0 0 1
    outer loop
      vertex 4.80382 6.36285 91.5
      vertex 4.80382 5.63714 91.5
      vertex 4.84515 5.52165 91.5
    endloop
  endfacet
  facet normal -0 0 1
    outer loop
      vertex 4.77402 6.24386 91.5
      vertex 4.80382 5.63714 91.5
      vertex 4.80382 6.36285 91.5
    endloop
  endfacet
  facet normal 0 0 1
    outer loop
      vertex 4.77402 6.24386 91.5
      vertex 4.77402 5.75614 91.5
      vertex 4.80382 5.63714 91.5
    endloop
  endfacet
  facet normal -0 0 1
    outer loop
      vertex 4.75602 6.12252 91.5
      vertex 4.77402 5.75614 91.5
      vertex 4.77402 6.24386 91.5
    endloop
  endfacet
  facet normal 0 0 1
    outer loop
      vertex 4.75602 6.12252 91.5
      vertex 4.75602 5.87748 91.5
      vertex 4.77402 5.75614 91.5
    endloop
  endfacet
  facet normal 0 -0 1
    outer loop
      vertex 4.75602 5.87748 91.5
      vertex 4.75602 6.12252 91.5
      vertex 4.75 6 91.5
    endloop
  endfacet
  facet normal 0.595727 0.803187 -0
    outer loop
      vertex 6.79299 6.96626 89.5
      vertex 6.69446 7.03934 91.5
      vertex 6.79299 6.96626 91.5
    endloop
  endfacet
  facet normal 0.595727 0.803187 0
    outer loop
      vertex 6.69446 7.03934 91.5
      vertex 6.79299 6.96626 89.5
      vertex 6.69446 7.03934 89.5
    endloop
  endfacet
  facet normal -0.5141 -0.85773 0
    outer loop
      vertex 5.30554 4.96066 89.5
      vertex 5.41075 4.8976 91.5
      vertex 5.30554 4.96066 91.5
    endloop
  endfacet
  facet normal -0.5141 -0.85773 -0
    outer loop
      vertex 5.41075 4.8976 91.5
      vertex 5.30554 4.96066 89.5
      vertex 5.41075 4.8976 89.5
    endloop
  endfacet
  facet normal 0.5141 0.85773 -0
    outer loop
      vertex 6.69446 7.03934 89.5
      vertex 6.58925 7.1024 91.5
      vertex 6.69446 7.03934 91.5
    endloop
  endfacet
  facet normal 0.5141 0.85773 0
    outer loop
      vertex 6.58925 7.1024 91.5
      vertex 6.69446 7.03934 89.5
      vertex 6.58925 7.1024 89.5
    endloop
  endfacet
  facet normal 0.146738 -0.989175 0
    outer loop
      vertex 6.12252 4.75602 89.5
      vertex 6.24386 4.77402 91.5
      vertex 6.12252 4.75602 91.5
    endloop
  endfacet
  facet normal 0.146738 -0.989175 0
    outer loop
      vertex 6.24386 4.77402 91.5
      vertex 6.12252 4.75602 89.5
      vertex 6.24386 4.77402 89.5
    endloop
  endfacet
  facet normal 0.941561 0.336842 0
    outer loop
      vertex 7.19617 6.36285 91.5
      vertex 7.15485 6.47835 89.5
      vertex 7.15485 6.47835 91.5
    endloop
  endfacet
  facet normal 0.941561 0.336842 0
    outer loop
      vertex 7.15485 6.47835 89.5
      vertex 7.19617 6.36285 91.5
      vertex 7.19617 6.36285 89.5
    endloop
  endfacet
  facet normal 0.85773 -0.5141 0
    outer loop
      vertex 7.03934 5.30554 91.5
      vertex 7.1024 5.41075 89.5
      vertex 7.1024 5.41075 91.5
    endloop
  endfacet
  facet normal 0.85773 -0.5141 0
    outer loop
      vertex 7.1024 5.41075 89.5
      vertex 7.03934 5.30554 91.5
      vertex 7.03934 5.30554 89.5
    endloop
  endfacet
  facet normal -0.998795 -0.0490756 0
    outer loop
      vertex 4.75602 5.87748 89.5
      vertex 4.75 6 91.5
      vertex 4.75 6 89.5
    endloop
  endfacet
  facet normal -0.998795 -0.0490756 0
    outer loop
      vertex 4.75 6 91.5
      vertex 4.75602 5.87748 89.5
      vertex 4.75602 5.87748 91.5
    endloop
  endfacet
  facet normal 0.941552 -0.336868 0
    outer loop
      vertex 7.15485 5.52165 91.5
      vertex 7.19617 5.63714 89.5
      vertex 7.19617 5.63714 91.5
    endloop
  endfacet
  facet normal 0.941552 -0.336868 0
    outer loop
      vertex 7.19617 5.63714 89.5
      vertex 7.15485 5.52165 91.5
      vertex 7.15485 5.52165 89.5
    endloop
  endfacet
  facet normal 0.740943 0.671568 0
    outer loop
      vertex 6.96626 6.79299 91.5
      vertex 6.88388 6.88388 89.5
      vertex 6.88388 6.88388 91.5
    endloop
  endfacet
  facet normal 0.740943 0.671568 0
    outer loop
      vertex 6.88388 6.88388 89.5
      vertex 6.96626 6.79299 91.5
      vertex 6.96626 6.79299 89.5
    endloop
  endfacet
  facet normal 0.0490756 0.998795 -0
    outer loop
      vertex 6.12252 7.24398 89.5
      vertex 6 7.25 91.5
      vertex 6.12252 7.24398 91.5
    endloop
  endfacet
  facet normal 0.0490756 0.998795 0
    outer loop
      vertex 6 7.25 91.5
      vertex 6.12252 7.24398 89.5
      vertex 6 7.25 89.5
    endloop
  endfacet
  facet normal 0.903995 0.427543 0
    outer loop
      vertex 7.15485 6.47835 91.5
      vertex 7.1024 6.58925 89.5
      vertex 7.1024 6.58925 91.5
    endloop
  endfacet
  facet normal 0.903995 0.427543 0
    outer loop
      vertex 7.1024 6.58925 89.5
      vertex 7.15485 6.47835 91.5
      vertex 7.15485 6.47835 89.5
    endloop
  endfacet
  facet normal -0.146738 -0.989175 0
    outer loop
      vertex 5.75614 4.77402 89.5
      vertex 5.87748 4.75602 91.5
      vertex 5.75614 4.77402 91.5
    endloop
  endfacet
  facet normal -0.146738 -0.989175 -0
    outer loop
      vertex 5.87748 4.75602 91.5
      vertex 5.75614 4.77402 89.5
      vertex 5.87748 4.75602 89.5
    endloop
  endfacet
  facet normal 0.671568 -0.740943 0
    outer loop
      vertex 6.79299 5.03374 89.5
      vertex 6.88388 5.11612 91.5
      vertex 6.79299 5.03374 91.5
    endloop
  endfacet
  facet normal 0.671568 -0.740943 0
    outer loop
      vertex 6.88388 5.11612 91.5
      vertex 6.79299 5.03374 89.5
      vertex 6.88388 5.11612 89.5
    endloop
  endfacet
  facet normal 0.85773 0.5141 0
    outer loop
      vertex 7.1024 6.58925 91.5
      vertex 7.03934 6.69446 89.5
      vertex 7.03934 6.69446 91.5
    endloop
  endfacet
  facet normal 0.85773 0.5141 0
    outer loop
      vertex 7.03934 6.69446 89.5
      vertex 7.1024 6.58925 91.5
      vertex 7.1024 6.58925 89.5
    endloop
  endfacet
  facet normal -0.0490756 -0.998795 0
    outer loop
      vertex 5.87748 4.75602 89.5
      vertex 6 4.75 91.5
      vertex 5.87748 4.75602 91.5
    endloop
  endfacet
  facet normal -0.0490756 -0.998795 -0
    outer loop
      vertex 6 4.75 91.5
      vertex 5.87748 4.75602 89.5
      vertex 6 4.75 89.5
    endloop
  endfacet
  facet normal -0.740943 0.671568 0
    outer loop
      vertex 5.03374 6.79299 89.5
      vertex 5.11612 6.88388 91.5
      vertex 5.11612 6.88388 89.5
    endloop
  endfacet
  facet normal -0.740943 0.671568 0
    outer loop
      vertex 5.11612 6.88388 91.5
      vertex 5.03374 6.79299 89.5
      vertex 5.03374 6.79299 91.5
    endloop
  endfacet
  facet normal -0.146738 0.989175 0
    outer loop
      vertex 5.87748 7.24398 89.5
      vertex 5.75614 7.22598 91.5
      vertex 5.87748 7.24398 91.5
    endloop
  endfacet
  facet normal -0.146738 0.989175 0
    outer loop
      vertex 5.75614 7.22598 91.5
      vertex 5.87748 7.24398 89.5
      vertex 5.75614 7.22598 89.5
    endloop
  endfacet
  facet normal -0.903995 0.427543 0
    outer loop
      vertex 4.84515 6.47835 89.5
      vertex 4.8976 6.58925 91.5
      vertex 4.8976 6.58925 89.5
    endloop
  endfacet
  facet normal -0.903995 0.427543 0
    outer loop
      vertex 4.8976 6.58925 91.5
      vertex 4.84515 6.47835 89.5
      vertex 4.84515 6.47835 91.5
    endloop
  endfacet
  facet normal -0.671568 -0.740943 0
    outer loop
      vertex 5.11612 5.11612 89.5
      vertex 5.20701 5.03374 91.5
      vertex 5.11612 5.11612 91.5
    endloop
  endfacet
  facet normal -0.671568 -0.740943 -0
    outer loop
      vertex 5.20701 5.03374 91.5
      vertex 5.11612 5.11612 89.5
      vertex 5.20701 5.03374 89.5
    endloop
  endfacet
  facet normal -0.970042 0.242938 0
    outer loop
      vertex 4.77402 6.24386 89.5
      vertex 4.80382 6.36285 91.5
      vertex 4.80382 6.36285 89.5
    endloop
  endfacet
  facet normal -0.970042 0.242938 0
    outer loop
      vertex 4.80382 6.36285 91.5
      vertex 4.77402 6.24386 89.5
      vertex 4.77402 6.24386 91.5
    endloop
  endfacet
  facet normal 0.243015 0.970022 -0
    outer loop
      vertex 6.36285 7.19617 89.5
      vertex 6.24386 7.22598 91.5
      vertex 6.36285 7.19617 91.5
    endloop
  endfacet
  facet normal 0.243015 0.970022 0
    outer loop
      vertex 6.24386 7.22598 91.5
      vertex 6.36285 7.19617 89.5
      vertex 6.24386 7.22598 89.5
    endloop
  endfacet
  facet normal -0.970047 -0.242919 0
    outer loop
      vertex 4.80382 5.63714 89.5
      vertex 4.77402 5.75614 91.5
      vertex 4.77402 5.75614 89.5
    endloop
  endfacet
  facet normal -0.970047 -0.242919 0
    outer loop
      vertex 4.77402 5.75614 91.5
      vertex 4.80382 5.63714 89.5
      vertex 4.80382 5.63714 91.5
    endloop
  endfacet
  facet normal -0.427543 -0.903995 0
    outer loop
      vertex 5.41075 4.8976 89.5
      vertex 5.52165 4.84515 91.5
      vertex 5.41075 4.8976 91.5
    endloop
  endfacet
  facet normal -0.427543 -0.903995 -0
    outer loop
      vertex 5.52165 4.84515 91.5
      vertex 5.41075 4.8976 89.5
      vertex 5.52165 4.84515 89.5
    endloop
  endfacet
  facet normal -0.740943 -0.671568 0
    outer loop
      vertex 5.11612 5.11612 89.5
      vertex 5.03374 5.20701 91.5
      vertex 5.03374 5.20701 89.5
    endloop
  endfacet
  facet normal -0.740943 -0.671568 0
    outer loop
      vertex 5.03374 5.20701 91.5
      vertex 5.11612 5.11612 89.5
      vertex 5.11612 5.11612 91.5
    endloop
  endfacet
  facet normal 0.427543 -0.903995 0
    outer loop
      vertex 6.47835 4.84515 89.5
      vertex 6.58925 4.8976 91.5
      vertex 6.47835 4.84515 91.5
    endloop
  endfacet
  facet normal 0.427543 -0.903995 0
    outer loop
      vertex 6.58925 4.8976 91.5
      vertex 6.47835 4.84515 89.5
      vertex 6.58925 4.8976 89.5
    endloop
  endfacet
  facet normal 0.0490756 -0.998795 0
    outer loop
      vertex 6 4.75 89.5
      vertex 6.12252 4.75602 91.5
      vertex 6 4.75 91.5
    endloop
  endfacet
  facet normal 0.0490756 -0.998795 0
    outer loop
      vertex 6.12252 4.75602 91.5
      vertex 6 4.75 89.5
      vertex 6.12252 4.75602 89.5
    endloop
  endfacet
  facet normal -0.989175 -0.146738 0
    outer loop
      vertex 4.77402 5.75614 89.5
      vertex 4.75602 5.87748 91.5
      vertex 4.75602 5.87748 89.5
    endloop
  endfacet
  facet normal -0.989175 -0.146738 0
    outer loop
      vertex 4.75602 5.87748 91.5
      vertex 4.77402 5.75614 89.5
      vertex 4.77402 5.75614 91.5
    endloop
  endfacet
  facet normal 0.595727 -0.803187 0
    outer loop
      vertex 6.69446 4.96066 89.5
      vertex 6.79299 5.03374 91.5
      vertex 6.69446 4.96066 91.5
    endloop
  endfacet
  facet normal 0.595727 -0.803187 0
    outer loop
      vertex 6.79299 5.03374 91.5
      vertex 6.69446 4.96066 89.5
      vertex 6.79299 5.03374 89.5
    endloop
  endfacet
  facet normal -0.803187 -0.595727 0
    outer loop
      vertex 5.03374 5.20701 89.5
      vertex 4.96066 5.30554 91.5
      vertex 4.96066 5.30554 89.5
    endloop
  endfacet
  facet normal -0.803187 -0.595727 0
    outer loop
      vertex 4.96066 5.30554 91.5
      vertex 5.03374 5.20701 89.5
      vertex 5.03374 5.20701 91.5
    endloop
  endfacet
  facet normal -0.998795 0.0490756 0
    outer loop
      vertex 4.75 6 89.5
      vertex 4.75602 6.12252 91.5
      vertex 4.75602 6.12252 89.5
    endloop
  endfacet
  facet normal -0.998795 0.0490756 0
    outer loop
      vertex 4.75602 6.12252 91.5
      vertex 4.75 6 89.5
      vertex 4.75 6 91.5
    endloop
  endfacet
  facet normal 0.740943 -0.671568 0
    outer loop
      vertex 6.88388 5.11612 91.5
      vertex 6.96626 5.20701 89.5
      vertex 6.96626 5.20701 91.5
    endloop
  endfacet
  facet normal 0.740943 -0.671568 0
    outer loop
      vertex 6.96626 5.20701 89.5
      vertex 6.88388 5.11612 91.5
      vertex 6.88388 5.11612 89.5
    endloop
  endfacet
  facet normal 1 -0 0
    outer loop
      vertex 9 -3 28
      vertex 9 3 24.5
      vertex 9 3 28
    endloop
  endfacet
  facet normal 1 0 0
    outer loop
      vertex 9 3 24.5
      vertex 9 -3 28
      vertex 9 -3 24.5
    endloop
  endfacet
  facet normal 0 0 -1
    outer loop
      vertex -9 -3 24.5
      vertex -3 3 24.5
      vertex -3 -3 24.5
    endloop
  endfacet
  facet normal -0 0 -1
    outer loop
      vertex -3 3 24.5
      vertex -9 -3 24.5
      vertex -9 3 24.5
    endloop
  endfacet
  facet normal 0 0 -1
    outer loop
      vertex -3 -3 24.5
      vertex 3 -3 24.5
      vertex 3 -9 24.5
    endloop
  endfacet
  facet normal 0 0 -1
    outer loop
      vertex 3 -3 24.5
      vertex -3 -3 24.5
      vertex 3 3 24.5
    endloop
  endfacet
  facet normal 0 0 -1
    outer loop
      vertex -3 -3 24.5
      vertex 3 -9 24.5
      vertex -3 -9 24.5
    endloop
  endfacet
  facet normal 0 0 -1
    outer loop
      vertex -3 3 24.5
      vertex 3 3 24.5
      vertex -3 -3 24.5
    endloop
  endfacet
  facet normal 0 0 -1
    outer loop
      vertex 3 3 24.5
      vertex -3 3 24.5
      vertex 3 9 24.5
    endloop
  endfacet
  facet normal -0 0 -1
    outer loop
      vertex 3 9 24.5
      vertex -3 3 24.5
      vertex -3 9 24.5
    endloop
  endfacet
  facet normal 0 0 -1
    outer loop
      vertex 3 -3 24.5
      vertex 9 3 24.5
      vertex 9 -3 24.5
    endloop
  endfacet
  facet normal -0 0 -1
    outer loop
      vertex 9 3 24.5
      vertex 3 -3 24.5
      vertex 3 3 24.5
    endloop
  endfacet
  facet normal -1 0 0
    outer loop
      vertex -9 -3 24.5
      vertex -9 3 28
      vertex -9 3 24.5
    endloop
  endfacet
  facet normal -1 -0 0
    outer loop
      vertex -9 3 28
      vertex -9 -3 24.5
      vertex -9 -3 28
    endloop
  endfacet
  facet normal 0 1 -0
    outer loop
      vertex 9 3 24.5
      vertex 3 3 28
      vertex 9 3 28
    endloop
  endfacet
  facet normal 0 1 0
    outer loop
      vertex 3 3 28
      vertex 9 3 24.5
      vertex 3 3 24.5
    endloop
  endfacet
  facet normal 0 1 -0
    outer loop
      vertex -3 3 24.5
      vertex -9 3 28
      vertex -3 3 28
    endloop
  endfacet
  facet normal 0 1 0
    outer loop
      vertex -9 3 28
      vertex -3 3 24.5
      vertex -9 3 24.5
    endloop
  endfacet
  facet normal 0 -1 0
    outer loop
      vertex 3 -3 24.5
      vertex 9 -3 28
      vertex 3 -3 28
    endloop
  endfacet
  facet normal 0 -1 -0
    outer loop
      vertex 9 -3 28
      vertex 3 -3 24.5
      vertex 9 -3 24.5
    endloop
  endfacet
  facet normal 0 -1 0
    outer loop
      vertex -9 -3 24.5
      vertex -3 -3 28
      vertex -9 -3 28
    endloop
  endfacet
  facet normal 0 -1 -0
    outer loop
      vertex -3 -3 28
      vertex -9 -3 24.5
      vertex -3 -3 24.5
    endloop
  endfacet
  facet normal 1 -0 0
    outer loop
      vertex 8.5 -3 39.5
      vertex 8.5 3 36
      vertex 8.5 3 39.5
    endloop
  endfacet
  facet normal 1 0 0
    outer loop
      vertex 8.5 3 36
      vertex 8.5 -3 39.5
      vertex 8.5 -3 36
    endloop
  endfacet
  facet normal -0 0 1
    outer loop
      vertex -8.5 3 39.5
      vertex -3 -3 39.5
      vertex -3 3 39.5
    endloop
  endfacet
  facet normal 0 0 1
    outer loop
      vertex -3 -3 39.5
      vertex -8.5 3 39.5
      vertex -8.5 -3 39.5
    endloop
  endfacet
  facet normal 0 0 1
    outer loop
      vertex -3 3 39.5
      vertex 3 3 39.5
      vertex 3 8.5 39.5
    endloop
  endfacet
  facet normal 0 0 1
    outer loop
      vertex 3 3 39.5
      vertex -3 3 39.5
      vertex 3 -3 39.5
    endloop
  endfacet
  facet normal 0 0 1
    outer loop
      vertex -3 3 39.5
      vertex 3 8.5 39.5
      vertex -3 8.5 39.5
    endloop
  endfacet
  facet normal 0 0 1
    outer loop
      vertex -3 -3 39.5
      vertex 3 -3 39.5
      vertex -3 3 39.5
    endloop
  endfacet
  facet normal 0 0 1
    outer loop
      vertex 3 -3 39.5
      vertex -3 -3 39.5
      vertex 3 -8.5 39.5
    endloop
  endfacet
  facet normal 0 0 1
    outer loop
      vertex 3 -8.5 39.5
      vertex -3 -3 39.5
      vertex -3 -8.5 39.5
    endloop
  endfacet
  facet normal -0 0 1
    outer loop
      vertex 3 3 39.5
      vertex 8.5 -3 39.5
      vertex 8.5 3 39.5
    endloop
  endfacet
  facet normal 0 0 1
    outer loop
      vertex 8.5 -3 39.5
      vertex 3 3 39.5
      vertex 3 -3 39.5
    endloop
  endfacet
  facet normal -1 0 0
    outer loop
      vertex -8.5 -3 36
      vertex -8.5 3 39.5
      vertex -8.5 3 36
    endloop
  endfacet
  facet normal -1 -0 0
    outer loop
      vertex -8.5 3 39.5
      vertex -8.5 -3 36
      vertex -8.5 -3 39.5
    endloop
  endfacet
  facet normal 0 1 -0
    outer loop
      vertex -3 3 36
      vertex -8.5 3 39.5
      vertex -3 3 39.5
    endloop
  endfacet
  facet normal 0 1 0
    outer loop
      vertex -8.5 3 39.5
      vertex -3 3 36
      vertex -8.5 3 36
    endloop
  endfacet
  facet normal 0 1 -0
    outer loop
      vertex 8.5 3 36
      vertex 3 3 39.5
      vertex 8.5 3 39.5
    endloop
  endfacet
  facet normal 0 1 0
    outer loop
      vertex 3 3 39.5
      vertex 8.5 3 36
      vertex 3 3 36
    endloop
  endfacet
  facet normal 0 -1 0
    outer loop
      vertex -8.5 -3 36
      vertex -3 -3 39.5
      vertex -8.5 -3 39.5
    endloop
  endfacet
  facet normal 0 -1 -0
    outer loop
      vertex -3 -3 39.5
      vertex -8.5 -3 36
      vertex -3 -3 36
    endloop
  endfacet
  facet normal 0 -1 0
    outer loop
      vertex 3 -3 36
      vertex 8.5 -3 39.5
      vertex 3 -3 39.5
    endloop
  endfacet
  facet normal 0 -1 -0
    outer loop
      vertex 8.5 -3 39.5
      vertex 3 -3 36
      vertex 8.5 -3 36
    endloop
  endfacet
  facet normal 1 -0 0
    outer loop
      vertex 8 -3 49.5
      vertex 8 3 44.5
      vertex 8 3 49.5
    endloop
  endfacet
  facet normal 1 0 0
    outer loop
      vertex 8 3 44.5
      vertex 8 -3 49.5
      vertex 8 -3 44.5
    endloop
  endfacet
  facet normal -0 0 1
    outer loop
      vertex -8 3 49.5
      vertex -3 -3 49.5
      vertex -3 3 49.5
    endloop
  endfacet
  facet normal 0 0 1
    outer loop
      vertex -3 -3 49.5
      vertex -8 3 49.5
      vertex -8 -3 49.5
    endloop
  endfacet
  facet normal 0 0 1
    outer loop
      vertex -3 3 49.5
      vertex 3 3 49.5
      vertex 3 8 49.5
    endloop
  endfacet
  facet normal 0 0 1
    outer loop
      vertex 3 3 49.5
      vertex -3 3 49.5
      vertex 3 -3 49.5
    endloop
  endfacet
  facet normal 0 0 1
    outer loop
      vertex -3 3 49.5
      vertex 3 8 49.5
      vertex -3 8 49.5
    endloop
  endfacet
  facet normal 0 0 1
    outer loop
      vertex -3 -3 49.5
      vertex 3 -3 49.5
      vertex -3 3 49.5
    endloop
  endfacet
  facet normal 0 0 1
    outer loop
      vertex 3 -3 49.5
      vertex -3 -3 49.5
      vertex 3 -8 49.5
    endloop
  endfacet
  facet normal 0 0 1
    outer loop
      vertex 3 -8 49.5
      vertex -3 -3 49.5
      vertex -3 -8 49.5
    endloop
  endfacet
  facet normal -0 0 1
    outer loop
      vertex 3 3 49.5
      vertex 8 -3 49.5
      vertex 8 3 49.5
    endloop
  endfacet
  facet normal 0 0 1
    outer loop
      vertex 8 -3 49.5
      vertex 3 3 49.5
      vertex 3 -3 49.5
    endloop
  endfacet
  facet normal 0 0 -1
    outer loop
      vertex -8 -3 44.5
      vertex -3 3 44.5
      vertex -3 -3 44.5
    endloop
  endfacet
  facet normal -0 0 -1
    outer loop
      vertex -3 3 44.5
      vertex -8 -3 44.5
      vertex -8 3 44.5
    endloop
  endfacet
  facet normal 0 0 -1
    outer loop
      vertex -3 -3 44.5
      vertex 3 -3 44.5
      vertex 3 -8 44.5
    endloop
  endfacet
  facet normal 0 0 -1
    outer loop
      vertex 3 -3 44.5
      vertex -3 -3 44.5
      vertex 3 3 44.5
    endloop
  endfacet
  facet normal 0 0 -1
    outer loop
      vertex -3 -3 44.5
      vertex 3 -8 44.5
      vertex -3 -8 44.5
    endloop
  endfacet
  facet normal 0 0 -1
    outer loop
      vertex -3 3 44.5
      vertex 3 3 44.5
      vertex -3 -3 44.5
    endloop
  endfacet
  facet normal 0 0 -1
    outer loop
      vertex 3 3 44.5
      vertex -3 3 44.5
      vertex 3 8 44.5
    endloop
  endfacet
  facet normal -0 0 -1
    outer loop
      vertex 3 8 44.5
      vertex -3 3 44.5
      vertex -3 8 44.5
    endloop
  endfacet
  facet normal 0 0 -1
    outer loop
      vertex 3 -3 44.5
      vertex 8 3 44.5
      vertex 8 -3 44.5
    endloop
  endfacet
  facet normal -0 0 -1
    outer loop
      vertex 8 3 44.5
      vertex 3 -3 44.5
      vertex 3 3 44.5
    endloop
  endfacet
  facet normal -1 0 0
    outer loop
      vertex -8 -3 44.5
      vertex -8 3 49.5
      vertex -8 3 44.5
    endloop
  endfacet
  facet normal -1 -0 0
    outer loop
      vertex -8 3 49.5
      vertex -8 -3 44.5
      vertex -8 -3 49.5
    endloop
  endfacet
  facet normal 0 1 -0
    outer loop
      vertex -3 3 44.5
      vertex -8 3 49.5
      vertex -3 3 49.5
    endloop
  endfacet
  facet normal 0 1 0
    outer loop
      vertex -8 3 49.5
      vertex -3 3 44.5
      vertex -8 3 44.5
    endloop
  endfacet
  facet normal 0 1 -0
    outer loop
      vertex 8 3 44.5
      vertex 3 3 49.5
      vertex 8 3 49.5
    endloop
  endfacet
  facet normal 0 1 0
    outer loop
      vertex 3 3 49.5
      vertex 8 3 44.5
      vertex 3 3 44.5
    endloop
  endfacet
  facet normal 0 -1 0
    outer loop
      vertex -8 -3 44.5
      vertex -3 -3 49.5
      vertex -8 -3 49.5
    endloop
  endfacet
  facet normal 0 -1 -0
    outer loop
      vertex -3 -3 49.5
      vertex -8 -3 44.5
      vertex -3 -3 44.5
    endloop
  endfacet
  facet normal 0 -1 0
    outer loop
      vertex 3 -3 44.5
      vertex 8 -3 49.5
      vertex 3 -3 49.5
    endloop
  endfacet
  facet normal 0 -1 -0
    outer loop
      vertex 8 -3 49.5
      vertex 3 -3 44.5
      vertex 8 -3 44.5
    endloop
  endfacet
  facet normal 1 -0 0
    outer loop
      vertex 7.5 -3 59.5
      vertex 7.5 3 54.5
      vertex 7.5 3 59.5
    endloop
  endfacet
  facet normal 1 0 0
    outer loop
      vertex 7.5 3 54.5
      vertex 7.5 -3 59.5
      vertex 7.5 -3 54.5
    endloop
  endfacet
  facet normal -0 0 1
    outer loop
      vertex -7.5 3 59.5
      vertex -3 -3 59.5
      vertex -3 3 59.5
    endloop
  endfacet
  facet normal 0 0 1
    outer loop
      vertex -3 -3 59.5
      vertex -7.5 3 59.5
      vertex -7.5 -3 59.5
    endloop
  endfacet
  facet normal 0 0 1
    outer loop
      vertex -3 3 59.5
      vertex 3 3 59.5
      vertex 3 7.5 59.5
    endloop
  endfacet
  facet normal 0 0 1
    outer loop
      vertex 3 3 59.5
      vertex -3 3 59.5
      vertex 3 -3 59.5
    endloop
  endfacet
  facet normal 0 0 1
    outer loop
      vertex -3 3 59.5
      vertex 3 7.5 59.5
      vertex -3 7.5 59.5
    endloop
  endfacet
  facet normal 0 0 1
    outer loop
      vertex -3 -3 59.5
      vertex 3 -3 59.5
      vertex -3 3 59.5
    endloop
  endfacet
  facet normal 0 0 1
    outer loop
      vertex 3 -3 59.5
      vertex -3 -3 59.5
      vertex 3 -7.5 59.5
    endloop
  endfacet
  facet normal 0 0 1
    outer loop
      vertex 3 -7.5 59.5
      vertex -3 -3 59.5
      vertex -3 -7.5 59.5
    endloop
  endfacet
  facet normal -0 0 1
    outer loop
      vertex 3 3 59.5
      vertex 7.5 -3 59.5
      vertex 7.5 3 59.5
    endloop
  endfacet
  facet normal 0 0 1
    outer loop
      vertex 7.5 -3 59.5
      vertex 3 3 59.5
      vertex 3 -3 59.5
    endloop
  endfacet
  facet normal 0 0 -1
    outer loop
      vertex -7.5 -3 54.5
      vertex -3 3 54.5
      vertex -3 -3 54.5
    endloop
  endfacet
  facet normal -0 0 -1
    outer loop
      vertex -3 3 54.5
      vertex -7.5 -3 54.5
      vertex -7.5 3 54.5
    endloop
  endfacet
  facet normal 0 0 -1
    outer loop
      vertex -3 -3 54.5
      vertex 3 -3 54.5
      vertex 3 -7.5 54.5
    endloop
  endfacet
  facet normal 0 0 -1
    outer loop
      vertex 3 -3 54.5
      vertex -3 -3 54.5
      vertex 3 3 54.5
    endloop
  endfacet
  facet normal 0 0 -1
    outer loop
      vertex -3 -3 54.5
      vertex 3 -7.5 54.5
      vertex -3 -7.5 54.5
    endloop
  endfacet
  facet normal 0 0 -1
    outer loop
      vertex -3 3 54.5
      vertex 3 3 54.5
      vertex -3 -3 54.5
    endloop
  endfacet
  facet normal 0 0 -1
    outer loop
      vertex 3 3 54.5
      vertex -3 3 54.5
      vertex 3 7.5 54.5
    endloop
  endfacet
  facet normal -0 0 -1
    outer loop
      vertex 3 7.5 54.5
      vertex -3 3 54.5
      vertex -3 7.5 54.5
    endloop
  endfacet
  facet normal 0 0 -1
    outer loop
      vertex 3 -3 54.5
      vertex 7.5 3 54.5
      vertex 7.5 -3 54.5
    endloop
  endfacet
  facet normal -0 0 -1
    outer loop
      vertex 7.5 3 54.5
      vertex 3 -3 54.5
      vertex 3 3 54.5
    endloop
  endfacet
  facet normal -1 0 0
    outer loop
      vertex -7.5 -3 54.5
      vertex -7.5 3 59.5
      vertex -7.5 3 54.5
    endloop
  endfacet
  facet normal -1 -0 0
    outer loop
      vertex -7.5 3 59.5
      vertex -7.5 -3 54.5
      vertex -7.5 -3 59.5
    endloop
  endfacet
  facet normal 0 1 -0
    outer loop
      vertex -3 3 54.5
      vertex -7.5 3 59.5
      vertex -3 3 59.5
    endloop
  endfacet
  facet normal 0 1 0
    outer loop
      vertex -7.5 3 59.5
      vertex -3 3 54.5
      vertex -7.5 3 54.5
    endloop
  endfacet
  facet normal 0 1 -0
    outer loop
      vertex 7.5 3 54.5
      vertex 3 3 59.5
      vertex 7.5 3 59.5
    endloop
  endfacet
  facet normal 0 1 0
    outer loop
      vertex 3 3 59.5
      vertex 7.5 3 54.5
      vertex 3 3 54.5
    endloop
  endfacet
  facet normal 0 -1 0
    outer loop
      vertex -7.5 -3 54.5
      vertex -3 -3 59.5
      vertex -7.5 -3 59.5
    endloop
  endfacet
  facet normal 0 -1 -0
    outer loop
      vertex -3 -3 59.5
      vertex -7.5 -3 54.5
      vertex -3 -3 54.5
    endloop
  endfacet
  facet normal 0 -1 0
    outer loop
      vertex 3 -3 54.5
      vertex 7.5 -3 59.5
      vertex 3 -3 59.5
    endloop
  endfacet
  facet normal 0 -1 -0
    outer loop
      vertex 7.5 -3 59.5
      vertex 3 -3 54.5
      vertex 7.5 -3 54.5
    endloop
  endfacet
  facet normal 1 -0 0
    outer loop
      vertex 7 -3 69.5
      vertex 7 3 64.5
      vertex 7 3 69.5
    endloop
  endfacet
  facet normal 1 0 0
    outer loop
      vertex 7 3 64.5
      vertex 7 -3 69.5
      vertex 7 -3 64.5
    endloop
  endfacet
  facet normal -0 0 1
    outer loop
      vertex -7 3 69.5
      vertex -3 -3 69.5
      vertex -3 3 69.5
    endloop
  endfacet
  facet normal 0 0 1
    outer loop
      vertex -3 -3 69.5
      vertex -7 3 69.5
      vertex -7 -3 69.5
    endloop
  endfacet
  facet normal 0 0 1
    outer loop
      vertex -3 3 69.5
      vertex 3 3 69.5
      vertex 3 7 69.5
    endloop
  endfacet
  facet normal 0 0 1
    outer loop
      vertex 3 3 69.5
      vertex -3 3 69.5
      vertex 3 -3 69.5
    endloop
  endfacet
  facet normal 0 0 1
    outer loop
      vertex -3 3 69.5
      vertex 3 7 69.5
      vertex -3 7 69.5
    endloop
  endfacet
  facet normal 0 0 1
    outer loop
      vertex -3 -3 69.5
      vertex 3 -3 69.5
      vertex -3 3 69.5
    endloop
  endfacet
  facet normal 0 0 1
    outer loop
      vertex 3 -3 69.5
      vertex -3 -3 69.5
      vertex 3 -7 69.5
    endloop
  endfacet
  facet normal 0 0 1
    outer loop
      vertex 3 -7 69.5
      vertex -3 -3 69.5
      vertex -3 -7 69.5
    endloop
  endfacet
  facet normal -0 0 1
    outer loop
      vertex 3 3 69.5
      vertex 7 -3 69.5
      vertex 7 3 69.5
    endloop
  endfacet
  facet normal 0 0 1
    outer loop
      vertex 7 -3 69.5
      vertex 3 3 69.5
      vertex 3 -3 69.5
    endloop
  endfacet
  facet normal 0 0 -1
    outer loop
      vertex -7 -3 64.5
      vertex -3 3 64.5
      vertex -3 -3 64.5
    endloop
  endfacet
  facet normal -0 0 -1
    outer loop
      vertex -3 3 64.5
      vertex -7 -3 64.5
      vertex -7 3 64.5
    endloop
  endfacet
  facet normal 0 0 -1
    outer loop
      vertex -3 -3 64.5
      vertex 3 -3 64.5
      vertex 3 -7 64.5
    endloop
  endfacet
  facet normal 0 0 -1
    outer loop
      vertex 3 -3 64.5
      vertex -3 -3 64.5
      vertex 3 3 64.5
    endloop
  endfacet
  facet normal 0 0 -1
    outer loop
      vertex -3 -3 64.5
      vertex 3 -7 64.5
      vertex -3 -7 64.5
    endloop
  endfacet
  facet normal 0 0 -1
    outer loop
      vertex -3 3 64.5
      vertex 3 3 64.5
      vertex -3 -3 64.5
    endloop
  endfacet
  facet normal 0 0 -1
    outer loop
      vertex 3 3 64.5
      vertex -3 3 64.5
      vertex 3 7 64.5
    endloop
  endfacet
  facet normal -0 0 -1
    outer loop
      vertex 3 7 64.5
      vertex -3 3 64.5
      vertex -3 7 64.5
    endloop
  endfacet
  facet normal 0 0 -1
    outer loop
      vertex 3 -3 64.5
      vertex 7 3 64.5
      vertex 7 -3 64.5
    endloop
  endfacet
  facet normal -0 0 -1
    outer loop
      vertex 7 3 64.5
      vertex 3 -3 64.5
      vertex 3 3 64.5
    endloop
  endfacet
  facet normal -1 0 0
    outer loop
      vertex -7 -3 64.5
      vertex -7 3 69.5
      vertex -7 3 64.5
    endloop
  endfacet
  facet normal -1 -0 0
    outer loop
      vertex -7 3 69.5
      vertex -7 -3 64.5
      vertex -7 -3 69.5
    endloop
  endfacet
  facet normal 0 1 -0
    outer loop
      vertex -3 3 64.5
      vertex -7 3 69.5
      vertex -3 3 69.5
    endloop
  endfacet
  facet normal 0 1 0
    outer loop
      vertex -7 3 69.5
      vertex -3 3 64.5
      vertex -7 3 64.5
    endloop
  endfacet
  facet normal 0 1 -0
    outer loop
      vertex 7 3 64.5
      vertex 3 3 69.5
      vertex 7 3 69.5
    endloop
  endfacet
  facet normal 0 1 0
    outer loop
      vertex 3 3 69.5
      vertex 7 3 64.5
      vertex 3 3 64.5
    endloop
  endfacet
  facet normal 0 -1 0
    outer loop
      vertex -7 -3 64.5
      vertex -3 -3 69.5
      vertex -7 -3 69.5
    endloop
  endfacet
  facet normal 0 -1 -0
    outer loop
      vertex -3 -3 69.5
      vertex -7 -3 64.5
      vertex -3 -3 64.5
    endloop
  endfacet
  facet normal 0 -1 0
    outer loop
      vertex 3 -3 64.5
      vertex 7 -3 69.5
      vertex 3 -3 69.5
    endloop
  endfacet
  facet normal 0 -1 -0
    outer loop
      vertex 7 -3 69.5
      vertex 3 -3 64.5
      vertex 7 -3 64.5
    endloop
  endfacet
  facet normal 1 0 0
    outer loop
      vertex 7 2.5 84.5
      vertex 7 -2.5 84.5
      vertex 7 2.5 79.5
    endloop
  endfacet
  facet normal 1 -0 0
    outer loop
      vertex 7 2.5 79.5
      vertex 7 3 74.5
      vertex 7 3 79.5
    endloop
  endfacet
  facet normal 1 0 0
    outer loop
      vertex 7 -2.5 79.5
      vertex 7 2.5 79.5
      vertex 7 -2.5 84.5
    endloop
  endfacet
  facet normal 1 0 0
    outer loop
      vertex 7 2.5 79.5
      vertex 7 -2.5 79.5
      vertex 7 3 74.5
    endloop
  endfacet
  facet normal 1 0 0
    outer loop
      vertex 7 -3 74.5
      vertex 7 -2.5 79.5
      vertex 7 -3 79.5
    endloop
  endfacet
  facet normal 1 0 0
    outer loop
      vertex 7 -2.5 79.5
      vertex 7 -3 74.5
      vertex 7 3 74.5
    endloop
  endfacet
  facet normal 0 0 1
    outer loop
      vertex 3 7 79.5
      vertex 2.5 7 79.5
      vertex 3 3 79.5
    endloop
  endfacet
  facet normal -0 0 1
    outer loop
      vertex 3 3 79.5
      vertex 7 2.5 79.5
      vertex 7 3 79.5
    endloop
  endfacet
  facet normal 0 0 1
    outer loop
      vertex 3 3 79.5
      vertex 2.5 2.5 79.5
      vertex 7 2.5 79.5
    endloop
  endfacet
  facet normal 0 0 1
    outer loop
      vertex 2.5 2.5 79.5
      vertex 3 3 79.5
      vertex 2.5 7 79.5
    endloop
  endfacet
  facet normal 0 0 1
    outer loop
      vertex 7 -2.5 79.5
      vertex 3 -3 79.5
      vertex 7 -3 79.5
    endloop
  endfacet
  facet normal -0 0 1
    outer loop
      vertex 2.5 -2.5 79.5
      vertex 3 -3 79.5
      vertex 7 -2.5 79.5
    endloop
  endfacet
  facet normal 0 0 1
    outer loop
      vertex 2.5 -7 79.5
      vertex 3 -3 79.5
      vertex 2.5 -2.5 79.5
    endloop
  endfacet
  facet normal 0 0 1
    outer loop
      vertex 3 -3 79.5
      vertex 2.5 -7 79.5
      vertex 3 -7 79.5
    endloop
  endfacet
  facet normal 0 0 1
    outer loop
      vertex -2.5 -2.5 79.5
      vertex -3 -3 79.5
      vertex -2.5 -7 79.5
    endloop
  endfacet
  facet normal -0 0 1
    outer loop
      vertex -7 -2.5 79.5
      vertex -3 -3 79.5
      vertex -2.5 -2.5 79.5
    endloop
  endfacet
  facet normal 0 0 1
    outer loop
      vertex -3 -3 79.5
      vertex -7 -2.5 79.5
      vertex -7 -3 79.5
    endloop
  endfacet
  facet normal 0 0 1
    outer loop
      vertex -2.5 -7 79.5
      vertex -3 -3 79.5
      vertex -3 -7 79.5
    endloop
  endfacet
  facet normal 0 0 1
    outer loop
      vertex -3 3 79.5
      vertex -2.5 7 79.5
      vertex -3 7 79.5
    endloop
  endfacet
  facet normal 0 0 1
    outer loop
      vertex -2.5 7 79.5
      vertex -3 3 79.5
      vertex -2.5 2.5 79.5
    endloop
  endfacet
  facet normal 0 0 1
    outer loop
      vertex -7 2.5 79.5
      vertex -3 3 79.5
      vertex -7 3 79.5
    endloop
  endfacet
  facet normal 0 0 1
    outer loop
      vertex -3 3 79.5
      vertex -7 2.5 79.5
      vertex -2.5 2.5 79.5
    endloop
  endfacet
  facet normal 0 0 -1
    outer loop
      vertex -7 -3 74.5
      vertex -3 3 74.5
      vertex -3 -3 74.5
    endloop
  endfacet
  facet normal -0 0 -1
    outer loop
      vertex -3 3 74.5
      vertex -7 -3 74.5
      vertex -7 3 74.5
    endloop
  endfacet
  facet normal 0 0 -1
    outer loop
      vertex -3 -3 74.5
      vertex 3 -3 74.5
      vertex 3 -7 74.5
    endloop
  endfacet
  facet normal 0 0 -1
    outer loop
      vertex 3 -3 74.5
      vertex -3 -3 74.5
      vertex 3 3 74.5
    endloop
  endfacet
  facet normal 0 0 -1
    outer loop
      vertex -3 -3 74.5
      vertex 3 -7 74.5
      vertex -3 -7 74.5
    endloop
  endfacet
  facet normal 0 0 -1
    outer loop
      vertex -3 3 74.5
      vertex 3 3 74.5
      vertex -3 -3 74.5
    endloop
  endfacet
  facet normal 0 0 -1
    outer loop
      vertex 3 3 74.5
      vertex -3 3 74.5
      vertex 3 7 74.5
    endloop
  endfacet
  facet normal -0 0 -1
    outer loop
      vertex 3 7 74.5
      vertex -3 3 74.5
      vertex -3 7 74.5
    endloop
  endfacet
  facet normal 0 0 -1
    outer loop
      vertex 3 -3 74.5
      vertex 7 3 74.5
      vertex 7 -3 74.5
    endloop
  endfacet
  facet normal -0 0 -1
    outer loop
      vertex 7 3 74.5
      vertex 3 -3 74.5
      vertex 3 3 74.5
    endloop
  endfacet
  facet normal -1 0 0
    outer loop
      vertex -7 3 74.5
      vertex -7 2.5 79.5
      vertex -7 3 79.5
    endloop
  endfacet
  facet normal -1 0 0
    outer loop
      vertex -7 2.5 79.5
      vertex -7 -2.5 79.5
      vertex -7 2.5 84.5
    endloop
  endfacet
  facet normal -1 0 0
    outer loop
      vertex -7 3 74.5
      vertex -7 -2.5 79.5
      vertex -7 2.5 79.5
    endloop
  endfacet
  facet normal -1 0 0
    outer loop
      vertex -7 -3 74.5
      vertex -7 -2.5 79.5
      vertex -7 3 74.5
    endloop
  endfacet
  facet normal -1 -0 0
    outer loop
      vertex -7 -2.5 79.5
      vertex -7 -3 74.5
      vertex -7 -3 79.5
    endloop
  endfacet
  facet normal -1 -0 0
    outer loop
      vertex -7 2.5 84.5
      vertex -7 -2.5 79.5
      vertex -7 -2.5 84.5
    endloop
  endfacet
  facet normal 0 1 -0
    outer loop
      vertex -3 3 74.5
      vertex -7 3 79.5
      vertex -3 3 79.5
    endloop
  endfacet
  facet normal 0 1 0
    outer loop
      vertex -7 3 79.5
      vertex -3 3 74.5
      vertex -7 3 74.5
    endloop
  endfacet
  facet normal 0 1 -0
    outer loop
      vertex 7 3 74.5
      vertex 3 3 79.5
      vertex 7 3 79.5
    endloop
  endfacet
  facet normal 0 1 0
    outer loop
      vertex 3 3 79.5
      vertex 7 3 74.5
      vertex 3 3 74.5
    endloop
  endfacet
  facet normal 0 -1 0
    outer loop
      vertex -7 -3 74.5
      vertex -3 -3 79.5
      vertex -7 -3 79.5
    endloop
  endfacet
  facet normal 0 -1 -0
    outer loop
      vertex -3 -3 79.5
      vertex -7 -3 74.5
      vertex -3 -3 74.5
    endloop
  endfacet
  facet normal 0 -1 0
    outer loop
      vertex 3 -3 74.5
      vertex 7 -3 79.5
      vertex 3 -3 79.5
    endloop
  endfacet
  facet normal 0 -1 -0
    outer loop
      vertex 7 -3 79.5
      vertex 3 -3 74.5
      vertex 7 -3 74.5
    endloop
  endfacet
  facet normal 1 -0 0
    outer loop
      vertex 9 -9 89.5
      vertex 9 9 84.5
      vertex 9 9 89.5
    endloop
  endfacet
  facet normal 1 0 0
    outer loop
      vertex 9 9 84.5
      vertex 9 -9 89.5
      vertex 9 -9 84.5
    endloop
  endfacet
  facet normal 0 0 1
    outer loop
      vertex 4.8976 5.41075 89.5
      vertex -4.8976 5.41075 89.5
      vertex 4.96066 5.30554 89.5
    endloop
  endfacet
  facet normal 0 0 1
    outer loop
      vertex 5.11612 -5.11612 89.5
      vertex -4.75602 -5.87748 89.5
      vertex -4.75 -6 89.5
    endloop
  endfacet
  facet normal 0 0 1
    outer loop
      vertex -4.96066 5.30554 89.5
      vertex 4.96066 5.30554 89.5
      vertex -4.8976 5.41075 89.5
    endloop
  endfacet
  facet normal 0 0 1
    outer loop
      vertex 5.11612 -5.11612 89.5
      vertex -4.77402 -5.75614 89.5
      vertex -4.75602 -5.87748 89.5
    endloop
  endfacet
  facet normal 0 0 1
    outer loop
      vertex 4.96066 5.30554 89.5
      vertex -4.96066 5.30554 89.5
      vertex 5.03374 5.20701 89.5
    endloop
  endfacet
  facet normal 0 0 1
    outer loop
      vertex 5.11612 -5.11612 89.5
      vertex -4.80382 -5.63714 89.5
      vertex -4.77402 -5.75614 89.5
    endloop
  endfacet
  facet normal 0 0 1
    outer loop
      vertex -5.03374 5.20701 89.5
      vertex 5.03374 5.20701 89.5
      vertex -4.96066 5.30554 89.5
    endloop
  endfacet
  facet normal 0 0 1
    outer loop
      vertex 5.11612 -5.11612 89.5
      vertex -4.84515 -5.52165 89.5
      vertex -4.80382 -5.63714 89.5
    endloop
  endfacet
  facet normal 0 0 1
    outer loop
      vertex 5.03374 5.20701 89.5
      vertex -5.03374 5.20701 89.5
      vertex 5.11612 5.11612 89.5
    endloop
  endfacet
  facet normal 0 0 1
    outer loop
      vertex 5.11612 -5.11612 89.5
      vertex -4.8976 -5.41075 89.5
      vertex -4.84515 -5.52165 89.5
    endloop
  endfacet
  facet normal 0 0 1
    outer loop
      vertex -5.11612 5.11612 89.5
      vertex 5.11612 5.11612 89.5
      vertex -5.03374 5.20701 89.5
    endloop
  endfacet
  facet normal 0 0 1
    outer loop
      vertex 5.11612 -5.11612 89.5
      vertex -4.96066 -5.30554 89.5
      vertex -4.8976 -5.41075 89.5
    endloop
  endfacet
  facet normal 0 0 1
    outer loop
      vertex 5.11612 5.11612 89.5
      vertex -5.11612 5.11612 89.5
      vertex 5.11612 -5.11612 89.5
    endloop
  endfacet
  facet normal 0 0 1
    outer loop
      vertex 5.11612 -5.11612 89.5
      vertex -5.03374 -5.20701 89.5
      vertex -4.96066 -5.30554 89.5
    endloop
  endfacet
  facet normal 0 0 1
    outer loop
      vertex -5.11612 -5.11612 89.5
      vertex 5.11612 -5.11612 89.5
      vertex -5.11612 5.11612 89.5
    endloop
  endfacet
  facet normal 0 0 1
    outer loop
      vertex 5.11612 -5.11612 89.5
      vertex -5.11612 -5.11612 89.5
      vertex -5.03374 -5.20701 89.5
    endloop
  endfacet
  facet normal -0 0 1
    outer loop
      vertex -5.20701 5.03374 89.5
      vertex -5.11612 -5.11612 89.5
      vertex -5.11612 5.11612 89.5
    endloop
  endfacet
  facet normal 0 0 1
    outer loop
      vertex -5.20701 5.03374 89.5
      vertex -5.20701 -5.03374 89.5
      vertex -5.11612 -5.11612 89.5
    endloop
  endfacet
  facet normal -0 0 1
    outer loop
      vertex -5.30554 4.96066 89.5
      vertex -5.20701 -5.03374 89.5
      vertex -5.20701 5.03374 89.5
    endloop
  endfacet
  facet normal 0 0 1
    outer loop
      vertex -5.30554 4.96066 89.5
      vertex -5.30554 -4.96066 89.5
      vertex -5.20701 -5.03374 89.5
    endloop
  endfacet
  facet normal -0 0 1
    outer loop
      vertex -5.41075 4.8976 89.5
      vertex -5.30554 -4.96066 89.5
      vertex -5.30554 4.96066 89.5
    endloop
  endfacet
  facet normal 0 0 1
    outer loop
      vertex -5.41075 4.8976 89.5
      vertex -5.41075 -4.8976 89.5
      vertex -5.30554 -4.96066 89.5
    endloop
  endfacet
  facet normal -0 0 1
    outer loop
      vertex -5.52165 4.84515 89.5
      vertex -5.41075 -4.8976 89.5
      vertex -5.41075 4.8976 89.5
    endloop
  endfacet
  facet normal 0 0 1
    outer loop
      vertex -5.52165 4.84515 89.5
      vertex -5.52165 -4.84515 89.5
      vertex -5.41075 -4.8976 89.5
    endloop
  endfacet
  facet normal -0 0 1
    outer loop
      vertex -5.63714 4.80382 89.5
      vertex -5.52165 -4.84515 89.5
      vertex -5.52165 4.84515 89.5
    endloop
  endfacet
  facet normal 0 0 1
    outer loop
      vertex -5.63714 4.80382 89.5
      vertex -5.63714 -4.80382 89.5
      vertex -5.52165 -4.84515 89.5
    endloop
  endfacet
  facet normal -0 0 1
    outer loop
      vertex -5.75614 4.77402 89.5
      vertex -5.63714 -4.80382 89.5
      vertex -5.63714 4.80382 89.5
    endloop
  endfacet
  facet normal 0 0 1
    outer loop
      vertex -5.75614 4.77402 89.5
      vertex -5.75614 -4.77402 89.5
      vertex -5.63714 -4.80382 89.5
    endloop
  endfacet
  facet normal -0 0 1
    outer loop
      vertex -5.87748 4.75602 89.5
      vertex -5.75614 -4.77402 89.5
      vertex -5.75614 4.77402 89.5
    endloop
  endfacet
  facet normal 0 0 1
    outer loop
      vertex -5.87748 4.75602 89.5
      vertex -5.87748 -4.75602 89.5
      vertex -5.75614 -4.77402 89.5
    endloop
  endfacet
  facet normal -0 0 1
    outer loop
      vertex -6 4.75 89.5
      vertex -5.87748 -4.75602 89.5
      vertex -5.87748 4.75602 89.5
    endloop
  endfacet
  facet normal 0 0 1
    outer loop
      vertex -6 4.75 89.5
      vertex -6 -4.75 89.5
      vertex -5.87748 -4.75602 89.5
    endloop
  endfacet
  facet normal 0 0 1
    outer loop
      vertex -6.12252 4.75602 89.5
      vertex -6 -4.75 89.5
      vertex -6 4.75 89.5
    endloop
  endfacet
  facet normal 0 0 1
    outer loop
      vertex -6.12252 4.75602 89.5
      vertex -6.12252 -4.75602 89.5
      vertex -6 -4.75 89.5
    endloop
  endfacet
  facet normal 0 0 1
    outer loop
      vertex -6.24386 4.77402 89.5
      vertex -6.12252 -4.75602 89.5
      vertex -6.12252 4.75602 89.5
    endloop
  endfacet
  facet normal 0 0 1
    outer loop
      vertex -6.24386 4.77402 89.5
      vertex -6.24386 -4.77402 89.5
      vertex -6.12252 -4.75602 89.5
    endloop
  endfacet
  facet normal 0 0 1
    outer loop
      vertex -6.36285 4.80382 89.5
      vertex -6.24386 -4.77402 89.5
      vertex -6.24386 4.77402 89.5
    endloop
  endfacet
  facet normal 0 0 1
    outer loop
      vertex -6.36285 4.80382 89.5
      vertex -6.36285 -4.80382 89.5
      vertex -6.24386 -4.77402 89.5
    endloop
  endfacet
  facet normal 0 0 1
    outer loop
      vertex -6.47835 4.84515 89.5
      vertex -6.36285 -4.80382 89.5
      vertex -6.36285 4.80382 89.5
    endloop
  endfacet
  facet normal 0 0 1
    outer loop
      vertex -6.47835 4.84515 89.5
      vertex -6.47835 -4.84515 89.5
      vertex -6.36285 -4.80382 89.5
    endloop
  endfacet
  facet normal 0 0 1
    outer loop
      vertex -6.58925 4.8976 89.5
      vertex -6.47835 -4.84515 89.5
      vertex -6.47835 4.84515 89.5
    endloop
  endfacet
  facet normal 0 0 1
    outer loop
      vertex -6.58925 4.8976 89.5
      vertex -6.58925 -4.8976 89.5
      vertex -6.47835 -4.84515 89.5
    endloop
  endfacet
  facet normal 0 0 1
    outer loop
      vertex -6.69446 4.96066 89.5
      vertex -6.58925 -4.8976 89.5
      vertex -6.58925 4.8976 89.5
    endloop
  endfacet
  facet normal 0 0 1
    outer loop
      vertex -6.69446 4.96066 89.5
      vertex -6.69446 -4.96066 89.5
      vertex -6.58925 -4.8976 89.5
    endloop
  endfacet
  facet normal 0 0 1
    outer loop
      vertex -6.79299 5.03374 89.5
      vertex -6.69446 -4.96066 89.5
      vertex -6.69446 4.96066 89.5
    endloop
  endfacet
  facet normal 0 0 1
    outer loop
      vertex -6.79299 5.03374 89.5
      vertex -6.79299 -5.03374 89.5
      vertex -6.69446 -4.96066 89.5
    endloop
  endfacet
  facet normal 0 0 1
    outer loop
      vertex -6.88388 5.11612 89.5
      vertex -6.79299 -5.03374 89.5
      vertex -6.79299 5.03374 89.5
    endloop
  endfacet
  facet normal 0 0 1
    outer loop
      vertex -6.88388 5.11612 89.5
      vertex -6.88388 -5.11612 89.5
      vertex -6.79299 -5.03374 89.5
    endloop
  endfacet
  facet normal 0 0 1
    outer loop
      vertex -6.96626 5.20701 89.5
      vertex -6.88388 -5.11612 89.5
      vertex -6.88388 5.11612 89.5
    endloop
  endfacet
  facet normal 0 0 1
    outer loop
      vertex -6.96626 5.20701 89.5
      vertex -6.96626 -5.20701 89.5
      vertex -6.88388 -5.11612 89.5
    endloop
  endfacet
  facet normal 0 0 1
    outer loop
      vertex -7.03934 5.30554 89.5
      vertex -6.96626 -5.20701 89.5
      vertex -6.96626 5.20701 89.5
    endloop
  endfacet
  facet normal 0 0 1
    outer loop
      vertex -7.03934 5.30554 89.5
      vertex -7.03934 -5.30554 89.5
      vertex -6.96626 -5.20701 89.5
    endloop
  endfacet
  facet normal 0 0 1
    outer loop
      vertex -7.1024 5.41075 89.5
      vertex -7.03934 -5.30554 89.5
      vertex -7.03934 5.30554 89.5
    endloop
  endfacet
  facet normal 0 0 1
    outer loop
      vertex -7.1024 5.41075 89.5
      vertex -7.1024 -5.41075 89.5
      vertex -7.03934 -5.30554 89.5
    endloop
  endfacet
  facet normal 0 0 1
    outer loop
      vertex -7.15485 5.52165 89.5
      vertex -7.1024 -5.41075 89.5
      vertex -7.1024 5.41075 89.5
    endloop
  endfacet
  facet normal 0 0 1
    outer loop
      vertex -7.15485 5.52165 89.5
      vertex -7.15485 -5.52165 89.5
      vertex -7.1024 -5.41075 89.5
    endloop
  endfacet
  facet normal 0 0 1
    outer loop
      vertex -9 9 89.5
      vertex -7.15485 5.52165 89.5
      vertex -7.19617 5.63714 89.5
    endloop
  endfacet
  facet normal 0 0 1
    outer loop
      vertex -7.15485 5.52165 89.5
      vertex -9 9 89.5
      vertex -7.15485 -5.52165 89.5
    endloop
  endfacet
  facet normal 0 0 1
    outer loop
      vertex -9 9 89.5
      vertex -7.19617 5.63714 89.5
      vertex -7.22598 5.75614 89.5
    endloop
  endfacet
  facet normal 0 0 1
    outer loop
      vertex -9 -9 89.5
      vertex -7.15485 -5.52165 89.5
      vertex -9 9 89.5
    endloop
  endfacet
  facet normal 0 0 1
    outer loop
      vertex -9 9 89.5
      vertex -7.22598 5.75614 89.5
      vertex -7.24398 5.87748 89.5
    endloop
  endfacet
  facet normal 0 0 1
    outer loop
      vertex -7.15485 -5.52165 89.5
      vertex -9 -9 89.5
      vertex -7.19617 -5.63714 89.5
    endloop
  endfacet
  facet normal 0 0 1
    outer loop
      vertex -9 9 89.5
      vertex -7.24398 5.87748 89.5
      vertex -7.25 6 89.5
    endloop
  endfacet
  facet normal 0 0 1
    outer loop
      vertex -7.19617 -5.63714 89.5
      vertex -9 -9 89.5
      vertex -7.22598 -5.75614 89.5
    endloop
  endfacet
  facet normal 0 0 1
    outer loop
      vertex 7.19617 5.63714 89.5
      vertex 9 9 89.5
      vertex 7.22598 5.75614 89.5
    endloop
  endfacet
  facet normal 0 0 1
    outer loop
      vertex 9 -9 89.5
      vertex 7.24398 -5.87748 89.5
      vertex 7.25 -6 89.5
    endloop
  endfacet
  facet normal 0 0 1
    outer loop
      vertex 7.15485 5.52165 89.5
      vertex 9 9 89.5
      vertex 7.19617 5.63714 89.5
    endloop
  endfacet
  facet normal 0 0 1
    outer loop
      vertex 9 -9 89.5
      vertex 7.22598 -5.75614 89.5
      vertex 7.24398 -5.87748 89.5
    endloop
  endfacet
  facet normal 0 0 1
    outer loop
      vertex 9 9 89.5
      vertex 7.15485 5.52165 89.5
      vertex 9 -9 89.5
    endloop
  endfacet
  facet normal 0 0 1
    outer loop
      vertex 9 -9 89.5
      vertex 7.19617 -5.63714 89.5
      vertex 7.22598 -5.75614 89.5
    endloop
  endfacet
  facet normal -0 0 1
    outer loop
      vertex 7.15485 -5.52165 89.5
      vertex 9 -9 89.5
      vertex 7.15485 5.52165 89.5
    endloop
  endfacet
  facet normal 0 0 1
    outer loop
      vertex 9 -9 89.5
      vertex 7.15485 -5.52165 89.5
      vertex 7.19617 -5.63714 89.5
    endloop
  endfacet
  facet normal -0 0 1
    outer loop
      vertex 7.1024 5.41075 89.5
      vertex 7.15485 -5.52165 89.5
      vertex 7.15485 5.52165 89.5
    endloop
  endfacet
  facet normal 0 0 1
    outer loop
      vertex 7.1024 5.41075 89.5
      vertex 7.1024 -5.41075 89.5
      vertex 7.15485 -5.52165 89.5
    endloop
  endfacet
  facet normal -0 0 1
    outer loop
      vertex 7.03934 5.30554 89.5
      vertex 7.1024 -5.41075 89.5
      vertex 7.1024 5.41075 89.5
    endloop
  endfacet
  facet normal 0 0 1
    outer loop
      vertex 7.03934 5.30554 89.5
      vertex 7.03934 -5.30554 89.5
      vertex 7.1024 -5.41075 89.5
    endloop
  endfacet
  facet normal -0 0 1
    outer loop
      vertex 6.96626 5.20701 89.5
      vertex 7.03934 -5.30554 89.5
      vertex 7.03934 5.30554 89.5
    endloop
  endfacet
  facet normal 0 0 1
    outer loop
      vertex 6.96626 5.20701 89.5
      vertex 6.96626 -5.20701 89.5
      vertex 7.03934 -5.30554 89.5
    endloop
  endfacet
  facet normal -0 0 1
    outer loop
      vertex 6.88388 5.11612 89.5
      vertex 6.96626 -5.20701 89.5
      vertex 6.96626 5.20701 89.5
    endloop
  endfacet
  facet normal 0 0 1
    outer loop
      vertex 6.88388 5.11612 89.5
      vertex 6.88388 -5.11612 89.5
      vertex 6.96626 -5.20701 89.5
    endloop
  endfacet
  facet normal -0 0 1
    outer loop
      vertex 6.79299 5.03374 89.5
      vertex 6.88388 -5.11612 89.5
      vertex 6.88388 5.11612 89.5
    endloop
  endfacet
  facet normal 0 0 1
    outer loop
      vertex 6.79299 5.03374 89.5
      vertex 6.79299 -5.03374 89.5
      vertex 6.88388 -5.11612 89.5
    endloop
  endfacet
  facet normal -0 0 1
    outer loop
      vertex 6.69446 4.96066 89.5
      vertex 6.79299 -5.03374 89.5
      vertex 6.79299 5.03374 89.5
    endloop
  endfacet
  facet normal 0 0 1
    outer loop
      vertex 6.69446 4.96066 89.5
      vertex 6.69446 -4.96066 89.5
      vertex 6.79299 -5.03374 89.5
    endloop
  endfacet
  facet normal -0 0 1
    outer loop
      vertex 6.58925 4.8976 89.5
      vertex 6.69446 -4.96066 89.5
      vertex 6.69446 4.96066 89.5
    endloop
  endfacet
  facet normal 0 0 1
    outer loop
      vertex 6.58925 4.8976 89.5
      vertex 6.58925 -4.8976 89.5
      vertex 6.69446 -4.96066 89.5
    endloop
  endfacet
  facet normal -0 0 1
    outer loop
      vertex 6.47835 4.84515 89.5
      vertex 6.58925 -4.8976 89.5
      vertex 6.58925 4.8976 89.5
    endloop
  endfacet
  facet normal 0 0 1
    outer loop
      vertex 6.47835 4.84515 89.5
      vertex 6.47835 -4.84515 89.5
      vertex 6.58925 -4.8976 89.5
    endloop
  endfacet
  facet normal -0 0 1
    outer loop
      vertex 6.36285 4.80382 89.5
      vertex 6.47835 -4.84515 89.5
      vertex 6.47835 4.84515 89.5
    endloop
  endfacet
  facet normal 0 0 1
    outer loop
      vertex 6.36285 4.80382 89.5
      vertex 6.36285 -4.80382 89.5
      vertex 6.47835 -4.84515 89.5
    endloop
  endfacet
  facet normal -0 0 1
    outer loop
      vertex 6.24386 4.77402 89.5
      vertex 6.36285 -4.80382 89.5
      vertex 6.36285 4.80382 89.5
    endloop
  endfacet
  facet normal 0 0 1
    outer loop
      vertex 6.24386 4.77402 89.5
      vertex 6.24386 -4.77402 89.5
      vertex 6.36285 -4.80382 89.5
    endloop
  endfacet
  facet normal -0 0 1
    outer loop
      vertex 6.12252 4.75602 89.5
      vertex 6.24386 -4.77402 89.5
      vertex 6.24386 4.77402 89.5
    endloop
  endfacet
  facet normal 0 0 1
    outer loop
      vertex 6.12252 4.75602 89.5
      vertex 6.12252 -4.75602 89.5
      vertex 6.24386 -4.77402 89.5
    endloop
  endfacet
  facet normal -0 0 1
    outer loop
      vertex 6 4.75 89.5
      vertex 6.12252 -4.75602 89.5
      vertex 6.12252 4.75602 89.5
    endloop
  endfacet
  facet normal 0 0 1
    outer loop
      vertex 6 4.75 89.5
      vertex 6 -4.75 89.5
      vertex 6.12252 -4.75602 89.5
    endloop
  endfacet
  facet normal 0 0 1
    outer loop
      vertex 5.87748 4.75602 89.5
      vertex 6 -4.75 89.5
      vertex 6 4.75 89.5
    endloop
  endfacet
  facet normal 0 0 1
    outer loop
      vertex 5.87748 4.75602 89.5
      vertex 5.87748 -4.75602 89.5
      vertex 6 -4.75 89.5
    endloop
  endfacet
  facet normal 0 0 1
    outer loop
      vertex 5.75614 4.77402 89.5
      vertex 5.87748 -4.75602 89.5
      vertex 5.87748 4.75602 89.5
    endloop
  endfacet
  facet normal 0 0 1
    outer loop
      vertex 5.75614 4.77402 89.5
      vertex 5.75614 -4.77402 89.5
      vertex 5.87748 -4.75602 89.5
    endloop
  endfacet
  facet normal 0 0 1
    outer loop
      vertex 5.63714 4.80382 89.5
      vertex 5.75614 -4.77402 89.5
      vertex 5.75614 4.77402 89.5
    endloop
  endfacet
  facet normal 0 0 1
    outer loop
      vertex 5.63714 4.80382 89.5
      vertex 5.63714 -4.80382 89.5
      vertex 5.75614 -4.77402 89.5
    endloop
  endfacet
  facet normal 0 0 1
    outer loop
      vertex 5.52165 4.84515 89.5
      vertex 5.63714 -4.80382 89.5
      vertex 5.63714 4.80382 89.5
    endloop
  endfacet
  facet normal 0 0 1
    outer loop
      vertex 5.52165 4.84515 89.5
      vertex 5.52165 -4.84515 89.5
      vertex 5.63714 -4.80382 89.5
    endloop
  endfacet
  facet normal 0 0 1
    outer loop
      vertex 5.41075 4.8976 89.5
      vertex 5.52165 -4.84515 89.5
      vertex 5.52165 4.84515 89.5
    endloop
  endfacet
  facet normal 0 0 1
    outer loop
      vertex 5.41075 4.8976 89.5
      vertex 5.41075 -4.8976 89.5
      vertex 5.52165 -4.84515 89.5
    endloop
  endfacet
  facet normal 0 0 1
    outer loop
      vertex 5.30554 4.96066 89.5
      vertex 5.41075 -4.8976 89.5
      vertex 5.41075 4.8976 89.5
    endloop
  endfacet
  facet normal 0 0 1
    outer loop
      vertex 5.30554 4.96066 89.5
      vertex 5.30554 -4.96066 89.5
      vertex 5.41075 -4.8976 89.5
    endloop
  endfacet
  facet normal 0 0 1
    outer loop
      vertex 5.20701 5.03374 89.5
      vertex 5.30554 -4.96066 89.5
      vertex 5.30554 4.96066 89.5
    endloop
  endfacet
  facet normal 0 0 1
    outer loop
      vertex 5.20701 5.03374 89.5
      vertex 5.20701 -5.03374 89.5
      vertex 5.30554 -4.96066 89.5
    endloop
  endfacet
  facet normal 0 0 1
    outer loop
      vertex 5.11612 5.11612 89.5
      vertex 5.20701 -5.03374 89.5
      vertex 5.20701 5.03374 89.5
    endloop
  endfacet
  facet normal 0 0 1
    outer loop
      vertex 5.11612 5.11612 89.5
      vertex 5.11612 -5.11612 89.5
      vertex 5.20701 -5.03374 89.5
    endloop
  endfacet
  facet normal 0 0 1
    outer loop
      vertex -4.84515 5.52165 89.5
      vertex 4.84515 5.52165 89.5
      vertex -4.80382 5.63714 89.5
    endloop
  endfacet
  facet normal 0 0 1
    outer loop
      vertex 4.84515 5.52165 89.5
      vertex -4.84515 5.52165 89.5
      vertex 4.8976 5.41075 89.5
    endloop
  endfacet
  facet normal 0 0 1
    outer loop
      vertex 4.80382 5.63714 89.5
      vertex -4.80382 5.63714 89.5
      vertex 4.84515 5.52165 89.5
    endloop
  endfacet
  facet normal 0 0 1
    outer loop
      vertex -4.8976 5.41075 89.5
      vertex 4.8976 5.41075 89.5
      vertex -4.84515 5.52165 89.5
    endloop
  endfacet
  facet normal 0 0 1
    outer loop
      vertex -4.80382 5.63714 89.5
      vertex 4.80382 5.63714 89.5
      vertex -4.77402 5.75614 89.5
    endloop
  endfacet
  facet normal 0 0 1
    outer loop
      vertex 5.11612 -5.11612 89.5
      vertex -4.75 -6 89.5
      vertex 5.03374 -5.20701 89.5
    endloop
  endfacet
  facet normal 0 0 1
    outer loop
      vertex 4.77402 5.75614 89.5
      vertex -4.77402 5.75614 89.5
      vertex 4.80382 5.63714 89.5
    endloop
  endfacet
  facet normal 0 0 1
    outer loop
      vertex 5.03374 -5.20701 89.5
      vertex -4.75 -6 89.5
      vertex 4.96066 -5.30554 89.5
    endloop
  endfacet
  facet normal 0 0 1
    outer loop
      vertex -4.77402 5.75614 89.5
      vertex 4.77402 5.75614 89.5
      vertex -4.75602 5.87748 89.5
    endloop
  endfacet
  facet normal 0 0 1
    outer loop
      vertex 4.96066 -5.30554 89.5
      vertex -4.75 -6 89.5
      vertex 4.8976 -5.41075 89.5
    endloop
  endfacet
  facet normal 0 0 1
    outer loop
      vertex 4.75602 5.87748 89.5
      vertex -4.75602 5.87748 89.5
      vertex 4.77402 5.75614 89.5
    endloop
  endfacet
  facet normal 0 0 1
    outer loop
      vertex 4.8976 -5.41075 89.5
      vertex -4.75 -6 89.5
      vertex 4.84515 -5.52165 89.5
    endloop
  endfacet
  facet normal 0 0 1
    outer loop
      vertex -4.75602 5.87748 89.5
      vertex 4.75602 5.87748 89.5
      vertex -4.75 6 89.5
    endloop
  endfacet
  facet normal 0 0 1
    outer loop
      vertex 4.84515 -5.52165 89.5
      vertex -4.75 -6 89.5
      vertex 4.80382 -5.63714 89.5
    endloop
  endfacet
  facet normal -0 0 1
    outer loop
      vertex -4.75 6 89.5
      vertex 4.75602 5.87748 89.5
      vertex 4.75 6 89.5
    endloop
  endfacet
  facet normal 0 0 1
    outer loop
      vertex 4.80382 -5.63714 89.5
      vertex -4.75 -6 89.5
      vertex 4.77402 -5.75614 89.5
    endloop
  endfacet
  facet normal 0 0 1
    outer loop
      vertex 7.24398 5.87748 89.5
      vertex 9 9 89.5
      vertex 7.25 6 89.5
    endloop
  endfacet
  facet normal 0 0 1
    outer loop
      vertex 9 9 89.5
      vertex 7.24398 6.12252 89.5
      vertex 7.25 6 89.5
    endloop
  endfacet
  facet normal 0 0 1
    outer loop
      vertex 9 9 89.5
      vertex 7.22598 6.24386 89.5
      vertex 7.24398 6.12252 89.5
    endloop
  endfacet
  facet normal 0 0 1
    outer loop
      vertex 9 9 89.5
      vertex 7.19617 6.36285 89.5
      vertex 7.22598 6.24386 89.5
    endloop
  endfacet
  facet normal 0 0 1
    outer loop
      vertex 9 9 89.5
      vertex 7.15485 6.47835 89.5
      vertex 7.19617 6.36285 89.5
    endloop
  endfacet
  facet normal 0 0 1
    outer loop
      vertex 9 9 89.5
      vertex 7.1024 6.58925 89.5
      vertex 7.15485 6.47835 89.5
    endloop
  endfacet
  facet normal 0 0 1
    outer loop
      vertex 9 9 89.5
      vertex 7.03934 6.69446 89.5
      vertex 7.1024 6.58925 89.5
    endloop
  endfacet
  facet normal 0 0 1
    outer loop
      vertex 9 9 89.5
      vertex 6.96626 6.79299 89.5
      vertex 7.03934 6.69446 89.5
    endloop
  endfacet
  facet normal 0 0 1
    outer loop
      vertex 9 9 89.5
      vertex 6.88388 6.88388 89.5
      vertex 6.96626 6.79299 89.5
    endloop
  endfacet
  facet normal 0 0 1
    outer loop
      vertex 9 9 89.5
      vertex 6.79299 6.96626 89.5
      vertex 6.88388 6.88388 89.5
    endloop
  endfacet
  facet normal 0 0 1
    outer loop
      vertex 9 9 89.5
      vertex 6.69446 7.03934 89.5
      vertex 6.79299 6.96626 89.5
    endloop
  endfacet
  facet normal 0 0 1
    outer loop
      vertex 9 9 89.5
      vertex 6.58925 7.1024 89.5
      vertex 6.69446 7.03934 89.5
    endloop
  endfacet
  facet normal 0 0 1
    outer loop
      vertex 9 9 89.5
      vertex 6.47835 7.15485 89.5
      vertex 6.58925 7.1024 89.5
    endloop
  endfacet
  facet normal 0 0 1
    outer loop
      vertex 9 9 89.5
      vertex 6.36285 7.19617 89.5
      vertex 6.47835 7.15485 89.5
    endloop
  endfacet
  facet normal 0 0 1
    outer loop
      vertex 9 9 89.5
      vertex 6.24386 7.22598 89.5
      vertex 6.36285 7.19617 89.5
    endloop
  endfacet
  facet normal 0 0 1
    outer loop
      vertex 9 9 89.5
      vertex 6.12252 7.24398 89.5
      vertex 6.24386 7.22598 89.5
    endloop
  endfacet
  facet normal 0 0 1
    outer loop
      vertex 9 9 89.5
      vertex 6 7.25 89.5
      vertex 6.12252 7.24398 89.5
    endloop
  endfacet
  facet normal 0 0 1
    outer loop
      vertex 9 9 89.5
      vertex 5.87748 7.24398 89.5
      vertex 6 7.25 89.5
    endloop
  endfacet
  facet normal 0 0 1
    outer loop
      vertex 9 9 89.5
      vertex 5.75614 7.22598 89.5
      vertex 5.87748 7.24398 89.5
    endloop
  endfacet
  facet normal 0 0 1
    outer loop
      vertex 9 9 89.5
      vertex 5.63714 7.19617 89.5
      vertex 5.75614 7.22598 89.5
    endloop
  endfacet
  facet normal 0 0 1
    outer loop
      vertex 9 9 89.5
      vertex 5.52165 7.15485 89.5
      vertex 5.63714 7.19617 89.5
    endloop
  endfacet
  facet normal 0 0 1
    outer loop
      vertex -5.52165 7.15485 89.5
      vertex 5.52165 7.15485 89.5
      vertex 9 9 89.5
    endloop
  endfacet
  facet normal 0 0 1
    outer loop
      vertex 4.77402 -5.75614 89.5
      vertex -4.75 -6 89.5
      vertex 4.75602 -5.87748 89.5
    endloop
  endfacet
  facet normal 0 0 1
    outer loop
      vertex 4.75602 6.12252 89.5
      vertex -4.75 6 89.5
      vertex 4.75 6 89.5
    endloop
  endfacet
  facet normal 0 0 1
    outer loop
      vertex -4.75602 6.12252 89.5
      vertex 4.75602 6.12252 89.5
      vertex 4.77402 6.24386 89.5
    endloop
  endfacet
  facet normal 0 0 1
    outer loop
      vertex -4.77402 6.24386 89.5
      vertex 4.77402 6.24386 89.5
      vertex 4.80382 6.36285 89.5
    endloop
  endfacet
  facet normal 0 0 1
    outer loop
      vertex -4.80382 6.36285 89.5
      vertex 4.80382 6.36285 89.5
      vertex 4.84515 6.47835 89.5
    endloop
  endfacet
  facet normal 0 0 1
    outer loop
      vertex -4.84515 6.47835 89.5
      vertex 4.84515 6.47835 89.5
      vertex 4.8976 6.58925 89.5
    endloop
  endfacet
  facet normal 0 0 1
    outer loop
      vertex -4.8976 6.58925 89.5
      vertex 4.8976 6.58925 89.5
      vertex 4.96066 6.69446 89.5
    endloop
  endfacet
  facet normal 0 0 1
    outer loop
      vertex -4.96066 6.69446 89.5
      vertex 4.96066 6.69446 89.5
      vertex 5.03374 6.79299 89.5
    endloop
  endfacet
  facet normal 0 0 1
    outer loop
      vertex -5.03374 6.79299 89.5
      vertex 5.03374 6.79299 89.5
      vertex 5.11612 6.88388 89.5
    endloop
  endfacet
  facet normal 0 0 1
    outer loop
      vertex -5.11612 6.88388 89.5
      vertex 5.11612 6.88388 89.5
      vertex 5.20701 6.96626 89.5
    endloop
  endfacet
  facet normal 0 0 1
    outer loop
      vertex -5.20701 6.96626 89.5
      vertex 5.20701 6.96626 89.5
      vertex 5.30554 7.03934 89.5
    endloop
  endfacet
  facet normal 0 0 1
    outer loop
      vertex -5.30554 7.03934 89.5
      vertex 5.30554 7.03934 89.5
      vertex 5.41075 7.1024 89.5
    endloop
  endfacet
  facet normal 0 0 1
    outer loop
      vertex 5.52165 7.15485 89.5
      vertex -5.52165 7.15485 89.5
      vertex 5.41075 7.1024 89.5
    endloop
  endfacet
  facet normal 0 0 1
    outer loop
      vertex 4.75602 6.12252 89.5
      vertex -4.75602 6.12252 89.5
      vertex -4.75 6 89.5
    endloop
  endfacet
  facet normal 0 0 1
    outer loop
      vertex 4.77402 6.24386 89.5
      vertex -4.77402 6.24386 89.5
      vertex -4.75602 6.12252 89.5
    endloop
  endfacet
  facet normal 0 0 1
    outer loop
      vertex 4.80382 6.36285 89.5
      vertex -4.80382 6.36285 89.5
      vertex -4.77402 6.24386 89.5
    endloop
  endfacet
  facet normal 0 0 1
    outer loop
      vertex 4.84515 6.47835 89.5
      vertex -4.84515 6.47835 89.5
      vertex -4.80382 6.36285 89.5
    endloop
  endfacet
  facet normal 0 0 1
    outer loop
      vertex 4.8976 6.58925 89.5
      vertex -4.8976 6.58925 89.5
      vertex -4.84515 6.47835 89.5
    endloop
  endfacet
  facet normal 0 0 1
    outer loop
      vertex 4.96066 6.69446 89.5
      vertex -4.96066 6.69446 89.5
      vertex -4.8976 6.58925 89.5
    endloop
  endfacet
  facet normal 0 0 1
    outer loop
      vertex 5.03374 6.79299 89.5
      vertex -5.03374 6.79299 89.5
      vertex -4.96066 6.69446 89.5
    endloop
  endfacet
  facet normal 0 0 1
    outer loop
      vertex 5.11612 6.88388 89.5
      vertex -5.11612 6.88388 89.5
      vertex -5.03374 6.79299 89.5
    endloop
  endfacet
  facet normal 0 0 1
    outer loop
      vertex 5.20701 6.96626 89.5
      vertex -5.20701 6.96626 89.5
      vertex -5.11612 6.88388 89.5
    endloop
  endfacet
  facet normal 0 0 1
    outer loop
      vertex 5.30554 7.03934 89.5
      vertex -5.30554 7.03934 89.5
      vertex -5.20701 6.96626 89.5
    endloop
  endfacet
  facet normal 0 0 1
    outer loop
      vertex 5.41075 7.1024 89.5
      vertex -5.41075 7.1024 89.5
      vertex -5.30554 7.03934 89.5
    endloop
  endfacet
  facet normal 0 0 1
    outer loop
      vertex 5.41075 7.1024 89.5
      vertex -5.52165 7.15485 89.5
      vertex -5.41075 7.1024 89.5
    endloop
  endfacet
  facet normal -0 0 1
    outer loop
      vertex -9 9 89.5
      vertex -5.52165 7.15485 89.5
      vertex 9 9 89.5
    endloop
  endfacet
  facet normal 0 0 1
    outer loop
      vertex -5.52165 7.15485 89.5
      vertex -9 9 89.5
      vertex -5.63714 7.19617 89.5
    endloop
  endfacet
  facet normal 0 0 1
    outer loop
      vertex -5.63714 7.19617 89.5
      vertex -9 9 89.5
      vertex -5.75614 7.22598 89.5
    endloop
  endfacet
  facet normal 0 0 1
    outer loop
      vertex -5.75614 7.22598 89.5
      vertex -9 9 89.5
      vertex -5.87748 7.24398 89.5
    endloop
  endfacet
  facet normal 0 0 1
    outer loop
      vertex -5.87748 7.24398 89.5
      vertex -9 9 89.5
      vertex -6 7.25 89.5
    endloop
  endfacet
  facet normal 0 0 1
    outer loop
      vertex -7.22598 -5.75614 89.5
      vertex -9 -9 89.5
      vertex -7.24398 -5.87748 89.5
    endloop
  endfacet
  facet normal 0 0 1
    outer loop
      vertex -7.24398 6.12252 89.5
      vertex -9 9 89.5
      vertex -7.25 6 89.5
    endloop
  endfacet
  facet normal 0 0 1
    outer loop
      vertex -7.22598 6.24386 89.5
      vertex -9 9 89.5
      vertex -7.24398 6.12252 89.5
    endloop
  endfacet
  facet normal 0 0 1
    outer loop
      vertex -7.19617 6.36285 89.5
      vertex -9 9 89.5
      vertex -7.22598 6.24386 89.5
    endloop
  endfacet
  facet normal 0 0 1
    outer loop
      vertex -7.15485 6.47835 89.5
      vertex -9 9 89.5
      vertex -7.19617 6.36285 89.5
    endloop
  endfacet
  facet normal 0 0 1
    outer loop
      vertex -7.1024 6.58925 89.5
      vertex -9 9 89.5
      vertex -7.15485 6.47835 89.5
    endloop
  endfacet
  facet normal 0 0 1
    outer loop
      vertex -7.03934 6.69446 89.5
      vertex -9 9 89.5
      vertex -7.1024 6.58925 89.5
    endloop
  endfacet
  facet normal 0 0 1
    outer loop
      vertex -6.96626 6.79299 89.5
      vertex -9 9 89.5
      vertex -7.03934 6.69446 89.5
    endloop
  endfacet
  facet normal 0 0 1
    outer loop
      vertex -6.88388 6.88388 89.5
      vertex -9 9 89.5
      vertex -6.96626 6.79299 89.5
    endloop
  endfacet
  facet normal 0 0 1
    outer loop
      vertex -6.79299 6.96626 89.5
      vertex -9 9 89.5
      vertex -6.88388 6.88388 89.5
    endloop
  endfacet
  facet normal 0 0 1
    outer loop
      vertex -6.69446 7.03934 89.5
      vertex -9 9 89.5
      vertex -6.79299 6.96626 89.5
    endloop
  endfacet
  facet normal 0 0 1
    outer loop
      vertex -6.58925 7.1024 89.5
      vertex -9 9 89.5
      vertex -6.69446 7.03934 89.5
    endloop
  endfacet
  facet normal 0 0 1
    outer loop
      vertex -6.47835 7.15485 89.5
      vertex -9 9 89.5
      vertex -6.58925 7.1024 89.5
    endloop
  endfacet
  facet normal 0 0 1
    outer loop
      vertex -6.36285 7.19617 89.5
      vertex -9 9 89.5
      vertex -6.47835 7.15485 89.5
    endloop
  endfacet
  facet normal 0 0 1
    outer loop
      vertex -6.24386 7.22598 89.5
      vertex -9 9 89.5
      vertex -6.36285 7.19617 89.5
    endloop
  endfacet
  facet normal 0 0 1
    outer loop
      vertex -6.12252 7.24398 89.5
      vertex -9 9 89.5
      vertex -6.24386 7.22598 89.5
    endloop
  endfacet
  facet normal 0 0 1
    outer loop
      vertex -6 7.25 89.5
      vertex -9 9 89.5
      vertex -6.12252 7.24398 89.5
    endloop
  endfacet
  facet normal 0 0 1
    outer loop
      vertex 7.22598 5.75614 89.5
      vertex 9 9 89.5
      vertex 7.24398 5.87748 89.5
    endloop
  endfacet
  facet normal -0 0 1
    outer loop
      vertex 7.24398 -6.12252 89.5
      vertex 9 -9 89.5
      vertex 7.25 -6 89.5
    endloop
  endfacet
  facet normal -0 0 1
    outer loop
      vertex 7.22598 -6.24386 89.5
      vertex 9 -9 89.5
      vertex 7.24398 -6.12252 89.5
    endloop
  endfacet
  facet normal -0 0 1
    outer loop
      vertex 7.19617 -6.36285 89.5
      vertex 9 -9 89.5
      vertex 7.22598 -6.24386 89.5
    endloop
  endfacet
  facet normal -0 0 1
    outer loop
      vertex 7.15485 -6.47835 89.5
      vertex 9 -9 89.5
      vertex 7.19617 -6.36285 89.5
    endloop
  endfacet
  facet normal -0 0 1
    outer loop
      vertex 7.1024 -6.58925 89.5
      vertex 9 -9 89.5
      vertex 7.15485 -6.47835 89.5
    endloop
  endfacet
  facet normal -0 0 1
    outer loop
      vertex 7.03934 -6.69446 89.5
      vertex 9 -9 89.5
      vertex 7.1024 -6.58925 89.5
    endloop
  endfacet
  facet normal -0 0 1
    outer loop
      vertex 6.96626 -6.79299 89.5
      vertex 9 -9 89.5
      vertex 7.03934 -6.69446 89.5
    endloop
  endfacet
  facet normal -0 0 1
    outer loop
      vertex 6.88388 -6.88388 89.5
      vertex 9 -9 89.5
      vertex 6.96626 -6.79299 89.5
    endloop
  endfacet
  facet normal -0 0 1
    outer loop
      vertex 6.79299 -6.96626 89.5
      vertex 9 -9 89.5
      vertex 6.88388 -6.88388 89.5
    endloop
  endfacet
  facet normal -0 0 1
    outer loop
      vertex 6.69446 -7.03934 89.5
      vertex 9 -9 89.5
      vertex 6.79299 -6.96626 89.5
    endloop
  endfacet
  facet normal -0 0 1
    outer loop
      vertex 6.58925 -7.1024 89.5
      vertex 9 -9 89.5
      vertex 6.69446 -7.03934 89.5
    endloop
  endfacet
  facet normal -0 0 1
    outer loop
      vertex 6.47835 -7.15485 89.5
      vertex 9 -9 89.5
      vertex 6.58925 -7.1024 89.5
    endloop
  endfacet
  facet normal -0 0 1
    outer loop
      vertex 6.36285 -7.19617 89.5
      vertex 9 -9 89.5
      vertex 6.47835 -7.15485 89.5
    endloop
  endfacet
  facet normal -0 0 1
    outer loop
      vertex 6.24386 -7.22598 89.5
      vertex 9 -9 89.5
      vertex 6.36285 -7.19617 89.5
    endloop
  endfacet
  facet normal -0 0 1
    outer loop
      vertex 6.12252 -7.24398 89.5
      vertex 9 -9 89.5
      vertex 6.24386 -7.22598 89.5
    endloop
  endfacet
  facet normal -0 0 1
    outer loop
      vertex 6 -7.25 89.5
      vertex 9 -9 89.5
      vertex 6.12252 -7.24398 89.5
    endloop
  endfacet
  facet normal 0 0 1
    outer loop
      vertex 5.87748 -7.24398 89.5
      vertex 9 -9 89.5
      vertex 6 -7.25 89.5
    endloop
  endfacet
  facet normal 0 0 1
    outer loop
      vertex 5.75614 -7.22598 89.5
      vertex 9 -9 89.5
      vertex 5.87748 -7.24398 89.5
    endloop
  endfacet
  facet normal 0 0 1
    outer loop
      vertex 5.63714 -7.19617 89.5
      vertex 9 -9 89.5
      vertex 5.75614 -7.22598 89.5
    endloop
  endfacet
  facet normal 0 0 1
    outer loop
      vertex 5.52165 -7.15485 89.5
      vertex 9 -9 89.5
      vertex 5.63714 -7.19617 89.5
    endloop
  endfacet
  facet normal 0 0 1
    outer loop
      vertex -5.52165 -7.15485 89.5
      vertex 5.52165 -7.15485 89.5
      vertex 5.41075 -7.1024 89.5
    endloop
  endfacet
  facet normal 0 0 1
    outer loop
      vertex 4.75602 -5.87748 89.5
      vertex -4.75 -6 89.5
      vertex 4.75 -6 89.5
    endloop
  endfacet
  facet normal 0 0 1
    outer loop
      vertex 4.75 -6 89.5
      vertex -4.75 -6 89.5
      vertex 4.75602 -6.12252 89.5
    endloop
  endfacet
  facet normal 0 0 1
    outer loop
      vertex -4.75602 -6.12252 89.5
      vertex 4.75602 -6.12252 89.5
      vertex -4.75 -6 89.5
    endloop
  endfacet
  facet normal 0 0 1
    outer loop
      vertex 4.75602 -6.12252 89.5
      vertex -4.75602 -6.12252 89.5
      vertex 4.77402 -6.24386 89.5
    endloop
  endfacet
  facet normal 0 0 1
    outer loop
      vertex -4.77402 -6.24386 89.5
      vertex 4.77402 -6.24386 89.5
      vertex -4.75602 -6.12252 89.5
    endloop
  endfacet
  facet normal 0 0 1
    outer loop
      vertex 4.77402 -6.24386 89.5
      vertex -4.77402 -6.24386 89.5
      vertex 4.80382 -6.36285 89.5
    endloop
  endfacet
  facet normal 0 0 1
    outer loop
      vertex -4.80382 -6.36285 89.5
      vertex 4.80382 -6.36285 89.5
      vertex -4.77402 -6.24386 89.5
    endloop
  endfacet
  facet normal 0 0 1
    outer loop
      vertex 4.80382 -6.36285 89.5
      vertex -4.80382 -6.36285 89.5
      vertex 4.84515 -6.47835 89.5
    endloop
  endfacet
  facet normal 0 0 1
    outer loop
      vertex -4.84515 -6.47835 89.5
      vertex 4.84515 -6.47835 89.5
      vertex -4.80382 -6.36285 89.5
    endloop
  endfacet
  facet normal 0 0 1
    outer loop
      vertex 4.84515 -6.47835 89.5
      vertex -4.84515 -6.47835 89.5
      vertex 4.8976 -6.58925 89.5
    endloop
  endfacet
  facet normal 0 0 1
    outer loop
      vertex -4.8976 -6.58925 89.5
      vertex 4.8976 -6.58925 89.5
      vertex -4.84515 -6.47835 89.5
    endloop
  endfacet
  facet normal 0 0 1
    outer loop
      vertex 4.8976 -6.58925 89.5
      vertex -4.8976 -6.58925 89.5
      vertex 4.96066 -6.69446 89.5
    endloop
  endfacet
  facet normal 0 0 1
    outer loop
      vertex -4.96066 -6.69446 89.5
      vertex 4.96066 -6.69446 89.5
      vertex -4.8976 -6.58925 89.5
    endloop
  endfacet
  facet normal 0 0 1
    outer loop
      vertex 4.96066 -6.69446 89.5
      vertex -4.96066 -6.69446 89.5
      vertex 5.03374 -6.79299 89.5
    endloop
  endfacet
  facet normal 0 0 1
    outer loop
      vertex -5.03374 -6.79299 89.5
      vertex 5.03374 -6.79299 89.5
      vertex -4.96066 -6.69446 89.5
    endloop
  endfacet
  facet normal 0 0 1
    outer loop
      vertex 5.03374 -6.79299 89.5
      vertex -5.03374 -6.79299 89.5
      vertex 5.11612 -6.88388 89.5
    endloop
  endfacet
  facet normal 0 0 1
    outer loop
      vertex -5.11612 -6.88388 89.5
      vertex 5.11612 -6.88388 89.5
      vertex -5.03374 -6.79299 89.5
    endloop
  endfacet
  facet normal 0 0 1
    outer loop
      vertex 5.11612 -6.88388 89.5
      vertex -5.11612 -6.88388 89.5
      vertex 5.20701 -6.96626 89.5
    endloop
  endfacet
  facet normal 0 0 1
    outer loop
      vertex -5.20701 -6.96626 89.5
      vertex 5.20701 -6.96626 89.5
      vertex -5.11612 -6.88388 89.5
    endloop
  endfacet
  facet normal 0 0 1
    outer loop
      vertex 5.20701 -6.96626 89.5
      vertex -5.20701 -6.96626 89.5
      vertex 5.30554 -7.03934 89.5
    endloop
  endfacet
  facet normal 0 0 1
    outer loop
      vertex -5.30554 -7.03934 89.5
      vertex 5.30554 -7.03934 89.5
      vertex -5.20701 -6.96626 89.5
    endloop
  endfacet
  facet normal 0 0 1
    outer loop
      vertex 5.30554 -7.03934 89.5
      vertex -5.30554 -7.03934 89.5
      vertex 5.41075 -7.1024 89.5
    endloop
  endfacet
  facet normal 0 0 1
    outer loop
      vertex -5.41075 -7.1024 89.5
      vertex 5.41075 -7.1024 89.5
      vertex -5.30554 -7.03934 89.5
    endloop
  endfacet
  facet normal 0 0 1
    outer loop
      vertex -5.52165 -7.15485 89.5
      vertex 5.41075 -7.1024 89.5
      vertex -5.41075 -7.1024 89.5
    endloop
  endfacet
  facet normal 0 0 1
    outer loop
      vertex 5.52165 -7.15485 89.5
      vertex -5.52165 -7.15485 89.5
      vertex 9 -9 89.5
    endloop
  endfacet
  facet normal 0 0 1
    outer loop
      vertex -9 -9 89.5
      vertex -5.52165 -7.15485 89.5
      vertex -5.63714 -7.19617 89.5
    endloop
  endfacet
  facet normal 0 0 1
    outer loop
      vertex -9 -9 89.5
      vertex -5.63714 -7.19617 89.5
      vertex -5.75614 -7.22598 89.5
    endloop
  endfacet
  facet normal 0 0 1
    outer loop
      vertex -9 -9 89.5
      vertex -5.75614 -7.22598 89.5
      vertex -5.87748 -7.24398 89.5
    endloop
  endfacet
  facet normal 0 0 1
    outer loop
      vertex -9 -9 89.5
      vertex -5.87748 -7.24398 89.5
      vertex -6 -7.25 89.5
    endloop
  endfacet
  facet normal 0 0 1
    outer loop
      vertex -9 -9 89.5
      vertex -6 -7.25 89.5
      vertex -6.12252 -7.24398 89.5
    endloop
  endfacet
  facet normal 0 0 1
    outer loop
      vertex -7.24398 -5.87748 89.5
      vertex -9 -9 89.5
      vertex -7.25 -6 89.5
    endloop
  endfacet
  facet normal 0 0 1
    outer loop
      vertex -5.52165 -7.15485 89.5
      vertex -9 -9 89.5
      vertex 9 -9 89.5
    endloop
  endfacet
  facet normal 0 0 1
    outer loop
      vertex -6.24386 -7.22598 89.5
      vertex -9 -9 89.5
      vertex -6.12252 -7.24398 89.5
    endloop
  endfacet
  facet normal 0 0 1
    outer loop
      vertex -6.36285 -7.19617 89.5
      vertex -9 -9 89.5
      vertex -6.24386 -7.22598 89.5
    endloop
  endfacet
  facet normal 0 0 1
    outer loop
      vertex -6.47835 -7.15485 89.5
      vertex -9 -9 89.5
      vertex -6.36285 -7.19617 89.5
    endloop
  endfacet
  facet normal 0 0 1
    outer loop
      vertex -6.58925 -7.1024 89.5
      vertex -9 -9 89.5
      vertex -6.47835 -7.15485 89.5
    endloop
  endfacet
  facet normal 0 0 1
    outer loop
      vertex -6.69446 -7.03934 89.5
      vertex -9 -9 89.5
      vertex -6.58925 -7.1024 89.5
    endloop
  endfacet
  facet normal 0 0 1
    outer loop
      vertex -6.79299 -6.96626 89.5
      vertex -9 -9 89.5
      vertex -6.69446 -7.03934 89.5
    endloop
  endfacet
  facet normal 0 0 1
    outer loop
      vertex -6.88388 -6.88388 89.5
      vertex -9 -9 89.5
      vertex -6.79299 -6.96626 89.5
    endloop
  endfacet
  facet normal 0 0 1
    outer loop
      vertex -6.96626 -6.79299 89.5
      vertex -9 -9 89.5
      vertex -6.88388 -6.88388 89.5
    endloop
  endfacet
  facet normal 0 0 1
    outer loop
      vertex -7.03934 -6.69446 89.5
      vertex -9 -9 89.5
      vertex -6.96626 -6.79299 89.5
    endloop
  endfacet
  facet normal 0 0 1
    outer loop
      vertex -7.1024 -6.58925 89.5
      vertex -9 -9 89.5
      vertex -7.03934 -6.69446 89.5
    endloop
  endfacet
  facet normal 0 0 1
    outer loop
      vertex -7.15485 -6.47835 89.5
      vertex -9 -9 89.5
      vertex -7.1024 -6.58925 89.5
    endloop
  endfacet
  facet normal 0 0 1
    outer loop
      vertex -7.19617 -6.36285 89.5
      vertex -9 -9 89.5
      vertex -7.15485 -6.47835 89.5
    endloop
  endfacet
  facet normal 0 0 1
    outer loop
      vertex -7.22598 -6.24386 89.5
      vertex -9 -9 89.5
      vertex -7.19617 -6.36285 89.5
    endloop
  endfacet
  facet normal 0 0 1
    outer loop
      vertex -7.24398 -6.12252 89.5
      vertex -9 -9 89.5
      vertex -7.22598 -6.24386 89.5
    endloop
  endfacet
  facet normal 0 0 1
    outer loop
      vertex -7.25 -6 89.5
      vertex -9 -9 89.5
      vertex -7.24398 -6.12252 89.5
    endloop
  endfacet
  facet normal -1 0 0
    outer loop
      vertex -9 -9 84.5
      vertex -9 9 89.5
      vertex -9 9 84.5
    endloop
  endfacet
  facet normal -1 -0 0
    outer loop
      vertex -9 9 89.5
      vertex -9 -9 84.5
      vertex -9 -9 89.5
    endloop
  endfacet
  facet normal 0 1 -0
    outer loop
      vertex 9 9 84.5
      vertex -9 9 89.5
      vertex 9 9 89.5
    endloop
  endfacet
  facet normal 0 1 0
    outer loop
      vertex -9 9 89.5
      vertex 9 9 84.5
      vertex -9 9 84.5
    endloop
  endfacet
  facet normal 0 -1 0
    outer loop
      vertex -9 -9 84.5
      vertex 9 -9 89.5
      vertex -9 -9 89.5
    endloop
  endfacet
  facet normal 0 -1 -0
    outer loop
      vertex 9 -9 89.5
      vertex -9 -9 84.5
      vertex 9 -9 84.5
    endloop
  endfacet
  facet normal 0 1 -0
    outer loop
      vertex -2.5 2.5 79.5
      vertex -7 2.5 84.5
      vertex -2.5 2.5 84.5
    endloop
  endfacet
  facet normal 0 1 0
    outer loop
      vertex -7 2.5 84.5
      vertex -2.5 2.5 79.5
      vertex -7 2.5 79.5
    endloop
  endfacet
  facet normal 0 1 -0
    outer loop
      vertex 7 2.5 79.5
      vertex 2.5 2.5 84.5
      vertex 7 2.5 84.5
    endloop
  endfacet
  facet normal 0 1 0
    outer loop
      vertex 2.5 2.5 84.5
      vertex 7 2.5 79.5
      vertex 2.5 2.5 79.5
    endloop
  endfacet
  facet normal 0 -1 0
    outer loop
      vertex -7 -2.5 79.5
      vertex -2.5 -2.5 84.5
      vertex -7 -2.5 84.5
    endloop
  endfacet
  facet normal 0 -1 -0
    outer loop
      vertex -2.5 -2.5 84.5
      vertex -7 -2.5 79.5
      vertex -2.5 -2.5 79.5
    endloop
  endfacet
  facet normal 0 -1 0
    outer loop
      vertex 2.5 -2.5 79.5
      vertex 7 -2.5 84.5
      vertex 2.5 -2.5 84.5
    endloop
  endfacet
  facet normal 0 -1 -0
    outer loop
      vertex 7 -2.5 84.5
      vertex 2.5 -2.5 79.5
      vertex 7 -2.5 79.5
    endloop
  endfacet
  facet normal 0 1 -0
    outer loop
      vertex 3 9 24.5
      vertex -3 9 28
      vertex 3 9 28
    endloop
  endfacet
  facet normal 0 1 0
    outer loop
      vertex -3 9 28
      vertex 3 9 24.5
      vertex -3 9 24.5
    endloop
  endfacet
  facet normal 0 -1 0
    outer loop
      vertex -3 -9 24.5
      vertex 3 -9 28
      vertex -3 -9 28
    endloop
  endfacet
  facet normal 0 -1 -0
    outer loop
      vertex 3 -9 28
      vertex -3 -9 24.5
      vertex 3 -9 24.5
    endloop
  endfacet
  facet normal -1 0 0
    outer loop
      vertex -3 3 24.5
      vertex -3 9 28
      vertex -3 9 24.5
    endloop
  endfacet
  facet normal -1 -0 0
    outer loop
      vertex -3 9 28
      vertex -3 3 24.5
      vertex -3 3 28
    endloop
  endfacet
  facet normal -1 0 0
    outer loop
      vertex -3 -9 24.5
      vertex -3 -3 28
      vertex -3 -3 24.5
    endloop
  endfacet
  facet normal -1 -0 0
    outer loop
      vertex -3 -3 28
      vertex -3 -9 24.5
      vertex -3 -9 28
    endloop
  endfacet
  facet normal 1 -0 0
    outer loop
      vertex 3 3 28
      vertex 3 9 24.5
      vertex 3 9 28
    endloop
  endfacet
  facet normal 1 0 0
    outer loop
      vertex 3 9 24.5
      vertex 3 3 28
      vertex 3 3 24.5
    endloop
  endfacet
  facet normal 1 -0 0
    outer loop
      vertex 3 -9 28
      vertex 3 -3 24.5
      vertex 3 -3 28
    endloop
  endfacet
  facet normal 1 0 0
    outer loop
      vertex 3 -3 24.5
      vertex 3 -9 28
      vertex 3 -9 24.5
    endloop
  endfacet
  facet normal 0 1 -0
    outer loop
      vertex 3 8.5 36
      vertex -3 8.5 39.5
      vertex 3 8.5 39.5
    endloop
  endfacet
  facet normal 0 1 0
    outer loop
      vertex -3 8.5 39.5
      vertex 3 8.5 36
      vertex -3 8.5 36
    endloop
  endfacet
  facet normal 0 -1 0
    outer loop
      vertex -3 -8.5 36
      vertex 3 -8.5 39.5
      vertex -3 -8.5 39.5
    endloop
  endfacet
  facet normal 0 -1 -0
    outer loop
      vertex 3 -8.5 39.5
      vertex -3 -8.5 36
      vertex 3 -8.5 36
    endloop
  endfacet
  facet normal -1 0 0
    outer loop
      vertex -3 -8.5 36
      vertex -3 -3 39.5
      vertex -3 -3 36
    endloop
  endfacet
  facet normal -1 -0 0
    outer loop
      vertex -3 -3 39.5
      vertex -3 -8.5 36
      vertex -3 -8.5 39.5
    endloop
  endfacet
  facet normal -1 0 0
    outer loop
      vertex -3 3 36
      vertex -3 8.5 39.5
      vertex -3 8.5 36
    endloop
  endfacet
  facet normal -1 -0 0
    outer loop
      vertex -3 8.5 39.5
      vertex -3 3 36
      vertex -3 3 39.5
    endloop
  endfacet
  facet normal 1 -0 0
    outer loop
      vertex 3 -8.5 39.5
      vertex 3 -3 36
      vertex 3 -3 39.5
    endloop
  endfacet
  facet normal 1 0 0
    outer loop
      vertex 3 -3 36
      vertex 3 -8.5 39.5
      vertex 3 -8.5 36
    endloop
  endfacet
  facet normal 1 -0 0
    outer loop
      vertex 3 3 39.5
      vertex 3 8.5 36
      vertex 3 8.5 39.5
    endloop
  endfacet
  facet normal 1 0 0
    outer loop
      vertex 3 8.5 36
      vertex 3 3 39.5
      vertex 3 3 36
    endloop
  endfacet
  facet normal 0 1 -0
    outer loop
      vertex 3 8 44.5
      vertex -3 8 49.5
      vertex 3 8 49.5
    endloop
  endfacet
  facet normal 0 1 0
    outer loop
      vertex -3 8 49.5
      vertex 3 8 44.5
      vertex -3 8 44.5
    endloop
  endfacet
  facet normal 0 -1 0
    outer loop
      vertex -3 -8 44.5
      vertex 3 -8 49.5
      vertex -3 -8 49.5
    endloop
  endfacet
  facet normal 0 -1 -0
    outer loop
      vertex 3 -8 49.5
      vertex -3 -8 44.5
      vertex 3 -8 44.5
    endloop
  endfacet
  facet normal -1 0 0
    outer loop
      vertex -3 -8 44.5
      vertex -3 -3 49.5
      vertex -3 -3 44.5
    endloop
  endfacet
  facet normal -1 -0 0
    outer loop
      vertex -3 -3 49.5
      vertex -3 -8 44.5
      vertex -3 -8 49.5
    endloop
  endfacet
  facet normal -1 0 0
    outer loop
      vertex -3 3 44.5
      vertex -3 8 49.5
      vertex -3 8 44.5
    endloop
  endfacet
  facet normal -1 -0 0
    outer loop
      vertex -3 8 49.5
      vertex -3 3 44.5
      vertex -3 3 49.5
    endloop
  endfacet
  facet normal 1 -0 0
    outer loop
      vertex 3 -8 49.5
      vertex 3 -3 44.5
      vertex 3 -3 49.5
    endloop
  endfacet
  facet normal 1 0 0
    outer loop
      vertex 3 -3 44.5
      vertex 3 -8 49.5
      vertex 3 -8 44.5
    endloop
  endfacet
  facet normal 1 -0 0
    outer loop
      vertex 3 3 49.5
      vertex 3 8 44.5
      vertex 3 8 49.5
    endloop
  endfacet
  facet normal 1 0 0
    outer loop
      vertex 3 8 44.5
      vertex 3 3 49.5
      vertex 3 3 44.5
    endloop
  endfacet
  facet normal 0 1 -0
    outer loop
      vertex 3 7.5 54.5
      vertex -3 7.5 59.5
      vertex 3 7.5 59.5
    endloop
  endfacet
  facet normal 0 1 0
    outer loop
      vertex -3 7.5 59.5
      vertex 3 7.5 54.5
      vertex -3 7.5 54.5
    endloop
  endfacet
  facet normal 0 -1 0
    outer loop
      vertex -3 -7.5 54.5
      vertex 3 -7.5 59.5
      vertex -3 -7.5 59.5
    endloop
  endfacet
  facet normal 0 -1 -0
    outer loop
      vertex 3 -7.5 59.5
      vertex -3 -7.5 54.5
      vertex 3 -7.5 54.5
    endloop
  endfacet
  facet normal -1 0 0
    outer loop
      vertex -3 -7.5 54.5
      vertex -3 -3 59.5
      vertex -3 -3 54.5
    endloop
  endfacet
  facet normal -1 -0 0
    outer loop
      vertex -3 -3 59.5
      vertex -3 -7.5 54.5
      vertex -3 -7.5 59.5
    endloop
  endfacet
  facet normal -1 0 0
    outer loop
      vertex -3 3 54.5
      vertex -3 7.5 59.5
      vertex -3 7.5 54.5
    endloop
  endfacet
  facet normal -1 -0 0
    outer loop
      vertex -3 7.5 59.5
      vertex -3 3 54.5
      vertex -3 3 59.5
    endloop
  endfacet
  facet normal 1 -0 0
    outer loop
      vertex 3 -7.5 59.5
      vertex 3 -3 54.5
      vertex 3 -3 59.5
    endloop
  endfacet
  facet normal 1 0 0
    outer loop
      vertex 3 -3 54.5
      vertex 3 -7.5 59.5
      vertex 3 -7.5 54.5
    endloop
  endfacet
  facet normal 1 -0 0
    outer loop
      vertex 3 3 59.5
      vertex 3 7.5 54.5
      vertex 3 7.5 59.5
    endloop
  endfacet
  facet normal 1 0 0
    outer loop
      vertex 3 7.5 54.5
      vertex 3 3 59.5
      vertex 3 3 54.5
    endloop
  endfacet
  facet normal 0 1 -0
    outer loop
      vertex 3 7 64.5
      vertex -3 7 69.5
      vertex 3 7 69.5
    endloop
  endfacet
  facet normal 0 1 0
    outer loop
      vertex -3 7 69.5
      vertex 3 7 64.5
      vertex -3 7 64.5
    endloop
  endfacet
  facet normal 0 -1 0
    outer loop
      vertex -3 -7 64.5
      vertex 3 -7 69.5
      vertex -3 -7 69.5
    endloop
  endfacet
  facet normal 0 -1 -0
    outer loop
      vertex 3 -7 69.5
      vertex -3 -7 64.5
      vertex 3 -7 64.5
    endloop
  endfacet
  facet normal -1 0 0
    outer loop
      vertex -3 -7 64.5
      vertex -3 -3 69.5
      vertex -3 -3 64.5
    endloop
  endfacet
  facet normal -1 -0 0
    outer loop
      vertex -3 -3 69.5
      vertex -3 -7 64.5
      vertex -3 -7 69.5
    endloop
  endfacet
  facet normal -1 0 0
    outer loop
      vertex -3 3 64.5
      vertex -3 7 69.5
      vertex -3 7 64.5
    endloop
  endfacet
  facet normal -1 -0 0
    outer loop
      vertex -3 7 69.5
      vertex -3 3 64.5
      vertex -3 3 69.5
    endloop
  endfacet
  facet normal 1 -0 0
    outer loop
      vertex 3 -7 69.5
      vertex 3 -3 64.5
      vertex 3 -3 69.5
    endloop
  endfacet
  facet normal 1 0 0
    outer loop
      vertex 3 -3 64.5
      vertex 3 -7 69.5
      vertex 3 -7 64.5
    endloop
  endfacet
  facet normal 1 -0 0
    outer loop
      vertex 3 3 69.5
      vertex 3 7 64.5
      vertex 3 7 69.5
    endloop
  endfacet
  facet normal 1 0 0
    outer loop
      vertex 3 7 64.5
      vertex 3 3 69.5
      vertex 3 3 64.5
    endloop
  endfacet
  facet normal 0 1 -0
    outer loop
      vertex 3 7 74.5
      vertex 2.5 7 79.5
      vertex 3 7 79.5
    endloop
  endfacet
  facet normal 0 1 0
    outer loop
      vertex 2.5 7 79.5
      vertex 3 7 74.5
      vertex -2.5 7 79.5
    endloop
  endfacet
  facet normal 0 1 0
    outer loop
      vertex -3 7 74.5
      vertex -2.5 7 79.5
      vertex 3 7 74.5
    endloop
  endfacet
  facet normal 0 1 0
    outer loop
      vertex -2.5 7 79.5
      vertex -3 7 74.5
      vertex -3 7 79.5
    endloop
  endfacet
  facet normal 0 1 -0
    outer loop
      vertex 2.5 7 79.5
      vertex -2.5 7 84.5
      vertex 2.5 7 84.5
    endloop
  endfacet
  facet normal 0 1 0
    outer loop
      vertex -2.5 7 84.5
      vertex 2.5 7 79.5
      vertex -2.5 7 79.5
    endloop
  endfacet
  facet normal 0 -1 0
    outer loop
      vertex -3 -7 74.5
      vertex -2.5 -7 79.5
      vertex -3 -7 79.5
    endloop
  endfacet
  facet normal 0 -1 -0
    outer loop
      vertex -2.5 -7 79.5
      vertex -3 -7 74.5
      vertex 2.5 -7 79.5
    endloop
  endfacet
  facet normal 0 -1 0
    outer loop
      vertex 3 -7 74.5
      vertex 2.5 -7 79.5
      vertex -3 -7 74.5
    endloop
  endfacet
  facet normal 0 -1 0
    outer loop
      vertex 2.5 -7 79.5
      vertex 3 -7 74.5
      vertex 3 -7 79.5
    endloop
  endfacet
  facet normal 0 -1 0
    outer loop
      vertex -2.5 -7 79.5
      vertex 2.5 -7 84.5
      vertex -2.5 -7 84.5
    endloop
  endfacet
  facet normal 0 -1 -0
    outer loop
      vertex 2.5 -7 84.5
      vertex -2.5 -7 79.5
      vertex 2.5 -7 79.5
    endloop
  endfacet
  facet normal -1 0 0
    outer loop
      vertex -3 -7 74.5
      vertex -3 -3 79.5
      vertex -3 -3 74.5
    endloop
  endfacet
  facet normal -1 -0 0
    outer loop
      vertex -3 -3 79.5
      vertex -3 -7 74.5
      vertex -3 -7 79.5
    endloop
  endfacet
  facet normal -1 0 0
    outer loop
      vertex -3 3 74.5
      vertex -3 7 79.5
      vertex -3 7 74.5
    endloop
  endfacet
  facet normal -1 -0 0
    outer loop
      vertex -3 7 79.5
      vertex -3 3 74.5
      vertex -3 3 79.5
    endloop
  endfacet
  facet normal 1 -0 0
    outer loop
      vertex 3 -7 79.5
      vertex 3 -3 74.5
      vertex 3 -3 79.5
    endloop
  endfacet
  facet normal 1 0 0
    outer loop
      vertex 3 -3 74.5
      vertex 3 -7 79.5
      vertex 3 -7 74.5
    endloop
  endfacet
  facet normal 1 -0 0
    outer loop
      vertex 3 3 79.5
      vertex 3 7 74.5
      vertex 3 7 79.5
    endloop
  endfacet
  facet normal 1 0 0
    outer loop
      vertex 3 7 74.5
      vertex 3 3 79.5
      vertex 3 3 74.5
    endloop
  endfacet
  facet normal -1 0 0
    outer loop
      vertex -2.5 -7 79.5
      vertex -2.5 -2.5 84.5
      vertex -2.5 -2.5 79.5
    endloop
  endfacet
  facet normal -1 -0 0
    outer loop
      vertex -2.5 -2.5 84.5
      vertex -2.5 -7 79.5
      vertex -2.5 -7 84.5
    endloop
  endfacet
  facet normal -1 0 0
    outer loop
      vertex -2.5 2.5 79.5
      vertex -2.5 7 84.5
      vertex -2.5 7 79.5
    endloop
  endfacet
  facet normal -1 -0 0
    outer loop
      vertex -2.5 7 84.5
      vertex -2.5 2.5 79.5
      vertex -2.5 2.5 84.5
    endloop
  endfacet
  facet normal 1 -0 0
    outer loop
      vertex 2.5 -7 84.5
      vertex 2.5 -2.5 79.5
      vertex 2.5 -2.5 84.5
    endloop
  endfacet
  facet normal 1 0 0
    outer loop
      vertex 2.5 -2.5 79.5
      vertex 2.5 -7 84.5
      vertex 2.5 -7 79.5
    endloop
  endfacet
  facet normal 1 -0 0
    outer loop
      vertex 2.5 2.5 84.5
      vertex 2.5 7 79.5
      vertex 2.5 7 84.5
    endloop
  endfacet
  facet normal 1 0 0
    outer loop
      vertex 2.5 7 79.5
      vertex 2.5 2.5 84.5
      vertex 2.5 2.5 79.5
    endloop
  endfacet
  facet normal 1 -0 0
    outer loop
      vertex 32 -26 36
      vertex 32 26 28
      vertex 32 26 36
    endloop
  endfacet
  facet normal 1 0 0
    outer loop
      vertex 32 26 28
      vertex 32 -26 36
      vertex 32 -26 28
    endloop
  endfacet
  facet normal 0 0 1
    outer loop
      vertex -3 -3 36
      vertex -8.5 -3 36
      vertex -3 -8.5 36
    endloop
  endfacet
  facet normal 0 0 1
    outer loop
      vertex 32 26 36
      vertex 8.5 3 36
      vertex 32 -26 36
    endloop
  endfacet
  facet normal 0 0 1
    outer loop
      vertex 32 26 36
      vertex 3 8.5 36
      vertex 8.5 3 36
    endloop
  endfacet
  facet normal 0 0 1
    outer loop
      vertex 32 26 36
      vertex -3 8.5 36
      vertex 3 8.5 36
    endloop
  endfacet
  facet normal 0 0 1
    outer loop
      vertex -3 8.5 36
      vertex -8.5 3 36
      vertex -3 3 36
    endloop
  endfacet
  facet normal 0 0 1
    outer loop
      vertex -8.5 3 36
      vertex -32 26 36
      vertex -8.5 -3 36
    endloop
  endfacet
  facet normal 0 0 1
    outer loop
      vertex -3 8.5 36
      vertex -32 26 36
      vertex -8.5 3 36
    endloop
  endfacet
  facet normal -0 0 1
    outer loop
      vertex -32 26 36
      vertex -3 8.5 36
      vertex 32 26 36
    endloop
  endfacet
  facet normal -0 0 1
    outer loop
      vertex 8.5 -3 36
      vertex 32 -26 36
      vertex 8.5 3 36
    endloop
  endfacet
  facet normal 0 0 1
    outer loop
      vertex 3 -8.5 36
      vertex 8.5 -3 36
      vertex 3 -3 36
    endloop
  endfacet
  facet normal 0 0 1
    outer loop
      vertex 8.5 -3 36
      vertex 3 -8.5 36
      vertex 32 -26 36
    endloop
  endfacet
  facet normal -0 0 1
    outer loop
      vertex -3 -8.5 36
      vertex 32 -26 36
      vertex 3 -8.5 36
    endloop
  endfacet
  facet normal 0 0 1
    outer loop
      vertex -3 -8.5 36
      vertex -32 -26 36
      vertex 32 -26 36
    endloop
  endfacet
  facet normal 0 0 1
    outer loop
      vertex -8.5 -3 36
      vertex -32 -26 36
      vertex -3 -8.5 36
    endloop
  endfacet
  facet normal 0 0 1
    outer loop
      vertex -32 -26 36
      vertex -8.5 -3 36
      vertex -32 26 36
    endloop
  endfacet
  facet normal 0 0 1
    outer loop
      vertex 8.5 3 36
      vertex 3 8.5 36
      vertex 3 3 36
    endloop
  endfacet
  facet normal 0 0 -1
    outer loop
      vertex -3 3 28
      vertex -9 3 28
      vertex -3 9 28
    endloop
  endfacet
  facet normal 0 0 -1
    outer loop
      vertex 32 -26 28
      vertex 9 -3 28
      vertex 32 26 28
    endloop
  endfacet
  facet normal 0 0 -1
    outer loop
      vertex 32 -26 28
      vertex 3 -9 28
      vertex 9 -3 28
    endloop
  endfacet
  facet normal 0 0 -1
    outer loop
      vertex 32 -26 28
      vertex -3 -9 28
      vertex 3 -9 28
    endloop
  endfacet
  facet normal 0 0 -1
    outer loop
      vertex -3 -9 28
      vertex -9 -3 28
      vertex -3 -3 28
    endloop
  endfacet
  facet normal -0 0 -1
    outer loop
      vertex -9 -3 28
      vertex -32 -26 28
      vertex -9 3 28
    endloop
  endfacet
  facet normal -0 0 -1
    outer loop
      vertex -3 -9 28
      vertex -32 -26 28
      vertex -9 -3 28
    endloop
  endfacet
  facet normal 0 0 -1
    outer loop
      vertex -32 -26 28
      vertex -3 -9 28
      vertex 32 -26 28
    endloop
  endfacet
  facet normal 0 0 -1
    outer loop
      vertex 9 3 28
      vertex 32 26 28
      vertex 9 -3 28
    endloop
  endfacet
  facet normal 0 0 -1
    outer loop
      vertex 3 9 28
      vertex 9 3 28
      vertex 3 3 28
    endloop
  endfacet
  facet normal 0 0 -1
    outer loop
      vertex 9 3 28
      vertex 3 9 28
      vertex 32 26 28
    endloop
  endfacet
  facet normal 0 0 -1
    outer loop
      vertex -3 9 28
      vertex 32 26 28
      vertex 3 9 28
    endloop
  endfacet
  facet normal 0 0 -1
    outer loop
      vertex -3 9 28
      vertex -32 26 28
      vertex 32 26 28
    endloop
  endfacet
  facet normal 0 0 -1
    outer loop
      vertex -9 3 28
      vertex -32 26 28
      vertex -3 9 28
    endloop
  endfacet
  facet normal 0 0 -1
    outer loop
      vertex -32 26 28
      vertex -9 3 28
      vertex -32 -26 28
    endloop
  endfacet
  facet normal -0 0 -1
    outer loop
      vertex 9 -3 28
      vertex 3 -9 28
      vertex 3 -3 28
    endloop
  endfacet
  facet normal -1 0 0
    outer loop
      vertex -32 -26 28
      vertex -32 26 36
      vertex -32 26 28
    endloop
  endfacet
  facet normal -1 -0 0
    outer loop
      vertex -32 26 36
      vertex -32 -26 28
      vertex -32 -26 36
    endloop
  endfacet
  facet normal 0 1 -0
    outer loop
      vertex 32 26 28
      vertex -32 26 36
      vertex 32 26 36
    endloop
  endfacet
  facet normal 0 1 0
    outer loop
      vertex -32 26 36
      vertex 32 26 28
      vertex -32 26 28
    endloop
  endfacet
  facet normal 0 -1 0
    outer loop
      vertex -32 -26 28
      vertex 32 -26 36
      vertex -32 -26 36
    endloop
  endfacet
  facet normal 0 -1 -0
    outer loop
      vertex 32 -26 36
      vertex -32 -26 28
      vertex 32 -26 28
    endloop
  endfacet
  facet normal 1 -0 0
    outer loop
      vertex -15 7.4641 -10
      vertex -15 18.63 -23.5725
      vertex -15 14.9932 -10
    endloop
  endfacet
  facet normal 1 0 0
    outer loop
      vertex -15 7.4641 -10
      vertex -15 -10.3478 -31.3371
      vertex -15 18.63 -23.5725
    endloop
  endfacet
  facet normal 1 0 -0
    outer loop
      vertex -15 -10.3478 -31.3371
      vertex -15 7.4641 -10
      vertex -15 -14.4889 -15.8823
    endloop
  endfacet
  facet normal 0 -0.25882 0.965926
    outer loop
      vertex -35 7.4641 -10
      vertex -15 -14.4889 -15.8823
      vertex -15 7.4641 -10
    endloop
  endfacet
  facet normal 0 -0.25882 0.965926
    outer loop
      vertex -15 -14.4889 -15.8823
      vertex -35 7.4641 -10
      vertex -35 -14.4889 -15.8823
    endloop
  endfacet
  facet normal 0 0.25882 -0.965926
    outer loop
      vertex -35 -10.3478 -31.3371
      vertex -15 18.63 -23.5725
      vertex -15 -10.3478 -31.3371
    endloop
  endfacet
  facet normal 0 0.25882 -0.965926
    outer loop
      vertex -15 18.63 -23.5725
      vertex -35 -10.3478 -31.3371
      vertex -35 18.63 -23.5725
    endloop
  endfacet
  facet normal 0 -0.965926 -0.258819
    outer loop
      vertex -35 -10.3478 -31.3371
      vertex -15 -14.4889 -15.8823
      vertex -35 -14.4889 -15.8823
    endloop
  endfacet
  facet normal 0 -0.965926 -0.258819
    outer loop
      vertex -15 -14.4889 -15.8823
      vertex -35 -10.3478 -31.3371
      vertex -15 -10.3478 -31.3371
    endloop
  endfacet
  facet normal 0 0.965925 0.258823
    outer loop
      vertex -15 18.63 -23.5725
      vertex -35 14.9932 -10
      vertex -15 14.9932 -10
    endloop
  endfacet
  facet normal 0 0.965925 0.258823
    outer loop
      vertex -35 14.9932 -10
      vertex -15 18.63 -23.5725
      vertex -35 18.63 -23.5725
    endloop
  endfacet
endsolid OpenSCAD_Model
