solid OpenSCAD_Model
  facet normal -0.671564 -0.740946 0
    outer loop
      vertex -5.65685 -5.65685 -65
      vertex -5.07515 -6.18408 65
      vertex -5.65685 -5.65685 65
    endloop
  endfacet
  facet normal -0.671564 -0.740946 -0
    outer loop
      vertex -5.07515 -6.18408 65
      vertex -5.65685 -5.65685 -65
      vertex -5.07515 -6.18408 -65
    endloop
  endfacet
  facet normal -0.941547 0.336883 0
    outer loop
      vertex -7.65552 2.32228 -65
      vertex -7.39104 3.06147 65
      vertex -7.39104 3.06147 -65
    endloop
  endfacet
  facet normal -0.941547 0.336883 0
    outer loop
      vertex -7.39104 3.06147 65
      vertex -7.65552 2.32228 -65
      vertex -7.65552 2.32228 65
    endloop
  endfacet
  facet normal 0.989176 0.146732 1.69211e-07
    outer loop
      vertex 7.96148 0.784137 -65
      vertex 7.84628 1.56072 -44.3944
      vertex 7.93729 0.947187 -44.2426
    endloop
  endfacet
  facet normal 0.989173 0.146753 -0
    outer loop
      vertex 7.96148 0.784137 -65
      vertex 7.93729 0.947187 -44.2426
      vertex 7.96148 0.784137 -44.1914
    endloop
  endfacet
  facet normal 0.989176 0.146736 0
    outer loop
      vertex 7.84628 1.56072 -44.3944
      vertex 7.96148 0.784137 -65
      vertex 7.84628 1.56072 -65
    endloop
  endfacet
  facet normal 0.989176 0.146736 0
    outer loop
      vertex 7.96148 0.784137 65
      vertex 7.84628 1.56072 24.3944
      vertex 7.84628 1.56072 65
    endloop
  endfacet
  facet normal 0.989176 0.146732 -8.62596e-08
    outer loop
      vertex 7.84628 1.56072 24.3944
      vertex 7.96148 0.784137 65
      vertex 7.93729 0.947187 24.2426
    endloop
  endfacet
  facet normal 0.989173 0.146753 0
    outer loop
      vertex 7.93729 0.947187 24.2426
      vertex 7.96148 0.784137 65
      vertex 7.96148 0.784137 24.1914
    endloop
  endfacet
  facet normal 0.989176 0.146732 0
    outer loop
      vertex 7.93729 0.947187 -14.2426
      vertex 7.84628 1.56072 -35.6056
      vertex 7.84628 1.56072 -14.3944
    endloop
  endfacet
  facet normal 0.989176 0.146732 0
    outer loop
      vertex 7.93729 0.947187 -14.2426
      vertex 7.93729 0.947187 -35.7574
      vertex 7.84628 1.56072 -35.6056
    endloop
  endfacet
  facet normal 0.989173 0.146753 0
    outer loop
      vertex 7.96148 0.784137 -14.1914
      vertex 7.93729 0.947187 -35.7574
      vertex 7.93729 0.947187 -14.2426
    endloop
  endfacet
  facet normal 0.989173 0.146753 0
    outer loop
      vertex 7.93729 0.947187 -35.7574
      vertex 7.96148 0.784137 -14.1914
      vertex 7.96148 0.784137 -35.8086
    endloop
  endfacet
  facet normal 0.989176 0.146732 0
    outer loop
      vertex 7.93729 0.947187 15.7574
      vertex 7.84628 1.56072 -5.60559
      vertex 7.84628 1.56072 15.6056
    endloop
  endfacet
  facet normal 0.989176 0.146732 0
    outer loop
      vertex 7.93729 0.947187 15.7574
      vertex 7.93729 0.947187 -5.75743
      vertex 7.84628 1.56072 -5.60559
    endloop
  endfacet
  facet normal 0.989173 0.146753 0
    outer loop
      vertex 7.96148 0.784137 15.8086
      vertex 7.93729 0.947187 -5.75743
      vertex 7.93729 0.947187 15.7574
    endloop
  endfacet
  facet normal 0.989173 0.146753 0
    outer loop
      vertex 7.93729 0.947187 -5.75743
      vertex 7.96148 0.784137 15.8086
      vertex 7.96148 0.784137 -5.80857
    endloop
  endfacet
  facet normal 0.998796 0.0490649 -0
    outer loop
      vertex 8 0 -65
      vertex 7.96148 0.784137 -44.1914
      vertex 8 0 -44.11
    endloop
  endfacet
  facet normal 0.998796 0.0490649 0
    outer loop
      vertex 7.96148 0.784137 -44.1914
      vertex 8 0 -65
      vertex 7.96148 0.784137 -65
    endloop
  endfacet
  facet normal 0.998796 0.0490649 0
    outer loop
      vertex 8 0 65
      vertex 7.96148 0.784137 24.1914
      vertex 7.96148 0.784137 65
    endloop
  endfacet
  facet normal 0.998796 0.0490649 0
    outer loop
      vertex 7.96148 0.784137 24.1914
      vertex 8 0 65
      vertex 8 0 24.11
    endloop
  endfacet
  facet normal 0.998796 0.0490649 0
    outer loop
      vertex 8 0 -14.11
      vertex 7.96148 0.784137 -35.8086
      vertex 7.96148 0.784137 -14.1914
    endloop
  endfacet
  facet normal 0.998796 0.0490649 0
    outer loop
      vertex 7.96148 0.784137 -35.8086
      vertex 8 0 -14.11
      vertex 8 0 -35.89
    endloop
  endfacet
  facet normal 0.998796 0.0490649 0
    outer loop
      vertex 8 0 15.89
      vertex 7.96148 0.784137 -5.80857
      vertex 7.96148 0.784137 15.8086
    endloop
  endfacet
  facet normal 0.998796 0.0490649 0
    outer loop
      vertex 7.96148 0.784137 -5.80857
      vertex 8 0 15.89
      vertex 8 0 -5.89002
    endloop
  endfacet
  facet normal -0.514099 -0.857731 0
    outer loop
      vertex -4.44456 -6.65176 -65
      vertex -3.77117 -7.05537 65
      vertex -4.44456 -6.65176 65
    endloop
  endfacet
  facet normal -0.514099 -0.857731 -0
    outer loop
      vertex -3.77117 -7.05537 65
      vertex -4.44456 -6.65176 -65
      vertex -3.77117 -7.05537 -65
    endloop
  endfacet
  facet normal 0.671564 0.740946 -0
    outer loop
      vertex 5.65685 5.65685 -65
      vertex 5.07515 6.18408 65
      vertex 5.65685 5.65685 65
    endloop
  endfacet
  facet normal 0.671564 0.740946 0
    outer loop
      vertex 5.07515 6.18408 65
      vertex 5.65685 5.65685 -65
      vertex 5.07515 6.18408 -65
    endloop
  endfacet
  facet normal -0.146736 -0.989176 0
    outer loop
      vertex -1.56072 -7.84628 -65
      vertex -0.784137 -7.96148 65
      vertex -1.56072 -7.84628 65
    endloop
  endfacet
  facet normal -0.146736 -0.989176 -0
    outer loop
      vertex -0.784137 -7.96148 65
      vertex -1.56072 -7.84628 -65
      vertex -0.784137 -7.96148 -65
    endloop
  endfacet
  facet normal 0.740946 0.671564 0
    outer loop
      vertex 6.18408 5.07515 65
      vertex 5.65685 5.65685 -65
      vertex 5.65685 5.65685 65
    endloop
  endfacet
  facet normal 0.740946 0.671564 0
    outer loop
      vertex 5.65685 5.65685 -65
      vertex 6.18408 5.07515 65
      vertex 6.18408 5.07515 -65
    endloop
  endfacet
  facet normal 0.427562 0.903986 -0
    outer loop
      vertex 3.77117 7.05537 -65
      vertex 3.06147 7.39104 65
      vertex 3.77117 7.05537 65
    endloop
  endfacet
  facet normal 0.427562 0.903986 0
    outer loop
      vertex 3.06147 7.39104 65
      vertex 3.77117 7.05537 -65
      vertex 3.06147 7.39104 -65
    endloop
  endfacet
  facet normal 0.0490649 -0.998796 0
    outer loop
      vertex 0 -8 -65
      vertex 0.784137 -7.96148 65
      vertex 0 -8 65
    endloop
  endfacet
  facet normal 0.0490649 -0.998796 0
    outer loop
      vertex 0.784137 -7.96148 65
      vertex 0 -8 -65
      vertex 0.784137 -7.96148 -65
    endloop
  endfacet
  facet normal 0.989173 -0.146753 0
    outer loop
      vertex 7.96148 -0.784137 65
      vertex 7.93729 -0.947187 24.2426
      vertex 7.96148 -0.784137 24.1914
    endloop
  endfacet
  facet normal 0.989176 -0.146736 0
    outer loop
      vertex 7.84628 -1.56072 24.3944
      vertex 7.96148 -0.784137 65
      vertex 7.84628 -1.56072 65
    endloop
  endfacet
  facet normal 0.989176 -0.146732 -8.62596e-08
    outer loop
      vertex 7.96148 -0.784137 65
      vertex 7.84628 -1.56072 24.3944
      vertex 7.93729 -0.947187 24.2426
    endloop
  endfacet
  facet normal 0.989173 -0.146753 0
    outer loop
      vertex 7.93729 -0.947187 -44.2426
      vertex 7.96148 -0.784137 -65
      vertex 7.96148 -0.784137 -44.1914
    endloop
  endfacet
  facet normal 0.989176 -0.146732 1.69211e-07
    outer loop
      vertex 7.84628 -1.56072 -44.3944
      vertex 7.96148 -0.784137 -65
      vertex 7.93729 -0.947187 -44.2426
    endloop
  endfacet
  facet normal 0.989176 -0.146736 0
    outer loop
      vertex 7.96148 -0.784137 -65
      vertex 7.84628 -1.56072 -44.3944
      vertex 7.84628 -1.56072 -65
    endloop
  endfacet
  facet normal 0.989173 -0.146753 0
    outer loop
      vertex 7.93729 -0.947187 -14.2426
      vertex 7.96148 -0.784137 -35.8086
      vertex 7.96148 -0.784137 -14.1914
    endloop
  endfacet
  facet normal 0.989173 -0.146753 0
    outer loop
      vertex 7.93729 -0.947187 -14.2426
      vertex 7.93729 -0.947187 -35.7574
      vertex 7.96148 -0.784137 -35.8086
    endloop
  endfacet
  facet normal 0.989176 -0.146732 0
    outer loop
      vertex 7.84628 -1.56072 -14.3944
      vertex 7.93729 -0.947187 -35.7574
      vertex 7.93729 -0.947187 -14.2426
    endloop
  endfacet
  facet normal 0.989176 -0.146732 0
    outer loop
      vertex 7.93729 -0.947187 -35.7574
      vertex 7.84628 -1.56072 -14.3944
      vertex 7.84628 -1.56072 -35.6056
    endloop
  endfacet
  facet normal 0.989173 -0.146753 0
    outer loop
      vertex 7.93729 -0.947187 15.7574
      vertex 7.96148 -0.784137 -5.80857
      vertex 7.96148 -0.784137 15.8086
    endloop
  endfacet
  facet normal 0.989173 -0.146753 0
    outer loop
      vertex 7.93729 -0.947187 15.7574
      vertex 7.93729 -0.947187 -5.75743
      vertex 7.96148 -0.784137 -5.80857
    endloop
  endfacet
  facet normal 0.989176 -0.146732 0
    outer loop
      vertex 7.84628 -1.56072 15.6056
      vertex 7.93729 -0.947187 -5.75743
      vertex 7.93729 -0.947187 15.7574
    endloop
  endfacet
  facet normal 0.989176 -0.146732 0
    outer loop
      vertex 7.93729 -0.947187 -5.75743
      vertex 7.84628 -1.56072 15.6056
      vertex 7.84628 -1.56072 -5.60559
    endloop
  endfacet
  facet normal 0.903986 0.427562 0
    outer loop
      vertex 7.39104 3.06147 65
      vertex 7.05537 3.77117 -65
      vertex 7.05537 3.77117 65
    endloop
  endfacet
  facet normal 0.903986 0.427562 0
    outer loop
      vertex 7.05537 3.77117 -65
      vertex 7.39104 3.06147 65
      vertex 7.39104 3.06147 -65
    endloop
  endfacet
  facet normal -0.242979 0.970032 0
    outer loop
      vertex -1.56072 7.84628 -65
      vertex -2.32228 7.65552 65
      vertex -1.56072 7.84628 65
    endloop
  endfacet
  facet normal -0.242979 0.970032 0
    outer loop
      vertex -2.32228 7.65552 65
      vertex -1.56072 7.84628 -65
      vertex -2.32228 7.65552 -65
    endloop
  endfacet
  facet normal -0.803206 0.595701 0
    outer loop
      vertex -6.65176 4.44456 -65
      vertex -6.18408 5.07515 65
      vertex -6.18408 5.07515 -65
    endloop
  endfacet
  facet normal -0.803206 0.595701 0
    outer loop
      vertex -6.18408 5.07515 65
      vertex -6.65176 4.44456 -65
      vertex -6.65176 4.44456 65
    endloop
  endfacet
  facet normal 0.242979 0.970032 -0
    outer loop
      vertex 2.32228 7.65552 -65
      vertex 1.56072 7.84628 65
      vertex 2.32228 7.65552 65
    endloop
  endfacet
  facet normal 0.242979 0.970032 0
    outer loop
      vertex 1.56072 7.84628 65
      vertex 2.32228 7.65552 -65
      vertex 1.56072 7.84628 -65
    endloop
  endfacet
  facet normal 0.336883 0.941547 -0
    outer loop
      vertex 3.06147 7.39104 -65
      vertex 2.32228 7.65552 65
      vertex 3.06147 7.39104 65
    endloop
  endfacet
  facet normal 0.336883 0.941547 0
    outer loop
      vertex 2.32228 7.65552 65
      vertex 3.06147 7.39104 -65
      vertex 2.32228 7.65552 -65
    endloop
  endfacet
  facet normal 0.941547 0.336883 0
    outer loop
      vertex 7.65552 2.32228 65
      vertex 7.39104 3.06147 -65
      vertex 7.39104 3.06147 65
    endloop
  endfacet
  facet normal 0.941547 0.336883 0
    outer loop
      vertex 7.39104 3.06147 -65
      vertex 7.65552 2.32228 65
      vertex 7.65552 2.32228 -65
    endloop
  endfacet
  facet normal 0.595701 0.803206 -0
    outer loop
      vertex 5.07515 6.18408 -65
      vertex 4.44456 6.65176 65
      vertex 5.07515 6.18408 65
    endloop
  endfacet
  facet normal 0.595701 0.803206 0
    outer loop
      vertex 4.44456 6.65176 65
      vertex 5.07515 6.18408 -65
      vertex 4.44456 6.65176 -65
    endloop
  endfacet
  facet normal -0.857731 -0.514099 0
    outer loop
      vertex -6.65176 -4.44456 -65
      vertex -7.05537 -3.77117 65
      vertex -7.05537 -3.77117 -65
    endloop
  endfacet
  facet normal -0.857731 -0.514099 0
    outer loop
      vertex -7.05537 -3.77117 65
      vertex -6.65176 -4.44456 -65
      vertex -6.65176 -4.44456 65
    endloop
  endfacet
  facet normal 0.514099 0.857731 -0
    outer loop
      vertex 4.44456 6.65176 -65
      vertex 3.77117 7.05537 65
      vertex 4.44456 6.65176 65
    endloop
  endfacet
  facet normal 0.514099 0.857731 0
    outer loop
      vertex 3.77117 7.05537 65
      vertex 4.44456 6.65176 -65
      vertex 3.77117 7.05537 -65
    endloop
  endfacet
  facet normal 0.941547 -0.336883 0
    outer loop
      vertex 7.39104 -3.06147 65
      vertex 7.65552 -2.32228 -65
      vertex 7.65552 -2.32228 65
    endloop
  endfacet
  facet normal 0.941547 -0.336883 0
    outer loop
      vertex 7.65552 -2.32228 -65
      vertex 7.39104 -3.06147 65
      vertex 7.39104 -3.06147 -65
    endloop
  endfacet
  facet normal -0.857731 0.514099 0
    outer loop
      vertex -7.05537 3.77117 -65
      vertex -6.65176 4.44456 65
      vertex -6.65176 4.44456 -65
    endloop
  endfacet
  facet normal -0.857731 0.514099 0
    outer loop
      vertex -6.65176 4.44456 65
      vertex -7.05537 3.77117 -65
      vertex -7.05537 3.77117 65
    endloop
  endfacet
  facet normal -0.970033 -0.242972 0
    outer loop
      vertex -7.84628 -1.56072 -65
      vertex -7.73625 -2 -44.578
      vertex -7.84628 -1.56072 -44.3944
    endloop
  endfacet
  facet normal 0 0 0
    outer loop
      vertex -7.73625 -2 -44.578
      vertex -7.73625 -2 -14.578
      vertex -7.73625 -2 -35.422
    endloop
  endfacet
  facet normal -0.970029 -0.242989 0
    outer loop
      vertex -7.65552 -2.32228 -65
      vertex -7.73625 -2 -14.578
      vertex -7.73625 -2 -44.578
    endloop
  endfacet
  facet normal -0.970029 -0.242989 0
    outer loop
      vertex -7.73625 -2 -14.578
      vertex -7.65552 -2.32228 -65
      vertex -7.73625 -2 -5.42201
    endloop
  endfacet
  facet normal -0.970029 -0.242989 0
    outer loop
      vertex -7.73625 -2 -5.42201
      vertex -7.65552 -2.32228 -65
      vertex -7.73625 -2 15.422
    endloop
  endfacet
  facet normal -0.970029 -0.242989 0
    outer loop
      vertex -7.73625 -2 15.422
      vertex -7.65552 -2.32228 -65
      vertex -7.73625 -2 24.578
    endloop
  endfacet
  facet normal -0.970032 -0.242979 -1.62539e-07
    outer loop
      vertex -7.65552 -2.32228 -65
      vertex -7.73625 -2 -44.578
      vertex -7.84628 -1.56072 -65
    endloop
  endfacet
  facet normal -0.970033 -0.242972 0
    outer loop
      vertex -7.73625 -2 -35.422
      vertex -7.84628 -1.56072 -14.3944
      vertex -7.84628 -1.56072 -35.6056
    endloop
  endfacet
  facet normal -0.970033 -0.242972 0
    outer loop
      vertex -7.84628 -1.56072 -14.3944
      vertex -7.73625 -2 -35.422
      vertex -7.73625 -2 -14.578
    endloop
  endfacet
  facet normal -0.970033 -0.242972 0
    outer loop
      vertex -7.73625 -2 -5.42201
      vertex -7.84628 -1.56072 15.6056
      vertex -7.84628 -1.56072 -5.60559
    endloop
  endfacet
  facet normal -0.970033 -0.242972 0
    outer loop
      vertex -7.84628 -1.56072 15.6056
      vertex -7.73625 -2 -5.42201
      vertex -7.73625 -2 15.422
    endloop
  endfacet
  facet normal -0.970033 -0.242972 0
    outer loop
      vertex -7.73625 -2 24.578
      vertex -7.84628 -1.56072 65
      vertex -7.84628 -1.56072 24.3944
    endloop
  endfacet
  facet normal -0.970032 -0.242979 8.2118e-08
    outer loop
      vertex -7.73625 -2 24.578
      vertex -7.65552 -2.32228 65
      vertex -7.84628 -1.56072 65
    endloop
  endfacet
  facet normal -0.970029 -0.242989 -0
    outer loop
      vertex -7.65552 -2.32228 65
      vertex -7.73625 -2 24.578
      vertex -7.65552 -2.32228 -65
    endloop
  endfacet
  facet normal 0.0490649 0.998796 -0
    outer loop
      vertex 0.784137 7.96148 -65
      vertex 0 8 65
      vertex 0.784137 7.96148 65
    endloop
  endfacet
  facet normal 0.0490649 0.998796 0
    outer loop
      vertex 0 8 65
      vertex 0.784137 7.96148 -65
      vertex 0 8 -65
    endloop
  endfacet
  facet normal 0.857731 0.514099 0
    outer loop
      vertex 7.05537 3.77117 65
      vertex 6.65176 4.44456 -65
      vertex 6.65176 4.44456 65
    endloop
  endfacet
  facet normal 0.857731 0.514099 0
    outer loop
      vertex 6.65176 4.44456 -65
      vertex 7.05537 3.77117 65
      vertex 7.05537 3.77117 -65
    endloop
  endfacet
  facet normal -0.941547 -0.336883 0
    outer loop
      vertex -7.39104 -3.06147 -65
      vertex -7.65552 -2.32228 65
      vertex -7.65552 -2.32228 -65
    endloop
  endfacet
  facet normal -0.941547 -0.336883 0
    outer loop
      vertex -7.65552 -2.32228 65
      vertex -7.39104 -3.06147 -65
      vertex -7.39104 -3.06147 65
    endloop
  endfacet
  facet normal -0.671564 0.740946 0
    outer loop
      vertex -5.07515 6.18408 -65
      vertex -5.65685 5.65685 65
      vertex -5.07515 6.18408 65
    endloop
  endfacet
  facet normal -0.671564 0.740946 0
    outer loop
      vertex -5.65685 5.65685 65
      vertex -5.07515 6.18408 -65
      vertex -5.65685 5.65685 -65
    endloop
  endfacet
  facet normal 0.970033 -0.242972 0
    outer loop
      vertex 7.84628 -1.56072 65
      vertex 7.73625 -2 24.578
      vertex 7.84628 -1.56072 24.3944
    endloop
  endfacet
  facet normal 0 0 0
    outer loop
      vertex 7.73625 -2 24.578
      vertex 7.73625 -2 -5.42201
      vertex 7.73625 -2 15.422
    endloop
  endfacet
  facet normal 0 0 0
    outer loop
      vertex 7.73625 -2 24.578
      vertex 7.73625 -2 -14.578
      vertex 7.73625 -2 -5.42201
    endloop
  endfacet
  facet normal 0 0 0
    outer loop
      vertex 7.73625 -2 24.578
      vertex 7.73625 -2 -35.422
      vertex 7.73625 -2 -14.578
    endloop
  endfacet
  facet normal 0 0 0
    outer loop
      vertex 7.73625 -2 24.578
      vertex 7.73625 -2 -44.578
      vertex 7.73625 -2 -35.422
    endloop
  endfacet
  facet normal 0.970029 -0.242989 0
    outer loop
      vertex 7.73625 -2 24.578
      vertex 7.65552 -2.32228 65
      vertex 7.73625 -2 -44.578
    endloop
  endfacet
  facet normal 0.970032 -0.242979 8.2118e-08
    outer loop
      vertex 7.65552 -2.32228 65
      vertex 7.73625 -2 24.578
      vertex 7.84628 -1.56072 65
    endloop
  endfacet
  facet normal 0.970033 -0.242972 0
    outer loop
      vertex 7.73625 -2 15.422
      vertex 7.84628 -1.56072 -5.60559
      vertex 7.84628 -1.56072 15.6056
    endloop
  endfacet
  facet normal 0.970033 -0.242972 0
    outer loop
      vertex 7.84628 -1.56072 -5.60559
      vertex 7.73625 -2 15.422
      vertex 7.73625 -2 -5.42201
    endloop
  endfacet
  facet normal 0.970033 -0.242972 0
    outer loop
      vertex 7.73625 -2 -14.578
      vertex 7.84628 -1.56072 -35.6056
      vertex 7.84628 -1.56072 -14.3944
    endloop
  endfacet
  facet normal 0.970033 -0.242972 0
    outer loop
      vertex 7.84628 -1.56072 -35.6056
      vertex 7.73625 -2 -14.578
      vertex 7.73625 -2 -35.422
    endloop
  endfacet
  facet normal 0.970033 -0.242972 0
    outer loop
      vertex 7.73625 -2 -44.578
      vertex 7.84628 -1.56072 -65
      vertex 7.84628 -1.56072 -44.3944
    endloop
  endfacet
  facet normal 0.970032 -0.242979 -1.62539e-07
    outer loop
      vertex 7.73625 -2 -44.578
      vertex 7.65552 -2.32228 -65
      vertex 7.84628 -1.56072 -65
    endloop
  endfacet
  facet normal 0.970029 -0.242989 0
    outer loop
      vertex 7.65552 -2.32228 -65
      vertex 7.73625 -2 -44.578
      vertex 7.65552 -2.32228 65
    endloop
  endfacet
  facet normal 0 0 -1
    outer loop
      vertex 7.56918 -0.627309 -65
      vertex 8 0 -65
      vertex 7.96148 -0.784137 -65
    endloop
  endfacet
  facet normal 0 0 -1
    outer loop
      vertex 7.54612 -0.861418 -65
      vertex 7.96148 -0.784137 -65
      vertex 7.84628 -1.56072 -65
    endloop
  endfacet
  facet normal -0 0 -1
    outer loop
      vertex 8 0 -65
      vertex 7.56918 -0.627309 -65
      vertex 7.6 0 -65
    endloop
  endfacet
  facet normal 0 0 -1
    outer loop
      vertex 7.42535 -1.59692 -65
      vertex 7.84628 -1.56072 -65
      vertex 7.65552 -2.32228 -65
    endloop
  endfacet
  facet normal 0 0 -1
    outer loop
      vertex 8 0 -65
      vertex 7.56918 0.627309 -65
      vertex 7.96148 0.784137 -65
    endloop
  endfacet
  facet normal 0 0 -1
    outer loop
      vertex 7.5634 0.74493 -65
      vertex 7.96148 0.784137 -65
      vertex 7.56918 0.627309 -65
    endloop
  endfacet
  facet normal 0 0 -1
    outer loop
      vertex 7.56918 0.627309 -65
      vertex 8 0 -65
      vertex 7.6 0 -65
    endloop
  endfacet
  facet normal 0 0 -1
    outer loop
      vertex 7.96148 -0.784137 -65
      vertex 7.5634 -0.74493 -65
      vertex 7.56918 -0.627309 -65
    endloop
  endfacet
  facet normal -0 0 -1
    outer loop
      vertex 7.96148 -0.784137 -65
      vertex 7.54612 -0.861418 -65
      vertex 7.5634 -0.74493 -65
    endloop
  endfacet
  facet normal 0 0 -1
    outer loop
      vertex 7.84628 -1.56072 -65
      vertex 7.45397 -1.48269 -65
      vertex 7.54612 -0.861418 -65
    endloop
  endfacet
  facet normal -0 0 -1
    outer loop
      vertex 7.84628 -1.56072 -65
      vertex 7.42535 -1.59692 -65
      vertex 7.45397 -1.48269 -65
    endloop
  endfacet
  facet normal 0 0 -1
    outer loop
      vertex 7.06116 -2.79752 -65
      vertex 7.65552 -2.32228 -65
      vertex 7.39104 -3.06147 -65
    endloop
  endfacet
  facet normal 0 0 -1
    outer loop
      vertex 7.65552 -2.32228 -65
      vertex 7.27275 -2.20616 -65
      vertex 7.42535 -1.59692 -65
    endloop
  endfacet
  facet normal -0 0 -1
    outer loop
      vertex 7.65552 -2.32228 -65
      vertex 7.06116 -2.79752 -65
      vertex 7.27275 -2.20616 -65
    endloop
  endfacet
  facet normal 0 0 -1
    outer loop
      vertex 6.97113 -3.01485 -65
      vertex 7.39104 -3.06147 -65
      vertex 7.05537 -3.77117 -65
    endloop
  endfacet
  facet normal 0 0 -1
    outer loop
      vertex 7.39104 -3.06147 -65
      vertex 7.02148 -2.90839 -65
      vertex 7.06116 -2.79752 -65
    endloop
  endfacet
  facet normal 0 0 -1
    outer loop
      vertex 7.39104 -3.06147 -65
      vertex 6.97113 -3.01485 -65
      vertex 7.02148 -2.90839 -65
    endloop
  endfacet
  facet normal 0 0 -1
    outer loop
      vertex 7.05537 -3.77117 -65
      vertex 6.7026 -3.58261 -65
      vertex 6.97113 -3.01485 -65
    endloop
  endfacet
  facet normal 0 0 -1
    outer loop
      vertex 6.64206 -3.68362 -65
      vertex 7.05537 -3.77117 -65
      vertex 6.65176 -4.44456 -65
    endloop
  endfacet
  facet normal 0 0 -1
    outer loop
      vertex 7.05537 -3.77117 -65
      vertex 6.64206 -3.68362 -65
      vertex 6.7026 -3.58261 -65
    endloop
  endfacet
  facet normal 0 0 -1
    outer loop
      vertex 6.65176 -4.44456 -65
      vertex 6.31917 -4.22233 -65
      vertex 6.64206 -3.68362 -65
    endloop
  endfacet
  facet normal 0 0 -1
    outer loop
      vertex 6.65176 -4.44456 -65
      vertex 6.24902 -4.31692 -65
      vertex 6.31917 -4.22233 -65
    endloop
  endfacet
  facet normal 0 0 -1
    outer loop
      vertex 6.18408 -5.07515 -65
      vertex 6.24902 -4.31692 -65
      vertex 6.65176 -4.44456 -65
    endloop
  endfacet
  facet normal 0 0 -1
    outer loop
      vertex 6.18408 -5.07515 -65
      vertex 5.87488 -4.82139 -65
      vertex 6.24902 -4.31692 -65
    endloop
  endfacet
  facet normal 0 0 -1
    outer loop
      vertex 6.18408 -5.07515 -65
      vertex 5.79579 -4.90864 -65
      vertex 5.87488 -4.82139 -65
    endloop
  endfacet
  facet normal 0 0 -1
    outer loop
      vertex 5.65685 -5.65685 -65
      vertex 5.79579 -4.90864 -65
      vertex 6.18408 -5.07515 -65
    endloop
  endfacet
  facet normal 0 0 -1
    outer loop
      vertex 5.65685 -5.65685 -65
      vertex 5.37401 -5.37401 -65
      vertex 5.79579 -4.90864 -65
    endloop
  endfacet
  facet normal 0 0 -1
    outer loop
      vertex 4.90864 -5.79579 -65
      vertex 5.65685 -5.65685 -65
      vertex 5.07515 -6.18408 -65
    endloop
  endfacet
  facet normal -0 0 -1
    outer loop
      vertex 5.65685 -5.65685 -65
      vertex 4.90864 -5.79579 -65
      vertex 5.37401 -5.37401 -65
    endloop
  endfacet
  facet normal 0 0 -1
    outer loop
      vertex 5.07515 -6.18408 -65
      vertex 4.82139 -5.87488 -65
      vertex 4.90864 -5.79579 -65
    endloop
  endfacet
  facet normal 0 0 -1
    outer loop
      vertex 4.31692 -6.24902 -65
      vertex 5.07515 -6.18408 -65
      vertex 4.44456 -6.65176 -65
    endloop
  endfacet
  facet normal -0 0 -1
    outer loop
      vertex 5.07515 -6.18408 -65
      vertex 4.31692 -6.24902 -65
      vertex 4.82139 -5.87488 -65
    endloop
  endfacet
  facet normal 0 0 -1
    outer loop
      vertex 4.44456 -6.65176 -65
      vertex 4.22233 -6.31917 -65
      vertex 4.31692 -6.24902 -65
    endloop
  endfacet
  facet normal 0 0 -1
    outer loop
      vertex 3.68362 -6.64206 -65
      vertex 4.44456 -6.65176 -65
      vertex 3.77117 -7.05537 -65
    endloop
  endfacet
  facet normal 0 0 -1
    outer loop
      vertex 4.44456 -6.65176 -65
      vertex 3.68362 -6.64206 -65
      vertex 4.22233 -6.31917 -65
    endloop
  endfacet
  facet normal 0 0 -1
    outer loop
      vertex 3.77117 -7.05537 -65
      vertex 3.58261 -6.7026 -65
      vertex 3.68362 -6.64206 -65
    endloop
  endfacet
  facet normal 0 0 -1
    outer loop
      vertex 3.01485 -6.97113 -65
      vertex 3.77117 -7.05537 -65
      vertex 3.06147 -7.39104 -65
    endloop
  endfacet
  facet normal 0 0 -1
    outer loop
      vertex 3.77117 -7.05537 -65
      vertex 3.01485 -6.97113 -65
      vertex 3.58261 -6.7026 -65
    endloop
  endfacet
  facet normal 0 0 -1
    outer loop
      vertex 3.06147 -7.39104 -65
      vertex 2.90839 -7.02148 -65
      vertex 3.01485 -6.97113 -65
    endloop
  endfacet
  facet normal 0 0 -1
    outer loop
      vertex 3.06147 -7.39104 -65
      vertex 2.79752 -7.06116 -65
      vertex 2.90839 -7.02148 -65
    endloop
  endfacet
  facet normal 0 0 -1
    outer loop
      vertex 2.32228 -7.65552 -65
      vertex 2.79752 -7.06116 -65
      vertex 3.06147 -7.39104 -65
    endloop
  endfacet
  facet normal 0 0 -1
    outer loop
      vertex 2.32228 -7.65552 -65
      vertex 2.20616 -7.27275 -65
      vertex 2.79752 -7.06116 -65
    endloop
  endfacet
  facet normal 0 0 -1
    outer loop
      vertex 2.32228 -7.65552 -65
      vertex 1.59692 -7.42535 -65
      vertex 2.20616 -7.27275 -65
    endloop
  endfacet
  facet normal 0 0 -1
    outer loop
      vertex 1.56072 -7.84628 -65
      vertex 1.59692 -7.42535 -65
      vertex 2.32228 -7.65552 -65
    endloop
  endfacet
  facet normal 0 0 -1
    outer loop
      vertex 1.56072 -7.84628 -65
      vertex 1.48269 -7.45397 -65
      vertex 1.59692 -7.42535 -65
    endloop
  endfacet
  facet normal 0 0 -1
    outer loop
      vertex 1.56072 -7.84628 -65
      vertex 0.861418 -7.54612 -65
      vertex 1.48269 -7.45397 -65
    endloop
  endfacet
  facet normal 0 0 -1
    outer loop
      vertex 0.784137 -7.96148 -65
      vertex 0.861418 -7.54612 -65
      vertex 1.56072 -7.84628 -65
    endloop
  endfacet
  facet normal 0 0 -1
    outer loop
      vertex 0.784137 -7.96148 -65
      vertex 0.74493 -7.5634 -65
      vertex 0.861418 -7.54612 -65
    endloop
  endfacet
  facet normal 0 0 -1
    outer loop
      vertex 0.784137 -7.96148 -65
      vertex 0.627309 -7.56918 -65
      vertex 0.74493 -7.5634 -65
    endloop
  endfacet
  facet normal 0 0 -1
    outer loop
      vertex 0 -8 -65
      vertex 0.627309 -7.56918 -65
      vertex 0.784137 -7.96148 -65
    endloop
  endfacet
  facet normal 0 0 -1
    outer loop
      vertex 0 -8 -65
      vertex 0 -7.6 -65
      vertex 0.627309 -7.56918 -65
    endloop
  endfacet
  facet normal 0 0 -1
    outer loop
      vertex 0 -8 -65
      vertex -0.627309 -7.56918 -65
      vertex 0 -7.6 -65
    endloop
  endfacet
  facet normal 0 0 -1
    outer loop
      vertex -0.784137 -7.96148 -65
      vertex -0.627309 -7.56918 -65
      vertex 0 -8 -65
    endloop
  endfacet
  facet normal -0 0 -1
    outer loop
      vertex -0.627309 -7.56918 -65
      vertex -0.784137 -7.96148 -65
      vertex -0.74493 -7.5634 -65
    endloop
  endfacet
  facet normal 0 0 -1
    outer loop
      vertex -0.784137 -7.96148 -65
      vertex -0.861418 -7.54612 -65
      vertex -0.74493 -7.5634 -65
    endloop
  endfacet
  facet normal 0 0 -1
    outer loop
      vertex -1.56072 -7.84628 -65
      vertex -0.861418 -7.54612 -65
      vertex -0.784137 -7.96148 -65
    endloop
  endfacet
  facet normal -0 0 -1
    outer loop
      vertex -0.861418 -7.54612 -65
      vertex -1.56072 -7.84628 -65
      vertex -1.48269 -7.45397 -65
    endloop
  endfacet
  facet normal 0 0 -1
    outer loop
      vertex -1.56072 -7.84628 -65
      vertex -1.59692 -7.42535 -65
      vertex -1.48269 -7.45397 -65
    endloop
  endfacet
  facet normal 0 0 -1
    outer loop
      vertex -2.32228 -7.65552 -65
      vertex -1.59692 -7.42535 -65
      vertex -1.56072 -7.84628 -65
    endloop
  endfacet
  facet normal -0 0 -1
    outer loop
      vertex -1.59692 -7.42535 -65
      vertex -2.32228 -7.65552 -65
      vertex -2.20616 -7.27275 -65
    endloop
  endfacet
  facet normal 0 0 -1
    outer loop
      vertex -2.32228 -7.65552 -65
      vertex -2.79752 -7.06116 -65
      vertex -2.20616 -7.27275 -65
    endloop
  endfacet
  facet normal 0 0 -1
    outer loop
      vertex -3.06147 -7.39104 -65
      vertex -2.79752 -7.06116 -65
      vertex -2.32228 -7.65552 -65
    endloop
  endfacet
  facet normal -0 0 -1
    outer loop
      vertex -2.79752 -7.06116 -65
      vertex -3.06147 -7.39104 -65
      vertex -2.90839 -7.02148 -65
    endloop
  endfacet
  facet normal -0 0 -1
    outer loop
      vertex -2.90839 -7.02148 -65
      vertex -3.06147 -7.39104 -65
      vertex -3.01485 -6.97113 -65
    endloop
  endfacet
  facet normal 0 0 -1
    outer loop
      vertex -3.77117 -7.05537 -65
      vertex -3.01485 -6.97113 -65
      vertex -3.06147 -7.39104 -65
    endloop
  endfacet
  facet normal -0 0 -1
    outer loop
      vertex -3.01485 -6.97113 -65
      vertex -3.77117 -7.05537 -65
      vertex -3.58261 -6.7026 -65
    endloop
  endfacet
  facet normal -0 0 -1
    outer loop
      vertex -3.58261 -6.7026 -65
      vertex -3.77117 -7.05537 -65
      vertex -3.68362 -6.64206 -65
    endloop
  endfacet
  facet normal 0 0 -1
    outer loop
      vertex -4.44456 -6.65176 -65
      vertex -3.68362 -6.64206 -65
      vertex -3.77117 -7.05537 -65
    endloop
  endfacet
  facet normal -0 0 -1
    outer loop
      vertex -3.68362 -6.64206 -65
      vertex -4.44456 -6.65176 -65
      vertex -4.22233 -6.31917 -65
    endloop
  endfacet
  facet normal -0 0 -1
    outer loop
      vertex -4.22233 -6.31917 -65
      vertex -4.44456 -6.65176 -65
      vertex -4.31692 -6.24902 -65
    endloop
  endfacet
  facet normal 0 0 -1
    outer loop
      vertex -5.07515 -6.18408 -65
      vertex -4.31692 -6.24902 -65
      vertex -4.44456 -6.65176 -65
    endloop
  endfacet
  facet normal 0 0 -1
    outer loop
      vertex -4.31692 -6.24902 -65
      vertex -5.07515 -6.18408 -65
      vertex -4.82139 -5.87488 -65
    endloop
  endfacet
  facet normal -0 0 -1
    outer loop
      vertex -4.82139 -5.87488 -65
      vertex -5.07515 -6.18408 -65
      vertex -4.90864 -5.79579 -65
    endloop
  endfacet
  facet normal 0 0 -1
    outer loop
      vertex -5.65685 -5.65685 -65
      vertex -4.90864 -5.79579 -65
      vertex -5.07515 -6.18408 -65
    endloop
  endfacet
  facet normal 0 0 -1
    outer loop
      vertex -4.90864 -5.79579 -65
      vertex -5.65685 -5.65685 -65
      vertex -5.37401 -5.37401 -65
    endloop
  endfacet
  facet normal 0 0 -1
    outer loop
      vertex -5.65685 -5.65685 -65
      vertex -5.79579 -4.90864 -65
      vertex -5.37401 -5.37401 -65
    endloop
  endfacet
  facet normal 0 0 -1
    outer loop
      vertex -6.18408 -5.07515 -65
      vertex -5.79579 -4.90864 -65
      vertex -5.65685 -5.65685 -65
    endloop
  endfacet
  facet normal -0 0 -1
    outer loop
      vertex -5.79579 -4.90864 -65
      vertex -6.18408 -5.07515 -65
      vertex -5.87488 -4.82139 -65
    endloop
  endfacet
  facet normal 0 0 -1
    outer loop
      vertex -6.18408 -5.07515 -65
      vertex -6.24902 -4.31692 -65
      vertex -5.87488 -4.82139 -65
    endloop
  endfacet
  facet normal 0 0 -1
    outer loop
      vertex -6.65176 -4.44456 -65
      vertex -6.24902 -4.31692 -65
      vertex -6.18408 -5.07515 -65
    endloop
  endfacet
  facet normal -0 0 -1
    outer loop
      vertex -6.24902 -4.31692 -65
      vertex -6.65176 -4.44456 -65
      vertex -6.31917 -4.22233 -65
    endloop
  endfacet
  facet normal -0 0 -1
    outer loop
      vertex -6.31917 -4.22233 -65
      vertex -6.65176 -4.44456 -65
      vertex -6.64206 -3.68362 -65
    endloop
  endfacet
  facet normal 0 0 -1
    outer loop
      vertex -7.05537 -3.77117 -65
      vertex -6.64206 -3.68362 -65
      vertex -6.65176 -4.44456 -65
    endloop
  endfacet
  facet normal -0 0 -1
    outer loop
      vertex -6.64206 -3.68362 -65
      vertex -7.05537 -3.77117 -65
      vertex -6.7026 -3.58261 -65
    endloop
  endfacet
  facet normal -0 0 -1
    outer loop
      vertex -6.7026 -3.58261 -65
      vertex -7.05537 -3.77117 -65
      vertex -6.97113 -3.01485 -65
    endloop
  endfacet
  facet normal 0 0 -1
    outer loop
      vertex -7.39104 -3.06147 -65
      vertex -6.97113 -3.01485 -65
      vertex -7.05537 -3.77117 -65
    endloop
  endfacet
  facet normal -0 0 -1
    outer loop
      vertex -6.97113 -3.01485 -65
      vertex -7.39104 -3.06147 -65
      vertex -7.02148 -2.90839 -65
    endloop
  endfacet
  facet normal -0 0 -1
    outer loop
      vertex -7.02148 -2.90839 -65
      vertex -7.39104 -3.06147 -65
      vertex -7.06116 -2.79752 -65
    endloop
  endfacet
  facet normal 0 0 -1
    outer loop
      vertex -7.65552 -2.32228 -65
      vertex -7.06116 -2.79752 -65
      vertex -7.39104 -3.06147 -65
    endloop
  endfacet
  facet normal 0 0 -1
    outer loop
      vertex -7.06116 -2.79752 -65
      vertex -7.65552 -2.32228 -65
      vertex -7.27275 -2.20616 -65
    endloop
  endfacet
  facet normal -0 0 -1
    outer loop
      vertex -7.27275 -2.20616 -65
      vertex -7.65552 -2.32228 -65
      vertex -7.42535 -1.59692 -65
    endloop
  endfacet
  facet normal 0 0 -1
    outer loop
      vertex -7.84628 -1.56072 -65
      vertex -7.42535 -1.59692 -65
      vertex -7.65552 -2.32228 -65
    endloop
  endfacet
  facet normal 0 0 -1
    outer loop
      vertex -7.42535 -1.59692 -65
      vertex -7.84628 -1.56072 -65
      vertex -7.45397 -1.48269 -65
    endloop
  endfacet
  facet normal 0 0 -1
    outer loop
      vertex -7.54612 -0.861418 -65
      vertex -7.96148 -0.784137 -65
      vertex -7.5634 -0.74493 -65
    endloop
  endfacet
  facet normal 0 0 -1
    outer loop
      vertex -7.96148 -0.784137 -65
      vertex -7.54612 -0.861418 -65
      vertex -7.84628 -1.56072 -65
    endloop
  endfacet
  facet normal -0 0 -1
    outer loop
      vertex -7.45397 -1.48269 -65
      vertex -7.84628 -1.56072 -65
      vertex -7.54612 -0.861418 -65
    endloop
  endfacet
  facet normal 0 0 -1
    outer loop
      vertex 7.54612 0.861418 -65
      vertex 7.96148 0.784137 -65
      vertex 7.5634 0.74493 -65
    endloop
  endfacet
  facet normal 0 0 -1
    outer loop
      vertex 7.96148 0.784137 -65
      vertex 7.54612 0.861418 -65
      vertex 7.84628 1.56072 -65
    endloop
  endfacet
  facet normal 0 0 -1
    outer loop
      vertex 7.45397 1.48269 -65
      vertex 7.84628 1.56072 -65
      vertex 7.54612 0.861418 -65
    endloop
  endfacet
  facet normal 0 0 -1
    outer loop
      vertex 7.42535 1.59692 -65
      vertex 7.84628 1.56072 -65
      vertex 7.45397 1.48269 -65
    endloop
  endfacet
  facet normal 0 0 -1
    outer loop
      vertex 7.84628 1.56072 -65
      vertex 7.42535 1.59692 -65
      vertex 7.65552 2.32228 -65
    endloop
  endfacet
  facet normal 0 0 -1
    outer loop
      vertex 7.27275 2.20616 -65
      vertex 7.65552 2.32228 -65
      vertex 7.42535 1.59692 -65
    endloop
  endfacet
  facet normal 0 0 -1
    outer loop
      vertex 7.06116 2.79752 -65
      vertex 7.65552 2.32228 -65
      vertex 7.27275 2.20616 -65
    endloop
  endfacet
  facet normal 0 0 -1
    outer loop
      vertex 7.65552 2.32228 -65
      vertex 7.06116 2.79752 -65
      vertex 7.39104 3.06147 -65
    endloop
  endfacet
  facet normal 0 0 -1
    outer loop
      vertex 7.02148 2.90839 -65
      vertex 7.39104 3.06147 -65
      vertex 7.06116 2.79752 -65
    endloop
  endfacet
  facet normal 0 0 -1
    outer loop
      vertex 6.97113 3.01485 -65
      vertex 7.39104 3.06147 -65
      vertex 7.02148 2.90839 -65
    endloop
  endfacet
  facet normal -0 0 -1
    outer loop
      vertex 7.39104 3.06147 -65
      vertex 6.97113 3.01485 -65
      vertex 7.05537 3.77117 -65
    endloop
  endfacet
  facet normal 0 0 -1
    outer loop
      vertex 6.7026 3.58261 -65
      vertex 7.05537 3.77117 -65
      vertex 6.97113 3.01485 -65
    endloop
  endfacet
  facet normal 0 0 -1
    outer loop
      vertex 6.64206 3.68362 -65
      vertex 7.05537 3.77117 -65
      vertex 6.7026 3.58261 -65
    endloop
  endfacet
  facet normal -0 0 -1
    outer loop
      vertex 7.05537 3.77117 -65
      vertex 6.64206 3.68362 -65
      vertex 6.65176 4.44456 -65
    endloop
  endfacet
  facet normal 0 0 -1
    outer loop
      vertex 6.31917 4.22233 -65
      vertex 6.65176 4.44456 -65
      vertex 6.64206 3.68362 -65
    endloop
  endfacet
  facet normal 0 0 -1
    outer loop
      vertex 6.24902 4.31692 -65
      vertex 6.65176 4.44456 -65
      vertex 6.31917 4.22233 -65
    endloop
  endfacet
  facet normal 0 0 -1
    outer loop
      vertex 6.24902 4.31692 -65
      vertex 6.18408 5.07515 -65
      vertex 6.65176 4.44456 -65
    endloop
  endfacet
  facet normal 0 0 -1
    outer loop
      vertex 5.87488 4.82139 -65
      vertex 6.18408 5.07515 -65
      vertex 6.24902 4.31692 -65
    endloop
  endfacet
  facet normal 0 0 -1
    outer loop
      vertex 5.79579 4.90864 -65
      vertex 6.18408 5.07515 -65
      vertex 5.87488 4.82139 -65
    endloop
  endfacet
  facet normal 0 0 -1
    outer loop
      vertex 5.79579 4.90864 -65
      vertex 5.65685 5.65685 -65
      vertex 6.18408 5.07515 -65
    endloop
  endfacet
  facet normal 0 0 -1
    outer loop
      vertex 5.37401 5.37401 -65
      vertex 5.65685 5.65685 -65
      vertex 5.79579 4.90864 -65
    endloop
  endfacet
  facet normal 0 0 -1
    outer loop
      vertex 4.90864 5.79579 -65
      vertex 5.65685 5.65685 -65
      vertex 5.37401 5.37401 -65
    endloop
  endfacet
  facet normal 0 0 -1
    outer loop
      vertex 5.65685 5.65685 -65
      vertex 4.90864 5.79579 -65
      vertex 5.07515 6.18408 -65
    endloop
  endfacet
  facet normal 0 0 -1
    outer loop
      vertex 4.82139 5.87488 -65
      vertex 5.07515 6.18408 -65
      vertex 4.90864 5.79579 -65
    endloop
  endfacet
  facet normal 0 0 -1
    outer loop
      vertex 4.31692 6.24902 -65
      vertex 5.07515 6.18408 -65
      vertex 4.82139 5.87488 -65
    endloop
  endfacet
  facet normal 0 0 -1
    outer loop
      vertex 5.07515 6.18408 -65
      vertex 4.31692 6.24902 -65
      vertex 4.44456 6.65176 -65
    endloop
  endfacet
  facet normal 0 0 -1
    outer loop
      vertex 4.22233 6.31917 -65
      vertex 4.44456 6.65176 -65
      vertex 4.31692 6.24902 -65
    endloop
  endfacet
  facet normal 0 0 -1
    outer loop
      vertex 3.68362 6.64206 -65
      vertex 4.44456 6.65176 -65
      vertex 4.22233 6.31917 -65
    endloop
  endfacet
  facet normal -0 0 -1
    outer loop
      vertex 4.44456 6.65176 -65
      vertex 3.68362 6.64206 -65
      vertex 3.77117 7.05537 -65
    endloop
  endfacet
  facet normal 0 0 -1
    outer loop
      vertex 3.58261 6.7026 -65
      vertex 3.77117 7.05537 -65
      vertex 3.68362 6.64206 -65
    endloop
  endfacet
  facet normal 0 0 -1
    outer loop
      vertex 3.01485 6.97113 -65
      vertex 3.77117 7.05537 -65
      vertex 3.58261 6.7026 -65
    endloop
  endfacet
  facet normal -0 0 -1
    outer loop
      vertex 3.77117 7.05537 -65
      vertex 3.01485 6.97113 -65
      vertex 3.06147 7.39104 -65
    endloop
  endfacet
  facet normal 0 0 -1
    outer loop
      vertex 2.90839 7.02148 -65
      vertex 3.06147 7.39104 -65
      vertex 3.01485 6.97113 -65
    endloop
  endfacet
  facet normal 0 0 -1
    outer loop
      vertex 2.79752 7.06116 -65
      vertex 3.06147 7.39104 -65
      vertex 2.90839 7.02148 -65
    endloop
  endfacet
  facet normal 0 0 -1
    outer loop
      vertex 2.79752 7.06116 -65
      vertex 2.32228 7.65552 -65
      vertex 3.06147 7.39104 -65
    endloop
  endfacet
  facet normal 0 0 -1
    outer loop
      vertex 2.20616 7.27275 -65
      vertex 2.32228 7.65552 -65
      vertex 2.79752 7.06116 -65
    endloop
  endfacet
  facet normal 0 0 -1
    outer loop
      vertex 1.59692 7.42535 -65
      vertex 2.32228 7.65552 -65
      vertex 2.20616 7.27275 -65
    endloop
  endfacet
  facet normal 0 0 -1
    outer loop
      vertex 1.59692 7.42535 -65
      vertex 1.56072 7.84628 -65
      vertex 2.32228 7.65552 -65
    endloop
  endfacet
  facet normal 0 0 -1
    outer loop
      vertex 1.48269 7.45397 -65
      vertex 1.56072 7.84628 -65
      vertex 1.59692 7.42535 -65
    endloop
  endfacet
  facet normal 0 0 -1
    outer loop
      vertex 0.861418 7.54612 -65
      vertex 1.56072 7.84628 -65
      vertex 1.48269 7.45397 -65
    endloop
  endfacet
  facet normal 0 0 -1
    outer loop
      vertex 0.861418 7.54612 -65
      vertex 0.784137 7.96148 -65
      vertex 1.56072 7.84628 -65
    endloop
  endfacet
  facet normal 0 0 -1
    outer loop
      vertex 0.74493 7.5634 -65
      vertex 0.784137 7.96148 -65
      vertex 0.861418 7.54612 -65
    endloop
  endfacet
  facet normal 0 0 -1
    outer loop
      vertex 0.627309 7.56918 -65
      vertex 0.784137 7.96148 -65
      vertex 0.74493 7.5634 -65
    endloop
  endfacet
  facet normal 0 0 -1
    outer loop
      vertex 0 8 -65
      vertex 0.627309 7.56918 -65
      vertex 0 7.6 -65
    endloop
  endfacet
  facet normal 0 0 -1
    outer loop
      vertex 0.627309 7.56918 -65
      vertex 0 8 -65
      vertex 0.784137 7.96148 -65
    endloop
  endfacet
  facet normal 0 0 -1
    outer loop
      vertex -0.627309 7.56918 -65
      vertex 0 8 -65
      vertex 0 7.6 -65
    endloop
  endfacet
  facet normal 0 0 -1
    outer loop
      vertex -0.784137 7.96148 -65
      vertex -0.627309 7.56918 -65
      vertex -0.74493 7.5634 -65
    endloop
  endfacet
  facet normal 0 0 -1
    outer loop
      vertex -0.627309 7.56918 -65
      vertex -0.784137 7.96148 -65
      vertex 0 8 -65
    endloop
  endfacet
  facet normal 0 0 -1
    outer loop
      vertex -0.861418 7.54612 -65
      vertex -0.784137 7.96148 -65
      vertex -0.74493 7.5634 -65
    endloop
  endfacet
  facet normal 0 0 -1
    outer loop
      vertex -1.56072 7.84628 -65
      vertex -0.861418 7.54612 -65
      vertex -1.48269 7.45397 -65
    endloop
  endfacet
  facet normal 0 0 -1
    outer loop
      vertex -0.861418 7.54612 -65
      vertex -1.56072 7.84628 -65
      vertex -0.784137 7.96148 -65
    endloop
  endfacet
  facet normal 0 0 -1
    outer loop
      vertex -1.59692 7.42535 -65
      vertex -1.56072 7.84628 -65
      vertex -1.48269 7.45397 -65
    endloop
  endfacet
  facet normal 0 0 -1
    outer loop
      vertex -2.32228 7.65552 -65
      vertex -1.59692 7.42535 -65
      vertex -2.20616 7.27275 -65
    endloop
  endfacet
  facet normal 0 0 -1
    outer loop
      vertex -1.59692 7.42535 -65
      vertex -2.32228 7.65552 -65
      vertex -1.56072 7.84628 -65
    endloop
  endfacet
  facet normal 0 0 -1
    outer loop
      vertex -2.79752 7.06116 -65
      vertex -2.32228 7.65552 -65
      vertex -2.20616 7.27275 -65
    endloop
  endfacet
  facet normal 0 0 -1
    outer loop
      vertex -3.06147 7.39104 -65
      vertex -2.79752 7.06116 -65
      vertex -2.90839 7.02148 -65
    endloop
  endfacet
  facet normal 0 0 -1
    outer loop
      vertex -3.06147 7.39104 -65
      vertex -2.90839 7.02148 -65
      vertex -3.01485 6.97113 -65
    endloop
  endfacet
  facet normal 0 0 -1
    outer loop
      vertex -2.79752 7.06116 -65
      vertex -3.06147 7.39104 -65
      vertex -2.32228 7.65552 -65
    endloop
  endfacet
  facet normal 0 0 -1
    outer loop
      vertex -3.77117 7.05537 -65
      vertex -3.01485 6.97113 -65
      vertex -3.58261 6.7026 -65
    endloop
  endfacet
  facet normal 0 0 -1
    outer loop
      vertex -3.77117 7.05537 -65
      vertex -3.58261 6.7026 -65
      vertex -3.68362 6.64206 -65
    endloop
  endfacet
  facet normal 0 0 -1
    outer loop
      vertex -3.01485 6.97113 -65
      vertex -3.77117 7.05537 -65
      vertex -3.06147 7.39104 -65
    endloop
  endfacet
  facet normal 0 0 -1
    outer loop
      vertex -4.44456 6.65176 -65
      vertex -3.68362 6.64206 -65
      vertex -4.22233 6.31917 -65
    endloop
  endfacet
  facet normal 0 0 -1
    outer loop
      vertex -4.44456 6.65176 -65
      vertex -4.22233 6.31917 -65
      vertex -4.31692 6.24902 -65
    endloop
  endfacet
  facet normal 0 0 -1
    outer loop
      vertex -3.68362 6.64206 -65
      vertex -4.44456 6.65176 -65
      vertex -3.77117 7.05537 -65
    endloop
  endfacet
  facet normal 0 0 -1
    outer loop
      vertex -5.07515 6.18408 -65
      vertex -4.31692 6.24902 -65
      vertex -4.82139 5.87488 -65
    endloop
  endfacet
  facet normal 0 0 -1
    outer loop
      vertex -5.07515 6.18408 -65
      vertex -4.82139 5.87488 -65
      vertex -4.90864 5.79579 -65
    endloop
  endfacet
  facet normal -0 0 -1
    outer loop
      vertex -4.31692 6.24902 -65
      vertex -5.07515 6.18408 -65
      vertex -4.44456 6.65176 -65
    endloop
  endfacet
  facet normal 0 0 -1
    outer loop
      vertex -5.65685 5.65685 -65
      vertex -4.90864 5.79579 -65
      vertex -5.37401 5.37401 -65
    endloop
  endfacet
  facet normal -0 0 -1
    outer loop
      vertex -4.90864 5.79579 -65
      vertex -5.65685 5.65685 -65
      vertex -5.07515 6.18408 -65
    endloop
  endfacet
  facet normal 0 0 -1
    outer loop
      vertex -5.79579 4.90864 -65
      vertex -5.65685 5.65685 -65
      vertex -5.37401 5.37401 -65
    endloop
  endfacet
  facet normal 0 0 -1
    outer loop
      vertex -6.18408 5.07515 -65
      vertex -5.79579 4.90864 -65
      vertex -5.87488 4.82139 -65
    endloop
  endfacet
  facet normal 0 0 -1
    outer loop
      vertex -5.79579 4.90864 -65
      vertex -6.18408 5.07515 -65
      vertex -5.65685 5.65685 -65
    endloop
  endfacet
  facet normal 0 0 -1
    outer loop
      vertex -6.24902 4.31692 -65
      vertex -6.18408 5.07515 -65
      vertex -5.87488 4.82139 -65
    endloop
  endfacet
  facet normal 0 0 -1
    outer loop
      vertex -6.65176 4.44456 -65
      vertex -6.24902 4.31692 -65
      vertex -6.31917 4.22233 -65
    endloop
  endfacet
  facet normal 0 0 -1
    outer loop
      vertex -6.65176 4.44456 -65
      vertex -6.31917 4.22233 -65
      vertex -6.64206 3.68362 -65
    endloop
  endfacet
  facet normal 0 0 -1
    outer loop
      vertex -6.24902 4.31692 -65
      vertex -6.65176 4.44456 -65
      vertex -6.18408 5.07515 -65
    endloop
  endfacet
  facet normal 0 0 -1
    outer loop
      vertex -7.05537 3.77117 -65
      vertex -6.64206 3.68362 -65
      vertex -6.7026 3.58261 -65
    endloop
  endfacet
  facet normal 0 0 -1
    outer loop
      vertex -7.05537 3.77117 -65
      vertex -6.7026 3.58261 -65
      vertex -6.97113 3.01485 -65
    endloop
  endfacet
  facet normal 0 0 -1
    outer loop
      vertex -7.39104 3.06147 -65
      vertex -6.97113 3.01485 -65
      vertex -7.02148 2.90839 -65
    endloop
  endfacet
  facet normal 0 0 -1
    outer loop
      vertex -6.64206 3.68362 -65
      vertex -7.05537 3.77117 -65
      vertex -6.65176 4.44456 -65
    endloop
  endfacet
  facet normal 0 0 -1
    outer loop
      vertex -7.39104 3.06147 -65
      vertex -7.02148 2.90839 -65
      vertex -7.06116 2.79752 -65
    endloop
  endfacet
  facet normal 0 0 -1
    outer loop
      vertex -7.65552 2.32228 -65
      vertex -7.06116 2.79752 -65
      vertex -7.27275 2.20616 -65
    endloop
  endfacet
  facet normal 0 0 -1
    outer loop
      vertex -6.97113 3.01485 -65
      vertex -7.39104 3.06147 -65
      vertex -7.05537 3.77117 -65
    endloop
  endfacet
  facet normal 0 0 -1
    outer loop
      vertex -7.65552 2.32228 -65
      vertex -7.27275 2.20616 -65
      vertex -7.42535 1.59692 -65
    endloop
  endfacet
  facet normal 0 0 -1
    outer loop
      vertex -7.84628 1.56072 -65
      vertex -7.42535 1.59692 -65
      vertex -7.45397 1.48269 -65
    endloop
  endfacet
  facet normal 0 0 -1
    outer loop
      vertex -7.84628 1.56072 -65
      vertex -7.45397 1.48269 -65
      vertex -7.54612 0.861418 -65
    endloop
  endfacet
  facet normal 0 0 -1
    outer loop
      vertex -7.96148 0.784137 -65
      vertex -7.54612 0.861418 -65
      vertex -7.5634 0.74493 -65
    endloop
  endfacet
  facet normal -0 0 -1
    outer loop
      vertex -7.06116 2.79752 -65
      vertex -7.65552 2.32228 -65
      vertex -7.39104 3.06147 -65
    endloop
  endfacet
  facet normal 0 0 -1
    outer loop
      vertex -7.96148 0.784137 -65
      vertex -7.5634 0.74493 -65
      vertex -7.56918 0.627309 -65
    endloop
  endfacet
  facet normal 0 0 -1
    outer loop
      vertex -8 0 -65
      vertex -7.56918 0.627309 -65
      vertex -7.6 0 -65
    endloop
  endfacet
  facet normal -0 0 -1
    outer loop
      vertex -7.5634 -0.74493 -65
      vertex -7.96148 -0.784137 -65
      vertex -7.56918 -0.627309 -65
    endloop
  endfacet
  facet normal 0 0 -1
    outer loop
      vertex -8 0 -65
      vertex -7.56918 -0.627309 -65
      vertex -7.96148 -0.784137 -65
    endloop
  endfacet
  facet normal -0 0 -1
    outer loop
      vertex -7.42535 1.59692 -65
      vertex -7.84628 1.56072 -65
      vertex -7.65552 2.32228 -65
    endloop
  endfacet
  facet normal 0 0 -1
    outer loop
      vertex -7.56918 -0.627309 -65
      vertex -8 0 -65
      vertex -7.6 0 -65
    endloop
  endfacet
  facet normal -0 0 -1
    outer loop
      vertex -7.54612 0.861418 -65
      vertex -7.96148 0.784137 -65
      vertex -7.84628 1.56072 -65
    endloop
  endfacet
  facet normal -0 0 -1
    outer loop
      vertex -7.56918 0.627309 -65
      vertex -8 0 -65
      vertex -7.96148 0.784137 -65
    endloop
  endfacet
  facet normal -0.514099 0.857731 0
    outer loop
      vertex -3.77117 7.05537 -65
      vertex -4.44456 6.65176 65
      vertex -3.77117 7.05537 65
    endloop
  endfacet
  facet normal -0.514099 0.857731 0
    outer loop
      vertex -4.44456 6.65176 65
      vertex -3.77117 7.05537 -65
      vertex -4.44456 6.65176 -65
    endloop
  endfacet
  facet normal -0.998796 -0.0490649 0
    outer loop
      vertex -7.96148 -0.784137 24.1914
      vertex -8 0 65
      vertex -8 0 24.11
    endloop
  endfacet
  facet normal -0.998796 -0.0490649 0
    outer loop
      vertex -8 0 65
      vertex -7.96148 -0.784137 24.1914
      vertex -7.96148 -0.784137 65
    endloop
  endfacet
  facet normal -0.998796 -0.0490649 -0
    outer loop
      vertex -7.96148 -0.784137 -44.1914
      vertex -8 0 -65
      vertex -7.96148 -0.784137 -65
    endloop
  endfacet
  facet normal -0.998796 -0.0490649 0
    outer loop
      vertex -8 0 -65
      vertex -7.96148 -0.784137 -44.1914
      vertex -8 0 -44.11
    endloop
  endfacet
  facet normal -0.998796 -0.0490649 0
    outer loop
      vertex -7.96148 -0.784137 -35.8086
      vertex -8 0 -14.11
      vertex -8 0 -35.89
    endloop
  endfacet
  facet normal -0.998796 -0.0490649 0
    outer loop
      vertex -8 0 -14.11
      vertex -7.96148 -0.784137 -35.8086
      vertex -7.96148 -0.784137 -14.1914
    endloop
  endfacet
  facet normal -0.998796 -0.0490649 0
    outer loop
      vertex -7.96148 -0.784137 -5.80857
      vertex -8 0 15.89
      vertex -8 0 -5.89002
    endloop
  endfacet
  facet normal -0.998796 -0.0490649 0
    outer loop
      vertex -8 0 15.89
      vertex -7.96148 -0.784137 -5.80857
      vertex -7.96148 -0.784137 15.8086
    endloop
  endfacet
  facet normal -0.970033 0.242972 0
    outer loop
      vertex -7.84628 1.56072 -5.60559
      vertex -7.73625 2 15.422
      vertex -7.73625 2 -5.42201
    endloop
  endfacet
  facet normal -0.970033 0.242972 0
    outer loop
      vertex -7.73625 2 15.422
      vertex -7.84628 1.56072 -5.60559
      vertex -7.84628 1.56072 15.6056
    endloop
  endfacet
  facet normal -0.970033 0.242972 0
    outer loop
      vertex -7.84628 1.56072 -35.6056
      vertex -7.73625 2 -14.578
      vertex -7.73625 2 -35.422
    endloop
  endfacet
  facet normal -0.970033 0.242972 0
    outer loop
      vertex -7.73625 2 -14.578
      vertex -7.84628 1.56072 -35.6056
      vertex -7.84628 1.56072 -14.3944
    endloop
  endfacet
  facet normal -0.970029 0.242989 0
    outer loop
      vertex -7.73625 2 -35.422
      vertex -7.65552 2.32228 -65
      vertex -7.73625 2 -44.578
    endloop
  endfacet
  facet normal -0.970032 0.242979 -1.62539e-07
    outer loop
      vertex -7.84628 1.56072 -65
      vertex -7.73625 2 -44.578
      vertex -7.65552 2.32228 -65
    endloop
  endfacet
  facet normal -0.970033 0.242972 0
    outer loop
      vertex -7.73625 2 -44.578
      vertex -7.84628 1.56072 -65
      vertex -7.84628 1.56072 -44.3944
    endloop
  endfacet
  facet normal -0.970029 0.242989 0
    outer loop
      vertex -7.65552 2.32228 -65
      vertex -7.73625 2 -35.422
      vertex -7.65552 2.32228 65
    endloop
  endfacet
  facet normal -0.970029 0.242989 0
    outer loop
      vertex -7.73625 2 -14.578
      vertex -7.65552 2.32228 65
      vertex -7.73625 2 -35.422
    endloop
  endfacet
  facet normal -0.970029 0.242989 0
    outer loop
      vertex -7.73625 2 -5.42201
      vertex -7.65552 2.32228 65
      vertex -7.73625 2 -14.578
    endloop
  endfacet
  facet normal -0.970029 0.242989 0
    outer loop
      vertex -7.73625 2 15.422
      vertex -7.65552 2.32228 65
      vertex -7.73625 2 -5.42201
    endloop
  endfacet
  facet normal -0.970029 0.242989 0
    outer loop
      vertex -7.73625 2 24.578
      vertex -7.65552 2.32228 65
      vertex -7.73625 2 15.422
    endloop
  endfacet
  facet normal -0.970033 0.242972 0
    outer loop
      vertex -7.84628 1.56072 65
      vertex -7.73625 2 24.578
      vertex -7.84628 1.56072 24.3944
    endloop
  endfacet
  facet normal -0.970032 0.242979 8.2118e-08
    outer loop
      vertex -7.73625 2 24.578
      vertex -7.84628 1.56072 65
      vertex -7.65552 2.32228 65
    endloop
  endfacet
  facet normal 0.427562 -0.903986 0
    outer loop
      vertex 3.06147 -7.39104 -65
      vertex 3.77117 -7.05537 65
      vertex 3.06147 -7.39104 65
    endloop
  endfacet
  facet normal 0.427562 -0.903986 0
    outer loop
      vertex 3.77117 -7.05537 65
      vertex 3.06147 -7.39104 -65
      vertex 3.77117 -7.05537 -65
    endloop
  endfacet
  facet normal -0.336883 -0.941547 0
    outer loop
      vertex -3.06147 -7.39104 -65
      vertex -2.32228 -7.65552 65
      vertex -3.06147 -7.39104 65
    endloop
  endfacet
  facet normal -0.336883 -0.941547 -0
    outer loop
      vertex -2.32228 -7.65552 65
      vertex -3.06147 -7.39104 -65
      vertex -2.32228 -7.65552 -65
    endloop
  endfacet
  facet normal -0.336883 0.941547 0
    outer loop
      vertex -2.32228 7.65552 -65
      vertex -3.06147 7.39104 65
      vertex -2.32228 7.65552 65
    endloop
  endfacet
  facet normal -0.336883 0.941547 0
    outer loop
      vertex -3.06147 7.39104 65
      vertex -2.32228 7.65552 -65
      vertex -3.06147 7.39104 -65
    endloop
  endfacet
  facet normal 0.514099 -0.857731 0
    outer loop
      vertex 3.77117 -7.05537 -65
      vertex 4.44456 -6.65176 65
      vertex 3.77117 -7.05537 65
    endloop
  endfacet
  facet normal 0.514099 -0.857731 0
    outer loop
      vertex 4.44456 -6.65176 65
      vertex 3.77117 -7.05537 -65
      vertex 4.44456 -6.65176 -65
    endloop
  endfacet
  facet normal 0.146736 -0.989176 0
    outer loop
      vertex 0.784137 -7.96148 -65
      vertex 1.56072 -7.84628 65
      vertex 0.784137 -7.96148 65
    endloop
  endfacet
  facet normal 0.146736 -0.989176 0
    outer loop
      vertex 1.56072 -7.84628 65
      vertex 0.784137 -7.96148 -65
      vertex 1.56072 -7.84628 -65
    endloop
  endfacet
  facet normal 0.740946 -0.671564 0
    outer loop
      vertex 5.65685 -5.65685 65
      vertex 6.18408 -5.07515 -65
      vertex 6.18408 -5.07515 65
    endloop
  endfacet
  facet normal 0.740946 -0.671564 0
    outer loop
      vertex 6.18408 -5.07515 -65
      vertex 5.65685 -5.65685 65
      vertex 5.65685 -5.65685 -65
    endloop
  endfacet
  facet normal 0.803206 -0.595701 0
    outer loop
      vertex 6.18408 -5.07515 65
      vertex 6.65176 -4.44456 -65
      vertex 6.65176 -4.44456 65
    endloop
  endfacet
  facet normal 0.803206 -0.595701 0
    outer loop
      vertex 6.65176 -4.44456 -65
      vertex 6.18408 -5.07515 65
      vertex 6.18408 -5.07515 -65
    endloop
  endfacet
  facet normal -0.427562 0.903986 0
    outer loop
      vertex -3.06147 7.39104 -65
      vertex -3.77117 7.05537 65
      vertex -3.06147 7.39104 65
    endloop
  endfacet
  facet normal -0.427562 0.903986 0
    outer loop
      vertex -3.77117 7.05537 65
      vertex -3.06147 7.39104 -65
      vertex -3.77117 7.05537 -65
    endloop
  endfacet
  facet normal -0.595701 0.803206 0
    outer loop
      vertex -4.44456 6.65176 -65
      vertex -5.07515 6.18408 65
      vertex -4.44456 6.65176 65
    endloop
  endfacet
  facet normal -0.595701 0.803206 0
    outer loop
      vertex -5.07515 6.18408 65
      vertex -4.44456 6.65176 -65
      vertex -5.07515 6.18408 -65
    endloop
  endfacet
  facet normal -0.989176 0.146736 0
    outer loop
      vertex -7.96148 0.784137 -65
      vertex -7.84628 1.56072 -44.3944
      vertex -7.84628 1.56072 -65
    endloop
  endfacet
  facet normal -0.989176 0.146732 1.69211e-07
    outer loop
      vertex -7.84628 1.56072 -44.3944
      vertex -7.96148 0.784137 -65
      vertex -7.93729 0.947187 -44.2426
    endloop
  endfacet
  facet normal -0.989173 0.146753 0
    outer loop
      vertex -7.93729 0.947187 -44.2426
      vertex -7.96148 0.784137 -65
      vertex -7.96148 0.784137 -44.1914
    endloop
  endfacet
  facet normal -0.989176 0.146732 -8.62596e-08
    outer loop
      vertex -7.96148 0.784137 65
      vertex -7.84628 1.56072 24.3944
      vertex -7.93729 0.947187 24.2426
    endloop
  endfacet
  facet normal -0.989173 0.146753 0
    outer loop
      vertex -7.96148 0.784137 65
      vertex -7.93729 0.947187 24.2426
      vertex -7.96148 0.784137 24.1914
    endloop
  endfacet
  facet normal -0.989176 0.146736 0
    outer loop
      vertex -7.84628 1.56072 24.3944
      vertex -7.96148 0.784137 65
      vertex -7.84628 1.56072 65
    endloop
  endfacet
  facet normal -0.989176 0.146732 0
    outer loop
      vertex -7.93729 0.947187 -35.7574
      vertex -7.84628 1.56072 -14.3944
      vertex -7.84628 1.56072 -35.6056
    endloop
  endfacet
  facet normal -0.989176 0.146732 0
    outer loop
      vertex -7.93729 0.947187 -35.7574
      vertex -7.93729 0.947187 -14.2426
      vertex -7.84628 1.56072 -14.3944
    endloop
  endfacet
  facet normal -0.989173 0.146753 0
    outer loop
      vertex -7.96148 0.784137 -35.8086
      vertex -7.93729 0.947187 -14.2426
      vertex -7.93729 0.947187 -35.7574
    endloop
  endfacet
  facet normal -0.989173 0.146753 0
    outer loop
      vertex -7.93729 0.947187 -14.2426
      vertex -7.96148 0.784137 -35.8086
      vertex -7.96148 0.784137 -14.1914
    endloop
  endfacet
  facet normal -0.989176 0.146732 0
    outer loop
      vertex -7.93729 0.947187 -5.75743
      vertex -7.84628 1.56072 15.6056
      vertex -7.84628 1.56072 -5.60559
    endloop
  endfacet
  facet normal -0.989176 0.146732 0
    outer loop
      vertex -7.93729 0.947187 -5.75743
      vertex -7.93729 0.947187 15.7574
      vertex -7.84628 1.56072 15.6056
    endloop
  endfacet
  facet normal -0.989173 0.146753 0
    outer loop
      vertex -7.96148 0.784137 -5.80857
      vertex -7.93729 0.947187 15.7574
      vertex -7.93729 0.947187 -5.75743
    endloop
  endfacet
  facet normal -0.989173 0.146753 0
    outer loop
      vertex -7.93729 0.947187 15.7574
      vertex -7.96148 0.784137 -5.80857
      vertex -7.96148 0.784137 15.8086
    endloop
  endfacet
  facet normal -0.242979 -0.970032 0
    outer loop
      vertex -2.32228 -7.65552 -65
      vertex -1.56072 -7.84628 65
      vertex -2.32228 -7.65552 65
    endloop
  endfacet
  facet normal -0.242979 -0.970032 -0
    outer loop
      vertex -1.56072 -7.84628 65
      vertex -2.32228 -7.65552 -65
      vertex -1.56072 -7.84628 -65
    endloop
  endfacet
  facet normal 0.970033 0.242972 0
    outer loop
      vertex 7.84628 1.56072 -14.3944
      vertex 7.73625 2 -35.422
      vertex 7.73625 2 -14.578
    endloop
  endfacet
  facet normal 0.970033 0.242972 0
    outer loop
      vertex 7.73625 2 -35.422
      vertex 7.84628 1.56072 -14.3944
      vertex 7.84628 1.56072 -35.6056
    endloop
  endfacet
  facet normal 0.970033 0.242972 0
    outer loop
      vertex 7.84628 1.56072 15.6056
      vertex 7.73625 2 -5.42201
      vertex 7.73625 2 15.422
    endloop
  endfacet
  facet normal 0.970033 0.242972 0
    outer loop
      vertex 7.73625 2 -5.42201
      vertex 7.84628 1.56072 15.6056
      vertex 7.84628 1.56072 -5.60559
    endloop
  endfacet
  facet normal 0.970029 0.242989 0
    outer loop
      vertex 7.65552 2.32228 65
      vertex 7.73625 2 24.578
      vertex 7.65552 2.32228 -65
    endloop
  endfacet
  facet normal 0.970032 0.242979 8.2118e-08
    outer loop
      vertex 7.84628 1.56072 65
      vertex 7.73625 2 24.578
      vertex 7.65552 2.32228 65
    endloop
  endfacet
  facet normal 0.970033 0.242972 0
    outer loop
      vertex 7.73625 2 24.578
      vertex 7.84628 1.56072 65
      vertex 7.84628 1.56072 24.3944
    endloop
  endfacet
  facet normal 0.970029 0.242989 -0
    outer loop
      vertex 7.73625 2 15.422
      vertex 7.65552 2.32228 -65
      vertex 7.73625 2 24.578
    endloop
  endfacet
  facet normal 0.970029 0.242989 -0
    outer loop
      vertex 7.73625 2 -5.42201
      vertex 7.65552 2.32228 -65
      vertex 7.73625 2 15.422
    endloop
  endfacet
  facet normal 0.970029 0.242989 -0
    outer loop
      vertex 7.73625 2 -14.578
      vertex 7.65552 2.32228 -65
      vertex 7.73625 2 -5.42201
    endloop
  endfacet
  facet normal 0.970029 0.242989 -0
    outer loop
      vertex 7.73625 2 -35.422
      vertex 7.65552 2.32228 -65
      vertex 7.73625 2 -14.578
    endloop
  endfacet
  facet normal 0.970029 0.242989 -0
    outer loop
      vertex 7.73625 2 -44.578
      vertex 7.65552 2.32228 -65
      vertex 7.73625 2 -35.422
    endloop
  endfacet
  facet normal 0.970033 0.242972 -0
    outer loop
      vertex 7.84628 1.56072 -65
      vertex 7.73625 2 -44.578
      vertex 7.84628 1.56072 -44.3944
    endloop
  endfacet
  facet normal 0.970032 0.242979 -1.62539e-07
    outer loop
      vertex 7.73625 2 -44.578
      vertex 7.84628 1.56072 -65
      vertex 7.65552 2.32228 -65
    endloop
  endfacet
  facet normal 0.803206 0.595701 0
    outer loop
      vertex 6.65176 4.44456 65
      vertex 6.18408 5.07515 -65
      vertex 6.18408 5.07515 65
    endloop
  endfacet
  facet normal 0.803206 0.595701 0
    outer loop
      vertex 6.18408 5.07515 -65
      vertex 6.65176 4.44456 65
      vertex 6.65176 4.44456 -65
    endloop
  endfacet
  facet normal -0.803206 -0.595701 0
    outer loop
      vertex -6.18408 -5.07515 -65
      vertex -6.65176 -4.44456 65
      vertex -6.65176 -4.44456 -65
    endloop
  endfacet
  facet normal -0.803206 -0.595701 0
    outer loop
      vertex -6.65176 -4.44456 65
      vertex -6.18408 -5.07515 -65
      vertex -6.18408 -5.07515 65
    endloop
  endfacet
  facet normal -0.903986 -0.427562 0
    outer loop
      vertex -7.05537 -3.77117 -65
      vertex -7.39104 -3.06147 65
      vertex -7.39104 -3.06147 -65
    endloop
  endfacet
  facet normal -0.903986 -0.427562 0
    outer loop
      vertex -7.39104 -3.06147 65
      vertex -7.05537 -3.77117 -65
      vertex -7.05537 -3.77117 65
    endloop
  endfacet
  facet normal 0.146736 0.989176 -0
    outer loop
      vertex 1.56072 7.84628 -65
      vertex 0.784137 7.96148 65
      vertex 1.56072 7.84628 65
    endloop
  endfacet
  facet normal 0.146736 0.989176 0
    outer loop
      vertex 0.784137 7.96148 65
      vertex 1.56072 7.84628 -65
      vertex 0.784137 7.96148 -65
    endloop
  endfacet
  facet normal -0.0490649 0.998796 0
    outer loop
      vertex 0 8 -65
      vertex -0.784137 7.96148 65
      vertex 0 8 65
    endloop
  endfacet
  facet normal -0.0490649 0.998796 0
    outer loop
      vertex -0.784137 7.96148 65
      vertex 0 8 -65
      vertex -0.784137 7.96148 -65
    endloop
  endfacet
  facet normal -0.427562 -0.903986 0
    outer loop
      vertex -3.77117 -7.05537 -65
      vertex -3.06147 -7.39104 65
      vertex -3.77117 -7.05537 65
    endloop
  endfacet
  facet normal -0.427562 -0.903986 -0
    outer loop
      vertex -3.06147 -7.39104 65
      vertex -3.77117 -7.05537 -65
      vertex -3.06147 -7.39104 -65
    endloop
  endfacet
  facet normal 0.595701 -0.803206 0
    outer loop
      vertex 4.44456 -6.65176 -65
      vertex 5.07515 -6.18408 65
      vertex 4.44456 -6.65176 65
    endloop
  endfacet
  facet normal 0.595701 -0.803206 0
    outer loop
      vertex 5.07515 -6.18408 65
      vertex 4.44456 -6.65176 -65
      vertex 5.07515 -6.18408 -65
    endloop
  endfacet
  facet normal 0.998796 -0.0490649 0
    outer loop
      vertex 7.96148 -0.784137 24.1914
      vertex 8 0 65
      vertex 7.96148 -0.784137 65
    endloop
  endfacet
  facet normal 0.998796 -0.0490649 0
    outer loop
      vertex 8 0 65
      vertex 7.96148 -0.784137 24.1914
      vertex 8 0 24.11
    endloop
  endfacet
  facet normal 0.998796 -0.0490649 0
    outer loop
      vertex 7.96148 -0.784137 -44.1914
      vertex 8 0 -65
      vertex 8 0 -44.11
    endloop
  endfacet
  facet normal 0.998796 -0.0490649 0
    outer loop
      vertex 8 0 -65
      vertex 7.96148 -0.784137 -44.1914
      vertex 7.96148 -0.784137 -65
    endloop
  endfacet
  facet normal 0.998796 -0.0490649 0
    outer loop
      vertex 7.96148 -0.784137 -14.1914
      vertex 8 0 -35.89
      vertex 8 0 -14.11
    endloop
  endfacet
  facet normal 0.998796 -0.0490649 0
    outer loop
      vertex 8 0 -35.89
      vertex 7.96148 -0.784137 -14.1914
      vertex 7.96148 -0.784137 -35.8086
    endloop
  endfacet
  facet normal 0.998796 -0.0490649 0
    outer loop
      vertex 7.96148 -0.784137 15.8086
      vertex 8 0 -5.89002
      vertex 8 0 15.89
    endloop
  endfacet
  facet normal 0.998796 -0.0490649 0
    outer loop
      vertex 8 0 -5.89002
      vertex 7.96148 -0.784137 15.8086
      vertex 7.96148 -0.784137 -5.80857
    endloop
  endfacet
  facet normal -0.146736 0.989176 0
    outer loop
      vertex -0.784137 7.96148 -65
      vertex -1.56072 7.84628 65
      vertex -0.784137 7.96148 65
    endloop
  endfacet
  facet normal -0.146736 0.989176 0
    outer loop
      vertex -1.56072 7.84628 65
      vertex -0.784137 7.96148 -65
      vertex -1.56072 7.84628 -65
    endloop
  endfacet
  facet normal -0.989173 -0.146753 0
    outer loop
      vertex -7.93729 -0.947187 24.2426
      vertex -7.96148 -0.784137 65
      vertex -7.96148 -0.784137 24.1914
    endloop
  endfacet
  facet normal -0.989176 -0.146732 -8.62596e-08
    outer loop
      vertex -7.84628 -1.56072 24.3944
      vertex -7.96148 -0.784137 65
      vertex -7.93729 -0.947187 24.2426
    endloop
  endfacet
  facet normal -0.989176 -0.146736 0
    outer loop
      vertex -7.96148 -0.784137 65
      vertex -7.84628 -1.56072 24.3944
      vertex -7.84628 -1.56072 65
    endloop
  endfacet
  facet normal -0.989173 -0.146753 0
    outer loop
      vertex -7.96148 -0.784137 -65
      vertex -7.93729 -0.947187 -44.2426
      vertex -7.96148 -0.784137 -44.1914
    endloop
  endfacet
  facet normal -0.989176 -0.146736 -0
    outer loop
      vertex -7.84628 -1.56072 -44.3944
      vertex -7.96148 -0.784137 -65
      vertex -7.84628 -1.56072 -65
    endloop
  endfacet
  facet normal -0.989176 -0.146732 1.69211e-07
    outer loop
      vertex -7.96148 -0.784137 -65
      vertex -7.84628 -1.56072 -44.3944
      vertex -7.93729 -0.947187 -44.2426
    endloop
  endfacet
  facet normal -0.989173 -0.146753 0
    outer loop
      vertex -7.93729 -0.947187 -35.7574
      vertex -7.96148 -0.784137 -14.1914
      vertex -7.96148 -0.784137 -35.8086
    endloop
  endfacet
  facet normal -0.989173 -0.146753 0
    outer loop
      vertex -7.93729 -0.947187 -35.7574
      vertex -7.93729 -0.947187 -14.2426
      vertex -7.96148 -0.784137 -14.1914
    endloop
  endfacet
  facet normal -0.989176 -0.146732 0
    outer loop
      vertex -7.84628 -1.56072 -35.6056
      vertex -7.93729 -0.947187 -14.2426
      vertex -7.93729 -0.947187 -35.7574
    endloop
  endfacet
  facet normal -0.989176 -0.146732 0
    outer loop
      vertex -7.93729 -0.947187 -14.2426
      vertex -7.84628 -1.56072 -35.6056
      vertex -7.84628 -1.56072 -14.3944
    endloop
  endfacet
  facet normal -0.989173 -0.146753 0
    outer loop
      vertex -7.93729 -0.947187 -5.75743
      vertex -7.96148 -0.784137 15.8086
      vertex -7.96148 -0.784137 -5.80857
    endloop
  endfacet
  facet normal -0.989173 -0.146753 0
    outer loop
      vertex -7.93729 -0.947187 -5.75743
      vertex -7.93729 -0.947187 15.7574
      vertex -7.96148 -0.784137 15.8086
    endloop
  endfacet
  facet normal -0.989176 -0.146732 0
    outer loop
      vertex -7.84628 -1.56072 -5.60559
      vertex -7.93729 -0.947187 15.7574
      vertex -7.93729 -0.947187 -5.75743
    endloop
  endfacet
  facet normal -0.989176 -0.146732 0
    outer loop
      vertex -7.93729 -0.947187 15.7574
      vertex -7.84628 -1.56072 -5.60559
      vertex -7.84628 -1.56072 15.6056
    endloop
  endfacet
  facet normal 0.336883 -0.941547 0
    outer loop
      vertex 2.32228 -7.65552 -65
      vertex 3.06147 -7.39104 65
      vertex 2.32228 -7.65552 65
    endloop
  endfacet
  facet normal 0.336883 -0.941547 0
    outer loop
      vertex 3.06147 -7.39104 65
      vertex 2.32228 -7.65552 -65
      vertex 3.06147 -7.39104 -65
    endloop
  endfacet
  facet normal 0.242979 -0.970032 0
    outer loop
      vertex 1.56072 -7.84628 -65
      vertex 2.32228 -7.65552 65
      vertex 1.56072 -7.84628 65
    endloop
  endfacet
  facet normal 0.242979 -0.970032 0
    outer loop
      vertex 2.32228 -7.65552 65
      vertex 1.56072 -7.84628 -65
      vertex 2.32228 -7.65552 -65
    endloop
  endfacet
  facet normal -0.903986 0.427562 0
    outer loop
      vertex -7.39104 3.06147 -65
      vertex -7.05537 3.77117 65
      vertex -7.05537 3.77117 -65
    endloop
  endfacet
  facet normal -0.903986 0.427562 0
    outer loop
      vertex -7.05537 3.77117 65
      vertex -7.39104 3.06147 -65
      vertex -7.39104 3.06147 65
    endloop
  endfacet
  facet normal -0.740946 -0.671564 0
    outer loop
      vertex -5.65685 -5.65685 -65
      vertex -6.18408 -5.07515 65
      vertex -6.18408 -5.07515 -65
    endloop
  endfacet
  facet normal -0.740946 -0.671564 0
    outer loop
      vertex -6.18408 -5.07515 65
      vertex -5.65685 -5.65685 -65
      vertex -5.65685 -5.65685 65
    endloop
  endfacet
  facet normal -0.595701 -0.803206 0
    outer loop
      vertex -5.07515 -6.18408 -65
      vertex -4.44456 -6.65176 65
      vertex -5.07515 -6.18408 65
    endloop
  endfacet
  facet normal -0.595701 -0.803206 -0
    outer loop
      vertex -4.44456 -6.65176 65
      vertex -5.07515 -6.18408 -65
      vertex -4.44456 -6.65176 -65
    endloop
  endfacet
  facet normal 0.903986 -0.427562 0
    outer loop
      vertex 7.05537 -3.77117 65
      vertex 7.39104 -3.06147 -65
      vertex 7.39104 -3.06147 65
    endloop
  endfacet
  facet normal 0.903986 -0.427562 0
    outer loop
      vertex 7.39104 -3.06147 -65
      vertex 7.05537 -3.77117 65
      vertex 7.05537 -3.77117 -65
    endloop
  endfacet
  facet normal 0.857731 -0.514099 0
    outer loop
      vertex 6.65176 -4.44456 65
      vertex 7.05537 -3.77117 -65
      vertex 7.05537 -3.77117 65
    endloop
  endfacet
  facet normal 0.857731 -0.514099 0
    outer loop
      vertex 7.05537 -3.77117 -65
      vertex 6.65176 -4.44456 65
      vertex 6.65176 -4.44456 -65
    endloop
  endfacet
  facet normal -0.740946 0.671564 0
    outer loop
      vertex -6.18408 5.07515 -65
      vertex -5.65685 5.65685 65
      vertex -5.65685 5.65685 -65
    endloop
  endfacet
  facet normal -0.740946 0.671564 0
    outer loop
      vertex -5.65685 5.65685 65
      vertex -6.18408 5.07515 -65
      vertex -6.18408 5.07515 65
    endloop
  endfacet
  facet normal -0.0490649 -0.998796 0
    outer loop
      vertex -0.784137 -7.96148 -65
      vertex 0 -8 65
      vertex -0.784137 -7.96148 65
    endloop
  endfacet
  facet normal -0.0490649 -0.998796 -0
    outer loop
      vertex 0 -8 65
      vertex -0.784137 -7.96148 -65
      vertex 0 -8 -65
    endloop
  endfacet
  facet normal 0 0 1
    outer loop
      vertex 6 0 65
      vertex 8 0 65
      vertex 7.96148 0.784137 65
    endloop
  endfacet
  facet normal 0 0 1
    outer loop
      vertex 5.97111 0.588102 65
      vertex 7.96148 0.784137 65
      vertex 7.84628 1.56072 65
    endloop
  endfacet
  facet normal 0 0 1
    outer loop
      vertex 8 0 65
      vertex 6 0 65
      vertex 7.96148 -0.784137 65
    endloop
  endfacet
  facet normal 0 0 1
    outer loop
      vertex 5.88471 1.17054 65
      vertex 7.84628 1.56072 65
      vertex 7.65552 2.32228 65
    endloop
  endfacet
  facet normal -0 0 1
    outer loop
      vertex 5.97111 -0.588102 65
      vertex 7.96148 -0.784137 65
      vertex 6 0 65
    endloop
  endfacet
  facet normal 0 0 1
    outer loop
      vertex 5.74164 1.74171 65
      vertex 7.65552 2.32228 65
      vertex 7.39104 3.06147 65
    endloop
  endfacet
  facet normal 0 0 1
    outer loop
      vertex 7.96148 -0.784137 65
      vertex 5.97111 -0.588102 65
      vertex 7.84628 -1.56072 65
    endloop
  endfacet
  facet normal 0 0 1
    outer loop
      vertex 5.54328 2.2961 65
      vertex 7.39104 3.06147 65
      vertex 7.05537 3.77117 65
    endloop
  endfacet
  facet normal -0 0 1
    outer loop
      vertex 5.88471 -1.17054 65
      vertex 7.84628 -1.56072 65
      vertex 5.97111 -0.588102 65
    endloop
  endfacet
  facet normal 0 0 1
    outer loop
      vertex 5.29153 2.82838 65
      vertex 7.05537 3.77117 65
      vertex 6.65176 4.44456 65
    endloop
  endfacet
  facet normal 0 0 1
    outer loop
      vertex 7.84628 -1.56072 65
      vertex 5.88471 -1.17054 65
      vertex 7.65552 -2.32228 65
    endloop
  endfacet
  facet normal 0 0 1
    outer loop
      vertex 4.98882 3.33342 65
      vertex 6.65176 4.44456 65
      vertex 6.18408 5.07515 65
    endloop
  endfacet
  facet normal -0 0 1
    outer loop
      vertex 5.74164 -1.74171 65
      vertex 7.65552 -2.32228 65
      vertex 5.88471 -1.17054 65
    endloop
  endfacet
  facet normal 0 0 1
    outer loop
      vertex 7.65552 -2.32228 65
      vertex 5.74164 -1.74171 65
      vertex 7.39104 -3.06147 65
    endloop
  endfacet
  facet normal 0 0 1
    outer loop
      vertex 7.96148 0.784137 65
      vertex 5.97111 0.588102 65
      vertex 6 0 65
    endloop
  endfacet
  facet normal 0 0 1
    outer loop
      vertex 7.84628 1.56072 65
      vertex 5.88471 1.17054 65
      vertex 5.97111 0.588102 65
    endloop
  endfacet
  facet normal 0 0 1
    outer loop
      vertex 7.65552 2.32228 65
      vertex 5.74164 1.74171 65
      vertex 5.88471 1.17054 65
    endloop
  endfacet
  facet normal 0 0 1
    outer loop
      vertex 4.63806 3.80636 65
      vertex 6.18408 5.07515 65
      vertex 5.65685 5.65685 65
    endloop
  endfacet
  facet normal 0 0 1
    outer loop
      vertex 7.39104 3.06147 65
      vertex 5.54328 2.2961 65
      vertex 5.74164 1.74171 65
    endloop
  endfacet
  facet normal 0 0 1
    outer loop
      vertex 7.05537 3.77117 65
      vertex 5.29153 2.82838 65
      vertex 5.54328 2.2961 65
    endloop
  endfacet
  facet normal 0 0 1
    outer loop
      vertex 4.24264 4.24264 65
      vertex 5.65685 5.65685 65
      vertex 5.07515 6.18408 65
    endloop
  endfacet
  facet normal 0 0 1
    outer loop
      vertex 6.65176 4.44456 65
      vertex 4.98882 3.33342 65
      vertex 5.29153 2.82838 65
    endloop
  endfacet
  facet normal 0 0 1
    outer loop
      vertex 6.18408 5.07515 65
      vertex 4.63806 3.80636 65
      vertex 4.98882 3.33342 65
    endloop
  endfacet
  facet normal 0 0 1
    outer loop
      vertex 3.80636 4.63806 65
      vertex 5.07515 6.18408 65
      vertex 4.44456 6.65176 65
    endloop
  endfacet
  facet normal 0 0 1
    outer loop
      vertex 5.65685 5.65685 65
      vertex 4.24264 4.24264 65
      vertex 4.63806 3.80636 65
    endloop
  endfacet
  facet normal 0 0 1
    outer loop
      vertex 5.07515 6.18408 65
      vertex 3.80636 4.63806 65
      vertex 4.24264 4.24264 65
    endloop
  endfacet
  facet normal 0 0 1
    outer loop
      vertex 3.33342 4.98882 65
      vertex 4.44456 6.65176 65
      vertex 3.77117 7.05537 65
    endloop
  endfacet
  facet normal 0 0 1
    outer loop
      vertex 4.44456 6.65176 65
      vertex 3.33342 4.98882 65
      vertex 3.80636 4.63806 65
    endloop
  endfacet
  facet normal 0 0 1
    outer loop
      vertex 2.82838 5.29153 65
      vertex 3.77117 7.05537 65
      vertex 3.06147 7.39104 65
    endloop
  endfacet
  facet normal 0 0 1
    outer loop
      vertex 3.77117 7.05537 65
      vertex 2.82838 5.29153 65
      vertex 3.33342 4.98882 65
    endloop
  endfacet
  facet normal 0 0 1
    outer loop
      vertex 2.2961 5.54328 65
      vertex 3.06147 7.39104 65
      vertex 2.32228 7.65552 65
    endloop
  endfacet
  facet normal 0 0 1
    outer loop
      vertex 3.06147 7.39104 65
      vertex 2.2961 5.54328 65
      vertex 2.82838 5.29153 65
    endloop
  endfacet
  facet normal 0 0 1
    outer loop
      vertex 2.32228 7.65552 65
      vertex 1.74171 5.74164 65
      vertex 2.2961 5.54328 65
    endloop
  endfacet
  facet normal 0 0 1
    outer loop
      vertex 1.56072 7.84628 65
      vertex 1.74171 5.74164 65
      vertex 2.32228 7.65552 65
    endloop
  endfacet
  facet normal 0 0 1
    outer loop
      vertex 1.56072 7.84628 65
      vertex 1.17054 5.88471 65
      vertex 1.74171 5.74164 65
    endloop
  endfacet
  facet normal 0 0 1
    outer loop
      vertex 0.784137 7.96148 65
      vertex 1.17054 5.88471 65
      vertex 1.56072 7.84628 65
    endloop
  endfacet
  facet normal 0 0 1
    outer loop
      vertex 0.784137 7.96148 65
      vertex 0.588102 5.97111 65
      vertex 1.17054 5.88471 65
    endloop
  endfacet
  facet normal 0 0 1
    outer loop
      vertex 0 8 65
      vertex 0.588102 5.97111 65
      vertex 0.784137 7.96148 65
    endloop
  endfacet
  facet normal 0 0 1
    outer loop
      vertex 0 8 65
      vertex 0 6 65
      vertex 0.588102 5.97111 65
    endloop
  endfacet
  facet normal 0 0 1
    outer loop
      vertex 0 8 65
      vertex -0.588102 5.97111 65
      vertex 0 6 65
    endloop
  endfacet
  facet normal -0 0 1
    outer loop
      vertex -0.784137 7.96148 65
      vertex -0.588102 5.97111 65
      vertex 0 8 65
    endloop
  endfacet
  facet normal 0 0 1
    outer loop
      vertex -0.784137 7.96148 65
      vertex -1.17054 5.88471 65
      vertex -0.588102 5.97111 65
    endloop
  endfacet
  facet normal -0 0 1
    outer loop
      vertex -1.56072 7.84628 65
      vertex -1.17054 5.88471 65
      vertex -0.784137 7.96148 65
    endloop
  endfacet
  facet normal 0 0 1
    outer loop
      vertex -1.56072 7.84628 65
      vertex -1.74171 5.74164 65
      vertex -1.17054 5.88471 65
    endloop
  endfacet
  facet normal -0 0 1
    outer loop
      vertex -2.32228 7.65552 65
      vertex -1.74171 5.74164 65
      vertex -1.56072 7.84628 65
    endloop
  endfacet
  facet normal 0 0 1
    outer loop
      vertex -1.74171 5.74164 65
      vertex -2.32228 7.65552 65
      vertex -2.2961 5.54328 65
    endloop
  endfacet
  facet normal -0 0 1
    outer loop
      vertex -3.06147 7.39104 65
      vertex -2.2961 5.54328 65
      vertex -2.32228 7.65552 65
    endloop
  endfacet
  facet normal 0 0 1
    outer loop
      vertex -2.2961 5.54328 65
      vertex -3.06147 7.39104 65
      vertex -2.82838 5.29153 65
    endloop
  endfacet
  facet normal -0 0 1
    outer loop
      vertex -3.77117 7.05537 65
      vertex -2.82838 5.29153 65
      vertex -3.06147 7.39104 65
    endloop
  endfacet
  facet normal 0 0 1
    outer loop
      vertex -2.82838 5.29153 65
      vertex -3.77117 7.05537 65
      vertex -3.33342 4.98882 65
    endloop
  endfacet
  facet normal -0 0 1
    outer loop
      vertex -4.44456 6.65176 65
      vertex -3.33342 4.98882 65
      vertex -3.77117 7.05537 65
    endloop
  endfacet
  facet normal 0 0 1
    outer loop
      vertex -3.33342 4.98882 65
      vertex -4.44456 6.65176 65
      vertex -3.80636 4.63806 65
    endloop
  endfacet
  facet normal -0 0 1
    outer loop
      vertex -5.07515 6.18408 65
      vertex -3.80636 4.63806 65
      vertex -4.44456 6.65176 65
    endloop
  endfacet
  facet normal 0 0 1
    outer loop
      vertex -3.80636 4.63806 65
      vertex -5.07515 6.18408 65
      vertex -4.24264 4.24264 65
    endloop
  endfacet
  facet normal -0 0 1
    outer loop
      vertex -5.65685 5.65685 65
      vertex -4.24264 4.24264 65
      vertex -5.07515 6.18408 65
    endloop
  endfacet
  facet normal 0 0 1
    outer loop
      vertex -4.24264 4.24264 65
      vertex -5.65685 5.65685 65
      vertex -4.63806 3.80636 65
    endloop
  endfacet
  facet normal -0 0 1
    outer loop
      vertex -6.18408 5.07515 65
      vertex -4.63806 3.80636 65
      vertex -5.65685 5.65685 65
    endloop
  endfacet
  facet normal 0 0 1
    outer loop
      vertex -4.63806 3.80636 65
      vertex -6.18408 5.07515 65
      vertex -4.98882 3.33342 65
    endloop
  endfacet
  facet normal -0 0 1
    outer loop
      vertex -6.65176 4.44456 65
      vertex -4.98882 3.33342 65
      vertex -6.18408 5.07515 65
    endloop
  endfacet
  facet normal 0 0 1
    outer loop
      vertex -4.98882 3.33342 65
      vertex -6.65176 4.44456 65
      vertex -5.29153 2.82838 65
    endloop
  endfacet
  facet normal -0 0 1
    outer loop
      vertex -7.05537 3.77117 65
      vertex -5.29153 2.82838 65
      vertex -6.65176 4.44456 65
    endloop
  endfacet
  facet normal 0 0 1
    outer loop
      vertex -5.29153 2.82838 65
      vertex -7.05537 3.77117 65
      vertex -5.54328 2.2961 65
    endloop
  endfacet
  facet normal 0 0 1
    outer loop
      vertex -5.54328 2.2961 65
      vertex -7.39104 3.06147 65
      vertex -5.74164 1.74171 65
    endloop
  endfacet
  facet normal -0 0 1
    outer loop
      vertex -7.39104 3.06147 65
      vertex -5.54328 2.2961 65
      vertex -7.05537 3.77117 65
    endloop
  endfacet
  facet normal -0 0 1
    outer loop
      vertex 5.54328 -2.2961 65
      vertex 7.39104 -3.06147 65
      vertex 5.74164 -1.74171 65
    endloop
  endfacet
  facet normal 0 0 1
    outer loop
      vertex 7.39104 -3.06147 65
      vertex 5.54328 -2.2961 65
      vertex 7.05537 -3.77117 65
    endloop
  endfacet
  facet normal -0 0 1
    outer loop
      vertex 5.29153 -2.82838 65
      vertex 7.05537 -3.77117 65
      vertex 5.54328 -2.2961 65
    endloop
  endfacet
  facet normal 0 0 1
    outer loop
      vertex 7.05537 -3.77117 65
      vertex 5.29153 -2.82838 65
      vertex 6.65176 -4.44456 65
    endloop
  endfacet
  facet normal -0 0 1
    outer loop
      vertex 4.98882 -3.33342 65
      vertex 6.65176 -4.44456 65
      vertex 5.29153 -2.82838 65
    endloop
  endfacet
  facet normal 0 0 1
    outer loop
      vertex 6.65176 -4.44456 65
      vertex 4.98882 -3.33342 65
      vertex 6.18408 -5.07515 65
    endloop
  endfacet
  facet normal -0 0 1
    outer loop
      vertex 4.63806 -3.80636 65
      vertex 6.18408 -5.07515 65
      vertex 4.98882 -3.33342 65
    endloop
  endfacet
  facet normal 0 0 1
    outer loop
      vertex 6.18408 -5.07515 65
      vertex 4.63806 -3.80636 65
      vertex 5.65685 -5.65685 65
    endloop
  endfacet
  facet normal -0 0 1
    outer loop
      vertex 4.24264 -4.24264 65
      vertex 5.65685 -5.65685 65
      vertex 4.63806 -3.80636 65
    endloop
  endfacet
  facet normal 0 0 1
    outer loop
      vertex 5.65685 -5.65685 65
      vertex 4.24264 -4.24264 65
      vertex 5.07515 -6.18408 65
    endloop
  endfacet
  facet normal -0 0 1
    outer loop
      vertex 3.80636 -4.63806 65
      vertex 5.07515 -6.18408 65
      vertex 4.24264 -4.24264 65
    endloop
  endfacet
  facet normal 0 0 1
    outer loop
      vertex 5.07515 -6.18408 65
      vertex 3.80636 -4.63806 65
      vertex 4.44456 -6.65176 65
    endloop
  endfacet
  facet normal -0 0 1
    outer loop
      vertex 3.33342 -4.98882 65
      vertex 4.44456 -6.65176 65
      vertex 3.80636 -4.63806 65
    endloop
  endfacet
  facet normal 0 0 1
    outer loop
      vertex 4.44456 -6.65176 65
      vertex 3.33342 -4.98882 65
      vertex 3.77117 -7.05537 65
    endloop
  endfacet
  facet normal -0 0 1
    outer loop
      vertex 2.82838 -5.29153 65
      vertex 3.77117 -7.05537 65
      vertex 3.33342 -4.98882 65
    endloop
  endfacet
  facet normal 0 0 1
    outer loop
      vertex 3.77117 -7.05537 65
      vertex 2.82838 -5.29153 65
      vertex 3.06147 -7.39104 65
    endloop
  endfacet
  facet normal -0 0 1
    outer loop
      vertex 2.2961 -5.54328 65
      vertex 3.06147 -7.39104 65
      vertex 2.82838 -5.29153 65
    endloop
  endfacet
  facet normal 0 0 1
    outer loop
      vertex 3.06147 -7.39104 65
      vertex 2.2961 -5.54328 65
      vertex 2.32228 -7.65552 65
    endloop
  endfacet
  facet normal -0 0 1
    outer loop
      vertex 1.74171 -5.74164 65
      vertex 2.32228 -7.65552 65
      vertex 2.2961 -5.54328 65
    endloop
  endfacet
  facet normal 0 0 1
    outer loop
      vertex 1.74171 -5.74164 65
      vertex 1.56072 -7.84628 65
      vertex 2.32228 -7.65552 65
    endloop
  endfacet
  facet normal -0 0 1
    outer loop
      vertex 1.17054 -5.88471 65
      vertex 1.56072 -7.84628 65
      vertex 1.74171 -5.74164 65
    endloop
  endfacet
  facet normal 0 0 1
    outer loop
      vertex 1.17054 -5.88471 65
      vertex 0.784137 -7.96148 65
      vertex 1.56072 -7.84628 65
    endloop
  endfacet
  facet normal -0 0 1
    outer loop
      vertex 0.588102 -5.97111 65
      vertex 0.784137 -7.96148 65
      vertex 1.17054 -5.88471 65
    endloop
  endfacet
  facet normal -0 0 1
    outer loop
      vertex 0 -6 65
      vertex 0.784137 -7.96148 65
      vertex 0.588102 -5.97111 65
    endloop
  endfacet
  facet normal 0 0 1
    outer loop
      vertex 0 -6 65
      vertex 0 -8 65
      vertex 0.784137 -7.96148 65
    endloop
  endfacet
  facet normal 0 0 1
    outer loop
      vertex -0.588102 -5.97111 65
      vertex 0 -8 65
      vertex 0 -6 65
    endloop
  endfacet
  facet normal 0 0 1
    outer loop
      vertex -0.588102 -5.97111 65
      vertex -0.784137 -7.96148 65
      vertex 0 -8 65
    endloop
  endfacet
  facet normal 0 0 1
    outer loop
      vertex -1.17054 -5.88471 65
      vertex -0.784137 -7.96148 65
      vertex -0.588102 -5.97111 65
    endloop
  endfacet
  facet normal 0 0 1
    outer loop
      vertex -1.17054 -5.88471 65
      vertex -1.56072 -7.84628 65
      vertex -0.784137 -7.96148 65
    endloop
  endfacet
  facet normal 0 0 1
    outer loop
      vertex -1.74171 -5.74164 65
      vertex -1.56072 -7.84628 65
      vertex -1.17054 -5.88471 65
    endloop
  endfacet
  facet normal 0 0 1
    outer loop
      vertex -2.32228 -7.65552 65
      vertex -1.74171 -5.74164 65
      vertex -2.2961 -5.54328 65
    endloop
  endfacet
  facet normal 0 0 1
    outer loop
      vertex -1.74171 -5.74164 65
      vertex -2.32228 -7.65552 65
      vertex -1.56072 -7.84628 65
    endloop
  endfacet
  facet normal 0 0 1
    outer loop
      vertex -3.06147 -7.39104 65
      vertex -2.2961 -5.54328 65
      vertex -2.82838 -5.29153 65
    endloop
  endfacet
  facet normal 0 0 1
    outer loop
      vertex -2.2961 -5.54328 65
      vertex -3.06147 -7.39104 65
      vertex -2.32228 -7.65552 65
    endloop
  endfacet
  facet normal 0 0 1
    outer loop
      vertex -3.77117 -7.05537 65
      vertex -2.82838 -5.29153 65
      vertex -3.33342 -4.98882 65
    endloop
  endfacet
  facet normal 0 0 1
    outer loop
      vertex -2.82838 -5.29153 65
      vertex -3.77117 -7.05537 65
      vertex -3.06147 -7.39104 65
    endloop
  endfacet
  facet normal 0 0 1
    outer loop
      vertex -4.44456 -6.65176 65
      vertex -3.33342 -4.98882 65
      vertex -3.80636 -4.63806 65
    endloop
  endfacet
  facet normal 0 0 1
    outer loop
      vertex -5.07515 -6.18408 65
      vertex -3.80636 -4.63806 65
      vertex -4.24264 -4.24264 65
    endloop
  endfacet
  facet normal 0 0 1
    outer loop
      vertex -3.33342 -4.98882 65
      vertex -4.44456 -6.65176 65
      vertex -3.77117 -7.05537 65
    endloop
  endfacet
  facet normal 0 0 1
    outer loop
      vertex -5.65685 -5.65685 65
      vertex -4.24264 -4.24264 65
      vertex -4.63806 -3.80636 65
    endloop
  endfacet
  facet normal 0 0 1
    outer loop
      vertex -6.18408 -5.07515 65
      vertex -4.63806 -3.80636 65
      vertex -4.98882 -3.33342 65
    endloop
  endfacet
  facet normal 0 0 1
    outer loop
      vertex -3.80636 -4.63806 65
      vertex -5.07515 -6.18408 65
      vertex -4.44456 -6.65176 65
    endloop
  endfacet
  facet normal 0 0 1
    outer loop
      vertex -6.65176 -4.44456 65
      vertex -4.98882 -3.33342 65
      vertex -5.29153 -2.82838 65
    endloop
  endfacet
  facet normal 0 0 1
    outer loop
      vertex -7.05537 -3.77117 65
      vertex -5.29153 -2.82838 65
      vertex -5.54328 -2.2961 65
    endloop
  endfacet
  facet normal 0 0 1
    outer loop
      vertex -4.24264 -4.24264 65
      vertex -5.65685 -5.65685 65
      vertex -5.07515 -6.18408 65
    endloop
  endfacet
  facet normal 0 0 1
    outer loop
      vertex -7.39104 -3.06147 65
      vertex -5.54328 -2.2961 65
      vertex -5.74164 -1.74171 65
    endloop
  endfacet
  facet normal 0 0 1
    outer loop
      vertex -7.65552 -2.32228 65
      vertex -5.74164 -1.74171 65
      vertex -5.88471 -1.17054 65
    endloop
  endfacet
  facet normal 0 0 1
    outer loop
      vertex -7.84628 -1.56072 65
      vertex -5.88471 -1.17054 65
      vertex -5.97111 -0.588102 65
    endloop
  endfacet
  facet normal 0 0 1
    outer loop
      vertex -4.63806 -3.80636 65
      vertex -6.18408 -5.07515 65
      vertex -5.65685 -5.65685 65
    endloop
  endfacet
  facet normal 0 0 1
    outer loop
      vertex -7.96148 -0.784137 65
      vertex -5.97111 -0.588102 65
      vertex -6 0 65
    endloop
  endfacet
  facet normal -0 0 1
    outer loop
      vertex -7.65552 2.32228 65
      vertex -5.74164 1.74171 65
      vertex -7.39104 3.06147 65
    endloop
  endfacet
  facet normal 0 0 1
    outer loop
      vertex -5.74164 1.74171 65
      vertex -7.65552 2.32228 65
      vertex -5.88471 1.17054 65
    endloop
  endfacet
  facet normal 0 0 1
    outer loop
      vertex -4.98882 -3.33342 65
      vertex -6.65176 -4.44456 65
      vertex -6.18408 -5.07515 65
    endloop
  endfacet
  facet normal -0 0 1
    outer loop
      vertex -7.84628 1.56072 65
      vertex -5.88471 1.17054 65
      vertex -7.65552 2.32228 65
    endloop
  endfacet
  facet normal 0 0 1
    outer loop
      vertex -5.29153 -2.82838 65
      vertex -7.05537 -3.77117 65
      vertex -6.65176 -4.44456 65
    endloop
  endfacet
  facet normal 0 0 1
    outer loop
      vertex -5.88471 1.17054 65
      vertex -7.84628 1.56072 65
      vertex -5.97111 0.588102 65
    endloop
  endfacet
  facet normal 0 0 1
    outer loop
      vertex -5.54328 -2.2961 65
      vertex -7.39104 -3.06147 65
      vertex -7.05537 -3.77117 65
    endloop
  endfacet
  facet normal -0 0 1
    outer loop
      vertex -7.96148 0.784137 65
      vertex -5.97111 0.588102 65
      vertex -7.84628 1.56072 65
    endloop
  endfacet
  facet normal 0 0 1
    outer loop
      vertex -5.74164 -1.74171 65
      vertex -7.65552 -2.32228 65
      vertex -7.39104 -3.06147 65
    endloop
  endfacet
  facet normal 0 0 1
    outer loop
      vertex -5.97111 0.588102 65
      vertex -7.96148 0.784137 65
      vertex -6 0 65
    endloop
  endfacet
  facet normal 0 0 1
    outer loop
      vertex -5.88471 -1.17054 65
      vertex -7.84628 -1.56072 65
      vertex -7.65552 -2.32228 65
    endloop
  endfacet
  facet normal 0 0 1
    outer loop
      vertex -8 0 65
      vertex -6 0 65
      vertex -7.96148 0.784137 65
    endloop
  endfacet
  facet normal 0 0 1
    outer loop
      vertex -5.97111 -0.588102 65
      vertex -7.96148 -0.784137 65
      vertex -7.84628 -1.56072 65
    endloop
  endfacet
  facet normal 0 0 1
    outer loop
      vertex -6 0 65
      vertex -8 0 65
      vertex -7.96148 -0.784137 65
    endloop
  endfacet
  facet normal -0.998796 0.0490649 0
    outer loop
      vertex -8 0 65
      vertex -7.96148 0.784137 24.1914
      vertex -8 0 24.11
    endloop
  endfacet
  facet normal -0.998796 0.0490649 0
    outer loop
      vertex -7.96148 0.784137 24.1914
      vertex -8 0 65
      vertex -7.96148 0.784137 65
    endloop
  endfacet
  facet normal -0.998796 0.0490649 0
    outer loop
      vertex -8 0 -65
      vertex -7.96148 0.784137 -44.1914
      vertex -7.96148 0.784137 -65
    endloop
  endfacet
  facet normal -0.998796 0.0490649 0
    outer loop
      vertex -7.96148 0.784137 -44.1914
      vertex -8 0 -65
      vertex -8 0 -44.11
    endloop
  endfacet
  facet normal -0.998796 0.0490649 0
    outer loop
      vertex -8 0 -35.89
      vertex -7.96148 0.784137 -14.1914
      vertex -7.96148 0.784137 -35.8086
    endloop
  endfacet
  facet normal -0.998796 0.0490649 0
    outer loop
      vertex -7.96148 0.784137 -14.1914
      vertex -8 0 -35.89
      vertex -8 0 -14.11
    endloop
  endfacet
  facet normal -0.998796 0.0490649 0
    outer loop
      vertex -8 0 -5.89002
      vertex -7.96148 0.784137 15.8086
      vertex -7.96148 0.784137 -5.80857
    endloop
  endfacet
  facet normal -0.998796 0.0490649 0
    outer loop
      vertex -7.96148 0.784137 15.8086
      vertex -8 0 -5.89002
      vertex -8 0 15.89
    endloop
  endfacet
  facet normal 0.671564 -0.740946 0
    outer loop
      vertex 5.07515 -6.18408 -65
      vertex 5.65685 -5.65685 65
      vertex 5.07515 -6.18408 65
    endloop
  endfacet
  facet normal 0.671564 -0.740946 0
    outer loop
      vertex 5.65685 -5.65685 65
      vertex 5.07515 -6.18408 -65
      vertex 5.65685 -5.65685 -65
    endloop
  endfacet
  facet normal -0.989176 -0.146736 -0
    outer loop
      vertex 5.97111 0.588102 65
      vertex 5.88471 1.17054 26.7983
      vertex 5.97111 0.588102 26.72
    endloop
  endfacet
  facet normal -0.989176 -0.146736 0
    outer loop
      vertex 5.88471 1.17054 26.7983
      vertex 5.97111 0.588102 65
      vertex 5.88471 1.17054 65
    endloop
  endfacet
  facet normal -0.989176 -0.146736 0
    outer loop
      vertex 5.97111 0.588102 -63
      vertex 5.88471 1.17054 -46.7983
      vertex 5.88471 1.17054 -63
    endloop
  endfacet
  facet normal -0.989176 -0.146736 0
    outer loop
      vertex 5.88471 1.17054 -46.7983
      vertex 5.97111 0.588102 -63
      vertex 5.97111 0.588102 -46.72
    endloop
  endfacet
  facet normal -0.989176 -0.146736 0
    outer loop
      vertex 5.97111 0.588102 -33.28
      vertex 5.88471 1.17054 -16.7983
      vertex 5.88471 1.17054 -33.2017
    endloop
  endfacet
  facet normal -0.989176 -0.146736 0
    outer loop
      vertex 5.88471 1.17054 -16.7983
      vertex 5.97111 0.588102 -33.28
      vertex 5.97111 0.588102 -16.72
    endloop
  endfacet
  facet normal -0.989176 -0.146736 0
    outer loop
      vertex 5.97111 0.588102 -3.27998
      vertex 5.88471 1.17054 13.2017
      vertex 5.88471 1.17054 -3.20167
    endloop
  endfacet
  facet normal -0.989176 -0.146736 0
    outer loop
      vertex 5.88471 1.17054 13.2017
      vertex 5.97111 0.588102 -3.27998
      vertex 5.97111 0.588102 13.28
    endloop
  endfacet
  facet normal -0.998796 -0.049065 -0
    outer loop
      vertex 6 0 65
      vertex 5.97111 0.588102 26.72
      vertex 6 0 26.6938
    endloop
  endfacet
  facet normal -0.998796 -0.049065 0
    outer loop
      vertex 5.97111 0.588102 26.72
      vertex 6 0 65
      vertex 5.97111 0.588102 65
    endloop
  endfacet
  facet normal -0.998796 -0.049065 0
    outer loop
      vertex 6 0 -63
      vertex 5.97111 0.588102 -46.72
      vertex 5.97111 0.588102 -63
    endloop
  endfacet
  facet normal -0.998796 -0.049065 0
    outer loop
      vertex 5.97111 0.588102 -46.72
      vertex 6 0 -63
      vertex 6 0 -46.6938
    endloop
  endfacet
  facet normal -0.998796 -0.049065 0
    outer loop
      vertex 6 0 -33.3062
      vertex 5.97111 0.588102 -16.72
      vertex 5.97111 0.588102 -33.28
    endloop
  endfacet
  facet normal -0.998796 -0.049065 0
    outer loop
      vertex 5.97111 0.588102 -16.72
      vertex 6 0 -33.3062
      vertex 6 0 -16.6938
    endloop
  endfacet
  facet normal -0.998796 -0.049065 0
    outer loop
      vertex 6 0 -3.30616
      vertex 5.97111 0.588102 13.28
      vertex 5.97111 0.588102 -3.27998
    endloop
  endfacet
  facet normal -0.998796 -0.049065 0
    outer loop
      vertex 5.97111 0.588102 13.28
      vertex 6 0 -3.30616
      vertex 6 0 13.3062
    endloop
  endfacet
  facet normal -0.970032 -0.242979 -0
    outer loop
      vertex 5.88471 1.17054 65
      vertex 5.74164 1.74171 26.928
      vertex 5.88471 1.17054 26.7983
    endloop
  endfacet
  facet normal -0.970032 -0.242979 0
    outer loop
      vertex 5.74164 1.74171 26.928
      vertex 5.88471 1.17054 65
      vertex 5.74164 1.74171 65
    endloop
  endfacet
  facet normal -0.970032 -0.242979 0
    outer loop
      vertex 5.88471 1.17054 -63
      vertex 5.74164 1.74171 -46.928
      vertex 5.74164 1.74171 -63
    endloop
  endfacet
  facet normal -0.970032 -0.242979 0
    outer loop
      vertex 5.74164 1.74171 -46.928
      vertex 5.88471 1.17054 -63
      vertex 5.88471 1.17054 -46.7983
    endloop
  endfacet
  facet normal -0.970032 -0.242979 0
    outer loop
      vertex 5.88471 1.17054 -33.2017
      vertex 5.74164 1.74171 -16.928
      vertex 5.74164 1.74171 -33.072
    endloop
  endfacet
  facet normal -0.970032 -0.242979 0
    outer loop
      vertex 5.74164 1.74171 -16.928
      vertex 5.88471 1.17054 -33.2017
      vertex 5.88471 1.17054 -16.7983
    endloop
  endfacet
  facet normal -0.970032 -0.242979 0
    outer loop
      vertex 5.88471 1.17054 -3.20167
      vertex 5.74164 1.74171 13.072
      vertex 5.74164 1.74171 -3.072
    endloop
  endfacet
  facet normal -0.970032 -0.242979 0
    outer loop
      vertex 5.74164 1.74171 13.072
      vertex 5.88471 1.17054 -3.20167
      vertex 5.88471 1.17054 13.2017
    endloop
  endfacet
  facet normal 0.049065 -0.998796 0
    outer loop
      vertex -0.588102 5.97111 -63
      vertex 0 6 65
      vertex -0.588102 5.97111 65
    endloop
  endfacet
  facet normal 0.049065 -0.998796 0
    outer loop
      vertex 0 6 65
      vertex -0.588102 5.97111 -63
      vertex 0 6 -63
    endloop
  endfacet
  facet normal -0.671558 -0.740952 0
    outer loop
      vertex 3.80636 4.63806 -63
      vertex 4.24264 4.24264 65
      vertex 3.80636 4.63806 65
    endloop
  endfacet
  facet normal -0.671558 -0.740952 -0
    outer loop
      vertex 4.24264 4.24264 65
      vertex 3.80636 4.63806 -63
      vertex 4.24264 4.24264 -63
    endloop
  endfacet
  facet normal 0.803204 0.595703 0
    outer loop
      vertex -4.63806 -3.80636 65
      vertex -4.98882 -3.33342 -63
      vertex -4.98882 -3.33342 65
    endloop
  endfacet
  facet normal 0.803204 0.595703 0
    outer loop
      vertex -4.98882 -3.33342 -63
      vertex -4.63806 -3.80636 65
      vertex -4.63806 -3.80636 -63
    endloop
  endfacet
  facet normal 0.336884 -0.941546 0
    outer loop
      vertex -2.2961 5.54328 -63
      vertex -1.74171 5.74164 65
      vertex -2.2961 5.54328 65
    endloop
  endfacet
  facet normal 0.336884 -0.941546 0
    outer loop
      vertex -1.74171 5.74164 65
      vertex -2.2961 5.54328 -63
      vertex -1.74171 5.74164 -63
    endloop
  endfacet
  facet normal 0.242979 -0.970032 0
    outer loop
      vertex -1.74171 5.74164 -63
      vertex -1.17054 5.88471 65
      vertex -1.74171 5.74164 65
    endloop
  endfacet
  facet normal 0.242979 -0.970032 0
    outer loop
      vertex -1.17054 5.88471 65
      vertex -1.74171 5.74164 -63
      vertex -1.17054 5.88471 -63
    endloop
  endfacet
  facet normal -0.941536 -0.336913 0
    outer loop
      vertex 5.70954 1.83143 -3.04291
      vertex 5.64922 2 12.9982
      vertex 5.64922 2 -2.99817
    endloop
  endfacet
  facet normal -0.941536 -0.336913 0
    outer loop
      vertex 5.70954 1.83143 -3.04291
      vertex 5.70954 1.83143 13.0429
      vertex 5.64922 2 12.9982
    endloop
  endfacet
  facet normal -0.941552 -0.336868 0
    outer loop
      vertex 5.74164 1.74171 -3.072
      vertex 5.70954 1.83143 13.0429
      vertex 5.70954 1.83143 -3.04291
    endloop
  endfacet
  facet normal -0.941552 -0.336868 0
    outer loop
      vertex 5.70954 1.83143 13.0429
      vertex 5.74164 1.74171 -3.072
      vertex 5.74164 1.74171 13.072
    endloop
  endfacet
  facet normal -0.941536 -0.336913 0
    outer loop
      vertex 5.70954 1.83143 -33.0429
      vertex 5.64922 2 -17.0018
      vertex 5.64922 2 -32.9982
    endloop
  endfacet
  facet normal -0.941536 -0.336913 0
    outer loop
      vertex 5.70954 1.83143 -33.0429
      vertex 5.70954 1.83143 -16.9571
      vertex 5.64922 2 -17.0018
    endloop
  endfacet
  facet normal -0.941552 -0.336868 0
    outer loop
      vertex 5.74164 1.74171 -33.072
      vertex 5.70954 1.83143 -16.9571
      vertex 5.70954 1.83143 -33.0429
    endloop
  endfacet
  facet normal -0.941552 -0.336868 0
    outer loop
      vertex 5.70954 1.83143 -16.9571
      vertex 5.74164 1.74171 -33.072
      vertex 5.74164 1.74171 -16.928
    endloop
  endfacet
  facet normal -0.94155 -0.336872 -0
    outer loop
      vertex 5.64922 2 -32.9982
      vertex 5.54328 2.2961 -63
      vertex 5.64922 2 -47.0018
    endloop
  endfacet
  facet normal -0.941546 -0.336884 -2.46224e-07
    outer loop
      vertex 5.74164 1.74171 -63
      vertex 5.64922 2 -47.0018
      vertex 5.54328 2.2961 -63
    endloop
  endfacet
  facet normal -0.941536 -0.336913 2.82771e-07
    outer loop
      vertex 5.64922 2 -47.0018
      vertex 5.74164 1.74171 -63
      vertex 5.70954 1.83143 -46.9571
    endloop
  endfacet
  facet normal -0.941552 -0.336868 0
    outer loop
      vertex 5.70954 1.83143 -46.9571
      vertex 5.74164 1.74171 -63
      vertex 5.74164 1.74171 -46.928
    endloop
  endfacet
  facet normal -0.94155 -0.336872 0
    outer loop
      vertex 5.54328 2.2961 -63
      vertex 5.64922 2 -32.9982
      vertex 5.54328 2.2961 65
    endloop
  endfacet
  facet normal -0.94155 -0.336872 -0
    outer loop
      vertex 5.64922 2 -17.0018
      vertex 5.54328 2.2961 65
      vertex 5.64922 2 -32.9982
    endloop
  endfacet
  facet normal -0.94155 -0.336872 -0
    outer loop
      vertex 5.64922 2 -2.99817
      vertex 5.54328 2.2961 65
      vertex 5.64922 2 -17.0018
    endloop
  endfacet
  facet normal -0.94155 -0.336872 -0
    outer loop
      vertex 5.64922 2 12.9982
      vertex 5.54328 2.2961 65
      vertex 5.64922 2 -2.99817
    endloop
  endfacet
  facet normal -0.94155 -0.336872 -0
    outer loop
      vertex 5.64922 2 27.0018
      vertex 5.54328 2.2961 65
      vertex 5.64922 2 12.9982
    endloop
  endfacet
  facet normal -0.941536 -0.336913 -1.19348e-07
    outer loop
      vertex 5.74164 1.74171 65
      vertex 5.64922 2 27.0018
      vertex 5.70954 1.83143 26.9571
    endloop
  endfacet
  facet normal -0.941552 -0.336868 -0
    outer loop
      vertex 5.74164 1.74171 65
      vertex 5.70954 1.83143 26.9571
      vertex 5.74164 1.74171 26.928
    endloop
  endfacet
  facet normal -0.941546 -0.336884 1.03667e-07
    outer loop
      vertex 5.64922 2 27.0018
      vertex 5.74164 1.74171 65
      vertex 5.54328 2.2961 65
    endloop
  endfacet
  facet normal 0.903989 -0.427556 0
    outer loop
      vertex -5.54328 2.2961 65
      vertex -5.29153 2.82838 -63
      vertex -5.29153 2.82838 65
    endloop
  endfacet
  facet normal 0.903989 -0.427556 0
    outer loop
      vertex -5.29153 2.82838 -63
      vertex -5.54328 2.2961 65
      vertex -5.54328 2.2961 -63
    endloop
  endfacet
  facet normal -0.049065 0.998796 0
    outer loop
      vertex 0.588102 -5.97111 -63
      vertex 0 -6 65
      vertex 0.588102 -5.97111 65
    endloop
  endfacet
  facet normal -0.049065 0.998796 0
    outer loop
      vertex 0 -6 65
      vertex 0.588102 -5.97111 -63
      vertex 0 -6 -63
    endloop
  endfacet
  facet normal -0.242979 0.970032 0
    outer loop
      vertex 1.74171 -5.74164 -63
      vertex 1.17054 -5.88471 65
      vertex 1.74171 -5.74164 65
    endloop
  endfacet
  facet normal -0.242979 0.970032 0
    outer loop
      vertex 1.17054 -5.88471 65
      vertex 1.74171 -5.74164 -63
      vertex 1.17054 -5.88471 -63
    endloop
  endfacet
  facet normal 0.427556 0.903989 -0
    outer loop
      vertex -2.2961 -5.54328 -63
      vertex -2.82838 -5.29153 65
      vertex -2.2961 -5.54328 65
    endloop
  endfacet
  facet normal 0.427556 0.903989 0
    outer loop
      vertex -2.82838 -5.29153 65
      vertex -2.2961 -5.54328 -63
      vertex -2.82838 -5.29153 -63
    endloop
  endfacet
  facet normal 0.740952 0.671558 0
    outer loop
      vertex -4.24264 -4.24264 65
      vertex -4.63806 -3.80636 -63
      vertex -4.63806 -3.80636 65
    endloop
  endfacet
  facet normal 0.740952 0.671558 0
    outer loop
      vertex -4.63806 -3.80636 -63
      vertex -4.24264 -4.24264 65
      vertex -4.24264 -4.24264 -63
    endloop
  endfacet
  facet normal 0.989176 -0.146736 0
    outer loop
      vertex -5.97111 0.588102 65
      vertex -5.88471 1.17054 26.7983
      vertex -5.88471 1.17054 65
    endloop
  endfacet
  facet normal 0.989176 -0.146736 0
    outer loop
      vertex -5.88471 1.17054 26.7983
      vertex -5.97111 0.588102 65
      vertex -5.97111 0.588102 26.72
    endloop
  endfacet
  facet normal 0.989176 -0.146736 0
    outer loop
      vertex -5.97111 0.588102 -63
      vertex -5.88471 1.17054 -46.7983
      vertex -5.97111 0.588102 -46.72
    endloop
  endfacet
  facet normal 0.989176 -0.146736 0
    outer loop
      vertex -5.88471 1.17054 -46.7983
      vertex -5.97111 0.588102 -63
      vertex -5.88471 1.17054 -63
    endloop
  endfacet
  facet normal 0.989176 -0.146736 0
    outer loop
      vertex -5.97111 0.588102 -16.72
      vertex -5.88471 1.17054 -33.2017
      vertex -5.88471 1.17054 -16.7983
    endloop
  endfacet
  facet normal 0.989176 -0.146736 0
    outer loop
      vertex -5.88471 1.17054 -33.2017
      vertex -5.97111 0.588102 -16.72
      vertex -5.97111 0.588102 -33.28
    endloop
  endfacet
  facet normal 0.989176 -0.146736 0
    outer loop
      vertex -5.97111 0.588102 13.28
      vertex -5.88471 1.17054 -3.20167
      vertex -5.88471 1.17054 13.2017
    endloop
  endfacet
  facet normal 0.989176 -0.146736 0
    outer loop
      vertex -5.88471 1.17054 -3.20167
      vertex -5.97111 0.588102 13.28
      vertex -5.97111 0.588102 -3.27998
    endloop
  endfacet
  facet normal 0.970032 0.242979 -0
    outer loop
      vertex -5.74164 -1.74171 26.928
      vertex -5.88471 -1.17054 65
      vertex -5.74164 -1.74171 65
    endloop
  endfacet
  facet normal 0.970032 0.242979 0
    outer loop
      vertex -5.88471 -1.17054 65
      vertex -5.74164 -1.74171 26.928
      vertex -5.88471 -1.17054 26.7983
    endloop
  endfacet
  facet normal 0.970032 0.242979 0
    outer loop
      vertex -5.74164 -1.74171 -46.928
      vertex -5.88471 -1.17054 -63
      vertex -5.88471 -1.17054 -46.7983
    endloop
  endfacet
  facet normal 0.970032 0.242979 0
    outer loop
      vertex -5.88471 -1.17054 -63
      vertex -5.74164 -1.74171 -46.928
      vertex -5.74164 -1.74171 -63
    endloop
  endfacet
  facet normal 0.970032 0.242979 0
    outer loop
      vertex -5.74164 -1.74171 -16.928
      vertex -5.88471 -1.17054 -33.2017
      vertex -5.88471 -1.17054 -16.7983
    endloop
  endfacet
  facet normal 0.970032 0.242979 0
    outer loop
      vertex -5.88471 -1.17054 -33.2017
      vertex -5.74164 -1.74171 -16.928
      vertex -5.74164 -1.74171 -33.072
    endloop
  endfacet
  facet normal 0.970032 0.242979 0
    outer loop
      vertex -5.74164 -1.74171 13.072
      vertex -5.88471 -1.17054 -3.20167
      vertex -5.88471 -1.17054 13.2017
    endloop
  endfacet
  facet normal 0.970032 0.242979 0
    outer loop
      vertex -5.88471 -1.17054 -3.20167
      vertex -5.74164 -1.74171 13.072
      vertex -5.74164 -1.74171 -3.072
    endloop
  endfacet
  facet normal 0.998796 0.049065 -0
    outer loop
      vertex -5.97111 -0.588102 26.72
      vertex -6 0 65
      vertex -5.97111 -0.588102 65
    endloop
  endfacet
  facet normal 0.998796 0.049065 0
    outer loop
      vertex -6 0 65
      vertex -5.97111 -0.588102 26.72
      vertex -6 0 26.6938
    endloop
  endfacet
  facet normal 0.998796 0.049065 0
    outer loop
      vertex -5.97111 -0.588102 -46.72
      vertex -6 0 -63
      vertex -6 0 -46.6938
    endloop
  endfacet
  facet normal 0.998796 0.049065 0
    outer loop
      vertex -6 0 -63
      vertex -5.97111 -0.588102 -46.72
      vertex -5.97111 -0.588102 -63
    endloop
  endfacet
  facet normal 0.998796 0.049065 0
    outer loop
      vertex -5.97111 -0.588102 -16.72
      vertex -6 0 -33.3062
      vertex -6 0 -16.6938
    endloop
  endfacet
  facet normal 0.998796 0.049065 0
    outer loop
      vertex -6 0 -33.3062
      vertex -5.97111 -0.588102 -16.72
      vertex -5.97111 -0.588102 -33.28
    endloop
  endfacet
  facet normal 0.998796 0.049065 0
    outer loop
      vertex -5.97111 -0.588102 13.28
      vertex -6 0 -3.30616
      vertex -6 0 13.3062
    endloop
  endfacet
  facet normal 0.998796 0.049065 0
    outer loop
      vertex -6 0 -3.30616
      vertex -5.97111 -0.588102 13.28
      vertex -5.97111 -0.588102 -3.27998
    endloop
  endfacet
  facet normal -0.857728 -0.514104 0
    outer loop
      vertex 5.29153 2.82838 -63
      vertex 4.98882 3.33342 65
      vertex 4.98882 3.33342 -63
    endloop
  endfacet
  facet normal -0.857728 -0.514104 0
    outer loop
      vertex 4.98882 3.33342 65
      vertex 5.29153 2.82838 -63
      vertex 5.29153 2.82838 65
    endloop
  endfacet
  facet normal 0.998796 -0.049065 0
    outer loop
      vertex -6 0 65
      vertex -5.97111 0.588102 26.72
      vertex -5.97111 0.588102 65
    endloop
  endfacet
  facet normal 0.998796 -0.049065 0
    outer loop
      vertex -5.97111 0.588102 26.72
      vertex -6 0 65
      vertex -6 0 26.6938
    endloop
  endfacet
  facet normal 0.998796 -0.049065 0
    outer loop
      vertex -6 0 -63
      vertex -5.97111 0.588102 -46.72
      vertex -6 0 -46.6938
    endloop
  endfacet
  facet normal 0.998796 -0.049065 0
    outer loop
      vertex -5.97111 0.588102 -46.72
      vertex -6 0 -63
      vertex -5.97111 0.588102 -63
    endloop
  endfacet
  facet normal 0.998796 -0.049065 0
    outer loop
      vertex -6 0 -16.6938
      vertex -5.97111 0.588102 -33.28
      vertex -5.97111 0.588102 -16.72
    endloop
  endfacet
  facet normal 0.998796 -0.049065 0
    outer loop
      vertex -5.97111 0.588102 -33.28
      vertex -6 0 -16.6938
      vertex -6 0 -33.3062
    endloop
  endfacet
  facet normal 0.998796 -0.049065 0
    outer loop
      vertex -6 0 13.3062
      vertex -5.97111 0.588102 -3.27998
      vertex -5.97111 0.588102 13.28
    endloop
  endfacet
  facet normal 0.998796 -0.049065 0
    outer loop
      vertex -5.97111 0.588102 -3.27998
      vertex -6 0 13.3062
      vertex -6 0 -3.30616
    endloop
  endfacet
  facet normal -0.903989 -0.427556 0
    outer loop
      vertex 5.54328 2.2961 -63
      vertex 5.29153 2.82838 65
      vertex 5.29153 2.82838 -63
    endloop
  endfacet
  facet normal -0.903989 -0.427556 0
    outer loop
      vertex 5.29153 2.82838 65
      vertex 5.54328 2.2961 -63
      vertex 5.54328 2.2961 65
    endloop
  endfacet
  facet normal -0.970032 0.242979 0
    outer loop
      vertex 5.74164 -1.74171 26.928
      vertex 5.88471 -1.17054 65
      vertex 5.88471 -1.17054 26.7983
    endloop
  endfacet
  facet normal -0.970032 0.242979 0
    outer loop
      vertex 5.88471 -1.17054 65
      vertex 5.74164 -1.74171 26.928
      vertex 5.74164 -1.74171 65
    endloop
  endfacet
  facet normal -0.970032 0.242979 0
    outer loop
      vertex 5.74164 -1.74171 -46.928
      vertex 5.88471 -1.17054 -63
      vertex 5.74164 -1.74171 -63
    endloop
  endfacet
  facet normal -0.970032 0.242979 0
    outer loop
      vertex 5.88471 -1.17054 -63
      vertex 5.74164 -1.74171 -46.928
      vertex 5.88471 -1.17054 -46.7983
    endloop
  endfacet
  facet normal -0.970032 0.242979 0
    outer loop
      vertex 5.74164 -1.74171 -33.072
      vertex 5.88471 -1.17054 -16.7983
      vertex 5.88471 -1.17054 -33.2017
    endloop
  endfacet
  facet normal -0.970032 0.242979 0
    outer loop
      vertex 5.88471 -1.17054 -16.7983
      vertex 5.74164 -1.74171 -33.072
      vertex 5.74164 -1.74171 -16.928
    endloop
  endfacet
  facet normal -0.970032 0.242979 0
    outer loop
      vertex 5.74164 -1.74171 -3.072
      vertex 5.88471 -1.17054 13.2017
      vertex 5.88471 -1.17054 -3.20167
    endloop
  endfacet
  facet normal -0.970032 0.242979 0
    outer loop
      vertex 5.88471 -1.17054 13.2017
      vertex 5.74164 -1.74171 -3.072
      vertex 5.74164 -1.74171 13.072
    endloop
  endfacet
  facet normal -0.803204 -0.595703 0
    outer loop
      vertex 4.98882 3.33342 -63
      vertex 4.63806 3.80636 65
      vertex 4.63806 3.80636 -63
    endloop
  endfacet
  facet normal -0.803204 -0.595703 0
    outer loop
      vertex 4.63806 3.80636 65
      vertex 4.98882 3.33342 -63
      vertex 4.98882 3.33342 65
    endloop
  endfacet
  facet normal 0.242979 0.970032 -0
    outer loop
      vertex -1.17054 -5.88471 -63
      vertex -1.74171 -5.74164 65
      vertex -1.17054 -5.88471 65
    endloop
  endfacet
  facet normal 0.242979 0.970032 0
    outer loop
      vertex -1.74171 -5.74164 65
      vertex -1.17054 -5.88471 -63
      vertex -1.74171 -5.74164 -63
    endloop
  endfacet
  facet normal 0.857728 0.514104 0
    outer loop
      vertex -4.98882 -3.33342 65
      vertex -5.29153 -2.82838 -63
      vertex -5.29153 -2.82838 65
    endloop
  endfacet
  facet normal 0.857728 0.514104 0
    outer loop
      vertex -5.29153 -2.82838 -63
      vertex -4.98882 -3.33342 65
      vertex -4.98882 -3.33342 -63
    endloop
  endfacet
  facet normal -0.941552 0.336868 0
    outer loop
      vertex 5.74164 -1.74171 -63
      vertex 5.70954 -1.83143 -46.9571
      vertex 5.74164 -1.74171 -46.928
    endloop
  endfacet
  facet normal -0.941536 0.336913 2.82771e-07
    outer loop
      vertex 5.74164 -1.74171 -63
      vertex 5.64922 -2 -47.0018
      vertex 5.70954 -1.83143 -46.9571
    endloop
  endfacet
  facet normal -0.94155 0.336872 0
    outer loop
      vertex 5.54328 -2.2961 -63
      vertex 5.64922 -2 -32.9982
      vertex 5.64922 -2 -47.0018
    endloop
  endfacet
  facet normal -0.94155 0.336872 0
    outer loop
      vertex 5.64922 -2 -32.9982
      vertex 5.54328 -2.2961 -63
      vertex 5.64922 -2 -17.0018
    endloop
  endfacet
  facet normal -0.94155 0.336872 0
    outer loop
      vertex 5.64922 -2 -17.0018
      vertex 5.54328 -2.2961 -63
      vertex 5.64922 -2 -2.99817
    endloop
  endfacet
  facet normal -0.94155 0.336872 0
    outer loop
      vertex 5.64922 -2 -2.99817
      vertex 5.54328 -2.2961 -63
      vertex 5.64922 -2 12.9982
    endloop
  endfacet
  facet normal -0.94155 0.336872 0
    outer loop
      vertex 5.64922 -2 12.9982
      vertex 5.54328 -2.2961 -63
      vertex 5.64922 -2 27.0018
    endloop
  endfacet
  facet normal -0.941546 0.336884 -2.46224e-07
    outer loop
      vertex 5.54328 -2.2961 -63
      vertex 5.64922 -2 -47.0018
      vertex 5.74164 -1.74171 -63
    endloop
  endfacet
  facet normal -0.941552 0.336868 0
    outer loop
      vertex 5.70954 -1.83143 -33.0429
      vertex 5.74164 -1.74171 -16.928
      vertex 5.74164 -1.74171 -33.072
    endloop
  endfacet
  facet normal -0.941552 0.336868 0
    outer loop
      vertex 5.70954 -1.83143 -33.0429
      vertex 5.70954 -1.83143 -16.9571
      vertex 5.74164 -1.74171 -16.928
    endloop
  endfacet
  facet normal -0.941536 0.336913 0
    outer loop
      vertex 5.64922 -2 -32.9982
      vertex 5.70954 -1.83143 -16.9571
      vertex 5.70954 -1.83143 -33.0429
    endloop
  endfacet
  facet normal -0.941536 0.336913 0
    outer loop
      vertex 5.70954 -1.83143 -16.9571
      vertex 5.64922 -2 -32.9982
      vertex 5.64922 -2 -17.0018
    endloop
  endfacet
  facet normal -0.941552 0.336868 0
    outer loop
      vertex 5.70954 -1.83143 -3.04291
      vertex 5.74164 -1.74171 13.072
      vertex 5.74164 -1.74171 -3.072
    endloop
  endfacet
  facet normal -0.941552 0.336868 0
    outer loop
      vertex 5.70954 -1.83143 -3.04291
      vertex 5.70954 -1.83143 13.0429
      vertex 5.74164 -1.74171 13.072
    endloop
  endfacet
  facet normal -0.941536 0.336913 0
    outer loop
      vertex 5.64922 -2 -2.99817
      vertex 5.70954 -1.83143 13.0429
      vertex 5.70954 -1.83143 -3.04291
    endloop
  endfacet
  facet normal -0.941536 0.336913 0
    outer loop
      vertex 5.70954 -1.83143 13.0429
      vertex 5.64922 -2 -2.99817
      vertex 5.64922 -2 12.9982
    endloop
  endfacet
  facet normal -0.941552 0.336868 0
    outer loop
      vertex 5.70954 -1.83143 26.9571
      vertex 5.74164 -1.74171 65
      vertex 5.74164 -1.74171 26.928
    endloop
  endfacet
  facet normal -0.941536 0.336913 -1.19348e-07
    outer loop
      vertex 5.64922 -2 27.0018
      vertex 5.74164 -1.74171 65
      vertex 5.70954 -1.83143 26.9571
    endloop
  endfacet
  facet normal -0.941546 0.336884 1.03667e-07
    outer loop
      vertex 5.64922 -2 27.0018
      vertex 5.54328 -2.2961 65
      vertex 5.74164 -1.74171 65
    endloop
  endfacet
  facet normal -0.94155 0.336872 0
    outer loop
      vertex 5.54328 -2.2961 65
      vertex 5.64922 -2 27.0018
      vertex 5.54328 -2.2961 -63
    endloop
  endfacet
  facet normal -0.989176 0.146736 0
    outer loop
      vertex 5.88471 -1.17054 26.7983
      vertex 5.97111 -0.588102 65
      vertex 5.97111 -0.588102 26.72
    endloop
  endfacet
  facet normal -0.989176 0.146736 0
    outer loop
      vertex 5.97111 -0.588102 65
      vertex 5.88471 -1.17054 26.7983
      vertex 5.88471 -1.17054 65
    endloop
  endfacet
  facet normal -0.989176 0.146736 0
    outer loop
      vertex 5.88471 -1.17054 -46.7983
      vertex 5.97111 -0.588102 -63
      vertex 5.88471 -1.17054 -63
    endloop
  endfacet
  facet normal -0.989176 0.146736 0
    outer loop
      vertex 5.97111 -0.588102 -63
      vertex 5.88471 -1.17054 -46.7983
      vertex 5.97111 -0.588102 -46.72
    endloop
  endfacet
  facet normal -0.989176 0.146736 0
    outer loop
      vertex 5.88471 -1.17054 -33.2017
      vertex 5.97111 -0.588102 -16.72
      vertex 5.97111 -0.588102 -33.28
    endloop
  endfacet
  facet normal -0.989176 0.146736 0
    outer loop
      vertex 5.97111 -0.588102 -16.72
      vertex 5.88471 -1.17054 -33.2017
      vertex 5.88471 -1.17054 -16.7983
    endloop
  endfacet
  facet normal -0.989176 0.146736 0
    outer loop
      vertex 5.88471 -1.17054 -3.20167
      vertex 5.97111 -0.588102 13.28
      vertex 5.97111 -0.588102 -3.27998
    endloop
  endfacet
  facet normal -0.989176 0.146736 0
    outer loop
      vertex 5.97111 -0.588102 13.28
      vertex 5.88471 -1.17054 -3.20167
      vertex 5.88471 -1.17054 13.2017
    endloop
  endfacet
  facet normal -0.336884 0.941546 0
    outer loop
      vertex 2.2961 -5.54328 -63
      vertex 1.74171 -5.74164 65
      vertex 2.2961 -5.54328 65
    endloop
  endfacet
  facet normal -0.336884 0.941546 0
    outer loop
      vertex 1.74171 -5.74164 65
      vertex 2.2961 -5.54328 -63
      vertex 1.74171 -5.74164 -63
    endloop
  endfacet
  facet normal 0.049065 0.998796 -0
    outer loop
      vertex 0 -6 -63
      vertex -0.588102 -5.97111 65
      vertex 0 -6 65
    endloop
  endfacet
  facet normal 0.049065 0.998796 0
    outer loop
      vertex -0.588102 -5.97111 65
      vertex 0 -6 -63
      vertex -0.588102 -5.97111 -63
    endloop
  endfacet
  facet normal -0.740952 -0.671558 0
    outer loop
      vertex 4.63806 3.80636 -63
      vertex 4.24264 4.24264 65
      vertex 4.24264 4.24264 -63
    endloop
  endfacet
  facet normal -0.740952 -0.671558 0
    outer loop
      vertex 4.24264 4.24264 65
      vertex 4.63806 3.80636 -63
      vertex 4.63806 3.80636 65
    endloop
  endfacet
  facet normal 0.146736 -0.989176 0
    outer loop
      vertex -1.17054 5.88471 -63
      vertex -0.588102 5.97111 65
      vertex -1.17054 5.88471 65
    endloop
  endfacet
  facet normal 0.146736 -0.989176 0
    outer loop
      vertex -0.588102 5.97111 65
      vertex -1.17054 5.88471 -63
      vertex -0.588102 5.97111 -63
    endloop
  endfacet
  facet normal 0.671558 -0.740952 0
    outer loop
      vertex -4.24264 4.24264 -63
      vertex -3.80636 4.63806 65
      vertex -4.24264 4.24264 65
    endloop
  endfacet
  facet normal 0.671558 -0.740952 0
    outer loop
      vertex -3.80636 4.63806 65
      vertex -4.24264 4.24264 -63
      vertex -3.80636 4.63806 -63
    endloop
  endfacet
  facet normal 0.595703 -0.803204 0
    outer loop
      vertex -3.80636 4.63806 -63
      vertex -3.33342 4.98882 65
      vertex -3.80636 4.63806 65
    endloop
  endfacet
  facet normal 0.595703 -0.803204 0
    outer loop
      vertex -3.33342 4.98882 65
      vertex -3.80636 4.63806 -63
      vertex -3.33342 4.98882 -63
    endloop
  endfacet
  facet normal -0.146736 -0.989176 0
    outer loop
      vertex 0.588102 5.97111 -63
      vertex 1.17054 5.88471 65
      vertex 0.588102 5.97111 65
    endloop
  endfacet
  facet normal -0.146736 -0.989176 -0
    outer loop
      vertex 1.17054 5.88471 65
      vertex 0.588102 5.97111 -63
      vertex 1.17054 5.88471 -63
    endloop
  endfacet
  facet normal -0.336884 -0.941546 0
    outer loop
      vertex 1.74171 5.74164 -63
      vertex 2.2961 5.54328 65
      vertex 1.74171 5.74164 65
    endloop
  endfacet
  facet normal -0.336884 -0.941546 -0
    outer loop
      vertex 2.2961 5.54328 65
      vertex 1.74171 5.74164 -63
      vertex 2.2961 5.54328 -63
    endloop
  endfacet
  facet normal -0.998796 0.049065 0
    outer loop
      vertex 5.97111 -0.588102 26.72
      vertex 6 0 65
      vertex 6 0 26.6938
    endloop
  endfacet
  facet normal -0.998796 0.049065 0
    outer loop
      vertex 6 0 65
      vertex 5.97111 -0.588102 26.72
      vertex 5.97111 -0.588102 65
    endloop
  endfacet
  facet normal -0.998796 0.049065 0
    outer loop
      vertex 5.97111 -0.588102 -46.72
      vertex 6 0 -63
      vertex 5.97111 -0.588102 -63
    endloop
  endfacet
  facet normal -0.998796 0.049065 0
    outer loop
      vertex 6 0 -63
      vertex 5.97111 -0.588102 -46.72
      vertex 6 0 -46.6938
    endloop
  endfacet
  facet normal -0.998796 0.049065 0
    outer loop
      vertex 5.97111 -0.588102 -33.28
      vertex 6 0 -16.6938
      vertex 6 0 -33.3062
    endloop
  endfacet
  facet normal -0.998796 0.049065 0
    outer loop
      vertex 6 0 -16.6938
      vertex 5.97111 -0.588102 -33.28
      vertex 5.97111 -0.588102 -16.72
    endloop
  endfacet
  facet normal -0.998796 0.049065 0
    outer loop
      vertex 5.97111 -0.588102 -3.27998
      vertex 6 0 13.3062
      vertex 6 0 -3.30616
    endloop
  endfacet
  facet normal -0.998796 0.049065 0
    outer loop
      vertex 6 0 13.3062
      vertex 5.97111 -0.588102 -3.27998
      vertex 5.97111 -0.588102 13.28
    endloop
  endfacet
  facet normal 0.671558 0.740952 -0
    outer loop
      vertex -3.80636 -4.63806 -63
      vertex -4.24264 -4.24264 65
      vertex -3.80636 -4.63806 65
    endloop
  endfacet
  facet normal 0.671558 0.740952 0
    outer loop
      vertex -4.24264 -4.24264 65
      vertex -3.80636 -4.63806 -63
      vertex -4.24264 -4.24264 -63
    endloop
  endfacet
  facet normal 0.970032 -0.242979 0
    outer loop
      vertex -5.88471 1.17054 65
      vertex -5.74164 1.74171 26.928
      vertex -5.74164 1.74171 65
    endloop
  endfacet
  facet normal 0.970032 -0.242979 0
    outer loop
      vertex -5.74164 1.74171 26.928
      vertex -5.88471 1.17054 65
      vertex -5.88471 1.17054 26.7983
    endloop
  endfacet
  facet normal 0.970032 -0.242979 0
    outer loop
      vertex -5.88471 1.17054 -63
      vertex -5.74164 1.74171 -46.928
      vertex -5.88471 1.17054 -46.7983
    endloop
  endfacet
  facet normal 0.970032 -0.242979 0
    outer loop
      vertex -5.74164 1.74171 -46.928
      vertex -5.88471 1.17054 -63
      vertex -5.74164 1.74171 -63
    endloop
  endfacet
  facet normal 0.970032 -0.242979 0
    outer loop
      vertex -5.88471 1.17054 -16.7983
      vertex -5.74164 1.74171 -33.072
      vertex -5.74164 1.74171 -16.928
    endloop
  endfacet
  facet normal 0.970032 -0.242979 0
    outer loop
      vertex -5.74164 1.74171 -33.072
      vertex -5.88471 1.17054 -16.7983
      vertex -5.88471 1.17054 -33.2017
    endloop
  endfacet
  facet normal 0.970032 -0.242979 0
    outer loop
      vertex -5.88471 1.17054 13.2017
      vertex -5.74164 1.74171 -3.072
      vertex -5.74164 1.74171 13.072
    endloop
  endfacet
  facet normal 0.970032 -0.242979 0
    outer loop
      vertex -5.74164 1.74171 -3.072
      vertex -5.88471 1.17054 13.2017
      vertex -5.88471 1.17054 -3.20167
    endloop
  endfacet
  facet normal -0.427556 0.903989 0
    outer loop
      vertex 2.82838 -5.29153 -63
      vertex 2.2961 -5.54328 65
      vertex 2.82838 -5.29153 65
    endloop
  endfacet
  facet normal -0.427556 0.903989 0
    outer loop
      vertex 2.2961 -5.54328 65
      vertex 2.82838 -5.29153 -63
      vertex 2.2961 -5.54328 -63
    endloop
  endfacet
  facet normal -0.514104 -0.857728 0
    outer loop
      vertex 2.82838 5.29153 -63
      vertex 3.33342 4.98882 65
      vertex 2.82838 5.29153 65
    endloop
  endfacet
  facet normal -0.514104 -0.857728 -0
    outer loop
      vertex 3.33342 4.98882 65
      vertex 2.82838 5.29153 -63
      vertex 3.33342 4.98882 -63
    endloop
  endfacet
  facet normal -0.595703 -0.803204 0
    outer loop
      vertex 3.33342 4.98882 -63
      vertex 3.80636 4.63806 65
      vertex 3.33342 4.98882 65
    endloop
  endfacet
  facet normal -0.595703 -0.803204 -0
    outer loop
      vertex 3.80636 4.63806 65
      vertex 3.33342 4.98882 -63
      vertex 3.80636 4.63806 -63
    endloop
  endfacet
  facet normal -0.146736 0.989176 0
    outer loop
      vertex 1.17054 -5.88471 -63
      vertex 0.588102 -5.97111 65
      vertex 1.17054 -5.88471 65
    endloop
  endfacet
  facet normal -0.146736 0.989176 0
    outer loop
      vertex 0.588102 -5.97111 65
      vertex 1.17054 -5.88471 -63
      vertex 0.588102 -5.97111 -63
    endloop
  endfacet
  facet normal 0.514104 -0.857728 0
    outer loop
      vertex -3.33342 4.98882 -63
      vertex -2.82838 5.29153 65
      vertex -3.33342 4.98882 65
    endloop
  endfacet
  facet normal 0.514104 -0.857728 0
    outer loop
      vertex -2.82838 5.29153 65
      vertex -3.33342 4.98882 -63
      vertex -2.82838 5.29153 -63
    endloop
  endfacet
  facet normal -0.740952 0.671558 0
    outer loop
      vertex 4.24264 -4.24264 -63
      vertex 4.63806 -3.80636 65
      vertex 4.63806 -3.80636 -63
    endloop
  endfacet
  facet normal -0.740952 0.671558 0
    outer loop
      vertex 4.63806 -3.80636 65
      vertex 4.24264 -4.24264 -63
      vertex 4.24264 -4.24264 65
    endloop
  endfacet
  facet normal -0.803204 0.595703 0
    outer loop
      vertex 4.63806 -3.80636 -63
      vertex 4.98882 -3.33342 65
      vertex 4.98882 -3.33342 -63
    endloop
  endfacet
  facet normal -0.803204 0.595703 0
    outer loop
      vertex 4.98882 -3.33342 65
      vertex 4.63806 -3.80636 -63
      vertex 4.63806 -3.80636 65
    endloop
  endfacet
  facet normal 0.857728 -0.514104 0
    outer loop
      vertex -5.29153 2.82838 65
      vertex -4.98882 3.33342 -63
      vertex -4.98882 3.33342 65
    endloop
  endfacet
  facet normal 0.857728 -0.514104 0
    outer loop
      vertex -4.98882 3.33342 -63
      vertex -5.29153 2.82838 65
      vertex -5.29153 2.82838 -63
    endloop
  endfacet
  facet normal -0.427556 -0.903989 0
    outer loop
      vertex 2.2961 5.54328 -63
      vertex 2.82838 5.29153 65
      vertex 2.2961 5.54328 65
    endloop
  endfacet
  facet normal -0.427556 -0.903989 -0
    outer loop
      vertex 2.82838 5.29153 65
      vertex 2.2961 5.54328 -63
      vertex 2.82838 5.29153 -63
    endloop
  endfacet
  facet normal 0.941536 -0.336913 0
    outer loop
      vertex -5.70954 1.83143 -16.9571
      vertex -5.64922 2 -32.9982
      vertex -5.64922 2 -17.0018
    endloop
  endfacet
  facet normal 0.941536 -0.336913 0
    outer loop
      vertex -5.70954 1.83143 -16.9571
      vertex -5.70954 1.83143 -33.0429
      vertex -5.64922 2 -32.9982
    endloop
  endfacet
  facet normal 0.941552 -0.336868 0
    outer loop
      vertex -5.74164 1.74171 -16.928
      vertex -5.70954 1.83143 -33.0429
      vertex -5.70954 1.83143 -16.9571
    endloop
  endfacet
  facet normal 0.941552 -0.336868 0
    outer loop
      vertex -5.70954 1.83143 -33.0429
      vertex -5.74164 1.74171 -16.928
      vertex -5.74164 1.74171 -33.072
    endloop
  endfacet
  facet normal 0.941536 -0.336913 0
    outer loop
      vertex -5.70954 1.83143 13.0429
      vertex -5.64922 2 -2.99817
      vertex -5.64922 2 12.9982
    endloop
  endfacet
  facet normal 0.941536 -0.336913 0
    outer loop
      vertex -5.70954 1.83143 13.0429
      vertex -5.70954 1.83143 -3.04291
      vertex -5.64922 2 -2.99817
    endloop
  endfacet
  facet normal 0.941552 -0.336868 0
    outer loop
      vertex -5.74164 1.74171 13.072
      vertex -5.70954 1.83143 -3.04291
      vertex -5.70954 1.83143 13.0429
    endloop
  endfacet
  facet normal 0.941552 -0.336868 0
    outer loop
      vertex -5.70954 1.83143 -3.04291
      vertex -5.74164 1.74171 13.072
      vertex -5.74164 1.74171 -3.072
    endloop
  endfacet
  facet normal 0.94155 -0.336872 0
    outer loop
      vertex -5.54328 2.2961 65
      vertex -5.64922 2 27.0018
      vertex -5.54328 2.2961 -63
    endloop
  endfacet
  facet normal 0.941546 -0.336884 1.03667e-07
    outer loop
      vertex -5.74164 1.74171 65
      vertex -5.64922 2 27.0018
      vertex -5.54328 2.2961 65
    endloop
  endfacet
  facet normal 0.941536 -0.336913 -1.19348e-07
    outer loop
      vertex -5.64922 2 27.0018
      vertex -5.74164 1.74171 65
      vertex -5.70954 1.83143 26.9571
    endloop
  endfacet
  facet normal 0.941552 -0.336868 0
    outer loop
      vertex -5.70954 1.83143 26.9571
      vertex -5.74164 1.74171 65
      vertex -5.74164 1.74171 26.928
    endloop
  endfacet
  facet normal 0.94155 -0.336872 0
    outer loop
      vertex -5.64922 2 12.9982
      vertex -5.54328 2.2961 -63
      vertex -5.64922 2 27.0018
    endloop
  endfacet
  facet normal 0.94155 -0.336872 0
    outer loop
      vertex -5.64922 2 -2.99817
      vertex -5.54328 2.2961 -63
      vertex -5.64922 2 12.9982
    endloop
  endfacet
  facet normal 0.94155 -0.336872 0
    outer loop
      vertex -5.64922 2 -17.0018
      vertex -5.54328 2.2961 -63
      vertex -5.64922 2 -2.99817
    endloop
  endfacet
  facet normal 0.94155 -0.336872 0
    outer loop
      vertex -5.64922 2 -32.9982
      vertex -5.54328 2.2961 -63
      vertex -5.64922 2 -17.0018
    endloop
  endfacet
  facet normal 0.94155 -0.336872 0
    outer loop
      vertex -5.64922 2 -47.0018
      vertex -5.54328 2.2961 -63
      vertex -5.64922 2 -32.9982
    endloop
  endfacet
  facet normal 0.941536 -0.336913 2.82771e-07
    outer loop
      vertex -5.74164 1.74171 -63
      vertex -5.64922 2 -47.0018
      vertex -5.70954 1.83143 -46.9571
    endloop
  endfacet
  facet normal 0.941552 -0.336868 0
    outer loop
      vertex -5.74164 1.74171 -63
      vertex -5.70954 1.83143 -46.9571
      vertex -5.74164 1.74171 -46.928
    endloop
  endfacet
  facet normal 0.941546 -0.336884 -2.46224e-07
    outer loop
      vertex -5.64922 2 -47.0018
      vertex -5.74164 1.74171 -63
      vertex -5.54328 2.2961 -63
    endloop
  endfacet
  facet normal -0.595703 0.803204 0
    outer loop
      vertex 3.80636 -4.63806 -63
      vertex 3.33342 -4.98882 65
      vertex 3.80636 -4.63806 65
    endloop
  endfacet
  facet normal -0.595703 0.803204 0
    outer loop
      vertex 3.33342 -4.98882 65
      vertex 3.80636 -4.63806 -63
      vertex 3.33342 -4.98882 -63
    endloop
  endfacet
  facet normal -0.242979 -0.970032 0
    outer loop
      vertex 1.17054 5.88471 -63
      vertex 1.74171 5.74164 65
      vertex 1.17054 5.88471 65
    endloop
  endfacet
  facet normal -0.242979 -0.970032 -0
    outer loop
      vertex 1.74171 5.74164 65
      vertex 1.17054 5.88471 -63
      vertex 1.74171 5.74164 -63
    endloop
  endfacet
  facet normal -0.903989 0.427556 0
    outer loop
      vertex 5.29153 -2.82838 -63
      vertex 5.54328 -2.2961 65
      vertex 5.54328 -2.2961 -63
    endloop
  endfacet
  facet normal -0.903989 0.427556 0
    outer loop
      vertex 5.54328 -2.2961 65
      vertex 5.29153 -2.82838 -63
      vertex 5.29153 -2.82838 65
    endloop
  endfacet
  facet normal 0.803204 -0.595703 0
    outer loop
      vertex -4.98882 3.33342 65
      vertex -4.63806 3.80636 -63
      vertex -4.63806 3.80636 65
    endloop
  endfacet
  facet normal 0.803204 -0.595703 0
    outer loop
      vertex -4.63806 3.80636 -63
      vertex -4.98882 3.33342 65
      vertex -4.98882 3.33342 -63
    endloop
  endfacet
  facet normal 0.989176 0.146736 -0
    outer loop
      vertex -5.88471 -1.17054 26.7983
      vertex -5.97111 -0.588102 65
      vertex -5.88471 -1.17054 65
    endloop
  endfacet
  facet normal 0.989176 0.146736 0
    outer loop
      vertex -5.97111 -0.588102 65
      vertex -5.88471 -1.17054 26.7983
      vertex -5.97111 -0.588102 26.72
    endloop
  endfacet
  facet normal 0.989176 0.146736 0
    outer loop
      vertex -5.88471 -1.17054 -46.7983
      vertex -5.97111 -0.588102 -63
      vertex -5.97111 -0.588102 -46.72
    endloop
  endfacet
  facet normal 0.989176 0.146736 0
    outer loop
      vertex -5.97111 -0.588102 -63
      vertex -5.88471 -1.17054 -46.7983
      vertex -5.88471 -1.17054 -63
    endloop
  endfacet
  facet normal 0.989176 0.146736 0
    outer loop
      vertex -5.88471 -1.17054 -16.7983
      vertex -5.97111 -0.588102 -33.28
      vertex -5.97111 -0.588102 -16.72
    endloop
  endfacet
  facet normal 0.989176 0.146736 0
    outer loop
      vertex -5.97111 -0.588102 -33.28
      vertex -5.88471 -1.17054 -16.7983
      vertex -5.88471 -1.17054 -33.2017
    endloop
  endfacet
  facet normal 0.989176 0.146736 0
    outer loop
      vertex -5.88471 -1.17054 13.2017
      vertex -5.97111 -0.588102 -3.27998
      vertex -5.97111 -0.588102 13.28
    endloop
  endfacet
  facet normal 0.989176 0.146736 0
    outer loop
      vertex -5.97111 -0.588102 -3.27998
      vertex -5.88471 -1.17054 13.2017
      vertex -5.88471 -1.17054 -3.20167
    endloop
  endfacet
  facet normal 0.941552 0.336868 0
    outer loop
      vertex -5.74164 -1.74171 65
      vertex -5.70954 -1.83143 26.9571
      vertex -5.74164 -1.74171 26.928
    endloop
  endfacet
  facet normal 0.941536 0.336913 -1.19348e-07
    outer loop
      vertex -5.74164 -1.74171 65
      vertex -5.64922 -2 27.0018
      vertex -5.70954 -1.83143 26.9571
    endloop
  endfacet
  facet normal 0 0 0
    outer loop
      vertex -5.64922 -2 27.0018
      vertex -5.64922 -2 -2.99817
      vertex -5.64922 -2 12.9982
    endloop
  endfacet
  facet normal 0 0 0
    outer loop
      vertex -5.64922 -2 27.0018
      vertex -5.64922 -2 -17.0018
      vertex -5.64922 -2 -2.99817
    endloop
  endfacet
  facet normal 0 0 0
    outer loop
      vertex -5.64922 -2 27.0018
      vertex -5.64922 -2 -32.9982
      vertex -5.64922 -2 -17.0018
    endloop
  endfacet
  facet normal 0.94155 0.336872 0
    outer loop
      vertex -5.54328 -2.2961 -63
      vertex -5.64922 -2 -32.9982
      vertex -5.64922 -2 27.0018
    endloop
  endfacet
  facet normal 0.94155 0.336872 -0
    outer loop
      vertex -5.54328 -2.2961 -63
      vertex -5.64922 -2 27.0018
      vertex -5.54328 -2.2961 65
    endloop
  endfacet
  facet normal 0.941546 0.336884 1.03667e-07
    outer loop
      vertex -5.54328 -2.2961 65
      vertex -5.64922 -2 27.0018
      vertex -5.74164 -1.74171 65
    endloop
  endfacet
  facet normal 0.941552 0.336868 0
    outer loop
      vertex -5.70954 -1.83143 13.0429
      vertex -5.74164 -1.74171 -3.072
      vertex -5.74164 -1.74171 13.072
    endloop
  endfacet
  facet normal 0.941552 0.336868 0
    outer loop
      vertex -5.70954 -1.83143 13.0429
      vertex -5.70954 -1.83143 -3.04291
      vertex -5.74164 -1.74171 -3.072
    endloop
  endfacet
  facet normal 0.941536 0.336913 0
    outer loop
      vertex -5.64922 -2 12.9982
      vertex -5.70954 -1.83143 -3.04291
      vertex -5.70954 -1.83143 13.0429
    endloop
  endfacet
  facet normal 0.941536 0.336913 0
    outer loop
      vertex -5.70954 -1.83143 -3.04291
      vertex -5.64922 -2 12.9982
      vertex -5.64922 -2 -2.99817
    endloop
  endfacet
  facet normal 0.941552 0.336868 0
    outer loop
      vertex -5.70954 -1.83143 -16.9571
      vertex -5.74164 -1.74171 -33.072
      vertex -5.74164 -1.74171 -16.928
    endloop
  endfacet
  facet normal 0.941552 0.336868 0
    outer loop
      vertex -5.70954 -1.83143 -16.9571
      vertex -5.70954 -1.83143 -33.0429
      vertex -5.74164 -1.74171 -33.072
    endloop
  endfacet
  facet normal 0.941536 0.336913 0
    outer loop
      vertex -5.64922 -2 -17.0018
      vertex -5.70954 -1.83143 -33.0429
      vertex -5.70954 -1.83143 -16.9571
    endloop
  endfacet
  facet normal 0.941536 0.336913 0
    outer loop
      vertex -5.70954 -1.83143 -33.0429
      vertex -5.64922 -2 -17.0018
      vertex -5.64922 -2 -32.9982
    endloop
  endfacet
  facet normal 0.941552 0.336868 0
    outer loop
      vertex -5.70954 -1.83143 -46.9571
      vertex -5.74164 -1.74171 -63
      vertex -5.74164 -1.74171 -46.928
    endloop
  endfacet
  facet normal 0.941536 0.336913 2.82771e-07
    outer loop
      vertex -5.64922 -2 -47.0018
      vertex -5.74164 -1.74171 -63
      vertex -5.70954 -1.83143 -46.9571
    endloop
  endfacet
  facet normal 0.941546 0.336884 -2.46224e-07
    outer loop
      vertex -5.64922 -2 -47.0018
      vertex -5.54328 -2.2961 -63
      vertex -5.74164 -1.74171 -63
    endloop
  endfacet
  facet normal 0.94155 0.336872 0
    outer loop
      vertex -5.64922 -2 -32.9982
      vertex -5.54328 -2.2961 -63
      vertex -5.64922 -2 -47.0018
    endloop
  endfacet
  facet normal 0.336884 0.941546 -0
    outer loop
      vertex -1.74171 -5.74164 -63
      vertex -2.2961 -5.54328 65
      vertex -1.74171 -5.74164 65
    endloop
  endfacet
  facet normal 0.336884 0.941546 0
    outer loop
      vertex -2.2961 -5.54328 65
      vertex -1.74171 -5.74164 -63
      vertex -2.2961 -5.54328 -63
    endloop
  endfacet
  facet normal -0.671558 0.740952 0
    outer loop
      vertex 4.24264 -4.24264 -63
      vertex 3.80636 -4.63806 65
      vertex 4.24264 -4.24264 65
    endloop
  endfacet
  facet normal -0.671558 0.740952 0
    outer loop
      vertex 3.80636 -4.63806 65
      vertex 4.24264 -4.24264 -63
      vertex 3.80636 -4.63806 -63
    endloop
  endfacet
  facet normal 0.595703 0.803204 -0
    outer loop
      vertex -3.33342 -4.98882 -63
      vertex -3.80636 -4.63806 65
      vertex -3.33342 -4.98882 65
    endloop
  endfacet
  facet normal 0.595703 0.803204 0
    outer loop
      vertex -3.80636 -4.63806 65
      vertex -3.33342 -4.98882 -63
      vertex -3.80636 -4.63806 -63
    endloop
  endfacet
  facet normal -0.857728 0.514104 0
    outer loop
      vertex 4.98882 -3.33342 -63
      vertex 5.29153 -2.82838 65
      vertex 5.29153 -2.82838 -63
    endloop
  endfacet
  facet normal -0.857728 0.514104 0
    outer loop
      vertex 5.29153 -2.82838 65
      vertex 4.98882 -3.33342 -63
      vertex 4.98882 -3.33342 65
    endloop
  endfacet
  facet normal 0.740952 -0.671558 0
    outer loop
      vertex -4.63806 3.80636 65
      vertex -4.24264 4.24264 -63
      vertex -4.24264 4.24264 65
    endloop
  endfacet
  facet normal 0.740952 -0.671558 0
    outer loop
      vertex -4.24264 4.24264 -63
      vertex -4.63806 3.80636 65
      vertex -4.63806 3.80636 -63
    endloop
  endfacet
  facet normal -0.514104 0.857728 0
    outer loop
      vertex 3.33342 -4.98882 -63
      vertex 2.82838 -5.29153 65
      vertex 3.33342 -4.98882 65
    endloop
  endfacet
  facet normal -0.514104 0.857728 0
    outer loop
      vertex 2.82838 -5.29153 65
      vertex 3.33342 -4.98882 -63
      vertex 2.82838 -5.29153 -63
    endloop
  endfacet
  facet normal -0.049065 -0.998796 0
    outer loop
      vertex 0 6 -63
      vertex 0.588102 5.97111 65
      vertex 0 6 65
    endloop
  endfacet
  facet normal -0.049065 -0.998796 -0
    outer loop
      vertex 0.588102 5.97111 65
      vertex 0 6 -63
      vertex 0.588102 5.97111 -63
    endloop
  endfacet
  facet normal 0.903989 0.427556 0
    outer loop
      vertex -5.29153 -2.82838 65
      vertex -5.54328 -2.2961 -63
      vertex -5.54328 -2.2961 65
    endloop
  endfacet
  facet normal 0.903989 0.427556 0
    outer loop
      vertex -5.54328 -2.2961 -63
      vertex -5.29153 -2.82838 65
      vertex -5.29153 -2.82838 -63
    endloop
  endfacet
  facet normal 0.427556 -0.903989 0
    outer loop
      vertex -2.82838 5.29153 -63
      vertex -2.2961 5.54328 65
      vertex -2.82838 5.29153 65
    endloop
  endfacet
  facet normal 0.427556 -0.903989 0
    outer loop
      vertex -2.2961 5.54328 65
      vertex -2.82838 5.29153 -63
      vertex -2.2961 5.54328 -63
    endloop
  endfacet
  facet normal 0.146736 0.989176 -0
    outer loop
      vertex -0.588102 -5.97111 -63
      vertex -1.17054 -5.88471 65
      vertex -0.588102 -5.97111 65
    endloop
  endfacet
  facet normal 0.146736 0.989176 0
    outer loop
      vertex -1.17054 -5.88471 65
      vertex -0.588102 -5.97111 -63
      vertex -1.17054 -5.88471 -63
    endloop
  endfacet
  facet normal 0.514104 0.857728 -0
    outer loop
      vertex -2.82838 -5.29153 -63
      vertex -3.33342 -4.98882 65
      vertex -2.82838 -5.29153 65
    endloop
  endfacet
  facet normal 0.514104 0.857728 0
    outer loop
      vertex -3.33342 -4.98882 65
      vertex -2.82838 -5.29153 -63
      vertex -3.33342 -4.98882 -63
    endloop
  endfacet
  facet normal 0.146706 0 0.98918
    outer loop
      vertex -54.5099 2 4.97592
      vertex -54.0245 -2 4.90393
      vertex -54.0245 2 4.90393
    endloop
  endfacet
  facet normal 0.146706 0 0.98918
    outer loop
      vertex -54.0245 -2 4.90393
      vertex -54.5099 2 4.97592
      vertex -54.5099 -2 4.97592
    endloop
  endfacet
  facet normal 0.989176 -0 0.146736
    outer loop
      vertex -50.0961 -2 0.975451
      vertex -50.0241 2 0.490086
      vertex -50.0961 2 0.975451
    endloop
  endfacet
  facet normal 0.989176 0 0.146736
    outer loop
      vertex -50.0241 2 0.490086
      vertex -50.0961 -2 0.975451
      vertex -50.0241 -2 0.490086
    endloop
  endfacet
  facet normal 0.998793 -0 0.0491157
    outer loop
      vertex -50.0241 -2 0.490086
      vertex -50 2 0
      vertex -50.0241 2 0.490086
    endloop
  endfacet
  facet normal 0.998793 0 0.0491157
    outer loop
      vertex -50 2 0
      vertex -50.0241 -2 0.490086
      vertex -50 -2 0
    endloop
  endfacet
  facet normal 0.970043 -0 0.242934
    outer loop
      vertex -50.2153 -2 1.45142
      vertex -50.0961 2 0.975451
      vertex -50.2153 2 1.45142
    endloop
  endfacet
  facet normal 0.970043 0 0.242934
    outer loop
      vertex -50.0961 2 0.975451
      vertex -50.2153 -2 1.45142
      vertex -50.0961 -2 0.975451
    endloop
  endfacet
  facet normal 0.336879 0 -0.941548
    outer loop
      vertex -53.5486 -2 -4.7847
      vertex -53.0866 2 -4.6194
      vertex -53.0866 -2 -4.6194
    endloop
  endfacet
  facet normal 0.336879 0 -0.941548
    outer loop
      vertex -53.0866 2 -4.6194
      vertex -53.5486 -2 -4.7847
      vertex -53.5486 2 -4.7847
    endloop
  endfacet
  facet normal 0.857692 -0 0.514163
    outer loop
      vertex -50.8427 -2 2.77785
      vertex -50.5904 2 2.35698
      vertex -50.8427 2 2.77785
    endloop
  endfacet
  facet normal 0.857692 0 0.514163
    outer loop
      vertex -50.5904 2 2.35698
      vertex -50.8427 -2 2.77785
      vertex -50.5904 -2 2.35698
    endloop
  endfacet
  facet normal 0.90398 0 -0.427575
    outer loop
      vertex -50.3806 -2 -1.91342
      vertex -50.5904 2 -2.35698
      vertex -50.3806 2 -1.91342
    endloop
  endfacet
  facet normal 0.90398 0 -0.427575
    outer loop
      vertex -50.5904 2 -2.35698
      vertex -50.3806 -2 -1.91342
      vertex -50.5904 -2 -2.35698
    endloop
  endfacet
  facet normal 0.336879 0 0.941548
    outer loop
      vertex -53.5486 2 4.7847
      vertex -53.0866 -2 4.6194
      vertex -53.0866 2 4.6194
    endloop
  endfacet
  facet normal 0.336879 0 0.941548
    outer loop
      vertex -53.0866 -2 4.6194
      vertex -53.5486 2 4.7847
      vertex -53.5486 -2 4.7847
    endloop
  endfacet
  facet normal -0.243025 0 -0.97002
    outer loop
      vertex -56.4514 -2 -4.7847
      vertex -55.9755 2 -4.90393
      vertex -55.9755 -2 -4.90393
    endloop
  endfacet
  facet normal -0.243025 0 -0.97002
    outer loop
      vertex -55.9755 2 -4.90393
      vertex -56.4514 -2 -4.7847
      vertex -56.4514 2 -4.7847
    endloop
  endfacet
  facet normal -0.427526 0 -0.904003
    outer loop
      vertex -57.357 -2 -4.40961
      vertex -56.9134 2 -4.6194
      vertex -56.9134 -2 -4.6194
    endloop
  endfacet
  facet normal -0.427526 0 -0.904003
    outer loop
      vertex -56.9134 2 -4.6194
      vertex -57.357 -2 -4.40961
      vertex -57.357 2 -4.40961
    endloop
  endfacet
  facet normal 0.0490736 0 -0.998795
    outer loop
      vertex -55 -2 -5
      vertex -54.5099 2 -4.97592
      vertex -54.5099 -2 -4.97592
    endloop
  endfacet
  facet normal 0.0490736 0 -0.998795
    outer loop
      vertex -54.5099 2 -4.97592
      vertex -55 -2 -5
      vertex -55 2 -5
    endloop
  endfacet
  facet normal 0.427526 0 0.904003
    outer loop
      vertex -53.0866 2 4.6194
      vertex -52.643 -2 4.40961
      vertex -52.643 2 4.40961
    endloop
  endfacet
  facet normal 0.427526 0 0.904003
    outer loop
      vertex -52.643 -2 4.40961
      vertex -53.0866 2 4.6194
      vertex -53.0866 -2 4.6194
    endloop
  endfacet
  facet normal 0.0490736 0 0.998795
    outer loop
      vertex -55 2 5
      vertex -54.5099 -2 4.97592
      vertex -54.5099 2 4.97592
    endloop
  endfacet
  facet normal 0.0490736 0 0.998795
    outer loop
      vertex -54.5099 -2 4.97592
      vertex -55 2 5
      vertex -55 -2 5
    endloop
  endfacet
  facet normal 0.857692 0 -0.514163
    outer loop
      vertex -50.5904 -2 -2.35698
      vertex -50.8427 2 -2.77785
      vertex -50.5904 2 -2.35698
    endloop
  endfacet
  facet normal 0.857692 0 -0.514163
    outer loop
      vertex -50.8427 2 -2.77785
      vertex -50.5904 -2 -2.35698
      vertex -50.8427 -2 -2.77785
    endloop
  endfacet
  facet normal 0.671629 0 0.740887
    outer loop
      vertex -51.828 2 3.86505
      vertex -51.4645 -2 3.53553
      vertex -51.4645 2 3.53553
    endloop
  endfacet
  facet normal 0.671629 0 0.740887
    outer loop
      vertex -51.4645 -2 3.53553
      vertex -51.828 2 3.86505
      vertex -51.828 -2 3.86505
    endloop
  endfacet
  facet normal -0.59572 0 -0.803192
    outer loop
      vertex -58.172 -2 -3.86505
      vertex -57.7779 2 -4.15735
      vertex -57.7779 -2 -4.15735
    endloop
  endfacet
  facet normal -0.59572 0 -0.803192
    outer loop
      vertex -57.7779 2 -4.15735
      vertex -58.172 -2 -3.86505
      vertex -58.172 2 -3.86505
    endloop
  endfacet
  facet normal -0.857692 0 0.514163
    outer loop
      vertex -59.4096 -2 2.35698
      vertex -59.1573 2 2.77785
      vertex -59.4096 2 2.35698
    endloop
  endfacet
  facet normal -0.857692 0 0.514163
    outer loop
      vertex -59.1573 2 2.77785
      vertex -59.4096 -2 2.35698
      vertex -59.1573 -2 2.77785
    endloop
  endfacet
  facet normal 0.243025 0 -0.97002
    outer loop
      vertex -54.0245 -2 -4.90393
      vertex -53.5486 2 -4.7847
      vertex -53.5486 -2 -4.7847
    endloop
  endfacet
  facet normal 0.243025 0 -0.97002
    outer loop
      vertex -53.5486 2 -4.7847
      vertex -54.0245 -2 -4.90393
      vertex -54.0245 2 -4.90393
    endloop
  endfacet
  facet normal 0.989176 0 -0.146736
    outer loop
      vertex -50.0241 -2 -0.490086
      vertex -50.0961 2 -0.975451
      vertex -50.0241 2 -0.490086
    endloop
  endfacet
  facet normal 0.989176 0 -0.146736
    outer loop
      vertex -50.0961 2 -0.975451
      vertex -50.0241 -2 -0.490086
      vertex -50.0961 -2 -0.975451
    endloop
  endfacet
  facet normal -0.146706 0 -0.98918
    outer loop
      vertex -55.9755 -2 -4.90393
      vertex -55.4901 2 -4.97592
      vertex -55.4901 -2 -4.97592
    endloop
  endfacet
  facet normal -0.146706 0 -0.98918
    outer loop
      vertex -55.4901 2 -4.97592
      vertex -55.9755 -2 -4.90393
      vertex -55.9755 2 -4.90393
    endloop
  endfacet
  facet normal -0.59572 0 0.803192
    outer loop
      vertex -58.172 2 3.86505
      vertex -57.7779 -2 4.15735
      vertex -57.7779 2 4.15735
    endloop
  endfacet
  facet normal -0.59572 0 0.803192
    outer loop
      vertex -57.7779 -2 4.15735
      vertex -58.172 2 3.86505
      vertex -58.172 -2 3.86505
    endloop
  endfacet
  facet normal -0.998793 0 -0.0491157
    outer loop
      vertex -59.9759 -2 -0.490086
      vertex -60 2 0
      vertex -59.9759 2 -0.490086
    endloop
  endfacet
  facet normal -0.998793 -0 -0.0491157
    outer loop
      vertex -60 2 0
      vertex -59.9759 -2 -0.490086
      vertex -60 -2 0
    endloop
  endfacet
  facet normal -0.970043 0 -0.242934
    outer loop
      vertex -59.7847 -2 -1.45142
      vertex -59.9039 2 -0.975451
      vertex -59.7847 2 -1.45142
    endloop
  endfacet
  facet normal -0.970043 -0 -0.242934
    outer loop
      vertex -59.9039 2 -0.975451
      vertex -59.7847 -2 -1.45142
      vertex -59.9039 -2 -0.975451
    endloop
  endfacet
  facet normal 0.970043 0 -0.242934
    outer loop
      vertex -50.0961 -2 -0.975451
      vertex -50.2153 2 -1.45142
      vertex -50.0961 2 -0.975451
    endloop
  endfacet
  facet normal 0.970043 0 -0.242934
    outer loop
      vertex -50.2153 2 -1.45142
      vertex -50.0961 -2 -0.975451
      vertex -50.2153 -2 -1.45142
    endloop
  endfacet
  facet normal -0.970043 0 0.242934
    outer loop
      vertex -59.9039 -2 0.975451
      vertex -59.7847 2 1.45142
      vertex -59.9039 2 0.975451
    endloop
  endfacet
  facet normal -0.970043 0 0.242934
    outer loop
      vertex -59.7847 2 1.45142
      vertex -59.9039 -2 0.975451
      vertex -59.7847 -2 1.45142
    endloop
  endfacet
  facet normal 0.59572 0 0.803192
    outer loop
      vertex -52.2221 2 4.15735
      vertex -51.828 -2 3.86505
      vertex -51.828 2 3.86505
    endloop
  endfacet
  facet normal 0.59572 0 0.803192
    outer loop
      vertex -51.828 -2 3.86505
      vertex -52.2221 2 4.15735
      vertex -52.2221 -2 4.15735
    endloop
  endfacet
  facet normal -0.0490736 0 0.998795
    outer loop
      vertex -55.4901 2 4.97592
      vertex -55 -2 5
      vertex -55 2 5
    endloop
  endfacet
  facet normal -0.0490736 0 0.998795
    outer loop
      vertex -55 -2 5
      vertex -55.4901 2 4.97592
      vertex -55.4901 -2 4.97592
    endloop
  endfacet
  facet normal 0.803304 -0 0.595569
    outer loop
      vertex -51.1349 -2 3.17197
      vertex -50.8427 2 2.77785
      vertex -51.1349 2 3.17197
    endloop
  endfacet
  facet normal 0.803304 0 0.595569
    outer loop
      vertex -50.8427 2 2.77785
      vertex -51.1349 -2 3.17197
      vertex -50.8427 -2 2.77785
    endloop
  endfacet
  facet normal 0.514076 0 0.857745
    outer loop
      vertex -52.643 2 4.40961
      vertex -52.2221 -2 4.15735
      vertex -52.2221 2 4.15735
    endloop
  endfacet
  facet normal 0.514076 0 0.857745
    outer loop
      vertex -52.2221 -2 4.15735
      vertex -52.643 2 4.40961
      vertex -52.643 -2 4.40961
    endloop
  endfacet
  facet normal 0.427526 0 -0.904003
    outer loop
      vertex -53.0866 -2 -4.6194
      vertex -52.643 2 -4.40961
      vertex -52.643 -2 -4.40961
    endloop
  endfacet
  facet normal 0.427526 0 -0.904003
    outer loop
      vertex -52.643 2 -4.40961
      vertex -53.0866 -2 -4.6194
      vertex -53.0866 2 -4.6194
    endloop
  endfacet
  facet normal -0.941548 0 -0.336879
    outer loop
      vertex -59.6194 -2 -1.91342
      vertex -59.7847 2 -1.45142
      vertex -59.6194 2 -1.91342
    endloop
  endfacet
  facet normal -0.941548 -0 -0.336879
    outer loop
      vertex -59.7847 2 -1.45142
      vertex -59.6194 -2 -1.91342
      vertex -59.7847 -2 -1.45142
    endloop
  endfacet
  facet normal 0 1 0
    outer loop
      vertex -55 2 1.5
      vertex -55 2 5
      vertex -54.5099 2 4.97592
    endloop
  endfacet
  facet normal 0 1 0
    outer loop
      vertex -54.853 2 1.49278
      vertex -54.5099 2 4.97592
      vertex -54.0245 2 4.90393
    endloop
  endfacet
  facet normal 0 1 0
    outer loop
      vertex -55 2 5
      vertex -55 2 1.5
      vertex -55.4901 2 4.97592
    endloop
  endfacet
  facet normal 0 1 0
    outer loop
      vertex -54.7074 2 1.47118
      vertex -54.0245 2 4.90393
      vertex -53.5486 2 4.7847
    endloop
  endfacet
  facet normal 0 1 -0
    outer loop
      vertex -55.147 2 1.49278
      vertex -55.4901 2 4.97592
      vertex -55 2 1.5
    endloop
  endfacet
  facet normal 0 1 0
    outer loop
      vertex -54.5646 2 1.43541
      vertex -53.5486 2 4.7847
      vertex -53.0866 2 4.6194
    endloop
  endfacet
  facet normal 0 1 0
    outer loop
      vertex -55.4901 2 4.97592
      vertex -55.147 2 1.49278
      vertex -55.9755 2 4.90393
    endloop
  endfacet
  facet normal 0 1 0
    outer loop
      vertex -54.426 2 1.38582
      vertex -53.0866 2 4.6194
      vertex -52.643 2 4.40961
    endloop
  endfacet
  facet normal 0 1 -0
    outer loop
      vertex -55.2926 2 1.47118
      vertex -55.9755 2 4.90393
      vertex -55.147 2 1.49278
    endloop
  endfacet
  facet normal 0 1 0
    outer loop
      vertex -54.2929 2 1.32288
      vertex -52.643 2 4.40961
      vertex -52.2221 2 4.15735
    endloop
  endfacet
  facet normal 0 1 0
    outer loop
      vertex -55.9755 2 4.90393
      vertex -55.2926 2 1.47118
      vertex -56.4514 2 4.7847
    endloop
  endfacet
  facet normal 0 1 0
    outer loop
      vertex -54.1666 2 1.2472
      vertex -52.2221 2 4.15735
      vertex -51.828 2 3.86505
    endloop
  endfacet
  facet normal 0 1 -0
    outer loop
      vertex -55.4354 2 1.43541
      vertex -56.4514 2 4.7847
      vertex -55.2926 2 1.47118
    endloop
  endfacet
  facet normal 0 1 0
    outer loop
      vertex -54.0484 2 1.15952
      vertex -51.828 2 3.86505
      vertex -51.4645 2 3.53553
    endloop
  endfacet
  facet normal 0 1 0
    outer loop
      vertex -56.4514 2 4.7847
      vertex -55.4354 2 1.43541
      vertex -56.9134 2 4.6194
    endloop
  endfacet
  facet normal 0 1 0
    outer loop
      vertex -53.9393 2 1.06066
      vertex -51.4645 2 3.53553
      vertex -51.1349 2 3.17197
    endloop
  endfacet
  facet normal 0 1 -0
    outer loop
      vertex -55.574 2 1.38582
      vertex -56.9134 2 4.6194
      vertex -55.4354 2 1.43541
    endloop
  endfacet
  facet normal 0 1 0
    outer loop
      vertex -53.8405 2 0.95159
      vertex -51.1349 2 3.17197
      vertex -50.8427 2 2.77785
    endloop
  endfacet
  facet normal 0 1 0
    outer loop
      vertex -56.9134 2 4.6194
      vertex -55.574 2 1.38582
      vertex -57.357 2 4.40961
    endloop
  endfacet
  facet normal 0 1 0
    outer loop
      vertex -53.7528 2 0.833355
      vertex -50.8427 2 2.77785
      vertex -50.5904 2 2.35698
    endloop
  endfacet
  facet normal 0 1 -0
    outer loop
      vertex -55.7071 2 1.32288
      vertex -57.357 2 4.40961
      vertex -55.574 2 1.38582
    endloop
  endfacet
  facet normal 0 1 0
    outer loop
      vertex -53.6771 2 0.707094
      vertex -50.5904 2 2.35698
      vertex -50.3806 2 1.91342
    endloop
  endfacet
  facet normal 0 1 0
    outer loop
      vertex -57.357 2 4.40961
      vertex -55.7071 2 1.32288
      vertex -57.7779 2 4.15735
    endloop
  endfacet
  facet normal 0 1 -0
    outer loop
      vertex -55.8334 2 1.2472
      vertex -57.7779 2 4.15735
      vertex -55.7071 2 1.32288
    endloop
  endfacet
  facet normal 0 1 0
    outer loop
      vertex -54.5099 2 4.97592
      vertex -54.853 2 1.49278
      vertex -55 2 1.5
    endloop
  endfacet
  facet normal 0 1 0
    outer loop
      vertex -54.0245 2 4.90393
      vertex -54.7074 2 1.47118
      vertex -54.853 2 1.49278
    endloop
  endfacet
  facet normal 0 1 0
    outer loop
      vertex -53.6142 2 0.574024
      vertex -50.3806 2 1.91342
      vertex -50.2153 2 1.45142
    endloop
  endfacet
  facet normal 0 1 0
    outer loop
      vertex -53.5486 2 4.7847
      vertex -54.5646 2 1.43541
      vertex -54.7074 2 1.47118
    endloop
  endfacet
  facet normal 0 1 0
    outer loop
      vertex -53.0866 2 4.6194
      vertex -54.426 2 1.38582
      vertex -54.5646 2 1.43541
    endloop
  endfacet
  facet normal 0 1 0
    outer loop
      vertex -52.643 2 4.40961
      vertex -54.2929 2 1.32288
      vertex -54.426 2 1.38582
    endloop
  endfacet
  facet normal 0 1 0
    outer loop
      vertex -52.2221 2 4.15735
      vertex -54.1666 2 1.2472
      vertex -54.2929 2 1.32288
    endloop
  endfacet
  facet normal 0 1 0
    outer loop
      vertex -51.828 2 3.86505
      vertex -54.0484 2 1.15952
      vertex -54.1666 2 1.2472
    endloop
  endfacet
  facet normal 0 1 0
    outer loop
      vertex -51.4645 2 3.53553
      vertex -53.9393 2 1.06066
      vertex -54.0484 2 1.15952
    endloop
  endfacet
  facet normal 0 1 0
    outer loop
      vertex -53.5646 2 0.435427
      vertex -50.2153 2 1.45142
      vertex -50.0961 2 0.975451
    endloop
  endfacet
  facet normal 0 1 0
    outer loop
      vertex -51.1349 2 3.17197
      vertex -53.8405 2 0.95159
      vertex -53.9393 2 1.06066
    endloop
  endfacet
  facet normal 0 1 0
    outer loop
      vertex -50.8427 2 2.77785
      vertex -53.7528 2 0.833355
      vertex -53.8405 2 0.95159
    endloop
  endfacet
  facet normal 0 1 0
    outer loop
      vertex -50.5904 2 2.35698
      vertex -53.6771 2 0.707094
      vertex -53.7528 2 0.833355
    endloop
  endfacet
  facet normal 0 1 0
    outer loop
      vertex -50.3806 2 1.91342
      vertex -53.6142 2 0.574024
      vertex -53.6771 2 0.707094
    endloop
  endfacet
  facet normal 0 1 0
    outer loop
      vertex -53.5288 2 0.292635
      vertex -50.0961 2 0.975451
      vertex -50.0241 2 0.490086
    endloop
  endfacet
  facet normal 0 1 0
    outer loop
      vertex -50.2153 2 1.45142
      vertex -53.5646 2 0.435427
      vertex -53.6142 2 0.574024
    endloop
  endfacet
  facet normal 0 1 0
    outer loop
      vertex -50.0961 2 0.975451
      vertex -53.5288 2 0.292635
      vertex -53.5646 2 0.435427
    endloop
  endfacet
  facet normal 0 1 0
    outer loop
      vertex -50.0241 2 0.490086
      vertex -53.5072 2 0.147025
      vertex -53.5288 2 0.292635
    endloop
  endfacet
  facet normal 0 1 0
    outer loop
      vertex -50 2 0
      vertex -53.5072 2 0.147025
      vertex -50.0241 2 0.490086
    endloop
  endfacet
  facet normal 0 1 0
    outer loop
      vertex -50 2 0
      vertex -53.5 2 0
      vertex -53.5072 2 0.147025
    endloop
  endfacet
  facet normal 0 1 0
    outer loop
      vertex -50 2 0
      vertex -53.5072 2 -0.147025
      vertex -53.5 2 0
    endloop
  endfacet
  facet normal 0 1 -0
    outer loop
      vertex -50.0241 2 -0.490086
      vertex -53.5072 2 -0.147025
      vertex -50 2 0
    endloop
  endfacet
  facet normal 0 1 0
    outer loop
      vertex -53.5072 2 -0.147025
      vertex -50.0241 2 -0.490086
      vertex -53.5288 2 -0.292635
    endloop
  endfacet
  facet normal 0 1 -0
    outer loop
      vertex -50.0961 2 -0.975451
      vertex -53.5288 2 -0.292635
      vertex -50.0241 2 -0.490086
    endloop
  endfacet
  facet normal 0 1 0
    outer loop
      vertex -53.5288 2 -0.292635
      vertex -50.0961 2 -0.975451
      vertex -53.5646 2 -0.435427
    endloop
  endfacet
  facet normal 0 1 -0
    outer loop
      vertex -50.2153 2 -1.45142
      vertex -53.5646 2 -0.435427
      vertex -50.0961 2 -0.975451
    endloop
  endfacet
  facet normal 0 1 0
    outer loop
      vertex -53.5646 2 -0.435427
      vertex -50.2153 2 -1.45142
      vertex -53.6142 2 -0.574024
    endloop
  endfacet
  facet normal 0 1 -0
    outer loop
      vertex -50.3806 2 -1.91342
      vertex -53.6142 2 -0.574024
      vertex -50.2153 2 -1.45142
    endloop
  endfacet
  facet normal 0 1 0
    outer loop
      vertex -53.6142 2 -0.574024
      vertex -50.3806 2 -1.91342
      vertex -53.6771 2 -0.707094
    endloop
  endfacet
  facet normal 0 1 -0
    outer loop
      vertex -50.5904 2 -2.35698
      vertex -53.6771 2 -0.707094
      vertex -50.3806 2 -1.91342
    endloop
  endfacet
  facet normal 0 1 0
    outer loop
      vertex -53.6771 2 -0.707094
      vertex -50.5904 2 -2.35698
      vertex -53.7528 2 -0.833355
    endloop
  endfacet
  facet normal 0 1 -0
    outer loop
      vertex -50.8427 2 -2.77785
      vertex -53.7528 2 -0.833355
      vertex -50.5904 2 -2.35698
    endloop
  endfacet
  facet normal 0 1 0
    outer loop
      vertex -53.7528 2 -0.833355
      vertex -50.8427 2 -2.77785
      vertex -53.8405 2 -0.95159
    endloop
  endfacet
  facet normal 0 1 -0
    outer loop
      vertex -51.1349 2 -3.17197
      vertex -53.8405 2 -0.95159
      vertex -50.8427 2 -2.77785
    endloop
  endfacet
  facet normal 0 1 0
    outer loop
      vertex -53.8405 2 -0.95159
      vertex -51.1349 2 -3.17197
      vertex -53.9393 2 -1.06066
    endloop
  endfacet
  facet normal 0 1 -0
    outer loop
      vertex -51.4645 2 -3.53553
      vertex -53.9393 2 -1.06066
      vertex -51.1349 2 -3.17197
    endloop
  endfacet
  facet normal 0 1 0
    outer loop
      vertex -53.9393 2 -1.06066
      vertex -51.4645 2 -3.53553
      vertex -54.0484 2 -1.15952
    endloop
  endfacet
  facet normal 0 1 -0
    outer loop
      vertex -51.828 2 -3.86505
      vertex -54.0484 2 -1.15952
      vertex -51.4645 2 -3.53553
    endloop
  endfacet
  facet normal 0 1 0
    outer loop
      vertex -54.0484 2 -1.15952
      vertex -51.828 2 -3.86505
      vertex -54.1666 2 -1.2472
    endloop
  endfacet
  facet normal 0 1 -0
    outer loop
      vertex -52.2221 2 -4.15735
      vertex -54.1666 2 -1.2472
      vertex -51.828 2 -3.86505
    endloop
  endfacet
  facet normal 0 1 0
    outer loop
      vertex -57.7779 2 4.15735
      vertex -55.8334 2 1.2472
      vertex -58.172 2 3.86505
    endloop
  endfacet
  facet normal 0 1 -0
    outer loop
      vertex -55.9516 2 1.15952
      vertex -58.172 2 3.86505
      vertex -55.8334 2 1.2472
    endloop
  endfacet
  facet normal 0 1 0
    outer loop
      vertex -58.172 2 3.86505
      vertex -55.9516 2 1.15952
      vertex -58.5355 2 3.53553
    endloop
  endfacet
  facet normal 0 1 -0
    outer loop
      vertex -56.0607 2 1.06066
      vertex -58.5355 2 3.53553
      vertex -55.9516 2 1.15952
    endloop
  endfacet
  facet normal 0 1 0
    outer loop
      vertex -58.5355 2 3.53553
      vertex -56.0607 2 1.06066
      vertex -58.8651 2 3.17197
    endloop
  endfacet
  facet normal 0 1 -0
    outer loop
      vertex -56.1595 2 0.95159
      vertex -58.8651 2 3.17197
      vertex -56.0607 2 1.06066
    endloop
  endfacet
  facet normal 0 1 0
    outer loop
      vertex -58.8651 2 3.17197
      vertex -56.1595 2 0.95159
      vertex -59.1573 2 2.77785
    endloop
  endfacet
  facet normal 0 1 -0
    outer loop
      vertex -56.2472 2 0.833355
      vertex -59.1573 2 2.77785
      vertex -56.1595 2 0.95159
    endloop
  endfacet
  facet normal 0 1 0
    outer loop
      vertex -59.1573 2 2.77785
      vertex -56.2472 2 0.833355
      vertex -59.4096 2 2.35698
    endloop
  endfacet
  facet normal 0 1 -0
    outer loop
      vertex -56.3229 2 0.707094
      vertex -59.4096 2 2.35698
      vertex -56.2472 2 0.833355
    endloop
  endfacet
  facet normal 0 1 0
    outer loop
      vertex -59.4096 2 2.35698
      vertex -56.3229 2 0.707094
      vertex -59.6194 2 1.91342
    endloop
  endfacet
  facet normal 0 1 -0
    outer loop
      vertex -56.3858 2 0.574024
      vertex -59.6194 2 1.91342
      vertex -56.3229 2 0.707094
    endloop
  endfacet
  facet normal 0 1 0
    outer loop
      vertex -59.6194 2 1.91342
      vertex -56.3858 2 0.574024
      vertex -59.7847 2 1.45142
    endloop
  endfacet
  facet normal 0 1 -0
    outer loop
      vertex -56.4354 2 0.435427
      vertex -59.7847 2 1.45142
      vertex -56.3858 2 0.574024
    endloop
  endfacet
  facet normal 0 1 0
    outer loop
      vertex -59.7847 2 1.45142
      vertex -56.4354 2 0.435427
      vertex -59.9039 2 0.975451
    endloop
  endfacet
  facet normal 0 1 -0
    outer loop
      vertex -56.4712 2 0.292635
      vertex -59.9039 2 0.975451
      vertex -56.4354 2 0.435427
    endloop
  endfacet
  facet normal 0 1 0
    outer loop
      vertex -59.9039 2 0.975451
      vertex -56.4712 2 0.292635
      vertex -59.9759 2 0.490086
    endloop
  endfacet
  facet normal 0 1 -0
    outer loop
      vertex -56.4928 2 0.147025
      vertex -59.9759 2 0.490086
      vertex -56.4712 2 0.292635
    endloop
  endfacet
  facet normal 0 1 -0
    outer loop
      vertex -56.5 2 0
      vertex -59.9759 2 0.490086
      vertex -56.4928 2 0.147025
    endloop
  endfacet
  facet normal 0 1 0
    outer loop
      vertex -56.5 2 0
      vertex -60 2 0
      vertex -59.9759 2 0.490086
    endloop
  endfacet
  facet normal 0 1 0
    outer loop
      vertex -56.4928 2 -0.147025
      vertex -60 2 0
      vertex -56.5 2 0
    endloop
  endfacet
  facet normal 0 1 0
    outer loop
      vertex -59.9759 2 -0.490086
      vertex -56.4928 2 -0.147025
      vertex -56.4712 2 -0.292635
    endloop
  endfacet
  facet normal 0 1 0
    outer loop
      vertex -59.9039 2 -0.975451
      vertex -56.4712 2 -0.292635
      vertex -56.4354 2 -0.435427
    endloop
  endfacet
  facet normal 0 1 0
    outer loop
      vertex -56.4928 2 -0.147025
      vertex -59.9759 2 -0.490086
      vertex -60 2 0
    endloop
  endfacet
  facet normal 0 1 0
    outer loop
      vertex -59.7847 2 -1.45142
      vertex -56.4354 2 -0.435427
      vertex -56.3858 2 -0.574024
    endloop
  endfacet
  facet normal 0 1 0
    outer loop
      vertex -59.6194 2 -1.91342
      vertex -56.3858 2 -0.574024
      vertex -56.3229 2 -0.707094
    endloop
  endfacet
  facet normal 0 1 0
    outer loop
      vertex -59.4096 2 -2.35698
      vertex -56.3229 2 -0.707094
      vertex -56.2472 2 -0.833355
    endloop
  endfacet
  facet normal 0 1 0
    outer loop
      vertex -59.1573 2 -2.77785
      vertex -56.2472 2 -0.833355
      vertex -56.1595 2 -0.95159
    endloop
  endfacet
  facet normal 0 1 0
    outer loop
      vertex -56.4712 2 -0.292635
      vertex -59.9039 2 -0.975451
      vertex -59.9759 2 -0.490086
    endloop
  endfacet
  facet normal 0 1 0
    outer loop
      vertex -58.8651 2 -3.17197
      vertex -56.1595 2 -0.95159
      vertex -56.0607 2 -1.06066
    endloop
  endfacet
  facet normal 0 1 0
    outer loop
      vertex -58.5355 2 -3.53553
      vertex -56.0607 2 -1.06066
      vertex -55.9516 2 -1.15952
    endloop
  endfacet
  facet normal 0 1 0
    outer loop
      vertex -58.172 2 -3.86505
      vertex -55.9516 2 -1.15952
      vertex -55.8334 2 -1.2472
    endloop
  endfacet
  facet normal 0 1 0
    outer loop
      vertex -57.7779 2 -4.15735
      vertex -55.8334 2 -1.2472
      vertex -55.7071 2 -1.32288
    endloop
  endfacet
  facet normal 0 1 0
    outer loop
      vertex -57.357 2 -4.40961
      vertex -55.7071 2 -1.32288
      vertex -55.574 2 -1.38582
    endloop
  endfacet
  facet normal 0 1 0
    outer loop
      vertex -56.9134 2 -4.6194
      vertex -55.574 2 -1.38582
      vertex -55.4354 2 -1.43541
    endloop
  endfacet
  facet normal 0 1 0
    outer loop
      vertex -56.4354 2 -0.435427
      vertex -59.7847 2 -1.45142
      vertex -59.9039 2 -0.975451
    endloop
  endfacet
  facet normal 0 1 0
    outer loop
      vertex -56.4514 2 -4.7847
      vertex -55.4354 2 -1.43541
      vertex -55.2926 2 -1.47118
    endloop
  endfacet
  facet normal 0 1 0
    outer loop
      vertex -55.9755 2 -4.90393
      vertex -55.2926 2 -1.47118
      vertex -55.147 2 -1.49278
    endloop
  endfacet
  facet normal 0 1 0
    outer loop
      vertex -55.4901 2 -4.97592
      vertex -55.147 2 -1.49278
      vertex -55 2 -1.5
    endloop
  endfacet
  facet normal 0 1 0
    outer loop
      vertex -54.1666 2 -1.2472
      vertex -52.2221 2 -4.15735
      vertex -54.2929 2 -1.32288
    endloop
  endfacet
  facet normal 0 1 0
    outer loop
      vertex -56.3858 2 -0.574024
      vertex -59.6194 2 -1.91342
      vertex -59.7847 2 -1.45142
    endloop
  endfacet
  facet normal 0 1 -0
    outer loop
      vertex -52.643 2 -4.40961
      vertex -54.2929 2 -1.32288
      vertex -52.2221 2 -4.15735
    endloop
  endfacet
  facet normal 0 1 0
    outer loop
      vertex -56.3229 2 -0.707094
      vertex -59.4096 2 -2.35698
      vertex -59.6194 2 -1.91342
    endloop
  endfacet
  facet normal 0 1 0
    outer loop
      vertex -54.2929 2 -1.32288
      vertex -52.643 2 -4.40961
      vertex -54.426 2 -1.38582
    endloop
  endfacet
  facet normal 0 1 0
    outer loop
      vertex -56.2472 2 -0.833355
      vertex -59.1573 2 -2.77785
      vertex -59.4096 2 -2.35698
    endloop
  endfacet
  facet normal 0 1 -0
    outer loop
      vertex -53.0866 2 -4.6194
      vertex -54.426 2 -1.38582
      vertex -52.643 2 -4.40961
    endloop
  endfacet
  facet normal 0 1 0
    outer loop
      vertex -56.1595 2 -0.95159
      vertex -58.8651 2 -3.17197
      vertex -59.1573 2 -2.77785
    endloop
  endfacet
  facet normal 0 1 0
    outer loop
      vertex -54.426 2 -1.38582
      vertex -53.0866 2 -4.6194
      vertex -54.5646 2 -1.43541
    endloop
  endfacet
  facet normal 0 1 0
    outer loop
      vertex -56.0607 2 -1.06066
      vertex -58.5355 2 -3.53553
      vertex -58.8651 2 -3.17197
    endloop
  endfacet
  facet normal 0 1 -0
    outer loop
      vertex -53.5486 2 -4.7847
      vertex -54.5646 2 -1.43541
      vertex -53.0866 2 -4.6194
    endloop
  endfacet
  facet normal 0 1 0
    outer loop
      vertex -55.9516 2 -1.15952
      vertex -58.172 2 -3.86505
      vertex -58.5355 2 -3.53553
    endloop
  endfacet
  facet normal 0 1 0
    outer loop
      vertex -54.5646 2 -1.43541
      vertex -53.5486 2 -4.7847
      vertex -54.7074 2 -1.47118
    endloop
  endfacet
  facet normal 0 1 0
    outer loop
      vertex -55.8334 2 -1.2472
      vertex -57.7779 2 -4.15735
      vertex -58.172 2 -3.86505
    endloop
  endfacet
  facet normal 0 1 -0
    outer loop
      vertex -54.0245 2 -4.90393
      vertex -54.7074 2 -1.47118
      vertex -53.5486 2 -4.7847
    endloop
  endfacet
  facet normal 0 1 0
    outer loop
      vertex -55.7071 2 -1.32288
      vertex -57.357 2 -4.40961
      vertex -57.7779 2 -4.15735
    endloop
  endfacet
  facet normal 0 1 0
    outer loop
      vertex -54.7074 2 -1.47118
      vertex -54.0245 2 -4.90393
      vertex -54.853 2 -1.49278
    endloop
  endfacet
  facet normal 0 1 0
    outer loop
      vertex -55.574 2 -1.38582
      vertex -56.9134 2 -4.6194
      vertex -57.357 2 -4.40961
    endloop
  endfacet
  facet normal 0 1 -0
    outer loop
      vertex -54.5099 2 -4.97592
      vertex -54.853 2 -1.49278
      vertex -54.0245 2 -4.90393
    endloop
  endfacet
  facet normal 0 1 0
    outer loop
      vertex -55.4354 2 -1.43541
      vertex -56.4514 2 -4.7847
      vertex -56.9134 2 -4.6194
    endloop
  endfacet
  facet normal 0 1 0
    outer loop
      vertex -54.853 2 -1.49278
      vertex -54.5099 2 -4.97592
      vertex -55 2 -1.5
    endloop
  endfacet
  facet normal 0 1 0
    outer loop
      vertex -55.2926 2 -1.47118
      vertex -55.9755 2 -4.90393
      vertex -56.4514 2 -4.7847
    endloop
  endfacet
  facet normal 0 1 0
    outer loop
      vertex -55 2 -5
      vertex -55 2 -1.5
      vertex -54.5099 2 -4.97592
    endloop
  endfacet
  facet normal 0 1 0
    outer loop
      vertex -55.147 2 -1.49278
      vertex -55.4901 2 -4.97592
      vertex -55.9755 2 -4.90393
    endloop
  endfacet
  facet normal 0 1 0
    outer loop
      vertex -55 2 -1.5
      vertex -55 2 -5
      vertex -55.4901 2 -4.97592
    endloop
  endfacet
  facet normal 0.243025 0 0.97002
    outer loop
      vertex -54.0245 2 4.90393
      vertex -53.5486 -2 4.7847
      vertex -53.5486 2 4.7847
    endloop
  endfacet
  facet normal 0.243025 0 0.97002
    outer loop
      vertex -53.5486 -2 4.7847
      vertex -54.0245 2 4.90393
      vertex -54.0245 -2 4.90393
    endloop
  endfacet
  facet normal -0.740861 0 0.671658
    outer loop
      vertex -58.8651 -2 3.17197
      vertex -58.5355 2 3.53553
      vertex -58.8651 2 3.17197
    endloop
  endfacet
  facet normal -0.740861 0 0.671658
    outer loop
      vertex -58.5355 2 3.53553
      vertex -58.8651 -2 3.17197
      vertex -58.5355 -2 3.53553
    endloop
  endfacet
  facet normal 0.998793 0 -0.0491157
    outer loop
      vertex -50 -2 0
      vertex -50.0241 2 -0.490086
      vertex -50 2 0
    endloop
  endfacet
  facet normal 0.998793 0 -0.0491157
    outer loop
      vertex -50.0241 2 -0.490086
      vertex -50 -2 0
      vertex -50.0241 -2 -0.490086
    endloop
  endfacet
  facet normal -0.146706 0 0.98918
    outer loop
      vertex -55.9755 2 4.90393
      vertex -55.4901 -2 4.97592
      vertex -55.4901 2 4.97592
    endloop
  endfacet
  facet normal -0.146706 0 0.98918
    outer loop
      vertex -55.4901 -2 4.97592
      vertex -55.9755 2 4.90393
      vertex -55.9755 -2 4.90393
    endloop
  endfacet
  facet normal -0.427526 0 0.904003
    outer loop
      vertex -57.357 2 4.40961
      vertex -56.9134 -2 4.6194
      vertex -56.9134 2 4.6194
    endloop
  endfacet
  facet normal -0.427526 0 0.904003
    outer loop
      vertex -56.9134 -2 4.6194
      vertex -57.357 2 4.40961
      vertex -57.357 -2 4.40961
    endloop
  endfacet
  facet normal -0.989176 0 0.146736
    outer loop
      vertex -59.9759 -2 0.490086
      vertex -59.9039 2 0.975451
      vertex -59.9759 2 0.490086
    endloop
  endfacet
  facet normal -0.989176 0 0.146736
    outer loop
      vertex -59.9039 2 0.975451
      vertex -59.9759 -2 0.490086
      vertex -59.9039 -2 0.975451
    endloop
  endfacet
  facet normal 0.146706 0 -0.98918
    outer loop
      vertex -54.5099 -2 -4.97592
      vertex -54.0245 2 -4.90393
      vertex -54.0245 -2 -4.90393
    endloop
  endfacet
  facet normal 0.146706 0 -0.98918
    outer loop
      vertex -54.0245 2 -4.90393
      vertex -54.5099 -2 -4.97592
      vertex -54.5099 2 -4.97592
    endloop
  endfacet
  facet normal 0.941548 -0 0.336879
    outer loop
      vertex -50.3806 -2 1.91342
      vertex -50.2153 2 1.45142
      vertex -50.3806 2 1.91342
    endloop
  endfacet
  facet normal 0.941548 0 0.336879
    outer loop
      vertex -50.2153 2 1.45142
      vertex -50.3806 -2 1.91342
      vertex -50.2153 -2 1.45142
    endloop
  endfacet
  facet normal 0.740861 0 -0.671658
    outer loop
      vertex -51.1349 -2 -3.17197
      vertex -51.4645 2 -3.53553
      vertex -51.1349 2 -3.17197
    endloop
  endfacet
  facet normal 0.740861 0 -0.671658
    outer loop
      vertex -51.4645 2 -3.53553
      vertex -51.1349 -2 -3.17197
      vertex -51.4645 -2 -3.53553
    endloop
  endfacet
  facet normal 0.803304 0 -0.595569
    outer loop
      vertex -50.8427 -2 -2.77785
      vertex -51.1349 2 -3.17197
      vertex -50.8427 2 -2.77785
    endloop
  endfacet
  facet normal 0.803304 0 -0.595569
    outer loop
      vertex -51.1349 2 -3.17197
      vertex -50.8427 -2 -2.77785
      vertex -51.1349 -2 -3.17197
    endloop
  endfacet
  facet normal 0.941548 0 -0.336879
    outer loop
      vertex -50.2153 -2 -1.45142
      vertex -50.3806 2 -1.91342
      vertex -50.2153 2 -1.45142
    endloop
  endfacet
  facet normal 0.941548 0 -0.336879
    outer loop
      vertex -50.3806 2 -1.91342
      vertex -50.2153 -2 -1.45142
      vertex -50.3806 -2 -1.91342
    endloop
  endfacet
  facet normal -0.243025 0 0.97002
    outer loop
      vertex -56.4514 2 4.7847
      vertex -55.9755 -2 4.90393
      vertex -55.9755 2 4.90393
    endloop
  endfacet
  facet normal -0.243025 0 0.97002
    outer loop
      vertex -55.9755 -2 4.90393
      vertex -56.4514 2 4.7847
      vertex -56.4514 -2 4.7847
    endloop
  endfacet
  facet normal -0.90398 0 -0.427575
    outer loop
      vertex -59.4096 -2 -2.35698
      vertex -59.6194 2 -1.91342
      vertex -59.4096 2 -2.35698
    endloop
  endfacet
  facet normal -0.90398 -0 -0.427575
    outer loop
      vertex -59.6194 2 -1.91342
      vertex -59.4096 -2 -2.35698
      vertex -59.6194 -2 -1.91342
    endloop
  endfacet
  facet normal 0.90398 -0 0.427575
    outer loop
      vertex -50.5904 -2 2.35698
      vertex -50.3806 2 1.91342
      vertex -50.5904 2 2.35698
    endloop
  endfacet
  facet normal 0.90398 0 0.427575
    outer loop
      vertex -50.3806 2 1.91342
      vertex -50.5904 -2 2.35698
      vertex -50.3806 -2 1.91342
    endloop
  endfacet
  facet normal -0.671629 0 0.740887
    outer loop
      vertex -58.5355 2 3.53553
      vertex -58.172 -2 3.86505
      vertex -58.172 2 3.86505
    endloop
  endfacet
  facet normal -0.671629 0 0.740887
    outer loop
      vertex -58.172 -2 3.86505
      vertex -58.5355 2 3.53553
      vertex -58.5355 -2 3.53553
    endloop
  endfacet
  facet normal -0.740861 0 -0.671658
    outer loop
      vertex -58.5355 -2 -3.53553
      vertex -58.8651 2 -3.17197
      vertex -58.5355 2 -3.53553
    endloop
  endfacet
  facet normal -0.740861 -0 -0.671658
    outer loop
      vertex -58.8651 2 -3.17197
      vertex -58.5355 -2 -3.53553
      vertex -58.8651 -2 -3.17197
    endloop
  endfacet
  facet normal -0.857692 0 -0.514163
    outer loop
      vertex -59.1573 -2 -2.77785
      vertex -59.4096 2 -2.35698
      vertex -59.1573 2 -2.77785
    endloop
  endfacet
  facet normal -0.857692 -0 -0.514163
    outer loop
      vertex -59.4096 2 -2.35698
      vertex -59.1573 -2 -2.77785
      vertex -59.4096 -2 -2.35698
    endloop
  endfacet
  facet normal -0.336879 0 0.941548
    outer loop
      vertex -56.9134 2 4.6194
      vertex -56.4514 -2 4.7847
      vertex -56.4514 2 4.7847
    endloop
  endfacet
  facet normal -0.336879 0 0.941548
    outer loop
      vertex -56.4514 -2 4.7847
      vertex -56.9134 2 4.6194
      vertex -56.9134 -2 4.6194
    endloop
  endfacet
  facet normal -0.514076 0 -0.857745
    outer loop
      vertex -57.7779 -2 -4.15735
      vertex -57.357 2 -4.40961
      vertex -57.357 -2 -4.40961
    endloop
  endfacet
  facet normal -0.514076 0 -0.857745
    outer loop
      vertex -57.357 2 -4.40961
      vertex -57.7779 -2 -4.15735
      vertex -57.7779 2 -4.15735
    endloop
  endfacet
  facet normal -0.941548 0 0.336879
    outer loop
      vertex -59.7847 -2 1.45142
      vertex -59.6194 2 1.91342
      vertex -59.7847 2 1.45142
    endloop
  endfacet
  facet normal -0.941548 0 0.336879
    outer loop
      vertex -59.6194 2 1.91342
      vertex -59.7847 -2 1.45142
      vertex -59.6194 -2 1.91342
    endloop
  endfacet
  facet normal 0.59572 0 -0.803192
    outer loop
      vertex -52.2221 -2 -4.15735
      vertex -51.828 2 -3.86505
      vertex -51.828 -2 -3.86505
    endloop
  endfacet
  facet normal 0.59572 0 -0.803192
    outer loop
      vertex -51.828 2 -3.86505
      vertex -52.2221 -2 -4.15735
      vertex -52.2221 2 -4.15735
    endloop
  endfacet
  facet normal 0.740861 -0 0.671658
    outer loop
      vertex -51.4645 -2 3.53553
      vertex -51.1349 2 3.17197
      vertex -51.4645 2 3.53553
    endloop
  endfacet
  facet normal 0.740861 0 0.671658
    outer loop
      vertex -51.1349 2 3.17197
      vertex -51.4645 -2 3.53553
      vertex -51.1349 -2 3.17197
    endloop
  endfacet
  facet normal -0.803304 0 -0.595569
    outer loop
      vertex -58.8651 -2 -3.17197
      vertex -59.1573 2 -2.77785
      vertex -58.8651 2 -3.17197
    endloop
  endfacet
  facet normal -0.803304 -0 -0.595569
    outer loop
      vertex -59.1573 2 -2.77785
      vertex -58.8651 -2 -3.17197
      vertex -59.1573 -2 -2.77785
    endloop
  endfacet
  facet normal -0.514076 0 0.857745
    outer loop
      vertex -57.7779 2 4.15735
      vertex -57.357 -2 4.40961
      vertex -57.357 2 4.40961
    endloop
  endfacet
  facet normal -0.514076 0 0.857745
    outer loop
      vertex -57.357 -2 4.40961
      vertex -57.7779 2 4.15735
      vertex -57.7779 -2 4.15735
    endloop
  endfacet
  facet normal -0.989176 0 -0.146736
    outer loop
      vertex -59.9039 -2 -0.975451
      vertex -59.9759 2 -0.490086
      vertex -59.9039 2 -0.975451
    endloop
  endfacet
  facet normal -0.989176 -0 -0.146736
    outer loop
      vertex -59.9759 2 -0.490086
      vertex -59.9039 -2 -0.975451
      vertex -59.9759 -2 -0.490086
    endloop
  endfacet
  facet normal -0.90398 0 0.427575
    outer loop
      vertex -59.6194 -2 1.91342
      vertex -59.4096 2 2.35698
      vertex -59.6194 2 1.91342
    endloop
  endfacet
  facet normal -0.90398 0 0.427575
    outer loop
      vertex -59.4096 2 2.35698
      vertex -59.6194 -2 1.91342
      vertex -59.4096 -2 2.35698
    endloop
  endfacet
  facet normal 0.514076 0 -0.857745
    outer loop
      vertex -52.643 -2 -4.40961
      vertex -52.2221 2 -4.15735
      vertex -52.2221 -2 -4.15735
    endloop
  endfacet
  facet normal 0.514076 0 -0.857745
    outer loop
      vertex -52.2221 2 -4.15735
      vertex -52.643 -2 -4.40961
      vertex -52.643 2 -4.40961
    endloop
  endfacet
  facet normal -0.671629 0 -0.740887
    outer loop
      vertex -58.5355 -2 -3.53553
      vertex -58.172 2 -3.86505
      vertex -58.172 -2 -3.86505
    endloop
  endfacet
  facet normal -0.671629 0 -0.740887
    outer loop
      vertex -58.172 2 -3.86505
      vertex -58.5355 -2 -3.53553
      vertex -58.5355 2 -3.53553
    endloop
  endfacet
  facet normal -0.803304 0 0.595569
    outer loop
      vertex -59.1573 -2 2.77785
      vertex -58.8651 2 3.17197
      vertex -59.1573 2 2.77785
    endloop
  endfacet
  facet normal -0.803304 0 0.595569
    outer loop
      vertex -58.8651 2 3.17197
      vertex -59.1573 -2 2.77785
      vertex -58.8651 -2 3.17197
    endloop
  endfacet
  facet normal -0.0490736 0 -0.998795
    outer loop
      vertex -55.4901 -2 -4.97592
      vertex -55 2 -5
      vertex -55 -2 -5
    endloop
  endfacet
  facet normal -0.0490736 0 -0.998795
    outer loop
      vertex -55 2 -5
      vertex -55.4901 -2 -4.97592
      vertex -55.4901 2 -4.97592
    endloop
  endfacet
  facet normal 0 -1 0
    outer loop
      vertex -55 -2 1.5
      vertex -55 -2 5
      vertex -55.4901 -2 4.97592
    endloop
  endfacet
  facet normal 0 -1 0
    outer loop
      vertex -55.147 -2 1.49278
      vertex -55.4901 -2 4.97592
      vertex -55.9755 -2 4.90393
    endloop
  endfacet
  facet normal 0 -1 0
    outer loop
      vertex -55 -2 5
      vertex -55 -2 1.5
      vertex -54.5099 -2 4.97592
    endloop
  endfacet
  facet normal 0 -1 0
    outer loop
      vertex -55.2926 -2 1.47118
      vertex -55.9755 -2 4.90393
      vertex -56.4514 -2 4.7847
    endloop
  endfacet
  facet normal 0 -1 0
    outer loop
      vertex -54.853 -2 1.49278
      vertex -54.5099 -2 4.97592
      vertex -55 -2 1.5
    endloop
  endfacet
  facet normal 0 -1 0
    outer loop
      vertex -55.4354 -2 1.43541
      vertex -56.4514 -2 4.7847
      vertex -56.9134 -2 4.6194
    endloop
  endfacet
  facet normal 0 -1 -0
    outer loop
      vertex -54.5099 -2 4.97592
      vertex -54.853 -2 1.49278
      vertex -54.0245 -2 4.90393
    endloop
  endfacet
  facet normal 0 -1 0
    outer loop
      vertex -55.574 -2 1.38582
      vertex -56.9134 -2 4.6194
      vertex -57.357 -2 4.40961
    endloop
  endfacet
  facet normal 0 -1 0
    outer loop
      vertex -54.7074 -2 1.47118
      vertex -54.0245 -2 4.90393
      vertex -54.853 -2 1.49278
    endloop
  endfacet
  facet normal 0 -1 0
    outer loop
      vertex -55.7071 -2 1.32288
      vertex -57.357 -2 4.40961
      vertex -57.7779 -2 4.15735
    endloop
  endfacet
  facet normal 0 -1 -0
    outer loop
      vertex -54.0245 -2 4.90393
      vertex -54.7074 -2 1.47118
      vertex -53.5486 -2 4.7847
    endloop
  endfacet
  facet normal 0 -1 0
    outer loop
      vertex -55.8334 -2 1.2472
      vertex -57.7779 -2 4.15735
      vertex -58.172 -2 3.86505
    endloop
  endfacet
  facet normal 0 -1 0
    outer loop
      vertex -54.5646 -2 1.43541
      vertex -53.5486 -2 4.7847
      vertex -54.7074 -2 1.47118
    endloop
  endfacet
  facet normal 0 -1 0
    outer loop
      vertex -55.9516 -2 1.15952
      vertex -58.172 -2 3.86505
      vertex -58.5355 -2 3.53553
    endloop
  endfacet
  facet normal 0 -1 -0
    outer loop
      vertex -53.5486 -2 4.7847
      vertex -54.5646 -2 1.43541
      vertex -53.0866 -2 4.6194
    endloop
  endfacet
  facet normal 0 -1 0
    outer loop
      vertex -56.0607 -2 1.06066
      vertex -58.5355 -2 3.53553
      vertex -58.8651 -2 3.17197
    endloop
  endfacet
  facet normal 0 -1 0
    outer loop
      vertex -54.426 -2 1.38582
      vertex -53.0866 -2 4.6194
      vertex -54.5646 -2 1.43541
    endloop
  endfacet
  facet normal 0 -1 0
    outer loop
      vertex -56.1595 -2 0.95159
      vertex -58.8651 -2 3.17197
      vertex -59.1573 -2 2.77785
    endloop
  endfacet
  facet normal 0 -1 -0
    outer loop
      vertex -53.0866 -2 4.6194
      vertex -54.426 -2 1.38582
      vertex -52.643 -2 4.40961
    endloop
  endfacet
  facet normal 0 -1 0
    outer loop
      vertex -56.2472 -2 0.833355
      vertex -59.1573 -2 2.77785
      vertex -59.4096 -2 2.35698
    endloop
  endfacet
  facet normal 0 -1 0
    outer loop
      vertex -54.2929 -2 1.32288
      vertex -52.643 -2 4.40961
      vertex -54.426 -2 1.38582
    endloop
  endfacet
  facet normal 0 -1 0
    outer loop
      vertex -56.3229 -2 0.707094
      vertex -59.4096 -2 2.35698
      vertex -59.6194 -2 1.91342
    endloop
  endfacet
  facet normal 0 -1 -0
    outer loop
      vertex -52.643 -2 4.40961
      vertex -54.2929 -2 1.32288
      vertex -52.2221 -2 4.15735
    endloop
  endfacet
  facet normal 0 -1 0
    outer loop
      vertex -54.1666 -2 1.2472
      vertex -52.2221 -2 4.15735
      vertex -54.2929 -2 1.32288
    endloop
  endfacet
  facet normal 0 -1 0
    outer loop
      vertex -55.4901 -2 4.97592
      vertex -55.147 -2 1.49278
      vertex -55 -2 1.5
    endloop
  endfacet
  facet normal 0 -1 0
    outer loop
      vertex -55.9755 -2 4.90393
      vertex -55.2926 -2 1.47118
      vertex -55.147 -2 1.49278
    endloop
  endfacet
  facet normal 0 -1 0
    outer loop
      vertex -56.3858 -2 0.574024
      vertex -59.6194 -2 1.91342
      vertex -59.7847 -2 1.45142
    endloop
  endfacet
  facet normal 0 -1 0
    outer loop
      vertex -56.4514 -2 4.7847
      vertex -55.4354 -2 1.43541
      vertex -55.2926 -2 1.47118
    endloop
  endfacet
  facet normal 0 -1 0
    outer loop
      vertex -56.9134 -2 4.6194
      vertex -55.574 -2 1.38582
      vertex -55.4354 -2 1.43541
    endloop
  endfacet
  facet normal 0 -1 0
    outer loop
      vertex -57.357 -2 4.40961
      vertex -55.7071 -2 1.32288
      vertex -55.574 -2 1.38582
    endloop
  endfacet
  facet normal 0 -1 0
    outer loop
      vertex -57.7779 -2 4.15735
      vertex -55.8334 -2 1.2472
      vertex -55.7071 -2 1.32288
    endloop
  endfacet
  facet normal 0 -1 0
    outer loop
      vertex -58.172 -2 3.86505
      vertex -55.9516 -2 1.15952
      vertex -55.8334 -2 1.2472
    endloop
  endfacet
  facet normal 0 -1 0
    outer loop
      vertex -58.5355 -2 3.53553
      vertex -56.0607 -2 1.06066
      vertex -55.9516 -2 1.15952
    endloop
  endfacet
  facet normal 0 -1 0
    outer loop
      vertex -56.4354 -2 0.435427
      vertex -59.7847 -2 1.45142
      vertex -59.9039 -2 0.975451
    endloop
  endfacet
  facet normal 0 -1 0
    outer loop
      vertex -58.8651 -2 3.17197
      vertex -56.1595 -2 0.95159
      vertex -56.0607 -2 1.06066
    endloop
  endfacet
  facet normal 0 -1 0
    outer loop
      vertex -59.1573 -2 2.77785
      vertex -56.2472 -2 0.833355
      vertex -56.1595 -2 0.95159
    endloop
  endfacet
  facet normal 0 -1 0
    outer loop
      vertex -59.4096 -2 2.35698
      vertex -56.3229 -2 0.707094
      vertex -56.2472 -2 0.833355
    endloop
  endfacet
  facet normal 0 -1 0
    outer loop
      vertex -59.6194 -2 1.91342
      vertex -56.3858 -2 0.574024
      vertex -56.3229 -2 0.707094
    endloop
  endfacet
  facet normal 0 -1 0
    outer loop
      vertex -56.4712 -2 0.292635
      vertex -59.9039 -2 0.975451
      vertex -59.9759 -2 0.490086
    endloop
  endfacet
  facet normal 0 -1 0
    outer loop
      vertex -59.7847 -2 1.45142
      vertex -56.4354 -2 0.435427
      vertex -56.3858 -2 0.574024
    endloop
  endfacet
  facet normal 0 -1 0
    outer loop
      vertex -59.9039 -2 0.975451
      vertex -56.4712 -2 0.292635
      vertex -56.4354 -2 0.435427
    endloop
  endfacet
  facet normal 0 -1 0
    outer loop
      vertex -59.9759 -2 0.490086
      vertex -56.4928 -2 0.147025
      vertex -56.4712 -2 0.292635
    endloop
  endfacet
  facet normal 0 -1 0
    outer loop
      vertex -60 -2 0
      vertex -56.4928 -2 0.147025
      vertex -59.9759 -2 0.490086
    endloop
  endfacet
  facet normal 0 -1 0
    outer loop
      vertex -60 -2 0
      vertex -56.5 -2 0
      vertex -56.4928 -2 0.147025
    endloop
  endfacet
  facet normal 0 -1 0
    outer loop
      vertex -60 -2 0
      vertex -56.4928 -2 -0.147025
      vertex -56.5 -2 0
    endloop
  endfacet
  facet normal 0 -1 0
    outer loop
      vertex -59.9759 -2 -0.490086
      vertex -56.4928 -2 -0.147025
      vertex -60 -2 0
    endloop
  endfacet
  facet normal 0 -1 -0
    outer loop
      vertex -56.4928 -2 -0.147025
      vertex -59.9759 -2 -0.490086
      vertex -56.4712 -2 -0.292635
    endloop
  endfacet
  facet normal 0 -1 0
    outer loop
      vertex -59.9039 -2 -0.975451
      vertex -56.4712 -2 -0.292635
      vertex -59.9759 -2 -0.490086
    endloop
  endfacet
  facet normal 0 -1 -0
    outer loop
      vertex -56.4712 -2 -0.292635
      vertex -59.9039 -2 -0.975451
      vertex -56.4354 -2 -0.435427
    endloop
  endfacet
  facet normal 0 -1 0
    outer loop
      vertex -59.7847 -2 -1.45142
      vertex -56.4354 -2 -0.435427
      vertex -59.9039 -2 -0.975451
    endloop
  endfacet
  facet normal 0 -1 -0
    outer loop
      vertex -56.4354 -2 -0.435427
      vertex -59.7847 -2 -1.45142
      vertex -56.3858 -2 -0.574024
    endloop
  endfacet
  facet normal 0 -1 0
    outer loop
      vertex -59.6194 -2 -1.91342
      vertex -56.3858 -2 -0.574024
      vertex -59.7847 -2 -1.45142
    endloop
  endfacet
  facet normal 0 -1 -0
    outer loop
      vertex -56.3858 -2 -0.574024
      vertex -59.6194 -2 -1.91342
      vertex -56.3229 -2 -0.707094
    endloop
  endfacet
  facet normal 0 -1 0
    outer loop
      vertex -59.4096 -2 -2.35698
      vertex -56.3229 -2 -0.707094
      vertex -59.6194 -2 -1.91342
    endloop
  endfacet
  facet normal 0 -1 -0
    outer loop
      vertex -56.3229 -2 -0.707094
      vertex -59.4096 -2 -2.35698
      vertex -56.2472 -2 -0.833355
    endloop
  endfacet
  facet normal 0 -1 0
    outer loop
      vertex -59.1573 -2 -2.77785
      vertex -56.2472 -2 -0.833355
      vertex -59.4096 -2 -2.35698
    endloop
  endfacet
  facet normal 0 -1 -0
    outer loop
      vertex -56.2472 -2 -0.833355
      vertex -59.1573 -2 -2.77785
      vertex -56.1595 -2 -0.95159
    endloop
  endfacet
  facet normal 0 -1 0
    outer loop
      vertex -58.8651 -2 -3.17197
      vertex -56.1595 -2 -0.95159
      vertex -59.1573 -2 -2.77785
    endloop
  endfacet
  facet normal 0 -1 -0
    outer loop
      vertex -56.1595 -2 -0.95159
      vertex -58.8651 -2 -3.17197
      vertex -56.0607 -2 -1.06066
    endloop
  endfacet
  facet normal 0 -1 0
    outer loop
      vertex -58.5355 -2 -3.53553
      vertex -56.0607 -2 -1.06066
      vertex -58.8651 -2 -3.17197
    endloop
  endfacet
  facet normal 0 -1 -0
    outer loop
      vertex -56.0607 -2 -1.06066
      vertex -58.5355 -2 -3.53553
      vertex -55.9516 -2 -1.15952
    endloop
  endfacet
  facet normal 0 -1 0
    outer loop
      vertex -58.172 -2 -3.86505
      vertex -55.9516 -2 -1.15952
      vertex -58.5355 -2 -3.53553
    endloop
  endfacet
  facet normal 0 -1 -0
    outer loop
      vertex -55.9516 -2 -1.15952
      vertex -58.172 -2 -3.86505
      vertex -55.8334 -2 -1.2472
    endloop
  endfacet
  facet normal 0 -1 0
    outer loop
      vertex -57.7779 -2 -4.15735
      vertex -55.8334 -2 -1.2472
      vertex -58.172 -2 -3.86505
    endloop
  endfacet
  facet normal 0 -1 -0
    outer loop
      vertex -52.2221 -2 4.15735
      vertex -54.1666 -2 1.2472
      vertex -51.828 -2 3.86505
    endloop
  endfacet
  facet normal 0 -1 0
    outer loop
      vertex -54.0484 -2 1.15952
      vertex -51.828 -2 3.86505
      vertex -54.1666 -2 1.2472
    endloop
  endfacet
  facet normal 0 -1 -0
    outer loop
      vertex -51.828 -2 3.86505
      vertex -54.0484 -2 1.15952
      vertex -51.4645 -2 3.53553
    endloop
  endfacet
  facet normal 0 -1 0
    outer loop
      vertex -53.9393 -2 1.06066
      vertex -51.4645 -2 3.53553
      vertex -54.0484 -2 1.15952
    endloop
  endfacet
  facet normal 0 -1 -0
    outer loop
      vertex -51.4645 -2 3.53553
      vertex -53.9393 -2 1.06066
      vertex -51.1349 -2 3.17197
    endloop
  endfacet
  facet normal 0 -1 0
    outer loop
      vertex -53.8405 -2 0.95159
      vertex -51.1349 -2 3.17197
      vertex -53.9393 -2 1.06066
    endloop
  endfacet
  facet normal 0 -1 -0
    outer loop
      vertex -51.1349 -2 3.17197
      vertex -53.8405 -2 0.95159
      vertex -50.8427 -2 2.77785
    endloop
  endfacet
  facet normal 0 -1 0
    outer loop
      vertex -53.7528 -2 0.833355
      vertex -50.8427 -2 2.77785
      vertex -53.8405 -2 0.95159
    endloop
  endfacet
  facet normal 0 -1 -0
    outer loop
      vertex -50.8427 -2 2.77785
      vertex -53.7528 -2 0.833355
      vertex -50.5904 -2 2.35698
    endloop
  endfacet
  facet normal 0 -1 0
    outer loop
      vertex -53.6771 -2 0.707094
      vertex -50.5904 -2 2.35698
      vertex -53.7528 -2 0.833355
    endloop
  endfacet
  facet normal 0 -1 -0
    outer loop
      vertex -50.5904 -2 2.35698
      vertex -53.6771 -2 0.707094
      vertex -50.3806 -2 1.91342
    endloop
  endfacet
  facet normal 0 -1 0
    outer loop
      vertex -53.6142 -2 0.574024
      vertex -50.3806 -2 1.91342
      vertex -53.6771 -2 0.707094
    endloop
  endfacet
  facet normal 0 -1 -0
    outer loop
      vertex -50.3806 -2 1.91342
      vertex -53.6142 -2 0.574024
      vertex -50.2153 -2 1.45142
    endloop
  endfacet
  facet normal 0 -1 0
    outer loop
      vertex -53.5646 -2 0.435427
      vertex -50.2153 -2 1.45142
      vertex -53.6142 -2 0.574024
    endloop
  endfacet
  facet normal 0 -1 -0
    outer loop
      vertex -50.2153 -2 1.45142
      vertex -53.5646 -2 0.435427
      vertex -50.0961 -2 0.975451
    endloop
  endfacet
  facet normal 0 -1 0
    outer loop
      vertex -53.5288 -2 0.292635
      vertex -50.0961 -2 0.975451
      vertex -53.5646 -2 0.435427
    endloop
  endfacet
  facet normal 0 -1 -0
    outer loop
      vertex -50.0961 -2 0.975451
      vertex -53.5288 -2 0.292635
      vertex -50.0241 -2 0.490086
    endloop
  endfacet
  facet normal 0 -1 0
    outer loop
      vertex -53.5072 -2 0.147025
      vertex -50.0241 -2 0.490086
      vertex -53.5288 -2 0.292635
    endloop
  endfacet
  facet normal 0 -1 0
    outer loop
      vertex -53.5 -2 0
      vertex -50.0241 -2 0.490086
      vertex -53.5072 -2 0.147025
    endloop
  endfacet
  facet normal 0 -1 0
    outer loop
      vertex -53.5 -2 0
      vertex -50 -2 0
      vertex -50.0241 -2 0.490086
    endloop
  endfacet
  facet normal 0 -1 0
    outer loop
      vertex -53.5072 -2 -0.147025
      vertex -50 -2 0
      vertex -53.5 -2 0
    endloop
  endfacet
  facet normal 0 -1 0
    outer loop
      vertex -50.0241 -2 -0.490086
      vertex -53.5072 -2 -0.147025
      vertex -53.5288 -2 -0.292635
    endloop
  endfacet
  facet normal 0 -1 0
    outer loop
      vertex -50.0961 -2 -0.975451
      vertex -53.5288 -2 -0.292635
      vertex -53.5646 -2 -0.435427
    endloop
  endfacet
  facet normal 0 -1 0
    outer loop
      vertex -53.5072 -2 -0.147025
      vertex -50.0241 -2 -0.490086
      vertex -50 -2 0
    endloop
  endfacet
  facet normal 0 -1 0
    outer loop
      vertex -50.2153 -2 -1.45142
      vertex -53.5646 -2 -0.435427
      vertex -53.6142 -2 -0.574024
    endloop
  endfacet
  facet normal 0 -1 0
    outer loop
      vertex -50.3806 -2 -1.91342
      vertex -53.6142 -2 -0.574024
      vertex -53.6771 -2 -0.707094
    endloop
  endfacet
  facet normal 0 -1 0
    outer loop
      vertex -50.5904 -2 -2.35698
      vertex -53.6771 -2 -0.707094
      vertex -53.7528 -2 -0.833355
    endloop
  endfacet
  facet normal 0 -1 0
    outer loop
      vertex -50.8427 -2 -2.77785
      vertex -53.7528 -2 -0.833355
      vertex -53.8405 -2 -0.95159
    endloop
  endfacet
  facet normal 0 -1 0
    outer loop
      vertex -53.5288 -2 -0.292635
      vertex -50.0961 -2 -0.975451
      vertex -50.0241 -2 -0.490086
    endloop
  endfacet
  facet normal 0 -1 0
    outer loop
      vertex -51.1349 -2 -3.17197
      vertex -53.8405 -2 -0.95159
      vertex -53.9393 -2 -1.06066
    endloop
  endfacet
  facet normal 0 -1 0
    outer loop
      vertex -51.4645 -2 -3.53553
      vertex -53.9393 -2 -1.06066
      vertex -54.0484 -2 -1.15952
    endloop
  endfacet
  facet normal 0 -1 0
    outer loop
      vertex -51.828 -2 -3.86505
      vertex -54.0484 -2 -1.15952
      vertex -54.1666 -2 -1.2472
    endloop
  endfacet
  facet normal 0 -1 0
    outer loop
      vertex -52.2221 -2 -4.15735
      vertex -54.1666 -2 -1.2472
      vertex -54.2929 -2 -1.32288
    endloop
  endfacet
  facet normal 0 -1 0
    outer loop
      vertex -52.643 -2 -4.40961
      vertex -54.2929 -2 -1.32288
      vertex -54.426 -2 -1.38582
    endloop
  endfacet
  facet normal 0 -1 0
    outer loop
      vertex -53.0866 -2 -4.6194
      vertex -54.426 -2 -1.38582
      vertex -54.5646 -2 -1.43541
    endloop
  endfacet
  facet normal 0 -1 0
    outer loop
      vertex -53.5646 -2 -0.435427
      vertex -50.2153 -2 -1.45142
      vertex -50.0961 -2 -0.975451
    endloop
  endfacet
  facet normal 0 -1 0
    outer loop
      vertex -53.5486 -2 -4.7847
      vertex -54.5646 -2 -1.43541
      vertex -54.7074 -2 -1.47118
    endloop
  endfacet
  facet normal 0 -1 0
    outer loop
      vertex -54.0245 -2 -4.90393
      vertex -54.7074 -2 -1.47118
      vertex -54.853 -2 -1.49278
    endloop
  endfacet
  facet normal 0 -1 0
    outer loop
      vertex -54.5099 -2 -4.97592
      vertex -54.853 -2 -1.49278
      vertex -55 -2 -1.5
    endloop
  endfacet
  facet normal 0 -1 -0
    outer loop
      vertex -55.8334 -2 -1.2472
      vertex -57.7779 -2 -4.15735
      vertex -55.7071 -2 -1.32288
    endloop
  endfacet
  facet normal 0 -1 0
    outer loop
      vertex -53.6142 -2 -0.574024
      vertex -50.3806 -2 -1.91342
      vertex -50.2153 -2 -1.45142
    endloop
  endfacet
  facet normal 0 -1 0
    outer loop
      vertex -57.357 -2 -4.40961
      vertex -55.7071 -2 -1.32288
      vertex -57.7779 -2 -4.15735
    endloop
  endfacet
  facet normal 0 -1 0
    outer loop
      vertex -53.6771 -2 -0.707094
      vertex -50.5904 -2 -2.35698
      vertex -50.3806 -2 -1.91342
    endloop
  endfacet
  facet normal 0 -1 -0
    outer loop
      vertex -55.7071 -2 -1.32288
      vertex -57.357 -2 -4.40961
      vertex -55.574 -2 -1.38582
    endloop
  endfacet
  facet normal 0 -1 0
    outer loop
      vertex -53.7528 -2 -0.833355
      vertex -50.8427 -2 -2.77785
      vertex -50.5904 -2 -2.35698
    endloop
  endfacet
  facet normal 0 -1 0
    outer loop
      vertex -56.9134 -2 -4.6194
      vertex -55.574 -2 -1.38582
      vertex -57.357 -2 -4.40961
    endloop
  endfacet
  facet normal 0 -1 0
    outer loop
      vertex -53.8405 -2 -0.95159
      vertex -51.1349 -2 -3.17197
      vertex -50.8427 -2 -2.77785
    endloop
  endfacet
  facet normal 0 -1 -0
    outer loop
      vertex -55.574 -2 -1.38582
      vertex -56.9134 -2 -4.6194
      vertex -55.4354 -2 -1.43541
    endloop
  endfacet
  facet normal 0 -1 0
    outer loop
      vertex -53.9393 -2 -1.06066
      vertex -51.4645 -2 -3.53553
      vertex -51.1349 -2 -3.17197
    endloop
  endfacet
  facet normal 0 -1 0
    outer loop
      vertex -56.4514 -2 -4.7847
      vertex -55.4354 -2 -1.43541
      vertex -56.9134 -2 -4.6194
    endloop
  endfacet
  facet normal 0 -1 0
    outer loop
      vertex -54.0484 -2 -1.15952
      vertex -51.828 -2 -3.86505
      vertex -51.4645 -2 -3.53553
    endloop
  endfacet
  facet normal 0 -1 -0
    outer loop
      vertex -55.4354 -2 -1.43541
      vertex -56.4514 -2 -4.7847
      vertex -55.2926 -2 -1.47118
    endloop
  endfacet
  facet normal 0 -1 0
    outer loop
      vertex -54.1666 -2 -1.2472
      vertex -52.2221 -2 -4.15735
      vertex -51.828 -2 -3.86505
    endloop
  endfacet
  facet normal 0 -1 0
    outer loop
      vertex -55.9755 -2 -4.90393
      vertex -55.2926 -2 -1.47118
      vertex -56.4514 -2 -4.7847
    endloop
  endfacet
  facet normal 0 -1 0
    outer loop
      vertex -54.2929 -2 -1.32288
      vertex -52.643 -2 -4.40961
      vertex -52.2221 -2 -4.15735
    endloop
  endfacet
  facet normal 0 -1 -0
    outer loop
      vertex -55.2926 -2 -1.47118
      vertex -55.9755 -2 -4.90393
      vertex -55.147 -2 -1.49278
    endloop
  endfacet
  facet normal 0 -1 0
    outer loop
      vertex -54.426 -2 -1.38582
      vertex -53.0866 -2 -4.6194
      vertex -52.643 -2 -4.40961
    endloop
  endfacet
  facet normal 0 -1 0
    outer loop
      vertex -55.4901 -2 -4.97592
      vertex -55.147 -2 -1.49278
      vertex -55.9755 -2 -4.90393
    endloop
  endfacet
  facet normal 0 -1 0
    outer loop
      vertex -54.5646 -2 -1.43541
      vertex -53.5486 -2 -4.7847
      vertex -53.0866 -2 -4.6194
    endloop
  endfacet
  facet normal 0 -1 -0
    outer loop
      vertex -55.147 -2 -1.49278
      vertex -55.4901 -2 -4.97592
      vertex -55 -2 -1.5
    endloop
  endfacet
  facet normal 0 -1 0
    outer loop
      vertex -54.7074 -2 -1.47118
      vertex -54.0245 -2 -4.90393
      vertex -53.5486 -2 -4.7847
    endloop
  endfacet
  facet normal 0 -1 0
    outer loop
      vertex -55 -2 -5
      vertex -55 -2 -1.5
      vertex -55.4901 -2 -4.97592
    endloop
  endfacet
  facet normal 0 -1 0
    outer loop
      vertex -54.853 -2 -1.49278
      vertex -54.5099 -2 -4.97592
      vertex -54.0245 -2 -4.90393
    endloop
  endfacet
  facet normal 0 -1 0
    outer loop
      vertex -55 -2 -1.5
      vertex -55 -2 -5
      vertex -54.5099 -2 -4.97592
    endloop
  endfacet
  facet normal -0.998793 0 0.0491157
    outer loop
      vertex -60 -2 0
      vertex -59.9759 2 0.490086
      vertex -60 2 0
    endloop
  endfacet
  facet normal -0.998793 0 0.0491157
    outer loop
      vertex -59.9759 2 0.490086
      vertex -60 -2 0
      vertex -59.9759 -2 0.490086
    endloop
  endfacet
  facet normal -0.336879 0 -0.941548
    outer loop
      vertex -56.9134 -2 -4.6194
      vertex -56.4514 2 -4.7847
      vertex -56.4514 -2 -4.7847
    endloop
  endfacet
  facet normal -0.336879 0 -0.941548
    outer loop
      vertex -56.4514 2 -4.7847
      vertex -56.9134 -2 -4.6194
      vertex -56.9134 2 -4.6194
    endloop
  endfacet
  facet normal 0.671629 0 -0.740887
    outer loop
      vertex -51.828 -2 -3.86505
      vertex -51.4645 2 -3.53553
      vertex -51.4645 -2 -3.53553
    endloop
  endfacet
  facet normal 0.671629 0 -0.740887
    outer loop
      vertex -51.4645 2 -3.53553
      vertex -51.828 -2 -3.86505
      vertex -51.828 2 -3.86505
    endloop
  endfacet
  facet normal -0.989176 0 -0.146736
    outer loop
      vertex -53.5072 -2 0.147025
      vertex -53.5288 2 0.292635
      vertex -53.5072 2 0.147025
    endloop
  endfacet
  facet normal -0.989176 -0 -0.146736
    outer loop
      vertex -53.5288 2 0.292635
      vertex -53.5072 -2 0.147025
      vertex -53.5288 -2 0.292635
    endloop
  endfacet
  facet normal -0.998803 0 -0.0489126
    outer loop
      vertex -53.5 -2 0
      vertex -53.5072 2 0.147025
      vertex -53.5 2 0
    endloop
  endfacet
  facet normal -0.998803 -0 -0.0489126
    outer loop
      vertex -53.5072 2 0.147025
      vertex -53.5 -2 0
      vertex -53.5072 -2 0.147025
    endloop
  endfacet
  facet normal -0.969979 0 -0.243188
    outer loop
      vertex -53.5288 -2 0.292635
      vertex -53.5646 2 0.435427
      vertex -53.5288 2 0.292635
    endloop
  endfacet
  facet normal -0.969979 -0 -0.243188
    outer loop
      vertex -53.5646 2 0.435427
      vertex -53.5288 -2 0.292635
      vertex -53.5646 -2 0.435427
    endloop
  endfacet
  facet normal -0.427491 0 0.90402
    outer loop
      vertex -54.426 2 -1.38582
      vertex -54.2929 -2 -1.32288
      vertex -54.2929 2 -1.32288
    endloop
  endfacet
  facet normal -0.427491 0 0.90402
    outer loop
      vertex -54.2929 -2 -1.32288
      vertex -54.426 2 -1.38582
      vertex -54.426 -2 -1.38582
    endloop
  endfacet
  facet normal 0.595773 0 -0.803153
    outer loop
      vertex -55.9516 -2 1.15952
      vertex -55.8334 2 1.2472
      vertex -55.8334 -2 1.2472
    endloop
  endfacet
  facet normal 0.595773 0 -0.803153
    outer loop
      vertex -55.8334 2 1.2472
      vertex -55.9516 -2 1.15952
      vertex -55.9516 2 1.15952
    endloop
  endfacet
  facet normal 0.904088 0 -0.427347
    outer loop
      vertex -56.3229 -2 0.707094
      vertex -56.3858 2 0.574024
      vertex -56.3229 2 0.707094
    endloop
  endfacet
  facet normal 0.904088 0 -0.427347
    outer loop
      vertex -56.3858 2 0.574024
      vertex -56.3229 -2 0.707094
      vertex -56.3858 -2 0.574024
    endloop
  endfacet
  facet normal 0.969979 0 -0.243188
    outer loop
      vertex -56.4354 -2 0.435427
      vertex -56.4712 2 0.292635
      vertex -56.4354 2 0.435427
    endloop
  endfacet
  facet normal 0.969979 0 -0.243188
    outer loop
      vertex -56.4712 2 0.292635
      vertex -56.4354 -2 0.435427
      vertex -56.4712 -2 0.292635
    endloop
  endfacet
  facet normal -0.513996 0 0.857792
    outer loop
      vertex -54.2929 2 -1.32288
      vertex -54.1666 -2 -1.2472
      vertex -54.1666 2 -1.2472
    endloop
  endfacet
  facet normal -0.513996 0 0.857792
    outer loop
      vertex -54.1666 -2 -1.2472
      vertex -54.2929 2 -1.32288
      vertex -54.2929 -2 -1.32288
    endloop
  endfacet
  facet normal -0.242983 0 0.970031
    outer loop
      vertex -54.7074 2 -1.47118
      vertex -54.5646 -2 -1.43541
      vertex -54.5646 2 -1.43541
    endloop
  endfacet
  facet normal -0.242983 0 0.970031
    outer loop
      vertex -54.5646 -2 -1.43541
      vertex -54.7074 2 -1.47118
      vertex -54.7074 -2 -1.47118
    endloop
  endfacet
  facet normal -0.0490565 0 -0.998796
    outer loop
      vertex -55 -2 1.5
      vertex -54.853 2 1.49278
      vertex -54.853 -2 1.49278
    endloop
  endfacet
  facet normal -0.0490565 0 -0.998796
    outer loop
      vertex -54.853 2 1.49278
      vertex -55 -2 1.5
      vertex -55 2 1.5
    endloop
  endfacet
  facet normal -0.146746 0 -0.989174
    outer loop
      vertex -54.853 -2 1.49278
      vertex -54.7074 2 1.47118
      vertex -54.7074 -2 1.47118
    endloop
  endfacet
  facet normal -0.146746 0 -0.989174
    outer loop
      vertex -54.7074 2 1.47118
      vertex -54.853 -2 1.49278
      vertex -54.853 2 1.49278
    endloop
  endfacet
  facet normal -0.427491 0 -0.90402
    outer loop
      vertex -54.426 -2 1.38582
      vertex -54.2929 2 1.32288
      vertex -54.2929 -2 1.32288
    endloop
  endfacet
  facet normal -0.427491 0 -0.90402
    outer loop
      vertex -54.2929 2 1.32288
      vertex -54.426 -2 1.38582
      vertex -54.426 2 1.38582
    endloop
  endfacet
  facet normal -0.146746 0 0.989174
    outer loop
      vertex -54.853 2 -1.49278
      vertex -54.7074 -2 -1.47118
      vertex -54.7074 2 -1.47118
    endloop
  endfacet
  facet normal -0.146746 0 0.989174
    outer loop
      vertex -54.7074 -2 -1.47118
      vertex -54.853 2 -1.49278
      vertex -54.853 -2 -1.49278
    endloop
  endfacet
  facet normal -0.803172 0 0.595747
    outer loop
      vertex -53.8405 -2 -0.95159
      vertex -53.7528 2 -0.833355
      vertex -53.8405 2 -0.95159
    endloop
  endfacet
  facet normal -0.803172 0 0.595747
    outer loop
      vertex -53.7528 2 -0.833355
      vertex -53.8405 -2 -0.95159
      vertex -53.7528 -2 -0.833355
    endloop
  endfacet
  facet normal 0.741138 -0 0.671353
    outer loop
      vertex -56.1595 -2 -0.95159
      vertex -56.0607 2 -1.06066
      vertex -56.1595 2 -0.95159
    endloop
  endfacet
  facet normal 0.741138 0 0.671353
    outer loop
      vertex -56.0607 2 -1.06066
      vertex -56.1595 -2 -0.95159
      vertex -56.0607 -2 -1.06066
    endloop
  endfacet
  facet normal 0.513996 0 -0.857792
    outer loop
      vertex -55.8334 -2 1.2472
      vertex -55.7071 2 1.32288
      vertex -55.7071 -2 1.32288
    endloop
  endfacet
  facet normal 0.513996 0 -0.857792
    outer loop
      vertex -55.7071 2 1.32288
      vertex -55.8334 -2 1.2472
      vertex -55.8334 2 1.2472
    endloop
  endfacet
  facet normal -0.989176 0 0.146736
    outer loop
      vertex -53.5288 -2 -0.292635
      vertex -53.5072 2 -0.147025
      vertex -53.5288 2 -0.292635
    endloop
  endfacet
  facet normal -0.989176 0 0.146736
    outer loop
      vertex -53.5072 2 -0.147025
      vertex -53.5288 -2 -0.292635
      vertex -53.5072 -2 -0.147025
    endloop
  endfacet
  facet normal 0.146746 0 0.989174
    outer loop
      vertex -55.2926 2 -1.47118
      vertex -55.147 -2 -1.49278
      vertex -55.147 2 -1.49278
    endloop
  endfacet
  facet normal 0.146746 0 0.989174
    outer loop
      vertex -55.147 -2 -1.49278
      vertex -55.2926 2 -1.47118
      vertex -55.2926 -2 -1.47118
    endloop
  endfacet
  facet normal -0.595773 0 0.803153
    outer loop
      vertex -54.1666 2 -1.2472
      vertex -54.0484 -2 -1.15952
      vertex -54.0484 2 -1.15952
    endloop
  endfacet
  facet normal -0.595773 0 0.803153
    outer loop
      vertex -54.0484 -2 -1.15952
      vertex -54.1666 2 -1.2472
      vertex -54.1666 -2 -1.2472
    endloop
  endfacet
  facet normal 0.0490565 0 0.998796
    outer loop
      vertex -55.147 2 -1.49278
      vertex -55 -2 -1.5
      vertex -55 2 -1.5
    endloop
  endfacet
  facet normal 0.0490565 0 0.998796
    outer loop
      vertex -55 -2 -1.5
      vertex -55.147 2 -1.49278
      vertex -55.147 -2 -1.49278
    endloop
  endfacet
  facet normal -0.595773 0 -0.803153
    outer loop
      vertex -54.1666 -2 1.2472
      vertex -54.0484 2 1.15952
      vertex -54.0484 -2 1.15952
    endloop
  endfacet
  facet normal -0.595773 0 -0.803153
    outer loop
      vertex -54.0484 2 1.15952
      vertex -54.1666 -2 1.2472
      vertex -54.1666 2 1.2472
    endloop
  endfacet
  facet normal -0.969979 0 0.243188
    outer loop
      vertex -53.5646 -2 -0.435427
      vertex -53.5288 2 -0.292635
      vertex -53.5646 2 -0.435427
    endloop
  endfacet
  facet normal -0.969979 0 0.243188
    outer loop
      vertex -53.5288 2 -0.292635
      vertex -53.5646 -2 -0.435427
      vertex -53.5288 -2 -0.292635
    endloop
  endfacet
  facet normal 0.989176 0 -0.146736
    outer loop
      vertex -56.4712 -2 0.292635
      vertex -56.4928 2 0.147025
      vertex -56.4712 2 0.292635
    endloop
  endfacet
  facet normal 0.989176 0 -0.146736
    outer loop
      vertex -56.4928 2 0.147025
      vertex -56.4712 -2 0.292635
      vertex -56.4928 -2 0.147025
    endloop
  endfacet
  facet normal 0.857662 0 -0.514213
    outer loop
      vertex -56.2472 -2 0.833355
      vertex -56.3229 2 0.707094
      vertex -56.2472 2 0.833355
    endloop
  endfacet
  facet normal 0.857662 0 -0.514213
    outer loop
      vertex -56.3229 2 0.707094
      vertex -56.2472 -2 0.833355
      vertex -56.3229 -2 0.707094
    endloop
  endfacet
  facet normal 0.941524 -0 0.336945
    outer loop
      vertex -56.4354 -2 -0.435427
      vertex -56.3858 2 -0.574024
      vertex -56.4354 2 -0.435427
    endloop
  endfacet
  facet normal 0.941524 0 0.336945
    outer loop
      vertex -56.3858 2 -0.574024
      vertex -56.4354 -2 -0.435427
      vertex -56.3858 -2 -0.574024
    endloop
  endfacet
  facet normal 0.146746 0 -0.989174
    outer loop
      vertex -55.2926 -2 1.47118
      vertex -55.147 2 1.49278
      vertex -55.147 -2 1.49278
    endloop
  endfacet
  facet normal 0.146746 0 -0.989174
    outer loop
      vertex -55.147 2 1.49278
      vertex -55.2926 -2 1.47118
      vertex -55.2926 2 1.47118
    endloop
  endfacet
  facet normal -0.803172 0 -0.595747
    outer loop
      vertex -53.7528 -2 0.833355
      vertex -53.8405 2 0.95159
      vertex -53.7528 2 0.833355
    endloop
  endfacet
  facet normal -0.803172 -0 -0.595747
    outer loop
      vertex -53.8405 2 0.95159
      vertex -53.7528 -2 0.833355
      vertex -53.8405 -2 0.95159
    endloop
  endfacet
  facet normal 0.969979 -0 0.243188
    outer loop
      vertex -56.4712 -2 -0.292635
      vertex -56.4354 2 -0.435427
      vertex -56.4712 2 -0.292635
    endloop
  endfacet
  facet normal 0.969979 0 0.243188
    outer loop
      vertex -56.4354 2 -0.435427
      vertex -56.4712 -2 -0.292635
      vertex -56.4354 -2 -0.435427
    endloop
  endfacet
  facet normal 0.998803 -0 0.0489126
    outer loop
      vertex -56.5 -2 0
      vertex -56.4928 2 -0.147025
      vertex -56.5 2 0
    endloop
  endfacet
  facet normal 0.998803 0 0.0489126
    outer loop
      vertex -56.4928 2 -0.147025
      vertex -56.5 -2 0
      vertex -56.4928 -2 -0.147025
    endloop
  endfacet
  facet normal -0.513996 0 -0.857792
    outer loop
      vertex -54.2929 -2 1.32288
      vertex -54.1666 2 1.2472
      vertex -54.1666 -2 1.2472
    endloop
  endfacet
  facet normal -0.513996 0 -0.857792
    outer loop
      vertex -54.1666 2 1.2472
      vertex -54.2929 -2 1.32288
      vertex -54.2929 2 1.32288
    endloop
  endfacet
  facet normal -0.998803 0 0.0489126
    outer loop
      vertex -53.5072 -2 -0.147025
      vertex -53.5 2 0
      vertex -53.5072 2 -0.147025
    endloop
  endfacet
  facet normal -0.998803 0 0.0489126
    outer loop
      vertex -53.5 2 0
      vertex -53.5072 -2 -0.147025
      vertex -53.5 -2 0
    endloop
  endfacet
  facet normal -0.904088 0 0.427347
    outer loop
      vertex -53.6771 -2 -0.707094
      vertex -53.6142 2 -0.574024
      vertex -53.6771 2 -0.707094
    endloop
  endfacet
  facet normal -0.904088 0 0.427347
    outer loop
      vertex -53.6142 2 -0.574024
      vertex -53.6771 -2 -0.707094
      vertex -53.6142 -2 -0.574024
    endloop
  endfacet
  facet normal -0.857662 0 -0.514213
    outer loop
      vertex -53.6771 -2 0.707094
      vertex -53.7528 2 0.833355
      vertex -53.6771 2 0.707094
    endloop
  endfacet
  facet normal -0.857662 -0 -0.514213
    outer loop
      vertex -53.7528 2 0.833355
      vertex -53.6771 -2 0.707094
      vertex -53.7528 -2 0.833355
    endloop
  endfacet
  facet normal -0.741138 0 -0.671353
    outer loop
      vertex -53.8405 -2 0.95159
      vertex -53.9393 2 1.06066
      vertex -53.8405 2 0.95159
    endloop
  endfacet
  facet normal -0.741138 -0 -0.671353
    outer loop
      vertex -53.9393 2 1.06066
      vertex -53.8405 -2 0.95159
      vertex -53.9393 -2 1.06066
    endloop
  endfacet
  facet normal 0.0490565 0 -0.998796
    outer loop
      vertex -55.147 -2 1.49278
      vertex -55 2 1.5
      vertex -55 -2 1.5
    endloop
  endfacet
  facet normal 0.0490565 0 -0.998796
    outer loop
      vertex -55 2 1.5
      vertex -55.147 -2 1.49278
      vertex -55.147 2 1.49278
    endloop
  endfacet
  facet normal 0.741138 0 -0.671353
    outer loop
      vertex -56.0607 -2 1.06066
      vertex -56.1595 2 0.95159
      vertex -56.0607 2 1.06066
    endloop
  endfacet
  facet normal 0.741138 0 -0.671353
    outer loop
      vertex -56.1595 2 0.95159
      vertex -56.0607 -2 1.06066
      vertex -56.1595 -2 0.95159
    endloop
  endfacet
  facet normal 0.671475 0 0.741027
    outer loop
      vertex -56.0607 2 -1.06066
      vertex -55.9516 -2 -1.15952
      vertex -55.9516 2 -1.15952
    endloop
  endfacet
  facet normal 0.671475 0 0.741027
    outer loop
      vertex -55.9516 -2 -1.15952
      vertex -56.0607 2 -1.06066
      vertex -56.0607 -2 -1.06066
    endloop
  endfacet
  facet normal -0.0490565 0 0.998796
    outer loop
      vertex -55 2 -1.5
      vertex -54.853 -2 -1.49278
      vertex -54.853 2 -1.49278
    endloop
  endfacet
  facet normal -0.0490565 0 0.998796
    outer loop
      vertex -54.853 -2 -1.49278
      vertex -55 2 -1.5
      vertex -55 -2 -1.5
    endloop
  endfacet
  facet normal -0.941524 0 -0.336945
    outer loop
      vertex -53.5646 -2 0.435427
      vertex -53.6142 2 0.574024
      vertex -53.5646 2 0.435427
    endloop
  endfacet
  facet normal -0.941524 -0 -0.336945
    outer loop
      vertex -53.6142 2 0.574024
      vertex -53.5646 -2 0.435427
      vertex -53.6142 -2 0.574024
    endloop
  endfacet
  facet normal -0.857662 0 0.514213
    outer loop
      vertex -53.7528 -2 -0.833355
      vertex -53.6771 2 -0.707094
      vertex -53.7528 2 -0.833355
    endloop
  endfacet
  facet normal -0.857662 0 0.514213
    outer loop
      vertex -53.6771 2 -0.707094
      vertex -53.7528 -2 -0.833355
      vertex -53.6771 -2 -0.707094
    endloop
  endfacet
  facet normal -0.671475 0 -0.741027
    outer loop
      vertex -54.0484 -2 1.15952
      vertex -53.9393 2 1.06066
      vertex -53.9393 -2 1.06066
    endloop
  endfacet
  facet normal -0.671475 0 -0.741027
    outer loop
      vertex -53.9393 2 1.06066
      vertex -54.0484 -2 1.15952
      vertex -54.0484 2 1.15952
    endloop
  endfacet
  facet normal 0.242983 0 -0.970031
    outer loop
      vertex -55.4354 -2 1.43541
      vertex -55.2926 2 1.47118
      vertex -55.2926 -2 1.47118
    endloop
  endfacet
  facet normal 0.242983 0 -0.970031
    outer loop
      vertex -55.2926 2 1.47118
      vertex -55.4354 -2 1.43541
      vertex -55.4354 2 1.43541
    endloop
  endfacet
  facet normal -0.941524 0 0.336945
    outer loop
      vertex -53.6142 -2 -0.574024
      vertex -53.5646 2 -0.435427
      vertex -53.6142 2 -0.574024
    endloop
  endfacet
  facet normal -0.941524 0 0.336945
    outer loop
      vertex -53.5646 2 -0.435427
      vertex -53.6142 -2 -0.574024
      vertex -53.5646 -2 -0.435427
    endloop
  endfacet
  facet normal -0.336879 0 0.941548
    outer loop
      vertex -54.5646 2 -1.43541
      vertex -54.426 -2 -1.38582
      vertex -54.426 2 -1.38582
    endloop
  endfacet
  facet normal -0.336879 0 0.941548
    outer loop
      vertex -54.426 -2 -1.38582
      vertex -54.5646 2 -1.43541
      vertex -54.5646 -2 -1.43541
    endloop
  endfacet
  facet normal 0.427491 0 -0.90402
    outer loop
      vertex -55.7071 -2 1.32288
      vertex -55.574 2 1.38582
      vertex -55.574 -2 1.38582
    endloop
  endfacet
  facet normal 0.427491 0 -0.90402
    outer loop
      vertex -55.574 2 1.38582
      vertex -55.7071 -2 1.32288
      vertex -55.7071 2 1.32288
    endloop
  endfacet
  facet normal -0.904088 0 -0.427347
    outer loop
      vertex -53.6142 -2 0.574024
      vertex -53.6771 2 0.707094
      vertex -53.6142 2 0.574024
    endloop
  endfacet
  facet normal -0.904088 -0 -0.427347
    outer loop
      vertex -53.6771 2 0.707094
      vertex -53.6142 -2 0.574024
      vertex -53.6771 -2 0.707094
    endloop
  endfacet
  facet normal 0.671475 0 -0.741027
    outer loop
      vertex -56.0607 -2 1.06066
      vertex -55.9516 2 1.15952
      vertex -55.9516 -2 1.15952
    endloop
  endfacet
  facet normal 0.671475 0 -0.741027
    outer loop
      vertex -55.9516 2 1.15952
      vertex -56.0607 -2 1.06066
      vertex -56.0607 2 1.06066
    endloop
  endfacet
  facet normal -0.336879 0 -0.941548
    outer loop
      vertex -54.5646 -2 1.43541
      vertex -54.426 2 1.38582
      vertex -54.426 -2 1.38582
    endloop
  endfacet
  facet normal -0.336879 0 -0.941548
    outer loop
      vertex -54.426 2 1.38582
      vertex -54.5646 -2 1.43541
      vertex -54.5646 2 1.43541
    endloop
  endfacet
  facet normal 0.336879 0 -0.941548
    outer loop
      vertex -55.574 -2 1.38582
      vertex -55.4354 2 1.43541
      vertex -55.4354 -2 1.43541
    endloop
  endfacet
  facet normal 0.336879 0 -0.941548
    outer loop
      vertex -55.4354 2 1.43541
      vertex -55.574 -2 1.38582
      vertex -55.574 2 1.38582
    endloop
  endfacet
  facet normal 0.857662 -0 0.514213
    outer loop
      vertex -56.3229 -2 -0.707094
      vertex -56.2472 2 -0.833355
      vertex -56.3229 2 -0.707094
    endloop
  endfacet
  facet normal 0.857662 0 0.514213
    outer loop
      vertex -56.2472 2 -0.833355
      vertex -56.3229 -2 -0.707094
      vertex -56.2472 -2 -0.833355
    endloop
  endfacet
  facet normal 0.513996 0 0.857792
    outer loop
      vertex -55.8334 2 -1.2472
      vertex -55.7071 -2 -1.32288
      vertex -55.7071 2 -1.32288
    endloop
  endfacet
  facet normal 0.513996 0 0.857792
    outer loop
      vertex -55.7071 -2 -1.32288
      vertex -55.8334 2 -1.2472
      vertex -55.8334 -2 -1.2472
    endloop
  endfacet
  facet normal -0.242983 0 -0.970031
    outer loop
      vertex -54.7074 -2 1.47118
      vertex -54.5646 2 1.43541
      vertex -54.5646 -2 1.43541
    endloop
  endfacet
  facet normal -0.242983 0 -0.970031
    outer loop
      vertex -54.5646 2 1.43541
      vertex -54.7074 -2 1.47118
      vertex -54.7074 2 1.47118
    endloop
  endfacet
  facet normal 0.595773 0 0.803153
    outer loop
      vertex -55.9516 2 -1.15952
      vertex -55.8334 -2 -1.2472
      vertex -55.8334 2 -1.2472
    endloop
  endfacet
  facet normal 0.595773 0 0.803153
    outer loop
      vertex -55.8334 -2 -1.2472
      vertex -55.9516 2 -1.15952
      vertex -55.9516 -2 -1.15952
    endloop
  endfacet
  facet normal 0.427491 0 0.90402
    outer loop
      vertex -55.7071 2 -1.32288
      vertex -55.574 -2 -1.38582
      vertex -55.574 2 -1.38582
    endloop
  endfacet
  facet normal 0.427491 0 0.90402
    outer loop
      vertex -55.574 -2 -1.38582
      vertex -55.7071 2 -1.32288
      vertex -55.7071 -2 -1.32288
    endloop
  endfacet
  facet normal 0.803172 -0 0.595747
    outer loop
      vertex -56.2472 -2 -0.833355
      vertex -56.1595 2 -0.95159
      vertex -56.2472 2 -0.833355
    endloop
  endfacet
  facet normal 0.803172 0 0.595747
    outer loop
      vertex -56.1595 2 -0.95159
      vertex -56.2472 -2 -0.833355
      vertex -56.1595 -2 -0.95159
    endloop
  endfacet
  facet normal 0.242983 0 0.970031
    outer loop
      vertex -55.4354 2 -1.43541
      vertex -55.2926 -2 -1.47118
      vertex -55.2926 2 -1.47118
    endloop
  endfacet
  facet normal 0.242983 0 0.970031
    outer loop
      vertex -55.2926 -2 -1.47118
      vertex -55.4354 2 -1.43541
      vertex -55.4354 -2 -1.43541
    endloop
  endfacet
  facet normal 0.989176 -0 0.146736
    outer loop
      vertex -56.4928 -2 -0.147025
      vertex -56.4712 2 -0.292635
      vertex -56.4928 2 -0.147025
    endloop
  endfacet
  facet normal 0.989176 0 0.146736
    outer loop
      vertex -56.4712 2 -0.292635
      vertex -56.4928 -2 -0.147025
      vertex -56.4712 -2 -0.292635
    endloop
  endfacet
  facet normal 0.904088 -0 0.427347
    outer loop
      vertex -56.3858 -2 -0.574024
      vertex -56.3229 2 -0.707094
      vertex -56.3858 2 -0.574024
    endloop
  endfacet
  facet normal 0.904088 0 0.427347
    outer loop
      vertex -56.3229 2 -0.707094
      vertex -56.3858 -2 -0.574024
      vertex -56.3229 -2 -0.707094
    endloop
  endfacet
  facet normal 0.941524 0 -0.336945
    outer loop
      vertex -56.3858 -2 0.574024
      vertex -56.4354 2 0.435427
      vertex -56.3858 2 0.574024
    endloop
  endfacet
  facet normal 0.941524 0 -0.336945
    outer loop
      vertex -56.4354 2 0.435427
      vertex -56.3858 -2 0.574024
      vertex -56.4354 -2 0.435427
    endloop
  endfacet
  facet normal 0.803172 0 -0.595747
    outer loop
      vertex -56.1595 -2 0.95159
      vertex -56.2472 2 0.833355
      vertex -56.1595 2 0.95159
    endloop
  endfacet
  facet normal 0.803172 0 -0.595747
    outer loop
      vertex -56.2472 2 0.833355
      vertex -56.1595 -2 0.95159
      vertex -56.2472 -2 0.833355
    endloop
  endfacet
  facet normal 0.998803 0 -0.0489126
    outer loop
      vertex -56.4928 -2 0.147025
      vertex -56.5 2 0
      vertex -56.4928 2 0.147025
    endloop
  endfacet
  facet normal 0.998803 0 -0.0489126
    outer loop
      vertex -56.5 2 0
      vertex -56.4928 -2 0.147025
      vertex -56.5 -2 0
    endloop
  endfacet
  facet normal 0.336879 0 0.941548
    outer loop
      vertex -55.574 2 -1.38582
      vertex -55.4354 -2 -1.43541
      vertex -55.4354 2 -1.43541
    endloop
  endfacet
  facet normal 0.336879 0 0.941548
    outer loop
      vertex -55.4354 -2 -1.43541
      vertex -55.574 2 -1.38582
      vertex -55.574 -2 -1.38582
    endloop
  endfacet
  facet normal -0.741138 0 0.671353
    outer loop
      vertex -53.9393 -2 -1.06066
      vertex -53.8405 2 -0.95159
      vertex -53.9393 2 -1.06066
    endloop
  endfacet
  facet normal -0.741138 0 0.671353
    outer loop
      vertex -53.8405 2 -0.95159
      vertex -53.9393 -2 -1.06066
      vertex -53.8405 -2 -0.95159
    endloop
  endfacet
  facet normal -0.671475 0 0.741027
    outer loop
      vertex -54.0484 2 -1.15952
      vertex -53.9393 -2 -1.06066
      vertex -53.9393 2 -1.06066
    endloop
  endfacet
  facet normal -0.671475 0 0.741027
    outer loop
      vertex -53.9393 -2 -1.06066
      vertex -54.0484 2 -1.15952
      vertex -54.0484 -2 -1.15952
    endloop
  endfacet
  facet normal 0.146706 0 0.98918
    outer loop
      vertex 55.4901 2 4.97592
      vertex 55.9755 -2 4.90393
      vertex 55.9755 2 4.90393
    endloop
  endfacet
  facet normal 0.146706 0 0.98918
    outer loop
      vertex 55.9755 -2 4.90393
      vertex 55.4901 2 4.97592
      vertex 55.4901 -2 4.97592
    endloop
  endfacet
  facet normal 0.989176 -0 0.146736
    outer loop
      vertex 59.9039 -2 0.975451
      vertex 59.9759 2 0.490086
      vertex 59.9039 2 0.975451
    endloop
  endfacet
  facet normal 0.989176 0 0.146736
    outer loop
      vertex 59.9759 2 0.490086
      vertex 59.9039 -2 0.975451
      vertex 59.9759 -2 0.490086
    endloop
  endfacet
  facet normal 0.998793 -0 0.0491157
    outer loop
      vertex 59.9759 -2 0.490086
      vertex 60 2 0
      vertex 59.9759 2 0.490086
    endloop
  endfacet
  facet normal 0.998793 0 0.0491157
    outer loop
      vertex 60 2 0
      vertex 59.9759 -2 0.490086
      vertex 60 -2 0
    endloop
  endfacet
  facet normal 0.970043 -0 0.242934
    outer loop
      vertex 59.7847 -2 1.45142
      vertex 59.9039 2 0.975451
      vertex 59.7847 2 1.45142
    endloop
  endfacet
  facet normal 0.970043 0 0.242934
    outer loop
      vertex 59.9039 2 0.975451
      vertex 59.7847 -2 1.45142
      vertex 59.9039 -2 0.975451
    endloop
  endfacet
  facet normal 0.336879 0 -0.941548
    outer loop
      vertex 56.4514 -2 -4.7847
      vertex 56.9134 2 -4.6194
      vertex 56.9134 -2 -4.6194
    endloop
  endfacet
  facet normal 0.336879 0 -0.941548
    outer loop
      vertex 56.9134 2 -4.6194
      vertex 56.4514 -2 -4.7847
      vertex 56.4514 2 -4.7847
    endloop
  endfacet
  facet normal 0.857692 -0 0.514163
    outer loop
      vertex 59.1573 -2 2.77785
      vertex 59.4096 2 2.35698
      vertex 59.1573 2 2.77785
    endloop
  endfacet
  facet normal 0.857692 0 0.514163
    outer loop
      vertex 59.4096 2 2.35698
      vertex 59.1573 -2 2.77785
      vertex 59.4096 -2 2.35698
    endloop
  endfacet
  facet normal 0.90398 0 -0.427575
    outer loop
      vertex 59.6194 -2 -1.91342
      vertex 59.4096 2 -2.35698
      vertex 59.6194 2 -1.91342
    endloop
  endfacet
  facet normal 0.90398 0 -0.427575
    outer loop
      vertex 59.4096 2 -2.35698
      vertex 59.6194 -2 -1.91342
      vertex 59.4096 -2 -2.35698
    endloop
  endfacet
  facet normal 0.336879 0 0.941548
    outer loop
      vertex 56.4514 2 4.7847
      vertex 56.9134 -2 4.6194
      vertex 56.9134 2 4.6194
    endloop
  endfacet
  facet normal 0.336879 0 0.941548
    outer loop
      vertex 56.9134 -2 4.6194
      vertex 56.4514 2 4.7847
      vertex 56.4514 -2 4.7847
    endloop
  endfacet
  facet normal -0.243025 0 -0.97002
    outer loop
      vertex 53.5486 -2 -4.7847
      vertex 54.0245 2 -4.90393
      vertex 54.0245 -2 -4.90393
    endloop
  endfacet
  facet normal -0.243025 0 -0.97002
    outer loop
      vertex 54.0245 2 -4.90393
      vertex 53.5486 -2 -4.7847
      vertex 53.5486 2 -4.7847
    endloop
  endfacet
  facet normal -0.427526 0 -0.904003
    outer loop
      vertex 52.643 -2 -4.40961
      vertex 53.0866 2 -4.6194
      vertex 53.0866 -2 -4.6194
    endloop
  endfacet
  facet normal -0.427526 0 -0.904003
    outer loop
      vertex 53.0866 2 -4.6194
      vertex 52.643 -2 -4.40961
      vertex 52.643 2 -4.40961
    endloop
  endfacet
  facet normal 0.0490736 0 -0.998795
    outer loop
      vertex 55 -2 -5
      vertex 55.4901 2 -4.97592
      vertex 55.4901 -2 -4.97592
    endloop
  endfacet
  facet normal 0.0490736 0 -0.998795
    outer loop
      vertex 55.4901 2 -4.97592
      vertex 55 -2 -5
      vertex 55 2 -5
    endloop
  endfacet
  facet normal 0.427526 0 0.904003
    outer loop
      vertex 56.9134 2 4.6194
      vertex 57.357 -2 4.40961
      vertex 57.357 2 4.40961
    endloop
  endfacet
  facet normal 0.427526 0 0.904003
    outer loop
      vertex 57.357 -2 4.40961
      vertex 56.9134 2 4.6194
      vertex 56.9134 -2 4.6194
    endloop
  endfacet
  facet normal 0.0490736 0 0.998795
    outer loop
      vertex 55 2 5
      vertex 55.4901 -2 4.97592
      vertex 55.4901 2 4.97592
    endloop
  endfacet
  facet normal 0.0490736 0 0.998795
    outer loop
      vertex 55.4901 -2 4.97592
      vertex 55 2 5
      vertex 55 -2 5
    endloop
  endfacet
  facet normal 0.857692 0 -0.514163
    outer loop
      vertex 59.4096 -2 -2.35698
      vertex 59.1573 2 -2.77785
      vertex 59.4096 2 -2.35698
    endloop
  endfacet
  facet normal 0.857692 0 -0.514163
    outer loop
      vertex 59.1573 2 -2.77785
      vertex 59.4096 -2 -2.35698
      vertex 59.1573 -2 -2.77785
    endloop
  endfacet
  facet normal 0.671629 0 0.740887
    outer loop
      vertex 58.172 2 3.86505
      vertex 58.5355 -2 3.53553
      vertex 58.5355 2 3.53553
    endloop
  endfacet
  facet normal 0.671629 0 0.740887
    outer loop
      vertex 58.5355 -2 3.53553
      vertex 58.172 2 3.86505
      vertex 58.172 -2 3.86505
    endloop
  endfacet
  facet normal -0.59572 0 -0.803192
    outer loop
      vertex 51.828 -2 -3.86505
      vertex 52.2221 2 -4.15735
      vertex 52.2221 -2 -4.15735
    endloop
  endfacet
  facet normal -0.59572 0 -0.803192
    outer loop
      vertex 52.2221 2 -4.15735
      vertex 51.828 -2 -3.86505
      vertex 51.828 2 -3.86505
    endloop
  endfacet
  facet normal -0.857692 0 0.514163
    outer loop
      vertex 50.5904 -2 2.35698
      vertex 50.8427 2 2.77785
      vertex 50.5904 2 2.35698
    endloop
  endfacet
  facet normal -0.857692 0 0.514163
    outer loop
      vertex 50.8427 2 2.77785
      vertex 50.5904 -2 2.35698
      vertex 50.8427 -2 2.77785
    endloop
  endfacet
  facet normal 0.243025 0 -0.97002
    outer loop
      vertex 55.9755 -2 -4.90393
      vertex 56.4514 2 -4.7847
      vertex 56.4514 -2 -4.7847
    endloop
  endfacet
  facet normal 0.243025 0 -0.97002
    outer loop
      vertex 56.4514 2 -4.7847
      vertex 55.9755 -2 -4.90393
      vertex 55.9755 2 -4.90393
    endloop
  endfacet
  facet normal 0.989176 0 -0.146736
    outer loop
      vertex 59.9759 -2 -0.490086
      vertex 59.9039 2 -0.975451
      vertex 59.9759 2 -0.490086
    endloop
  endfacet
  facet normal 0.989176 0 -0.146736
    outer loop
      vertex 59.9039 2 -0.975451
      vertex 59.9759 -2 -0.490086
      vertex 59.9039 -2 -0.975451
    endloop
  endfacet
  facet normal -0.146706 0 -0.98918
    outer loop
      vertex 54.0245 -2 -4.90393
      vertex 54.5099 2 -4.97592
      vertex 54.5099 -2 -4.97592
    endloop
  endfacet
  facet normal -0.146706 0 -0.98918
    outer loop
      vertex 54.5099 2 -4.97592
      vertex 54.0245 -2 -4.90393
      vertex 54.0245 2 -4.90393
    endloop
  endfacet
  facet normal -0.59572 0 0.803192
    outer loop
      vertex 51.828 2 3.86505
      vertex 52.2221 -2 4.15735
      vertex 52.2221 2 4.15735
    endloop
  endfacet
  facet normal -0.59572 0 0.803192
    outer loop
      vertex 52.2221 -2 4.15735
      vertex 51.828 2 3.86505
      vertex 51.828 -2 3.86505
    endloop
  endfacet
  facet normal -0.998793 0 -0.0491157
    outer loop
      vertex 50.0241 -2 -0.490086
      vertex 50 2 0
      vertex 50.0241 2 -0.490086
    endloop
  endfacet
  facet normal -0.998793 -0 -0.0491157
    outer loop
      vertex 50 2 0
      vertex 50.0241 -2 -0.490086
      vertex 50 -2 0
    endloop
  endfacet
  facet normal -0.970043 0 -0.242934
    outer loop
      vertex 50.2153 -2 -1.45142
      vertex 50.0961 2 -0.975451
      vertex 50.2153 2 -1.45142
    endloop
  endfacet
  facet normal -0.970043 -0 -0.242934
    outer loop
      vertex 50.0961 2 -0.975451
      vertex 50.2153 -2 -1.45142
      vertex 50.0961 -2 -0.975451
    endloop
  endfacet
  facet normal 0.970043 0 -0.242934
    outer loop
      vertex 59.9039 -2 -0.975451
      vertex 59.7847 2 -1.45142
      vertex 59.9039 2 -0.975451
    endloop
  endfacet
  facet normal 0.970043 0 -0.242934
    outer loop
      vertex 59.7847 2 -1.45142
      vertex 59.9039 -2 -0.975451
      vertex 59.7847 -2 -1.45142
    endloop
  endfacet
  facet normal -0.970043 0 0.242934
    outer loop
      vertex 50.0961 -2 0.975451
      vertex 50.2153 2 1.45142
      vertex 50.0961 2 0.975451
    endloop
  endfacet
  facet normal -0.970043 0 0.242934
    outer loop
      vertex 50.2153 2 1.45142
      vertex 50.0961 -2 0.975451
      vertex 50.2153 -2 1.45142
    endloop
  endfacet
  facet normal 0.59572 0 0.803192
    outer loop
      vertex 57.7779 2 4.15735
      vertex 58.172 -2 3.86505
      vertex 58.172 2 3.86505
    endloop
  endfacet
  facet normal 0.59572 0 0.803192
    outer loop
      vertex 58.172 -2 3.86505
      vertex 57.7779 2 4.15735
      vertex 57.7779 -2 4.15735
    endloop
  endfacet
  facet normal -0.0490736 0 0.998795
    outer loop
      vertex 54.5099 2 4.97592
      vertex 55 -2 5
      vertex 55 2 5
    endloop
  endfacet
  facet normal -0.0490736 0 0.998795
    outer loop
      vertex 55 -2 5
      vertex 54.5099 2 4.97592
      vertex 54.5099 -2 4.97592
    endloop
  endfacet
  facet normal 0.803304 -0 0.595569
    outer loop
      vertex 58.8651 -2 3.17197
      vertex 59.1573 2 2.77785
      vertex 58.8651 2 3.17197
    endloop
  endfacet
  facet normal 0.803304 0 0.595569
    outer loop
      vertex 59.1573 2 2.77785
      vertex 58.8651 -2 3.17197
      vertex 59.1573 -2 2.77785
    endloop
  endfacet
  facet normal 0.514076 0 0.857745
    outer loop
      vertex 57.357 2 4.40961
      vertex 57.7779 -2 4.15735
      vertex 57.7779 2 4.15735
    endloop
  endfacet
  facet normal 0.514076 0 0.857745
    outer loop
      vertex 57.7779 -2 4.15735
      vertex 57.357 2 4.40961
      vertex 57.357 -2 4.40961
    endloop
  endfacet
  facet normal 0.427526 0 -0.904003
    outer loop
      vertex 56.9134 -2 -4.6194
      vertex 57.357 2 -4.40961
      vertex 57.357 -2 -4.40961
    endloop
  endfacet
  facet normal 0.427526 0 -0.904003
    outer loop
      vertex 57.357 2 -4.40961
      vertex 56.9134 -2 -4.6194
      vertex 56.9134 2 -4.6194
    endloop
  endfacet
  facet normal -0.941548 0 -0.336879
    outer loop
      vertex 50.3806 -2 -1.91342
      vertex 50.2153 2 -1.45142
      vertex 50.3806 2 -1.91342
    endloop
  endfacet
  facet normal -0.941548 -0 -0.336879
    outer loop
      vertex 50.2153 2 -1.45142
      vertex 50.3806 -2 -1.91342
      vertex 50.2153 -2 -1.45142
    endloop
  endfacet
  facet normal 0 1 0
    outer loop
      vertex 55 2 1.5
      vertex 55 2 5
      vertex 55.4901 2 4.97592
    endloop
  endfacet
  facet normal 0 1 0
    outer loop
      vertex 55.147 2 1.49278
      vertex 55.4901 2 4.97592
      vertex 55.9755 2 4.90393
    endloop
  endfacet
  facet normal 0 1 0
    outer loop
      vertex 55 2 5
      vertex 55 2 1.5
      vertex 54.5099 2 4.97592
    endloop
  endfacet
  facet normal 0 1 0
    outer loop
      vertex 55.2926 2 1.47118
      vertex 55.9755 2 4.90393
      vertex 56.4514 2 4.7847
    endloop
  endfacet
  facet normal 0 1 -0
    outer loop
      vertex 54.853 2 1.49278
      vertex 54.5099 2 4.97592
      vertex 55 2 1.5
    endloop
  endfacet
  facet normal 0 1 0
    outer loop
      vertex 55.4354 2 1.43541
      vertex 56.4514 2 4.7847
      vertex 56.9134 2 4.6194
    endloop
  endfacet
  facet normal 0 1 0
    outer loop
      vertex 54.5099 2 4.97592
      vertex 54.853 2 1.49278
      vertex 54.0245 2 4.90393
    endloop
  endfacet
  facet normal 0 1 0
    outer loop
      vertex 55.574 2 1.38582
      vertex 56.9134 2 4.6194
      vertex 57.357 2 4.40961
    endloop
  endfacet
  facet normal 0 1 -0
    outer loop
      vertex 54.7074 2 1.47118
      vertex 54.0245 2 4.90393
      vertex 54.853 2 1.49278
    endloop
  endfacet
  facet normal 0 1 0
    outer loop
      vertex 55.7071 2 1.32288
      vertex 57.357 2 4.40961
      vertex 57.7779 2 4.15735
    endloop
  endfacet
  facet normal 0 1 0
    outer loop
      vertex 54.0245 2 4.90393
      vertex 54.7074 2 1.47118
      vertex 53.5486 2 4.7847
    endloop
  endfacet
  facet normal 0 1 0
    outer loop
      vertex 55.8334 2 1.2472
      vertex 57.7779 2 4.15735
      vertex 58.172 2 3.86505
    endloop
  endfacet
  facet normal 0 1 -0
    outer loop
      vertex 54.5646 2 1.43541
      vertex 53.5486 2 4.7847
      vertex 54.7074 2 1.47118
    endloop
  endfacet
  facet normal 0 1 0
    outer loop
      vertex 55.9516 2 1.15952
      vertex 58.172 2 3.86505
      vertex 58.5355 2 3.53553
    endloop
  endfacet
  facet normal 0 1 0
    outer loop
      vertex 53.5486 2 4.7847
      vertex 54.5646 2 1.43541
      vertex 53.0866 2 4.6194
    endloop
  endfacet
  facet normal 0 1 0
    outer loop
      vertex 56.0607 2 1.06066
      vertex 58.5355 2 3.53553
      vertex 58.8651 2 3.17197
    endloop
  endfacet
  facet normal 0 1 -0
    outer loop
      vertex 54.426 2 1.38582
      vertex 53.0866 2 4.6194
      vertex 54.5646 2 1.43541
    endloop
  endfacet
  facet normal 0 1 0
    outer loop
      vertex 56.1595 2 0.95159
      vertex 58.8651 2 3.17197
      vertex 59.1573 2 2.77785
    endloop
  endfacet
  facet normal 0 1 0
    outer loop
      vertex 53.0866 2 4.6194
      vertex 54.426 2 1.38582
      vertex 52.643 2 4.40961
    endloop
  endfacet
  facet normal 0 1 0
    outer loop
      vertex 56.2472 2 0.833355
      vertex 59.1573 2 2.77785
      vertex 59.4096 2 2.35698
    endloop
  endfacet
  facet normal 0 1 -0
    outer loop
      vertex 54.2929 2 1.32288
      vertex 52.643 2 4.40961
      vertex 54.426 2 1.38582
    endloop
  endfacet
  facet normal 0 1 0
    outer loop
      vertex 56.3229 2 0.707094
      vertex 59.4096 2 2.35698
      vertex 59.6194 2 1.91342
    endloop
  endfacet
  facet normal 0 1 0
    outer loop
      vertex 52.643 2 4.40961
      vertex 54.2929 2 1.32288
      vertex 52.2221 2 4.15735
    endloop
  endfacet
  facet normal 0 1 -0
    outer loop
      vertex 54.1666 2 1.2472
      vertex 52.2221 2 4.15735
      vertex 54.2929 2 1.32288
    endloop
  endfacet
  facet normal 0 1 0
    outer loop
      vertex 55.4901 2 4.97592
      vertex 55.147 2 1.49278
      vertex 55 2 1.5
    endloop
  endfacet
  facet normal 0 1 0
    outer loop
      vertex 55.9755 2 4.90393
      vertex 55.2926 2 1.47118
      vertex 55.147 2 1.49278
    endloop
  endfacet
  facet normal 0 1 0
    outer loop
      vertex 56.3858 2 0.574024
      vertex 59.6194 2 1.91342
      vertex 59.7847 2 1.45142
    endloop
  endfacet
  facet normal 0 1 0
    outer loop
      vertex 56.4514 2 4.7847
      vertex 55.4354 2 1.43541
      vertex 55.2926 2 1.47118
    endloop
  endfacet
  facet normal 0 1 0
    outer loop
      vertex 56.9134 2 4.6194
      vertex 55.574 2 1.38582
      vertex 55.4354 2 1.43541
    endloop
  endfacet
  facet normal 0 1 0
    outer loop
      vertex 57.357 2 4.40961
      vertex 55.7071 2 1.32288
      vertex 55.574 2 1.38582
    endloop
  endfacet
  facet normal 0 1 0
    outer loop
      vertex 57.7779 2 4.15735
      vertex 55.8334 2 1.2472
      vertex 55.7071 2 1.32288
    endloop
  endfacet
  facet normal 0 1 0
    outer loop
      vertex 58.172 2 3.86505
      vertex 55.9516 2 1.15952
      vertex 55.8334 2 1.2472
    endloop
  endfacet
  facet normal 0 1 0
    outer loop
      vertex 58.5355 2 3.53553
      vertex 56.0607 2 1.06066
      vertex 55.9516 2 1.15952
    endloop
  endfacet
  facet normal 0 1 0
    outer loop
      vertex 56.4354 2 0.435427
      vertex 59.7847 2 1.45142
      vertex 59.9039 2 0.975451
    endloop
  endfacet
  facet normal 0 1 0
    outer loop
      vertex 58.8651 2 3.17197
      vertex 56.1595 2 0.95159
      vertex 56.0607 2 1.06066
    endloop
  endfacet
  facet normal 0 1 0
    outer loop
      vertex 59.1573 2 2.77785
      vertex 56.2472 2 0.833355
      vertex 56.1595 2 0.95159
    endloop
  endfacet
  facet normal 0 1 0
    outer loop
      vertex 59.4096 2 2.35698
      vertex 56.3229 2 0.707094
      vertex 56.2472 2 0.833355
    endloop
  endfacet
  facet normal 0 1 0
    outer loop
      vertex 59.6194 2 1.91342
      vertex 56.3858 2 0.574024
      vertex 56.3229 2 0.707094
    endloop
  endfacet
  facet normal 0 1 0
    outer loop
      vertex 56.4712 2 0.292635
      vertex 59.9039 2 0.975451
      vertex 59.9759 2 0.490086
    endloop
  endfacet
  facet normal 0 1 0
    outer loop
      vertex 59.7847 2 1.45142
      vertex 56.4354 2 0.435427
      vertex 56.3858 2 0.574024
    endloop
  endfacet
  facet normal 0 1 0
    outer loop
      vertex 59.9039 2 0.975451
      vertex 56.4712 2 0.292635
      vertex 56.4354 2 0.435427
    endloop
  endfacet
  facet normal 0 1 0
    outer loop
      vertex 59.9759 2 0.490086
      vertex 56.4928 2 0.147025
      vertex 56.4712 2 0.292635
    endloop
  endfacet
  facet normal 0 1 0
    outer loop
      vertex 60 2 0
      vertex 56.4928 2 0.147025
      vertex 59.9759 2 0.490086
    endloop
  endfacet
  facet normal 0 1 0
    outer loop
      vertex 60 2 0
      vertex 56.5 2 0
      vertex 56.4928 2 0.147025
    endloop
  endfacet
  facet normal 0 1 0
    outer loop
      vertex 60 2 0
      vertex 56.4928 2 -0.147025
      vertex 56.5 2 0
    endloop
  endfacet
  facet normal 0 1 -0
    outer loop
      vertex 59.9759 2 -0.490086
      vertex 56.4928 2 -0.147025
      vertex 60 2 0
    endloop
  endfacet
  facet normal 0 1 0
    outer loop
      vertex 56.4928 2 -0.147025
      vertex 59.9759 2 -0.490086
      vertex 56.4712 2 -0.292635
    endloop
  endfacet
  facet normal 0 1 -0
    outer loop
      vertex 59.9039 2 -0.975451
      vertex 56.4712 2 -0.292635
      vertex 59.9759 2 -0.490086
    endloop
  endfacet
  facet normal 0 1 0
    outer loop
      vertex 56.4712 2 -0.292635
      vertex 59.9039 2 -0.975451
      vertex 56.4354 2 -0.435427
    endloop
  endfacet
  facet normal 0 1 -0
    outer loop
      vertex 59.7847 2 -1.45142
      vertex 56.4354 2 -0.435427
      vertex 59.9039 2 -0.975451
    endloop
  endfacet
  facet normal 0 1 0
    outer loop
      vertex 56.4354 2 -0.435427
      vertex 59.7847 2 -1.45142
      vertex 56.3858 2 -0.574024
    endloop
  endfacet
  facet normal 0 1 -0
    outer loop
      vertex 59.6194 2 -1.91342
      vertex 56.3858 2 -0.574024
      vertex 59.7847 2 -1.45142
    endloop
  endfacet
  facet normal 0 1 0
    outer loop
      vertex 56.3858 2 -0.574024
      vertex 59.6194 2 -1.91342
      vertex 56.3229 2 -0.707094
    endloop
  endfacet
  facet normal 0 1 -0
    outer loop
      vertex 59.4096 2 -2.35698
      vertex 56.3229 2 -0.707094
      vertex 59.6194 2 -1.91342
    endloop
  endfacet
  facet normal 0 1 0
    outer loop
      vertex 56.3229 2 -0.707094
      vertex 59.4096 2 -2.35698
      vertex 56.2472 2 -0.833355
    endloop
  endfacet
  facet normal 0 1 -0
    outer loop
      vertex 59.1573 2 -2.77785
      vertex 56.2472 2 -0.833355
      vertex 59.4096 2 -2.35698
    endloop
  endfacet
  facet normal 0 1 0
    outer loop
      vertex 56.2472 2 -0.833355
      vertex 59.1573 2 -2.77785
      vertex 56.1595 2 -0.95159
    endloop
  endfacet
  facet normal 0 1 -0
    outer loop
      vertex 58.8651 2 -3.17197
      vertex 56.1595 2 -0.95159
      vertex 59.1573 2 -2.77785
    endloop
  endfacet
  facet normal 0 1 0
    outer loop
      vertex 56.1595 2 -0.95159
      vertex 58.8651 2 -3.17197
      vertex 56.0607 2 -1.06066
    endloop
  endfacet
  facet normal 0 1 -0
    outer loop
      vertex 58.5355 2 -3.53553
      vertex 56.0607 2 -1.06066
      vertex 58.8651 2 -3.17197
    endloop
  endfacet
  facet normal 0 1 0
    outer loop
      vertex 56.0607 2 -1.06066
      vertex 58.5355 2 -3.53553
      vertex 55.9516 2 -1.15952
    endloop
  endfacet
  facet normal 0 1 -0
    outer loop
      vertex 58.172 2 -3.86505
      vertex 55.9516 2 -1.15952
      vertex 58.5355 2 -3.53553
    endloop
  endfacet
  facet normal 0 1 0
    outer loop
      vertex 55.9516 2 -1.15952
      vertex 58.172 2 -3.86505
      vertex 55.8334 2 -1.2472
    endloop
  endfacet
  facet normal 0 1 -0
    outer loop
      vertex 57.7779 2 -4.15735
      vertex 55.8334 2 -1.2472
      vertex 58.172 2 -3.86505
    endloop
  endfacet
  facet normal 0 1 0
    outer loop
      vertex 52.2221 2 4.15735
      vertex 54.1666 2 1.2472
      vertex 51.828 2 3.86505
    endloop
  endfacet
  facet normal 0 1 -0
    outer loop
      vertex 54.0484 2 1.15952
      vertex 51.828 2 3.86505
      vertex 54.1666 2 1.2472
    endloop
  endfacet
  facet normal 0 1 0
    outer loop
      vertex 51.828 2 3.86505
      vertex 54.0484 2 1.15952
      vertex 51.4645 2 3.53553
    endloop
  endfacet
  facet normal 0 1 -0
    outer loop
      vertex 53.9393 2 1.06066
      vertex 51.4645 2 3.53553
      vertex 54.0484 2 1.15952
    endloop
  endfacet
  facet normal 0 1 0
    outer loop
      vertex 51.4645 2 3.53553
      vertex 53.9393 2 1.06066
      vertex 51.1349 2 3.17197
    endloop
  endfacet
  facet normal 0 1 -0
    outer loop
      vertex 53.8405 2 0.95159
      vertex 51.1349 2 3.17197
      vertex 53.9393 2 1.06066
    endloop
  endfacet
  facet normal 0 1 0
    outer loop
      vertex 51.1349 2 3.17197
      vertex 53.8405 2 0.95159
      vertex 50.8427 2 2.77785
    endloop
  endfacet
  facet normal 0 1 -0
    outer loop
      vertex 53.7528 2 0.833355
      vertex 50.8427 2 2.77785
      vertex 53.8405 2 0.95159
    endloop
  endfacet
  facet normal 0 1 0
    outer loop
      vertex 50.8427 2 2.77785
      vertex 53.7528 2 0.833355
      vertex 50.5904 2 2.35698
    endloop
  endfacet
  facet normal 0 1 -0
    outer loop
      vertex 53.6771 2 0.707094
      vertex 50.5904 2 2.35698
      vertex 53.7528 2 0.833355
    endloop
  endfacet
  facet normal 0 1 0
    outer loop
      vertex 50.5904 2 2.35698
      vertex 53.6771 2 0.707094
      vertex 50.3806 2 1.91342
    endloop
  endfacet
  facet normal 0 1 -0
    outer loop
      vertex 53.6142 2 0.574024
      vertex 50.3806 2 1.91342
      vertex 53.6771 2 0.707094
    endloop
  endfacet
  facet normal 0 1 0
    outer loop
      vertex 50.3806 2 1.91342
      vertex 53.6142 2 0.574024
      vertex 50.2153 2 1.45142
    endloop
  endfacet
  facet normal 0 1 -0
    outer loop
      vertex 53.5646 2 0.435427
      vertex 50.2153 2 1.45142
      vertex 53.6142 2 0.574024
    endloop
  endfacet
  facet normal 0 1 0
    outer loop
      vertex 50.2153 2 1.45142
      vertex 53.5646 2 0.435427
      vertex 50.0961 2 0.975451
    endloop
  endfacet
  facet normal 0 1 -0
    outer loop
      vertex 53.5288 2 0.292635
      vertex 50.0961 2 0.975451
      vertex 53.5646 2 0.435427
    endloop
  endfacet
  facet normal 0 1 0
    outer loop
      vertex 50.0961 2 0.975451
      vertex 53.5288 2 0.292635
      vertex 50.0241 2 0.490086
    endloop
  endfacet
  facet normal 0 1 -0
    outer loop
      vertex 53.5072 2 0.147025
      vertex 50.0241 2 0.490086
      vertex 53.5288 2 0.292635
    endloop
  endfacet
  facet normal 0 1 -0
    outer loop
      vertex 53.5 2 0
      vertex 50.0241 2 0.490086
      vertex 53.5072 2 0.147025
    endloop
  endfacet
  facet normal 0 1 0
    outer loop
      vertex 53.5 2 0
      vertex 50 2 0
      vertex 50.0241 2 0.490086
    endloop
  endfacet
  facet normal 0 1 0
    outer loop
      vertex 53.5072 2 -0.147025
      vertex 50 2 0
      vertex 53.5 2 0
    endloop
  endfacet
  facet normal 0 1 0
    outer loop
      vertex 50.0241 2 -0.490086
      vertex 53.5072 2 -0.147025
      vertex 53.5288 2 -0.292635
    endloop
  endfacet
  facet normal 0 1 0
    outer loop
      vertex 50.0961 2 -0.975451
      vertex 53.5288 2 -0.292635
      vertex 53.5646 2 -0.435427
    endloop
  endfacet
  facet normal 0 1 0
    outer loop
      vertex 53.5072 2 -0.147025
      vertex 50.0241 2 -0.490086
      vertex 50 2 0
    endloop
  endfacet
  facet normal 0 1 0
    outer loop
      vertex 50.2153 2 -1.45142
      vertex 53.5646 2 -0.435427
      vertex 53.6142 2 -0.574024
    endloop
  endfacet
  facet normal 0 1 0
    outer loop
      vertex 50.3806 2 -1.91342
      vertex 53.6142 2 -0.574024
      vertex 53.6771 2 -0.707094
    endloop
  endfacet
  facet normal 0 1 0
    outer loop
      vertex 50.5904 2 -2.35698
      vertex 53.6771 2 -0.707094
      vertex 53.7528 2 -0.833355
    endloop
  endfacet
  facet normal 0 1 0
    outer loop
      vertex 50.8427 2 -2.77785
      vertex 53.7528 2 -0.833355
      vertex 53.8405 2 -0.95159
    endloop
  endfacet
  facet normal 0 1 0
    outer loop
      vertex 53.5288 2 -0.292635
      vertex 50.0961 2 -0.975451
      vertex 50.0241 2 -0.490086
    endloop
  endfacet
  facet normal 0 1 0
    outer loop
      vertex 51.1349 2 -3.17197
      vertex 53.8405 2 -0.95159
      vertex 53.9393 2 -1.06066
    endloop
  endfacet
  facet normal 0 1 0
    outer loop
      vertex 51.4645 2 -3.53553
      vertex 53.9393 2 -1.06066
      vertex 54.0484 2 -1.15952
    endloop
  endfacet
  facet normal 0 1 0
    outer loop
      vertex 51.828 2 -3.86505
      vertex 54.0484 2 -1.15952
      vertex 54.1666 2 -1.2472
    endloop
  endfacet
  facet normal 0 1 0
    outer loop
      vertex 52.2221 2 -4.15735
      vertex 54.1666 2 -1.2472
      vertex 54.2929 2 -1.32288
    endloop
  endfacet
  facet normal 0 1 0
    outer loop
      vertex 52.643 2 -4.40961
      vertex 54.2929 2 -1.32288
      vertex 54.426 2 -1.38582
    endloop
  endfacet
  facet normal 0 1 0
    outer loop
      vertex 53.0866 2 -4.6194
      vertex 54.426 2 -1.38582
      vertex 54.5646 2 -1.43541
    endloop
  endfacet
  facet normal 0 1 0
    outer loop
      vertex 53.5646 2 -0.435427
      vertex 50.2153 2 -1.45142
      vertex 50.0961 2 -0.975451
    endloop
  endfacet
  facet normal 0 1 0
    outer loop
      vertex 53.5486 2 -4.7847
      vertex 54.5646 2 -1.43541
      vertex 54.7074 2 -1.47118
    endloop
  endfacet
  facet normal 0 1 0
    outer loop
      vertex 54.0245 2 -4.90393
      vertex 54.7074 2 -1.47118
      vertex 54.853 2 -1.49278
    endloop
  endfacet
  facet normal 0 1 0
    outer loop
      vertex 54.5099 2 -4.97592
      vertex 54.853 2 -1.49278
      vertex 55 2 -1.5
    endloop
  endfacet
  facet normal 0 1 0
    outer loop
      vertex 55.8334 2 -1.2472
      vertex 57.7779 2 -4.15735
      vertex 55.7071 2 -1.32288
    endloop
  endfacet
  facet normal 0 1 0
    outer loop
      vertex 53.6142 2 -0.574024
      vertex 50.3806 2 -1.91342
      vertex 50.2153 2 -1.45142
    endloop
  endfacet
  facet normal 0 1 -0
    outer loop
      vertex 57.357 2 -4.40961
      vertex 55.7071 2 -1.32288
      vertex 57.7779 2 -4.15735
    endloop
  endfacet
  facet normal 0 1 0
    outer loop
      vertex 53.6771 2 -0.707094
      vertex 50.5904 2 -2.35698
      vertex 50.3806 2 -1.91342
    endloop
  endfacet
  facet normal 0 1 0
    outer loop
      vertex 55.7071 2 -1.32288
      vertex 57.357 2 -4.40961
      vertex 55.574 2 -1.38582
    endloop
  endfacet
  facet normal 0 1 0
    outer loop
      vertex 53.7528 2 -0.833355
      vertex 50.8427 2 -2.77785
      vertex 50.5904 2 -2.35698
    endloop
  endfacet
  facet normal 0 1 -0
    outer loop
      vertex 56.9134 2 -4.6194
      vertex 55.574 2 -1.38582
      vertex 57.357 2 -4.40961
    endloop
  endfacet
  facet normal 0 1 0
    outer loop
      vertex 53.8405 2 -0.95159
      vertex 51.1349 2 -3.17197
      vertex 50.8427 2 -2.77785
    endloop
  endfacet
  facet normal 0 1 0
    outer loop
      vertex 55.574 2 -1.38582
      vertex 56.9134 2 -4.6194
      vertex 55.4354 2 -1.43541
    endloop
  endfacet
  facet normal 0 1 0
    outer loop
      vertex 53.9393 2 -1.06066
      vertex 51.4645 2 -3.53553
      vertex 51.1349 2 -3.17197
    endloop
  endfacet
  facet normal 0 1 -0
    outer loop
      vertex 56.4514 2 -4.7847
      vertex 55.4354 2 -1.43541
      vertex 56.9134 2 -4.6194
    endloop
  endfacet
  facet normal 0 1 0
    outer loop
      vertex 54.0484 2 -1.15952
      vertex 51.828 2 -3.86505
      vertex 51.4645 2 -3.53553
    endloop
  endfacet
  facet normal 0 1 0
    outer loop
      vertex 55.4354 2 -1.43541
      vertex 56.4514 2 -4.7847
      vertex 55.2926 2 -1.47118
    endloop
  endfacet
  facet normal 0 1 0
    outer loop
      vertex 54.1666 2 -1.2472
      vertex 52.2221 2 -4.15735
      vertex 51.828 2 -3.86505
    endloop
  endfacet
  facet normal 0 1 -0
    outer loop
      vertex 55.9755 2 -4.90393
      vertex 55.2926 2 -1.47118
      vertex 56.4514 2 -4.7847
    endloop
  endfacet
  facet normal 0 1 0
    outer loop
      vertex 54.2929 2 -1.32288
      vertex 52.643 2 -4.40961
      vertex 52.2221 2 -4.15735
    endloop
  endfacet
  facet normal 0 1 0
    outer loop
      vertex 55.2926 2 -1.47118
      vertex 55.9755 2 -4.90393
      vertex 55.147 2 -1.49278
    endloop
  endfacet
  facet normal 0 1 0
    outer loop
      vertex 54.426 2 -1.38582
      vertex 53.0866 2 -4.6194
      vertex 52.643 2 -4.40961
    endloop
  endfacet
  facet normal 0 1 -0
    outer loop
      vertex 55.4901 2 -4.97592
      vertex 55.147 2 -1.49278
      vertex 55.9755 2 -4.90393
    endloop
  endfacet
  facet normal 0 1 0
    outer loop
      vertex 54.5646 2 -1.43541
      vertex 53.5486 2 -4.7847
      vertex 53.0866 2 -4.6194
    endloop
  endfacet
  facet normal 0 1 0
    outer loop
      vertex 55.147 2 -1.49278
      vertex 55.4901 2 -4.97592
      vertex 55 2 -1.5
    endloop
  endfacet
  facet normal 0 1 0
    outer loop
      vertex 54.7074 2 -1.47118
      vertex 54.0245 2 -4.90393
      vertex 53.5486 2 -4.7847
    endloop
  endfacet
  facet normal 0 1 0
    outer loop
      vertex 55 2 -5
      vertex 55 2 -1.5
      vertex 55.4901 2 -4.97592
    endloop
  endfacet
  facet normal 0 1 0
    outer loop
      vertex 54.853 2 -1.49278
      vertex 54.5099 2 -4.97592
      vertex 54.0245 2 -4.90393
    endloop
  endfacet
  facet normal 0 1 0
    outer loop
      vertex 55 2 -1.5
      vertex 55 2 -5
      vertex 54.5099 2 -4.97592
    endloop
  endfacet
  facet normal 0.243025 0 0.97002
    outer loop
      vertex 55.9755 2 4.90393
      vertex 56.4514 -2 4.7847
      vertex 56.4514 2 4.7847
    endloop
  endfacet
  facet normal 0.243025 0 0.97002
    outer loop
      vertex 56.4514 -2 4.7847
      vertex 55.9755 2 4.90393
      vertex 55.9755 -2 4.90393
    endloop
  endfacet
  facet normal -0.740861 0 0.671658
    outer loop
      vertex 51.1349 -2 3.17197
      vertex 51.4645 2 3.53553
      vertex 51.1349 2 3.17197
    endloop
  endfacet
  facet normal -0.740861 0 0.671658
    outer loop
      vertex 51.4645 2 3.53553
      vertex 51.1349 -2 3.17197
      vertex 51.4645 -2 3.53553
    endloop
  endfacet
  facet normal 0.998793 0 -0.0491157
    outer loop
      vertex 60 -2 0
      vertex 59.9759 2 -0.490086
      vertex 60 2 0
    endloop
  endfacet
  facet normal 0.998793 0 -0.0491157
    outer loop
      vertex 59.9759 2 -0.490086
      vertex 60 -2 0
      vertex 59.9759 -2 -0.490086
    endloop
  endfacet
  facet normal -0.146706 0 0.98918
    outer loop
      vertex 54.0245 2 4.90393
      vertex 54.5099 -2 4.97592
      vertex 54.5099 2 4.97592
    endloop
  endfacet
  facet normal -0.146706 0 0.98918
    outer loop
      vertex 54.5099 -2 4.97592
      vertex 54.0245 2 4.90393
      vertex 54.0245 -2 4.90393
    endloop
  endfacet
  facet normal -0.427526 0 0.904003
    outer loop
      vertex 52.643 2 4.40961
      vertex 53.0866 -2 4.6194
      vertex 53.0866 2 4.6194
    endloop
  endfacet
  facet normal -0.427526 0 0.904003
    outer loop
      vertex 53.0866 -2 4.6194
      vertex 52.643 2 4.40961
      vertex 52.643 -2 4.40961
    endloop
  endfacet
  facet normal -0.989176 0 0.146736
    outer loop
      vertex 50.0241 -2 0.490086
      vertex 50.0961 2 0.975451
      vertex 50.0241 2 0.490086
    endloop
  endfacet
  facet normal -0.989176 0 0.146736
    outer loop
      vertex 50.0961 2 0.975451
      vertex 50.0241 -2 0.490086
      vertex 50.0961 -2 0.975451
    endloop
  endfacet
  facet normal 0.146706 0 -0.98918
    outer loop
      vertex 55.4901 -2 -4.97592
      vertex 55.9755 2 -4.90393
      vertex 55.9755 -2 -4.90393
    endloop
  endfacet
  facet normal 0.146706 0 -0.98918
    outer loop
      vertex 55.9755 2 -4.90393
      vertex 55.4901 -2 -4.97592
      vertex 55.4901 2 -4.97592
    endloop
  endfacet
  facet normal 0.941548 -0 0.336879
    outer loop
      vertex 59.6194 -2 1.91342
      vertex 59.7847 2 1.45142
      vertex 59.6194 2 1.91342
    endloop
  endfacet
  facet normal 0.941548 0 0.336879
    outer loop
      vertex 59.7847 2 1.45142
      vertex 59.6194 -2 1.91342
      vertex 59.7847 -2 1.45142
    endloop
  endfacet
  facet normal 0.740861 0 -0.671658
    outer loop
      vertex 58.8651 -2 -3.17197
      vertex 58.5355 2 -3.53553
      vertex 58.8651 2 -3.17197
    endloop
  endfacet
  facet normal 0.740861 0 -0.671658
    outer loop
      vertex 58.5355 2 -3.53553
      vertex 58.8651 -2 -3.17197
      vertex 58.5355 -2 -3.53553
    endloop
  endfacet
  facet normal 0.803304 0 -0.595569
    outer loop
      vertex 59.1573 -2 -2.77785
      vertex 58.8651 2 -3.17197
      vertex 59.1573 2 -2.77785
    endloop
  endfacet
  facet normal 0.803304 0 -0.595569
    outer loop
      vertex 58.8651 2 -3.17197
      vertex 59.1573 -2 -2.77785
      vertex 58.8651 -2 -3.17197
    endloop
  endfacet
  facet normal 0.941548 0 -0.336879
    outer loop
      vertex 59.7847 -2 -1.45142
      vertex 59.6194 2 -1.91342
      vertex 59.7847 2 -1.45142
    endloop
  endfacet
  facet normal 0.941548 0 -0.336879
    outer loop
      vertex 59.6194 2 -1.91342
      vertex 59.7847 -2 -1.45142
      vertex 59.6194 -2 -1.91342
    endloop
  endfacet
  facet normal -0.243025 0 0.97002
    outer loop
      vertex 53.5486 2 4.7847
      vertex 54.0245 -2 4.90393
      vertex 54.0245 2 4.90393
    endloop
  endfacet
  facet normal -0.243025 0 0.97002
    outer loop
      vertex 54.0245 -2 4.90393
      vertex 53.5486 2 4.7847
      vertex 53.5486 -2 4.7847
    endloop
  endfacet
  facet normal -0.90398 0 -0.427575
    outer loop
      vertex 50.5904 -2 -2.35698
      vertex 50.3806 2 -1.91342
      vertex 50.5904 2 -2.35698
    endloop
  endfacet
  facet normal -0.90398 -0 -0.427575
    outer loop
      vertex 50.3806 2 -1.91342
      vertex 50.5904 -2 -2.35698
      vertex 50.3806 -2 -1.91342
    endloop
  endfacet
  facet normal 0.90398 -0 0.427575
    outer loop
      vertex 59.4096 -2 2.35698
      vertex 59.6194 2 1.91342
      vertex 59.4096 2 2.35698
    endloop
  endfacet
  facet normal 0.90398 0 0.427575
    outer loop
      vertex 59.6194 2 1.91342
      vertex 59.4096 -2 2.35698
      vertex 59.6194 -2 1.91342
    endloop
  endfacet
  facet normal -0.671629 0 0.740887
    outer loop
      vertex 51.4645 2 3.53553
      vertex 51.828 -2 3.86505
      vertex 51.828 2 3.86505
    endloop
  endfacet
  facet normal -0.671629 0 0.740887
    outer loop
      vertex 51.828 -2 3.86505
      vertex 51.4645 2 3.53553
      vertex 51.4645 -2 3.53553
    endloop
  endfacet
  facet normal -0.740861 0 -0.671658
    outer loop
      vertex 51.4645 -2 -3.53553
      vertex 51.1349 2 -3.17197
      vertex 51.4645 2 -3.53553
    endloop
  endfacet
  facet normal -0.740861 -0 -0.671658
    outer loop
      vertex 51.1349 2 -3.17197
      vertex 51.4645 -2 -3.53553
      vertex 51.1349 -2 -3.17197
    endloop
  endfacet
  facet normal -0.857692 0 -0.514163
    outer loop
      vertex 50.8427 -2 -2.77785
      vertex 50.5904 2 -2.35698
      vertex 50.8427 2 -2.77785
    endloop
  endfacet
  facet normal -0.857692 -0 -0.514163
    outer loop
      vertex 50.5904 2 -2.35698
      vertex 50.8427 -2 -2.77785
      vertex 50.5904 -2 -2.35698
    endloop
  endfacet
  facet normal -0.336879 0 0.941548
    outer loop
      vertex 53.0866 2 4.6194
      vertex 53.5486 -2 4.7847
      vertex 53.5486 2 4.7847
    endloop
  endfacet
  facet normal -0.336879 0 0.941548
    outer loop
      vertex 53.5486 -2 4.7847
      vertex 53.0866 2 4.6194
      vertex 53.0866 -2 4.6194
    endloop
  endfacet
  facet normal -0.514076 0 -0.857745
    outer loop
      vertex 52.2221 -2 -4.15735
      vertex 52.643 2 -4.40961
      vertex 52.643 -2 -4.40961
    endloop
  endfacet
  facet normal -0.514076 0 -0.857745
    outer loop
      vertex 52.643 2 -4.40961
      vertex 52.2221 -2 -4.15735
      vertex 52.2221 2 -4.15735
    endloop
  endfacet
  facet normal -0.941548 0 0.336879
    outer loop
      vertex 50.2153 -2 1.45142
      vertex 50.3806 2 1.91342
      vertex 50.2153 2 1.45142
    endloop
  endfacet
  facet normal -0.941548 0 0.336879
    outer loop
      vertex 50.3806 2 1.91342
      vertex 50.2153 -2 1.45142
      vertex 50.3806 -2 1.91342
    endloop
  endfacet
  facet normal 0.59572 0 -0.803192
    outer loop
      vertex 57.7779 -2 -4.15735
      vertex 58.172 2 -3.86505
      vertex 58.172 -2 -3.86505
    endloop
  endfacet
  facet normal 0.59572 0 -0.803192
    outer loop
      vertex 58.172 2 -3.86505
      vertex 57.7779 -2 -4.15735
      vertex 57.7779 2 -4.15735
    endloop
  endfacet
  facet normal 0.740861 -0 0.671658
    outer loop
      vertex 58.5355 -2 3.53553
      vertex 58.8651 2 3.17197
      vertex 58.5355 2 3.53553
    endloop
  endfacet
  facet normal 0.740861 0 0.671658
    outer loop
      vertex 58.8651 2 3.17197
      vertex 58.5355 -2 3.53553
      vertex 58.8651 -2 3.17197
    endloop
  endfacet
  facet normal -0.803304 0 -0.595569
    outer loop
      vertex 51.1349 -2 -3.17197
      vertex 50.8427 2 -2.77785
      vertex 51.1349 2 -3.17197
    endloop
  endfacet
  facet normal -0.803304 -0 -0.595569
    outer loop
      vertex 50.8427 2 -2.77785
      vertex 51.1349 -2 -3.17197
      vertex 50.8427 -2 -2.77785
    endloop
  endfacet
  facet normal -0.514076 0 0.857745
    outer loop
      vertex 52.2221 2 4.15735
      vertex 52.643 -2 4.40961
      vertex 52.643 2 4.40961
    endloop
  endfacet
  facet normal -0.514076 0 0.857745
    outer loop
      vertex 52.643 -2 4.40961
      vertex 52.2221 2 4.15735
      vertex 52.2221 -2 4.15735
    endloop
  endfacet
  facet normal -0.989176 0 -0.146736
    outer loop
      vertex 50.0961 -2 -0.975451
      vertex 50.0241 2 -0.490086
      vertex 50.0961 2 -0.975451
    endloop
  endfacet
  facet normal -0.989176 -0 -0.146736
    outer loop
      vertex 50.0241 2 -0.490086
      vertex 50.0961 -2 -0.975451
      vertex 50.0241 -2 -0.490086
    endloop
  endfacet
  facet normal -0.90398 0 0.427575
    outer loop
      vertex 50.3806 -2 1.91342
      vertex 50.5904 2 2.35698
      vertex 50.3806 2 1.91342
    endloop
  endfacet
  facet normal -0.90398 0 0.427575
    outer loop
      vertex 50.5904 2 2.35698
      vertex 50.3806 -2 1.91342
      vertex 50.5904 -2 2.35698
    endloop
  endfacet
  facet normal 0.514076 0 -0.857745
    outer loop
      vertex 57.357 -2 -4.40961
      vertex 57.7779 2 -4.15735
      vertex 57.7779 -2 -4.15735
    endloop
  endfacet
  facet normal 0.514076 0 -0.857745
    outer loop
      vertex 57.7779 2 -4.15735
      vertex 57.357 -2 -4.40961
      vertex 57.357 2 -4.40961
    endloop
  endfacet
  facet normal -0.671629 0 -0.740887
    outer loop
      vertex 51.4645 -2 -3.53553
      vertex 51.828 2 -3.86505
      vertex 51.828 -2 -3.86505
    endloop
  endfacet
  facet normal -0.671629 0 -0.740887
    outer loop
      vertex 51.828 2 -3.86505
      vertex 51.4645 -2 -3.53553
      vertex 51.4645 2 -3.53553
    endloop
  endfacet
  facet normal -0.803304 0 0.595569
    outer loop
      vertex 50.8427 -2 2.77785
      vertex 51.1349 2 3.17197
      vertex 50.8427 2 2.77785
    endloop
  endfacet
  facet normal -0.803304 0 0.595569
    outer loop
      vertex 51.1349 2 3.17197
      vertex 50.8427 -2 2.77785
      vertex 51.1349 -2 3.17197
    endloop
  endfacet
  facet normal -0.0490736 0 -0.998795
    outer loop
      vertex 54.5099 -2 -4.97592
      vertex 55 2 -5
      vertex 55 -2 -5
    endloop
  endfacet
  facet normal -0.0490736 0 -0.998795
    outer loop
      vertex 55 2 -5
      vertex 54.5099 -2 -4.97592
      vertex 54.5099 2 -4.97592
    endloop
  endfacet
  facet normal 0 -1 0
    outer loop
      vertex 55 -2 1.5
      vertex 55 -2 5
      vertex 54.5099 -2 4.97592
    endloop
  endfacet
  facet normal 0 -1 0
    outer loop
      vertex 54.853 -2 1.49278
      vertex 54.5099 -2 4.97592
      vertex 54.0245 -2 4.90393
    endloop
  endfacet
  facet normal 0 -1 0
    outer loop
      vertex 55 -2 5
      vertex 55 -2 1.5
      vertex 55.4901 -2 4.97592
    endloop
  endfacet
  facet normal 0 -1 0
    outer loop
      vertex 54.7074 -2 1.47118
      vertex 54.0245 -2 4.90393
      vertex 53.5486 -2 4.7847
    endloop
  endfacet
  facet normal 0 -1 0
    outer loop
      vertex 55.147 -2 1.49278
      vertex 55.4901 -2 4.97592
      vertex 55 -2 1.5
    endloop
  endfacet
  facet normal 0 -1 0
    outer loop
      vertex 54.5646 -2 1.43541
      vertex 53.5486 -2 4.7847
      vertex 53.0866 -2 4.6194
    endloop
  endfacet
  facet normal 0 -1 -0
    outer loop
      vertex 55.4901 -2 4.97592
      vertex 55.147 -2 1.49278
      vertex 55.9755 -2 4.90393
    endloop
  endfacet
  facet normal 0 -1 0
    outer loop
      vertex 54.426 -2 1.38582
      vertex 53.0866 -2 4.6194
      vertex 52.643 -2 4.40961
    endloop
  endfacet
  facet normal 0 -1 0
    outer loop
      vertex 55.2926 -2 1.47118
      vertex 55.9755 -2 4.90393
      vertex 55.147 -2 1.49278
    endloop
  endfacet
  facet normal 0 -1 0
    outer loop
      vertex 54.2929 -2 1.32288
      vertex 52.643 -2 4.40961
      vertex 52.2221 -2 4.15735
    endloop
  endfacet
  facet normal 0 -1 -0
    outer loop
      vertex 55.9755 -2 4.90393
      vertex 55.2926 -2 1.47118
      vertex 56.4514 -2 4.7847
    endloop
  endfacet
  facet normal 0 -1 0
    outer loop
      vertex 54.1666 -2 1.2472
      vertex 52.2221 -2 4.15735
      vertex 51.828 -2 3.86505
    endloop
  endfacet
  facet normal 0 -1 0
    outer loop
      vertex 55.4354 -2 1.43541
      vertex 56.4514 -2 4.7847
      vertex 55.2926 -2 1.47118
    endloop
  endfacet
  facet normal 0 -1 0
    outer loop
      vertex 54.0484 -2 1.15952
      vertex 51.828 -2 3.86505
      vertex 51.4645 -2 3.53553
    endloop
  endfacet
  facet normal 0 -1 -0
    outer loop
      vertex 56.4514 -2 4.7847
      vertex 55.4354 -2 1.43541
      vertex 56.9134 -2 4.6194
    endloop
  endfacet
  facet normal 0 -1 0
    outer loop
      vertex 53.9393 -2 1.06066
      vertex 51.4645 -2 3.53553
      vertex 51.1349 -2 3.17197
    endloop
  endfacet
  facet normal 0 -1 0
    outer loop
      vertex 55.574 -2 1.38582
      vertex 56.9134 -2 4.6194
      vertex 55.4354 -2 1.43541
    endloop
  endfacet
  facet normal 0 -1 0
    outer loop
      vertex 53.8405 -2 0.95159
      vertex 51.1349 -2 3.17197
      vertex 50.8427 -2 2.77785
    endloop
  endfacet
  facet normal 0 -1 -0
    outer loop
      vertex 56.9134 -2 4.6194
      vertex 55.574 -2 1.38582
      vertex 57.357 -2 4.40961
    endloop
  endfacet
  facet normal 0 -1 0
    outer loop
      vertex 53.7528 -2 0.833355
      vertex 50.8427 -2 2.77785
      vertex 50.5904 -2 2.35698
    endloop
  endfacet
  facet normal 0 -1 0
    outer loop
      vertex 55.7071 -2 1.32288
      vertex 57.357 -2 4.40961
      vertex 55.574 -2 1.38582
    endloop
  endfacet
  facet normal 0 -1 0
    outer loop
      vertex 53.6771 -2 0.707094
      vertex 50.5904 -2 2.35698
      vertex 50.3806 -2 1.91342
    endloop
  endfacet
  facet normal 0 -1 -0
    outer loop
      vertex 57.357 -2 4.40961
      vertex 55.7071 -2 1.32288
      vertex 57.7779 -2 4.15735
    endloop
  endfacet
  facet normal 0 -1 0
    outer loop
      vertex 55.8334 -2 1.2472
      vertex 57.7779 -2 4.15735
      vertex 55.7071 -2 1.32288
    endloop
  endfacet
  facet normal 0 -1 0
    outer loop
      vertex 54.5099 -2 4.97592
      vertex 54.853 -2 1.49278
      vertex 55 -2 1.5
    endloop
  endfacet
  facet normal 0 -1 0
    outer loop
      vertex 54.0245 -2 4.90393
      vertex 54.7074 -2 1.47118
      vertex 54.853 -2 1.49278
    endloop
  endfacet
  facet normal 0 -1 0
    outer loop
      vertex 53.6142 -2 0.574024
      vertex 50.3806 -2 1.91342
      vertex 50.2153 -2 1.45142
    endloop
  endfacet
  facet normal 0 -1 0
    outer loop
      vertex 53.5486 -2 4.7847
      vertex 54.5646 -2 1.43541
      vertex 54.7074 -2 1.47118
    endloop
  endfacet
  facet normal 0 -1 0
    outer loop
      vertex 53.0866 -2 4.6194
      vertex 54.426 -2 1.38582
      vertex 54.5646 -2 1.43541
    endloop
  endfacet
  facet normal 0 -1 0
    outer loop
      vertex 52.643 -2 4.40961
      vertex 54.2929 -2 1.32288
      vertex 54.426 -2 1.38582
    endloop
  endfacet
  facet normal 0 -1 0
    outer loop
      vertex 52.2221 -2 4.15735
      vertex 54.1666 -2 1.2472
      vertex 54.2929 -2 1.32288
    endloop
  endfacet
  facet normal 0 -1 0
    outer loop
      vertex 51.828 -2 3.86505
      vertex 54.0484 -2 1.15952
      vertex 54.1666 -2 1.2472
    endloop
  endfacet
  facet normal 0 -1 0
    outer loop
      vertex 51.4645 -2 3.53553
      vertex 53.9393 -2 1.06066
      vertex 54.0484 -2 1.15952
    endloop
  endfacet
  facet normal 0 -1 0
    outer loop
      vertex 53.5646 -2 0.435427
      vertex 50.2153 -2 1.45142
      vertex 50.0961 -2 0.975451
    endloop
  endfacet
  facet normal 0 -1 0
    outer loop
      vertex 51.1349 -2 3.17197
      vertex 53.8405 -2 0.95159
      vertex 53.9393 -2 1.06066
    endloop
  endfacet
  facet normal 0 -1 0
    outer loop
      vertex 50.8427 -2 2.77785
      vertex 53.7528 -2 0.833355
      vertex 53.8405 -2 0.95159
    endloop
  endfacet
  facet normal 0 -1 0
    outer loop
      vertex 50.5904 -2 2.35698
      vertex 53.6771 -2 0.707094
      vertex 53.7528 -2 0.833355
    endloop
  endfacet
  facet normal 0 -1 0
    outer loop
      vertex 50.3806 -2 1.91342
      vertex 53.6142 -2 0.574024
      vertex 53.6771 -2 0.707094
    endloop
  endfacet
  facet normal 0 -1 0
    outer loop
      vertex 53.5288 -2 0.292635
      vertex 50.0961 -2 0.975451
      vertex 50.0241 -2 0.490086
    endloop
  endfacet
  facet normal 0 -1 0
    outer loop
      vertex 50.2153 -2 1.45142
      vertex 53.5646 -2 0.435427
      vertex 53.6142 -2 0.574024
    endloop
  endfacet
  facet normal 0 -1 0
    outer loop
      vertex 50.0961 -2 0.975451
      vertex 53.5288 -2 0.292635
      vertex 53.5646 -2 0.435427
    endloop
  endfacet
  facet normal 0 -1 0
    outer loop
      vertex 50.0241 -2 0.490086
      vertex 53.5072 -2 0.147025
      vertex 53.5288 -2 0.292635
    endloop
  endfacet
  facet normal 0 -1 0
    outer loop
      vertex 50 -2 0
      vertex 53.5072 -2 0.147025
      vertex 50.0241 -2 0.490086
    endloop
  endfacet
  facet normal 0 -1 0
    outer loop
      vertex 50 -2 0
      vertex 53.5 -2 0
      vertex 53.5072 -2 0.147025
    endloop
  endfacet
  facet normal 0 -1 0
    outer loop
      vertex 50 -2 0
      vertex 53.5072 -2 -0.147025
      vertex 53.5 -2 0
    endloop
  endfacet
  facet normal 0 -1 0
    outer loop
      vertex 50.0241 -2 -0.490086
      vertex 53.5072 -2 -0.147025
      vertex 50 -2 0
    endloop
  endfacet
  facet normal 0 -1 -0
    outer loop
      vertex 53.5072 -2 -0.147025
      vertex 50.0241 -2 -0.490086
      vertex 53.5288 -2 -0.292635
    endloop
  endfacet
  facet normal 0 -1 0
    outer loop
      vertex 50.0961 -2 -0.975451
      vertex 53.5288 -2 -0.292635
      vertex 50.0241 -2 -0.490086
    endloop
  endfacet
  facet normal 0 -1 -0
    outer loop
      vertex 53.5288 -2 -0.292635
      vertex 50.0961 -2 -0.975451
      vertex 53.5646 -2 -0.435427
    endloop
  endfacet
  facet normal 0 -1 0
    outer loop
      vertex 50.2153 -2 -1.45142
      vertex 53.5646 -2 -0.435427
      vertex 50.0961 -2 -0.975451
    endloop
  endfacet
  facet normal 0 -1 -0
    outer loop
      vertex 53.5646 -2 -0.435427
      vertex 50.2153 -2 -1.45142
      vertex 53.6142 -2 -0.574024
    endloop
  endfacet
  facet normal 0 -1 0
    outer loop
      vertex 50.3806 -2 -1.91342
      vertex 53.6142 -2 -0.574024
      vertex 50.2153 -2 -1.45142
    endloop
  endfacet
  facet normal 0 -1 -0
    outer loop
      vertex 53.6142 -2 -0.574024
      vertex 50.3806 -2 -1.91342
      vertex 53.6771 -2 -0.707094
    endloop
  endfacet
  facet normal 0 -1 0
    outer loop
      vertex 50.5904 -2 -2.35698
      vertex 53.6771 -2 -0.707094
      vertex 50.3806 -2 -1.91342
    endloop
  endfacet
  facet normal 0 -1 -0
    outer loop
      vertex 53.6771 -2 -0.707094
      vertex 50.5904 -2 -2.35698
      vertex 53.7528 -2 -0.833355
    endloop
  endfacet
  facet normal 0 -1 0
    outer loop
      vertex 50.8427 -2 -2.77785
      vertex 53.7528 -2 -0.833355
      vertex 50.5904 -2 -2.35698
    endloop
  endfacet
  facet normal 0 -1 -0
    outer loop
      vertex 53.7528 -2 -0.833355
      vertex 50.8427 -2 -2.77785
      vertex 53.8405 -2 -0.95159
    endloop
  endfacet
  facet normal 0 -1 0
    outer loop
      vertex 51.1349 -2 -3.17197
      vertex 53.8405 -2 -0.95159
      vertex 50.8427 -2 -2.77785
    endloop
  endfacet
  facet normal 0 -1 -0
    outer loop
      vertex 53.8405 -2 -0.95159
      vertex 51.1349 -2 -3.17197
      vertex 53.9393 -2 -1.06066
    endloop
  endfacet
  facet normal 0 -1 0
    outer loop
      vertex 51.4645 -2 -3.53553
      vertex 53.9393 -2 -1.06066
      vertex 51.1349 -2 -3.17197
    endloop
  endfacet
  facet normal 0 -1 -0
    outer loop
      vertex 53.9393 -2 -1.06066
      vertex 51.4645 -2 -3.53553
      vertex 54.0484 -2 -1.15952
    endloop
  endfacet
  facet normal 0 -1 0
    outer loop
      vertex 51.828 -2 -3.86505
      vertex 54.0484 -2 -1.15952
      vertex 51.4645 -2 -3.53553
    endloop
  endfacet
  facet normal 0 -1 -0
    outer loop
      vertex 54.0484 -2 -1.15952
      vertex 51.828 -2 -3.86505
      vertex 54.1666 -2 -1.2472
    endloop
  endfacet
  facet normal 0 -1 0
    outer loop
      vertex 52.2221 -2 -4.15735
      vertex 54.1666 -2 -1.2472
      vertex 51.828 -2 -3.86505
    endloop
  endfacet
  facet normal 0 -1 -0
    outer loop
      vertex 57.7779 -2 4.15735
      vertex 55.8334 -2 1.2472
      vertex 58.172 -2 3.86505
    endloop
  endfacet
  facet normal 0 -1 0
    outer loop
      vertex 55.9516 -2 1.15952
      vertex 58.172 -2 3.86505
      vertex 55.8334 -2 1.2472
    endloop
  endfacet
  facet normal 0 -1 -0
    outer loop
      vertex 58.172 -2 3.86505
      vertex 55.9516 -2 1.15952
      vertex 58.5355 -2 3.53553
    endloop
  endfacet
  facet normal 0 -1 0
    outer loop
      vertex 56.0607 -2 1.06066
      vertex 58.5355 -2 3.53553
      vertex 55.9516 -2 1.15952
    endloop
  endfacet
  facet normal 0 -1 -0
    outer loop
      vertex 58.5355 -2 3.53553
      vertex 56.0607 -2 1.06066
      vertex 58.8651 -2 3.17197
    endloop
  endfacet
  facet normal 0 -1 0
    outer loop
      vertex 56.1595 -2 0.95159
      vertex 58.8651 -2 3.17197
      vertex 56.0607 -2 1.06066
    endloop
  endfacet
  facet normal 0 -1 -0
    outer loop
      vertex 58.8651 -2 3.17197
      vertex 56.1595 -2 0.95159
      vertex 59.1573 -2 2.77785
    endloop
  endfacet
  facet normal 0 -1 0
    outer loop
      vertex 56.2472 -2 0.833355
      vertex 59.1573 -2 2.77785
      vertex 56.1595 -2 0.95159
    endloop
  endfacet
  facet normal 0 -1 -0
    outer loop
      vertex 59.1573 -2 2.77785
      vertex 56.2472 -2 0.833355
      vertex 59.4096 -2 2.35698
    endloop
  endfacet
  facet normal 0 -1 0
    outer loop
      vertex 56.3229 -2 0.707094
      vertex 59.4096 -2 2.35698
      vertex 56.2472 -2 0.833355
    endloop
  endfacet
  facet normal 0 -1 -0
    outer loop
      vertex 59.4096 -2 2.35698
      vertex 56.3229 -2 0.707094
      vertex 59.6194 -2 1.91342
    endloop
  endfacet
  facet normal 0 -1 0
    outer loop
      vertex 56.3858 -2 0.574024
      vertex 59.6194 -2 1.91342
      vertex 56.3229 -2 0.707094
    endloop
  endfacet
  facet normal 0 -1 -0
    outer loop
      vertex 59.6194 -2 1.91342
      vertex 56.3858 -2 0.574024
      vertex 59.7847 -2 1.45142
    endloop
  endfacet
  facet normal 0 -1 0
    outer loop
      vertex 56.4354 -2 0.435427
      vertex 59.7847 -2 1.45142
      vertex 56.3858 -2 0.574024
    endloop
  endfacet
  facet normal 0 -1 -0
    outer loop
      vertex 59.7847 -2 1.45142
      vertex 56.4354 -2 0.435427
      vertex 59.9039 -2 0.975451
    endloop
  endfacet
  facet normal 0 -1 0
    outer loop
      vertex 56.4712 -2 0.292635
      vertex 59.9039 -2 0.975451
      vertex 56.4354 -2 0.435427
    endloop
  endfacet
  facet normal 0 -1 -0
    outer loop
      vertex 59.9039 -2 0.975451
      vertex 56.4712 -2 0.292635
      vertex 59.9759 -2 0.490086
    endloop
  endfacet
  facet normal 0 -1 0
    outer loop
      vertex 56.4928 -2 0.147025
      vertex 59.9759 -2 0.490086
      vertex 56.4712 -2 0.292635
    endloop
  endfacet
  facet normal 0 -1 0
    outer loop
      vertex 56.5 -2 0
      vertex 59.9759 -2 0.490086
      vertex 56.4928 -2 0.147025
    endloop
  endfacet
  facet normal 0 -1 0
    outer loop
      vertex 56.5 -2 0
      vertex 60 -2 0
      vertex 59.9759 -2 0.490086
    endloop
  endfacet
  facet normal 0 -1 0
    outer loop
      vertex 56.4928 -2 -0.147025
      vertex 60 -2 0
      vertex 56.5 -2 0
    endloop
  endfacet
  facet normal 0 -1 0
    outer loop
      vertex 59.9759 -2 -0.490086
      vertex 56.4928 -2 -0.147025
      vertex 56.4712 -2 -0.292635
    endloop
  endfacet
  facet normal 0 -1 0
    outer loop
      vertex 59.9039 -2 -0.975451
      vertex 56.4712 -2 -0.292635
      vertex 56.4354 -2 -0.435427
    endloop
  endfacet
  facet normal 0 -1 0
    outer loop
      vertex 56.4928 -2 -0.147025
      vertex 59.9759 -2 -0.490086
      vertex 60 -2 0
    endloop
  endfacet
  facet normal 0 -1 0
    outer loop
      vertex 59.7847 -2 -1.45142
      vertex 56.4354 -2 -0.435427
      vertex 56.3858 -2 -0.574024
    endloop
  endfacet
  facet normal 0 -1 0
    outer loop
      vertex 59.6194 -2 -1.91342
      vertex 56.3858 -2 -0.574024
      vertex 56.3229 -2 -0.707094
    endloop
  endfacet
  facet normal 0 -1 0
    outer loop
      vertex 59.4096 -2 -2.35698
      vertex 56.3229 -2 -0.707094
      vertex 56.2472 -2 -0.833355
    endloop
  endfacet
  facet normal 0 -1 0
    outer loop
      vertex 59.1573 -2 -2.77785
      vertex 56.2472 -2 -0.833355
      vertex 56.1595 -2 -0.95159
    endloop
  endfacet
  facet normal 0 -1 0
    outer loop
      vertex 56.4712 -2 -0.292635
      vertex 59.9039 -2 -0.975451
      vertex 59.9759 -2 -0.490086
    endloop
  endfacet
  facet normal 0 -1 0
    outer loop
      vertex 58.8651 -2 -3.17197
      vertex 56.1595 -2 -0.95159
      vertex 56.0607 -2 -1.06066
    endloop
  endfacet
  facet normal 0 -1 0
    outer loop
      vertex 58.5355 -2 -3.53553
      vertex 56.0607 -2 -1.06066
      vertex 55.9516 -2 -1.15952
    endloop
  endfacet
  facet normal 0 -1 0
    outer loop
      vertex 58.172 -2 -3.86505
      vertex 55.9516 -2 -1.15952
      vertex 55.8334 -2 -1.2472
    endloop
  endfacet
  facet normal 0 -1 0
    outer loop
      vertex 57.7779 -2 -4.15735
      vertex 55.8334 -2 -1.2472
      vertex 55.7071 -2 -1.32288
    endloop
  endfacet
  facet normal 0 -1 0
    outer loop
      vertex 57.357 -2 -4.40961
      vertex 55.7071 -2 -1.32288
      vertex 55.574 -2 -1.38582
    endloop
  endfacet
  facet normal 0 -1 0
    outer loop
      vertex 56.9134 -2 -4.6194
      vertex 55.574 -2 -1.38582
      vertex 55.4354 -2 -1.43541
    endloop
  endfacet
  facet normal 0 -1 0
    outer loop
      vertex 56.4354 -2 -0.435427
      vertex 59.7847 -2 -1.45142
      vertex 59.9039 -2 -0.975451
    endloop
  endfacet
  facet normal 0 -1 0
    outer loop
      vertex 56.4514 -2 -4.7847
      vertex 55.4354 -2 -1.43541
      vertex 55.2926 -2 -1.47118
    endloop
  endfacet
  facet normal 0 -1 0
    outer loop
      vertex 55.9755 -2 -4.90393
      vertex 55.2926 -2 -1.47118
      vertex 55.147 -2 -1.49278
    endloop
  endfacet
  facet normal 0 -1 0
    outer loop
      vertex 55.4901 -2 -4.97592
      vertex 55.147 -2 -1.49278
      vertex 55 -2 -1.5
    endloop
  endfacet
  facet normal 0 -1 -0
    outer loop
      vertex 54.1666 -2 -1.2472
      vertex 52.2221 -2 -4.15735
      vertex 54.2929 -2 -1.32288
    endloop
  endfacet
  facet normal 0 -1 0
    outer loop
      vertex 56.3858 -2 -0.574024
      vertex 59.6194 -2 -1.91342
      vertex 59.7847 -2 -1.45142
    endloop
  endfacet
  facet normal 0 -1 0
    outer loop
      vertex 52.643 -2 -4.40961
      vertex 54.2929 -2 -1.32288
      vertex 52.2221 -2 -4.15735
    endloop
  endfacet
  facet normal 0 -1 0
    outer loop
      vertex 56.3229 -2 -0.707094
      vertex 59.4096 -2 -2.35698
      vertex 59.6194 -2 -1.91342
    endloop
  endfacet
  facet normal 0 -1 -0
    outer loop
      vertex 54.2929 -2 -1.32288
      vertex 52.643 -2 -4.40961
      vertex 54.426 -2 -1.38582
    endloop
  endfacet
  facet normal 0 -1 0
    outer loop
      vertex 56.2472 -2 -0.833355
      vertex 59.1573 -2 -2.77785
      vertex 59.4096 -2 -2.35698
    endloop
  endfacet
  facet normal 0 -1 0
    outer loop
      vertex 53.0866 -2 -4.6194
      vertex 54.426 -2 -1.38582
      vertex 52.643 -2 -4.40961
    endloop
  endfacet
  facet normal 0 -1 0
    outer loop
      vertex 56.1595 -2 -0.95159
      vertex 58.8651 -2 -3.17197
      vertex 59.1573 -2 -2.77785
    endloop
  endfacet
  facet normal 0 -1 -0
    outer loop
      vertex 54.426 -2 -1.38582
      vertex 53.0866 -2 -4.6194
      vertex 54.5646 -2 -1.43541
    endloop
  endfacet
  facet normal 0 -1 0
    outer loop
      vertex 56.0607 -2 -1.06066
      vertex 58.5355 -2 -3.53553
      vertex 58.8651 -2 -3.17197
    endloop
  endfacet
  facet normal 0 -1 0
    outer loop
      vertex 53.5486 -2 -4.7847
      vertex 54.5646 -2 -1.43541
      vertex 53.0866 -2 -4.6194
    endloop
  endfacet
  facet normal 0 -1 0
    outer loop
      vertex 55.9516 -2 -1.15952
      vertex 58.172 -2 -3.86505
      vertex 58.5355 -2 -3.53553
    endloop
  endfacet
  facet normal 0 -1 -0
    outer loop
      vertex 54.5646 -2 -1.43541
      vertex 53.5486 -2 -4.7847
      vertex 54.7074 -2 -1.47118
    endloop
  endfacet
  facet normal 0 -1 0
    outer loop
      vertex 55.8334 -2 -1.2472
      vertex 57.7779 -2 -4.15735
      vertex 58.172 -2 -3.86505
    endloop
  endfacet
  facet normal 0 -1 0
    outer loop
      vertex 54.0245 -2 -4.90393
      vertex 54.7074 -2 -1.47118
      vertex 53.5486 -2 -4.7847
    endloop
  endfacet
  facet normal 0 -1 0
    outer loop
      vertex 55.7071 -2 -1.32288
      vertex 57.357 -2 -4.40961
      vertex 57.7779 -2 -4.15735
    endloop
  endfacet
  facet normal 0 -1 -0
    outer loop
      vertex 54.7074 -2 -1.47118
      vertex 54.0245 -2 -4.90393
      vertex 54.853 -2 -1.49278
    endloop
  endfacet
  facet normal 0 -1 0
    outer loop
      vertex 55.574 -2 -1.38582
      vertex 56.9134 -2 -4.6194
      vertex 57.357 -2 -4.40961
    endloop
  endfacet
  facet normal 0 -1 0
    outer loop
      vertex 54.5099 -2 -4.97592
      vertex 54.853 -2 -1.49278
      vertex 54.0245 -2 -4.90393
    endloop
  endfacet
  facet normal 0 -1 0
    outer loop
      vertex 55.4354 -2 -1.43541
      vertex 56.4514 -2 -4.7847
      vertex 56.9134 -2 -4.6194
    endloop
  endfacet
  facet normal 0 -1 -0
    outer loop
      vertex 54.853 -2 -1.49278
      vertex 54.5099 -2 -4.97592
      vertex 55 -2 -1.5
    endloop
  endfacet
  facet normal 0 -1 0
    outer loop
      vertex 55.2926 -2 -1.47118
      vertex 55.9755 -2 -4.90393
      vertex 56.4514 -2 -4.7847
    endloop
  endfacet
  facet normal 0 -1 0
    outer loop
      vertex 55 -2 -5
      vertex 55 -2 -1.5
      vertex 54.5099 -2 -4.97592
    endloop
  endfacet
  facet normal 0 -1 0
    outer loop
      vertex 55.147 -2 -1.49278
      vertex 55.4901 -2 -4.97592
      vertex 55.9755 -2 -4.90393
    endloop
  endfacet
  facet normal 0 -1 0
    outer loop
      vertex 55 -2 -1.5
      vertex 55 -2 -5
      vertex 55.4901 -2 -4.97592
    endloop
  endfacet
  facet normal -0.998793 0 0.0491157
    outer loop
      vertex 50 -2 0
      vertex 50.0241 2 0.490086
      vertex 50 2 0
    endloop
  endfacet
  facet normal -0.998793 0 0.0491157
    outer loop
      vertex 50.0241 2 0.490086
      vertex 50 -2 0
      vertex 50.0241 -2 0.490086
    endloop
  endfacet
  facet normal -0.336879 0 -0.941548
    outer loop
      vertex 53.0866 -2 -4.6194
      vertex 53.5486 2 -4.7847
      vertex 53.5486 -2 -4.7847
    endloop
  endfacet
  facet normal -0.336879 0 -0.941548
    outer loop
      vertex 53.5486 2 -4.7847
      vertex 53.0866 -2 -4.6194
      vertex 53.0866 2 -4.6194
    endloop
  endfacet
  facet normal 0.671629 0 -0.740887
    outer loop
      vertex 58.172 -2 -3.86505
      vertex 58.5355 2 -3.53553
      vertex 58.5355 -2 -3.53553
    endloop
  endfacet
  facet normal 0.671629 0 -0.740887
    outer loop
      vertex 58.5355 2 -3.53553
      vertex 58.172 -2 -3.86505
      vertex 58.172 2 -3.86505
    endloop
  endfacet
  facet normal -0.989176 0 -0.146736
    outer loop
      vertex 56.4928 -2 0.147025
      vertex 56.4712 2 0.292635
      vertex 56.4928 2 0.147025
    endloop
  endfacet
  facet normal -0.989176 -0 -0.146736
    outer loop
      vertex 56.4712 2 0.292635
      vertex 56.4928 -2 0.147025
      vertex 56.4712 -2 0.292635
    endloop
  endfacet
  facet normal -0.998803 0 -0.0489126
    outer loop
      vertex 56.5 -2 0
      vertex 56.4928 2 0.147025
      vertex 56.5 2 0
    endloop
  endfacet
  facet normal -0.998803 -0 -0.0489126
    outer loop
      vertex 56.4928 2 0.147025
      vertex 56.5 -2 0
      vertex 56.4928 -2 0.147025
    endloop
  endfacet
  facet normal -0.969979 0 -0.243188
    outer loop
      vertex 56.4712 -2 0.292635
      vertex 56.4354 2 0.435427
      vertex 56.4712 2 0.292635
    endloop
  endfacet
  facet normal -0.969979 -0 -0.243188
    outer loop
      vertex 56.4354 2 0.435427
      vertex 56.4712 -2 0.292635
      vertex 56.4354 -2 0.435427
    endloop
  endfacet
  facet normal -0.427491 0 0.90402
    outer loop
      vertex 55.574 2 -1.38582
      vertex 55.7071 -2 -1.32288
      vertex 55.7071 2 -1.32288
    endloop
  endfacet
  facet normal -0.427491 0 0.90402
    outer loop
      vertex 55.7071 -2 -1.32288
      vertex 55.574 2 -1.38582
      vertex 55.574 -2 -1.38582
    endloop
  endfacet
  facet normal 0.595773 0 -0.803153
    outer loop
      vertex 54.0484 -2 1.15952
      vertex 54.1666 2 1.2472
      vertex 54.1666 -2 1.2472
    endloop
  endfacet
  facet normal 0.595773 0 -0.803153
    outer loop
      vertex 54.1666 2 1.2472
      vertex 54.0484 -2 1.15952
      vertex 54.0484 2 1.15952
    endloop
  endfacet
  facet normal 0.904088 0 -0.427347
    outer loop
      vertex 53.6771 -2 0.707094
      vertex 53.6142 2 0.574024
      vertex 53.6771 2 0.707094
    endloop
  endfacet
  facet normal 0.904088 0 -0.427347
    outer loop
      vertex 53.6142 2 0.574024
      vertex 53.6771 -2 0.707094
      vertex 53.6142 -2 0.574024
    endloop
  endfacet
  facet normal 0.969979 0 -0.243188
    outer loop
      vertex 53.5646 -2 0.435427
      vertex 53.5288 2 0.292635
      vertex 53.5646 2 0.435427
    endloop
  endfacet
  facet normal 0.969979 0 -0.243188
    outer loop
      vertex 53.5288 2 0.292635
      vertex 53.5646 -2 0.435427
      vertex 53.5288 -2 0.292635
    endloop
  endfacet
  facet normal -0.513996 0 0.857792
    outer loop
      vertex 55.7071 2 -1.32288
      vertex 55.8334 -2 -1.2472
      vertex 55.8334 2 -1.2472
    endloop
  endfacet
  facet normal -0.513996 0 0.857792
    outer loop
      vertex 55.8334 -2 -1.2472
      vertex 55.7071 2 -1.32288
      vertex 55.7071 -2 -1.32288
    endloop
  endfacet
  facet normal -0.242983 0 0.970031
    outer loop
      vertex 55.2926 2 -1.47118
      vertex 55.4354 -2 -1.43541
      vertex 55.4354 2 -1.43541
    endloop
  endfacet
  facet normal -0.242983 0 0.970031
    outer loop
      vertex 55.4354 -2 -1.43541
      vertex 55.2926 2 -1.47118
      vertex 55.2926 -2 -1.47118
    endloop
  endfacet
  facet normal -0.0490565 0 -0.998796
    outer loop
      vertex 55 -2 1.5
      vertex 55.147 2 1.49278
      vertex 55.147 -2 1.49278
    endloop
  endfacet
  facet normal -0.0490565 0 -0.998796
    outer loop
      vertex 55.147 2 1.49278
      vertex 55 -2 1.5
      vertex 55 2 1.5
    endloop
  endfacet
  facet normal -0.146746 0 -0.989174
    outer loop
      vertex 55.147 -2 1.49278
      vertex 55.2926 2 1.47118
      vertex 55.2926 -2 1.47118
    endloop
  endfacet
  facet normal -0.146746 0 -0.989174
    outer loop
      vertex 55.2926 2 1.47118
      vertex 55.147 -2 1.49278
      vertex 55.147 2 1.49278
    endloop
  endfacet
  facet normal -0.427491 0 -0.90402
    outer loop
      vertex 55.574 -2 1.38582
      vertex 55.7071 2 1.32288
      vertex 55.7071 -2 1.32288
    endloop
  endfacet
  facet normal -0.427491 0 -0.90402
    outer loop
      vertex 55.7071 2 1.32288
      vertex 55.574 -2 1.38582
      vertex 55.574 2 1.38582
    endloop
  endfacet
  facet normal -0.146746 0 0.989174
    outer loop
      vertex 55.147 2 -1.49278
      vertex 55.2926 -2 -1.47118
      vertex 55.2926 2 -1.47118
    endloop
  endfacet
  facet normal -0.146746 0 0.989174
    outer loop
      vertex 55.2926 -2 -1.47118
      vertex 55.147 2 -1.49278
      vertex 55.147 -2 -1.49278
    endloop
  endfacet
  facet normal -0.803172 0 0.595747
    outer loop
      vertex 56.1595 -2 -0.95159
      vertex 56.2472 2 -0.833355
      vertex 56.1595 2 -0.95159
    endloop
  endfacet
  facet normal -0.803172 0 0.595747
    outer loop
      vertex 56.2472 2 -0.833355
      vertex 56.1595 -2 -0.95159
      vertex 56.2472 -2 -0.833355
    endloop
  endfacet
  facet normal 0.741138 -0 0.671353
    outer loop
      vertex 53.8405 -2 -0.95159
      vertex 53.9393 2 -1.06066
      vertex 53.8405 2 -0.95159
    endloop
  endfacet
  facet normal 0.741138 0 0.671353
    outer loop
      vertex 53.9393 2 -1.06066
      vertex 53.8405 -2 -0.95159
      vertex 53.9393 -2 -1.06066
    endloop
  endfacet
  facet normal 0.513996 0 -0.857792
    outer loop
      vertex 54.1666 -2 1.2472
      vertex 54.2929 2 1.32288
      vertex 54.2929 -2 1.32288
    endloop
  endfacet
  facet normal 0.513996 0 -0.857792
    outer loop
      vertex 54.2929 2 1.32288
      vertex 54.1666 -2 1.2472
      vertex 54.1666 2 1.2472
    endloop
  endfacet
  facet normal -0.989176 0 0.146736
    outer loop
      vertex 56.4712 -2 -0.292635
      vertex 56.4928 2 -0.147025
      vertex 56.4712 2 -0.292635
    endloop
  endfacet
  facet normal -0.989176 0 0.146736
    outer loop
      vertex 56.4928 2 -0.147025
      vertex 56.4712 -2 -0.292635
      vertex 56.4928 -2 -0.147025
    endloop
  endfacet
  facet normal 0.146746 0 0.989174
    outer loop
      vertex 54.7074 2 -1.47118
      vertex 54.853 -2 -1.49278
      vertex 54.853 2 -1.49278
    endloop
  endfacet
  facet normal 0.146746 0 0.989174
    outer loop
      vertex 54.853 -2 -1.49278
      vertex 54.7074 2 -1.47118
      vertex 54.7074 -2 -1.47118
    endloop
  endfacet
  facet normal -0.595773 0 0.803153
    outer loop
      vertex 55.8334 2 -1.2472
      vertex 55.9516 -2 -1.15952
      vertex 55.9516 2 -1.15952
    endloop
  endfacet
  facet normal -0.595773 0 0.803153
    outer loop
      vertex 55.9516 -2 -1.15952
      vertex 55.8334 2 -1.2472
      vertex 55.8334 -2 -1.2472
    endloop
  endfacet
  facet normal 0.0490565 0 0.998796
    outer loop
      vertex 54.853 2 -1.49278
      vertex 55 -2 -1.5
      vertex 55 2 -1.5
    endloop
  endfacet
  facet normal 0.0490565 0 0.998796
    outer loop
      vertex 55 -2 -1.5
      vertex 54.853 2 -1.49278
      vertex 54.853 -2 -1.49278
    endloop
  endfacet
  facet normal -0.595773 0 -0.803153
    outer loop
      vertex 55.8334 -2 1.2472
      vertex 55.9516 2 1.15952
      vertex 55.9516 -2 1.15952
    endloop
  endfacet
  facet normal -0.595773 0 -0.803153
    outer loop
      vertex 55.9516 2 1.15952
      vertex 55.8334 -2 1.2472
      vertex 55.8334 2 1.2472
    endloop
  endfacet
  facet normal -0.969979 0 0.243188
    outer loop
      vertex 56.4354 -2 -0.435427
      vertex 56.4712 2 -0.292635
      vertex 56.4354 2 -0.435427
    endloop
  endfacet
  facet normal -0.969979 0 0.243188
    outer loop
      vertex 56.4712 2 -0.292635
      vertex 56.4354 -2 -0.435427
      vertex 56.4712 -2 -0.292635
    endloop
  endfacet
  facet normal 0.989176 0 -0.146736
    outer loop
      vertex 53.5288 -2 0.292635
      vertex 53.5072 2 0.147025
      vertex 53.5288 2 0.292635
    endloop
  endfacet
  facet normal 0.989176 0 -0.146736
    outer loop
      vertex 53.5072 2 0.147025
      vertex 53.5288 -2 0.292635
      vertex 53.5072 -2 0.147025
    endloop
  endfacet
  facet normal 0.857662 0 -0.514213
    outer loop
      vertex 53.7528 -2 0.833355
      vertex 53.6771 2 0.707094
      vertex 53.7528 2 0.833355
    endloop
  endfacet
  facet normal 0.857662 0 -0.514213
    outer loop
      vertex 53.6771 2 0.707094
      vertex 53.7528 -2 0.833355
      vertex 53.6771 -2 0.707094
    endloop
  endfacet
  facet normal 0.941524 -0 0.336945
    outer loop
      vertex 53.5646 -2 -0.435427
      vertex 53.6142 2 -0.574024
      vertex 53.5646 2 -0.435427
    endloop
  endfacet
  facet normal 0.941524 0 0.336945
    outer loop
      vertex 53.6142 2 -0.574024
      vertex 53.5646 -2 -0.435427
      vertex 53.6142 -2 -0.574024
    endloop
  endfacet
  facet normal 0.146746 0 -0.989174
    outer loop
      vertex 54.7074 -2 1.47118
      vertex 54.853 2 1.49278
      vertex 54.853 -2 1.49278
    endloop
  endfacet
  facet normal 0.146746 0 -0.989174
    outer loop
      vertex 54.853 2 1.49278
      vertex 54.7074 -2 1.47118
      vertex 54.7074 2 1.47118
    endloop
  endfacet
  facet normal -0.803172 0 -0.595747
    outer loop
      vertex 56.2472 -2 0.833355
      vertex 56.1595 2 0.95159
      vertex 56.2472 2 0.833355
    endloop
  endfacet
  facet normal -0.803172 -0 -0.595747
    outer loop
      vertex 56.1595 2 0.95159
      vertex 56.2472 -2 0.833355
      vertex 56.1595 -2 0.95159
    endloop
  endfacet
  facet normal 0.969979 -0 0.243188
    outer loop
      vertex 53.5288 -2 -0.292635
      vertex 53.5646 2 -0.435427
      vertex 53.5288 2 -0.292635
    endloop
  endfacet
  facet normal 0.969979 0 0.243188
    outer loop
      vertex 53.5646 2 -0.435427
      vertex 53.5288 -2 -0.292635
      vertex 53.5646 -2 -0.435427
    endloop
  endfacet
  facet normal 0.998803 -0 0.0489126
    outer loop
      vertex 53.5 -2 0
      vertex 53.5072 2 -0.147025
      vertex 53.5 2 0
    endloop
  endfacet
  facet normal 0.998803 0 0.0489126
    outer loop
      vertex 53.5072 2 -0.147025
      vertex 53.5 -2 0
      vertex 53.5072 -2 -0.147025
    endloop
  endfacet
  facet normal -0.513996 0 -0.857792
    outer loop
      vertex 55.7071 -2 1.32288
      vertex 55.8334 2 1.2472
      vertex 55.8334 -2 1.2472
    endloop
  endfacet
  facet normal -0.513996 0 -0.857792
    outer loop
      vertex 55.8334 2 1.2472
      vertex 55.7071 -2 1.32288
      vertex 55.7071 2 1.32288
    endloop
  endfacet
  facet normal -0.998803 0 0.0489126
    outer loop
      vertex 56.4928 -2 -0.147025
      vertex 56.5 2 0
      vertex 56.4928 2 -0.147025
    endloop
  endfacet
  facet normal -0.998803 0 0.0489126
    outer loop
      vertex 56.5 2 0
      vertex 56.4928 -2 -0.147025
      vertex 56.5 -2 0
    endloop
  endfacet
  facet normal -0.904088 0 0.427347
    outer loop
      vertex 56.3229 -2 -0.707094
      vertex 56.3858 2 -0.574024
      vertex 56.3229 2 -0.707094
    endloop
  endfacet
  facet normal -0.904088 0 0.427347
    outer loop
      vertex 56.3858 2 -0.574024
      vertex 56.3229 -2 -0.707094
      vertex 56.3858 -2 -0.574024
    endloop
  endfacet
  facet normal -0.857662 0 -0.514213
    outer loop
      vertex 56.3229 -2 0.707094
      vertex 56.2472 2 0.833355
      vertex 56.3229 2 0.707094
    endloop
  endfacet
  facet normal -0.857662 -0 -0.514213
    outer loop
      vertex 56.2472 2 0.833355
      vertex 56.3229 -2 0.707094
      vertex 56.2472 -2 0.833355
    endloop
  endfacet
  facet normal -0.741138 0 -0.671353
    outer loop
      vertex 56.1595 -2 0.95159
      vertex 56.0607 2 1.06066
      vertex 56.1595 2 0.95159
    endloop
  endfacet
  facet normal -0.741138 -0 -0.671353
    outer loop
      vertex 56.0607 2 1.06066
      vertex 56.1595 -2 0.95159
      vertex 56.0607 -2 1.06066
    endloop
  endfacet
  facet normal 0.0490565 0 -0.998796
    outer loop
      vertex 54.853 -2 1.49278
      vertex 55 2 1.5
      vertex 55 -2 1.5
    endloop
  endfacet
  facet normal 0.0490565 0 -0.998796
    outer loop
      vertex 55 2 1.5
      vertex 54.853 -2 1.49278
      vertex 54.853 2 1.49278
    endloop
  endfacet
  facet normal 0.741138 0 -0.671353
    outer loop
      vertex 53.9393 -2 1.06066
      vertex 53.8405 2 0.95159
      vertex 53.9393 2 1.06066
    endloop
  endfacet
  facet normal 0.741138 0 -0.671353
    outer loop
      vertex 53.8405 2 0.95159
      vertex 53.9393 -2 1.06066
      vertex 53.8405 -2 0.95159
    endloop
  endfacet
  facet normal 0.671475 0 0.741027
    outer loop
      vertex 53.9393 2 -1.06066
      vertex 54.0484 -2 -1.15952
      vertex 54.0484 2 -1.15952
    endloop
  endfacet
  facet normal 0.671475 0 0.741027
    outer loop
      vertex 54.0484 -2 -1.15952
      vertex 53.9393 2 -1.06066
      vertex 53.9393 -2 -1.06066
    endloop
  endfacet
  facet normal -0.0490565 0 0.998796
    outer loop
      vertex 55 2 -1.5
      vertex 55.147 -2 -1.49278
      vertex 55.147 2 -1.49278
    endloop
  endfacet
  facet normal -0.0490565 0 0.998796
    outer loop
      vertex 55.147 -2 -1.49278
      vertex 55 2 -1.5
      vertex 55 -2 -1.5
    endloop
  endfacet
  facet normal -0.941524 0 -0.336945
    outer loop
      vertex 56.4354 -2 0.435427
      vertex 56.3858 2 0.574024
      vertex 56.4354 2 0.435427
    endloop
  endfacet
  facet normal -0.941524 -0 -0.336945
    outer loop
      vertex 56.3858 2 0.574024
      vertex 56.4354 -2 0.435427
      vertex 56.3858 -2 0.574024
    endloop
  endfacet
  facet normal -0.857662 0 0.514213
    outer loop
      vertex 56.2472 -2 -0.833355
      vertex 56.3229 2 -0.707094
      vertex 56.2472 2 -0.833355
    endloop
  endfacet
  facet normal -0.857662 0 0.514213
    outer loop
      vertex 56.3229 2 -0.707094
      vertex 56.2472 -2 -0.833355
      vertex 56.3229 -2 -0.707094
    endloop
  endfacet
  facet normal -0.671475 0 -0.741027
    outer loop
      vertex 55.9516 -2 1.15952
      vertex 56.0607 2 1.06066
      vertex 56.0607 -2 1.06066
    endloop
  endfacet
  facet normal -0.671475 0 -0.741027
    outer loop
      vertex 56.0607 2 1.06066
      vertex 55.9516 -2 1.15952
      vertex 55.9516 2 1.15952
    endloop
  endfacet
  facet normal 0.242983 0 -0.970031
    outer loop
      vertex 54.5646 -2 1.43541
      vertex 54.7074 2 1.47118
      vertex 54.7074 -2 1.47118
    endloop
  endfacet
  facet normal 0.242983 0 -0.970031
    outer loop
      vertex 54.7074 2 1.47118
      vertex 54.5646 -2 1.43541
      vertex 54.5646 2 1.43541
    endloop
  endfacet
  facet normal -0.941524 0 0.336945
    outer loop
      vertex 56.3858 -2 -0.574024
      vertex 56.4354 2 -0.435427
      vertex 56.3858 2 -0.574024
    endloop
  endfacet
  facet normal -0.941524 0 0.336945
    outer loop
      vertex 56.4354 2 -0.435427
      vertex 56.3858 -2 -0.574024
      vertex 56.4354 -2 -0.435427
    endloop
  endfacet
  facet normal -0.336879 0 0.941548
    outer loop
      vertex 55.4354 2 -1.43541
      vertex 55.574 -2 -1.38582
      vertex 55.574 2 -1.38582
    endloop
  endfacet
  facet normal -0.336879 0 0.941548
    outer loop
      vertex 55.574 -2 -1.38582
      vertex 55.4354 2 -1.43541
      vertex 55.4354 -2 -1.43541
    endloop
  endfacet
  facet normal 0.427491 0 -0.90402
    outer loop
      vertex 54.2929 -2 1.32288
      vertex 54.426 2 1.38582
      vertex 54.426 -2 1.38582
    endloop
  endfacet
  facet normal 0.427491 0 -0.90402
    outer loop
      vertex 54.426 2 1.38582
      vertex 54.2929 -2 1.32288
      vertex 54.2929 2 1.32288
    endloop
  endfacet
  facet normal -0.904088 0 -0.427347
    outer loop
      vertex 56.3858 -2 0.574024
      vertex 56.3229 2 0.707094
      vertex 56.3858 2 0.574024
    endloop
  endfacet
  facet normal -0.904088 -0 -0.427347
    outer loop
      vertex 56.3229 2 0.707094
      vertex 56.3858 -2 0.574024
      vertex 56.3229 -2 0.707094
    endloop
  endfacet
  facet normal 0.671475 0 -0.741027
    outer loop
      vertex 53.9393 -2 1.06066
      vertex 54.0484 2 1.15952
      vertex 54.0484 -2 1.15952
    endloop
  endfacet
  facet normal 0.671475 0 -0.741027
    outer loop
      vertex 54.0484 2 1.15952
      vertex 53.9393 -2 1.06066
      vertex 53.9393 2 1.06066
    endloop
  endfacet
  facet normal -0.336879 0 -0.941548
    outer loop
      vertex 55.4354 -2 1.43541
      vertex 55.574 2 1.38582
      vertex 55.574 -2 1.38582
    endloop
  endfacet
  facet normal -0.336879 0 -0.941548
    outer loop
      vertex 55.574 2 1.38582
      vertex 55.4354 -2 1.43541
      vertex 55.4354 2 1.43541
    endloop
  endfacet
  facet normal 0.336879 0 -0.941548
    outer loop
      vertex 54.426 -2 1.38582
      vertex 54.5646 2 1.43541
      vertex 54.5646 -2 1.43541
    endloop
  endfacet
  facet normal 0.336879 0 -0.941548
    outer loop
      vertex 54.5646 2 1.43541
      vertex 54.426 -2 1.38582
      vertex 54.426 2 1.38582
    endloop
  endfacet
  facet normal 0.857662 -0 0.514213
    outer loop
      vertex 53.6771 -2 -0.707094
      vertex 53.7528 2 -0.833355
      vertex 53.6771 2 -0.707094
    endloop
  endfacet
  facet normal 0.857662 0 0.514213
    outer loop
      vertex 53.7528 2 -0.833355
      vertex 53.6771 -2 -0.707094
      vertex 53.7528 -2 -0.833355
    endloop
  endfacet
  facet normal 0.513996 0 0.857792
    outer loop
      vertex 54.1666 2 -1.2472
      vertex 54.2929 -2 -1.32288
      vertex 54.2929 2 -1.32288
    endloop
  endfacet
  facet normal 0.513996 0 0.857792
    outer loop
      vertex 54.2929 -2 -1.32288
      vertex 54.1666 2 -1.2472
      vertex 54.1666 -2 -1.2472
    endloop
  endfacet
  facet normal -0.242983 0 -0.970031
    outer loop
      vertex 55.2926 -2 1.47118
      vertex 55.4354 2 1.43541
      vertex 55.4354 -2 1.43541
    endloop
  endfacet
  facet normal -0.242983 0 -0.970031
    outer loop
      vertex 55.4354 2 1.43541
      vertex 55.2926 -2 1.47118
      vertex 55.2926 2 1.47118
    endloop
  endfacet
  facet normal 0.595773 0 0.803153
    outer loop
      vertex 54.0484 2 -1.15952
      vertex 54.1666 -2 -1.2472
      vertex 54.1666 2 -1.2472
    endloop
  endfacet
  facet normal 0.595773 0 0.803153
    outer loop
      vertex 54.1666 -2 -1.2472
      vertex 54.0484 2 -1.15952
      vertex 54.0484 -2 -1.15952
    endloop
  endfacet
  facet normal 0.427491 0 0.90402
    outer loop
      vertex 54.2929 2 -1.32288
      vertex 54.426 -2 -1.38582
      vertex 54.426 2 -1.38582
    endloop
  endfacet
  facet normal 0.427491 0 0.90402
    outer loop
      vertex 54.426 -2 -1.38582
      vertex 54.2929 2 -1.32288
      vertex 54.2929 -2 -1.32288
    endloop
  endfacet
  facet normal 0.803172 -0 0.595747
    outer loop
      vertex 53.7528 -2 -0.833355
      vertex 53.8405 2 -0.95159
      vertex 53.7528 2 -0.833355
    endloop
  endfacet
  facet normal 0.803172 0 0.595747
    outer loop
      vertex 53.8405 2 -0.95159
      vertex 53.7528 -2 -0.833355
      vertex 53.8405 -2 -0.95159
    endloop
  endfacet
  facet normal 0.242983 0 0.970031
    outer loop
      vertex 54.5646 2 -1.43541
      vertex 54.7074 -2 -1.47118
      vertex 54.7074 2 -1.47118
    endloop
  endfacet
  facet normal 0.242983 0 0.970031
    outer loop
      vertex 54.7074 -2 -1.47118
      vertex 54.5646 2 -1.43541
      vertex 54.5646 -2 -1.43541
    endloop
  endfacet
  facet normal 0.989176 -0 0.146736
    outer loop
      vertex 53.5072 -2 -0.147025
      vertex 53.5288 2 -0.292635
      vertex 53.5072 2 -0.147025
    endloop
  endfacet
  facet normal 0.989176 0 0.146736
    outer loop
      vertex 53.5288 2 -0.292635
      vertex 53.5072 -2 -0.147025
      vertex 53.5288 -2 -0.292635
    endloop
  endfacet
  facet normal 0.904088 -0 0.427347
    outer loop
      vertex 53.6142 -2 -0.574024
      vertex 53.6771 2 -0.707094
      vertex 53.6142 2 -0.574024
    endloop
  endfacet
  facet normal 0.904088 0 0.427347
    outer loop
      vertex 53.6771 2 -0.707094
      vertex 53.6142 -2 -0.574024
      vertex 53.6771 -2 -0.707094
    endloop
  endfacet
  facet normal 0.941524 0 -0.336945
    outer loop
      vertex 53.6142 -2 0.574024
      vertex 53.5646 2 0.435427
      vertex 53.6142 2 0.574024
    endloop
  endfacet
  facet normal 0.941524 0 -0.336945
    outer loop
      vertex 53.5646 2 0.435427
      vertex 53.6142 -2 0.574024
      vertex 53.5646 -2 0.435427
    endloop
  endfacet
  facet normal 0.803172 0 -0.595747
    outer loop
      vertex 53.8405 -2 0.95159
      vertex 53.7528 2 0.833355
      vertex 53.8405 2 0.95159
    endloop
  endfacet
  facet normal 0.803172 0 -0.595747
    outer loop
      vertex 53.7528 2 0.833355
      vertex 53.8405 -2 0.95159
      vertex 53.7528 -2 0.833355
    endloop
  endfacet
  facet normal 0.998803 0 -0.0489126
    outer loop
      vertex 53.5072 -2 0.147025
      vertex 53.5 2 0
      vertex 53.5072 2 0.147025
    endloop
  endfacet
  facet normal 0.998803 0 -0.0489126
    outer loop
      vertex 53.5 2 0
      vertex 53.5072 -2 0.147025
      vertex 53.5 -2 0
    endloop
  endfacet
  facet normal 0.336879 0 0.941548
    outer loop
      vertex 54.426 2 -1.38582
      vertex 54.5646 -2 -1.43541
      vertex 54.5646 2 -1.43541
    endloop
  endfacet
  facet normal 0.336879 0 0.941548
    outer loop
      vertex 54.5646 -2 -1.43541
      vertex 54.426 2 -1.38582
      vertex 54.426 -2 -1.38582
    endloop
  endfacet
  facet normal -0.741138 0 0.671353
    outer loop
      vertex 56.0607 -2 -1.06066
      vertex 56.1595 2 -0.95159
      vertex 56.0607 2 -1.06066
    endloop
  endfacet
  facet normal -0.741138 0 0.671353
    outer loop
      vertex 56.1595 2 -0.95159
      vertex 56.0607 -2 -1.06066
      vertex 56.1595 -2 -0.95159
    endloop
  endfacet
  facet normal -0.671475 0 0.741027
    outer loop
      vertex 55.9516 2 -1.15952
      vertex 56.0607 -2 -1.06066
      vertex 56.0607 2 -1.06066
    endloop
  endfacet
  facet normal -0.671475 0 0.741027
    outer loop
      vertex 56.0607 -2 -1.06066
      vertex 55.9516 2 -1.15952
      vertex 55.9516 -2 -1.15952
    endloop
  endfacet
  facet normal -0.998795 0 0.049068
    outer loop
      vertex -9 -2 -40
      vertex -8.95666 2 -39.1178
      vertex -9 2 -40
    endloop
  endfacet
  facet normal -0.998795 0 0.049068
    outer loop
      vertex -8.95666 2 -39.1178
      vertex -9 -2 -40
      vertex -8.95666 -2 -39.1178
    endloop
  endfacet
  facet normal 0.989176 -0 0.146735
    outer loop
      vertex 8.82707 -2 -38.2442
      vertex 8.95666 2 -39.1178
      vertex 8.82707 2 -38.2442
    endloop
  endfacet
  facet normal 0.989176 0 0.146735
    outer loop
      vertex 8.95666 2 -39.1178
      vertex 8.82707 -2 -38.2442
      vertex 8.95666 -2 -39.1178
    endloop
  endfacet
  facet normal 0.998795 -0 0.049068
    outer loop
      vertex 8.95666 -2 -39.1178
      vertex 9 2 -40
      vertex 8.95666 2 -39.1178
    endloop
  endfacet
  facet normal 0.998795 0 0.049068
    outer loop
      vertex 9 2 -40
      vertex 8.95666 -2 -39.1178
      vertex 9 -2 -40
    endloop
  endfacet
  facet normal 0.970033 -0 0.242972
    outer loop
      vertex 8.61246 -2 -37.3874
      vertex 8.82707 2 -38.2442
      vertex 8.61246 2 -37.3874
    endloop
  endfacet
  facet normal 0.970033 0 0.242972
    outer loop
      vertex 8.82707 2 -38.2442
      vertex 8.61246 -2 -37.3874
      vertex 8.82707 -2 -38.2442
    endloop
  endfacet
  facet normal 0.671779 0 0.740752
    outer loop
      vertex 5.97111 0.588102 -33.28
      vertex 5.97111 -0.588102 -33.28
      vertex 6 0 -33.3062
    endloop
  endfacet
  facet normal 0.671519 0 0.740987
    outer loop
      vertex 5.88471 1.17054 -33.2017
      vertex 5.97111 -0.588102 -33.28
      vertex 5.97111 0.588102 -33.28
    endloop
  endfacet
  facet normal 0.671519 0 0.740987
    outer loop
      vertex 5.88471 1.17054 -33.2017
      vertex 5.88471 -1.17054 -33.2017
      vertex 5.97111 -0.588102 -33.28
    endloop
  endfacet
  facet normal 0.671631 -4.44667e-06 0.740885
    outer loop
      vertex 5.70954 1.83143 -33.0429
      vertex 5.88471 1.17054 -33.2017
      vertex 5.74164 1.74171 -33.072
    endloop
  endfacet
  facet normal 0.671641 0 0.740877
    outer loop
      vertex 5.88471 1.17054 -33.2017
      vertex 5.70954 1.83143 -33.0429
      vertex 5.88471 -1.17054 -33.2017
    endloop
  endfacet
  facet normal 0.671641 -0 0.740877
    outer loop
      vertex 5.70954 -1.83143 -33.0429
      vertex 5.88471 -1.17054 -33.2017
      vertex 5.70954 1.83143 -33.0429
    endloop
  endfacet
  facet normal 0.671631 4.44667e-06 0.740885
    outer loop
      vertex 5.88471 -1.17054 -33.2017
      vertex 5.70954 -1.83143 -33.0429
      vertex 5.74164 -1.74171 -33.072
    endloop
  endfacet
  facet normal -0.857667 0 -0.514205
    outer loop
      vertex -7.84628 -1.56072 -44.3944
      vertex -7.93729 -2 -44.2426
      vertex -7.93729 -0.947187 -44.2426
    endloop
  endfacet
  facet normal -0.857718 4.00641e-05 -0.51412
    outer loop
      vertex -7.93729 -2 -44.2426
      vertex -7.84628 -1.56072 -44.3944
      vertex -7.73625 -2 -44.578
    endloop
  endfacet
  facet normal -0.857718 -4.00641e-05 -0.51412
    outer loop
      vertex -7.84628 1.56072 -44.3944
      vertex -7.93729 2 -44.2426
      vertex -7.73625 2 -44.578
    endloop
  endfacet
  facet normal -0.857667 -0 -0.514205
    outer loop
      vertex -7.93729 2 -44.2426
      vertex -7.84628 1.56072 -44.3944
      vertex -7.93729 0.947187 -44.2426
    endloop
  endfacet
  facet normal 0.941548 -0 0.336879
    outer loop
      vertex 8.31492 -2 -36.5558
      vertex 8.61246 2 -37.3874
      vertex 8.31492 2 -36.5558
    endloop
  endfacet
  facet normal 0.941548 0 0.336879
    outer loop
      vertex 8.61246 2 -37.3874
      vertex 8.31492 -2 -36.5558
      vertex 8.61246 -2 -37.3874
    endloop
  endfacet
  facet normal -0.970033 0 0.242972
    outer loop
      vertex -8.82707 -2 -38.2442
      vertex -8.61246 2 -37.3874
      vertex -8.82707 2 -38.2442
    endloop
  endfacet
  facet normal -0.970033 0 0.242972
    outer loop
      vertex -8.61246 2 -37.3874
      vertex -8.82707 -2 -38.2442
      vertex -8.61246 -2 -37.3874
    endloop
  endfacet
  facet normal -0.941535 0 -0.336914
    outer loop
      vertex -8.31492 -2 -43.4441
      vertex -8.61246 2 -42.6126
      vertex -8.31492 2 -43.4441
    endloop
  endfacet
  facet normal -0.941535 -0 -0.336914
    outer loop
      vertex -8.61246 2 -42.6126
      vertex -8.31492 -2 -43.4441
      vertex -8.61246 -2 -42.6126
    endloop
  endfacet
  facet normal -0.336942 0 0.941525
    outer loop
      vertex -3.44415 2 -31.6851
      vertex -2.61256 -2 -31.3875
      vertex -2.61256 2 -31.3875
    endloop
  endfacet
  facet normal -0.336942 0 0.941525
    outer loop
      vertex -2.61256 -2 -31.3875
      vertex -3.44415 2 -31.6851
      vertex -3.44415 -2 -31.6851
    endloop
  endfacet
  facet normal -0.989176 0 -0.146735
    outer loop
      vertex -8.82707 -2 -41.7558
      vertex -8.95666 2 -40.8822
      vertex -8.82707 2 -41.7558
    endloop
  endfacet
  facet normal -0.989176 -0 -0.146735
    outer loop
      vertex -8.95666 2 -40.8822
      vertex -8.82707 -2 -41.7558
      vertex -8.95666 -2 -40.8822
    endloop
  endfacet
  facet normal 0.904003 0 -0.427525
    outer loop
      vertex 8.31492 2 -43.4441
      vertex 7.93729 0.947187 -44.2426
      vertex 7.93729 2 -44.2426
    endloop
  endfacet
  facet normal 0.904051 -9.30129e-05 -0.427425
    outer loop
      vertex 8.31492 2 -43.4441
      vertex 7.96148 0.784137 -44.1914
      vertex 7.93729 0.947187 -44.2426
    endloop
  endfacet
  facet normal 0.903979 2.10898e-05 -0.427577
    outer loop
      vertex 8.31492 2 -43.4441
      vertex 8 0 -44.11
      vertex 7.96148 0.784137 -44.1914
    endloop
  endfacet
  facet normal 0.904004 0 -0.427525
    outer loop
      vertex 8.31492 -2 -43.4441
      vertex 8 0 -44.11
      vertex 8.31492 2 -43.4441
    endloop
  endfacet
  facet normal 0.903979 -2.10898e-05 -0.427577
    outer loop
      vertex 8 0 -44.11
      vertex 8.31492 -2 -43.4441
      vertex 7.96148 -0.784137 -44.1914
    endloop
  endfacet
  facet normal 0.904051 9.30129e-05 -0.427425
    outer loop
      vertex 8.31492 -2 -43.4441
      vertex 7.93729 -0.947187 -44.2426
      vertex 7.96148 -0.784137 -44.1914
    endloop
  endfacet
  facet normal 0.904003 0 -0.427525
    outer loop
      vertex 7.93729 -0.947187 -44.2426
      vertex 8.31492 -2 -43.4441
      vertex 7.93729 -2 -44.2426
    endloop
  endfacet
  facet normal 0.989176 0 -0.146735
    outer loop
      vertex 8.95666 -2 -40.8822
      vertex 8.82707 2 -41.7558
      vertex 8.95666 2 -40.8822
    endloop
  endfacet
  facet normal 0.989176 0 -0.146735
    outer loop
      vertex 8.82707 2 -41.7558
      vertex 8.95666 -2 -40.8822
      vertex 8.82707 -2 -41.7558
    endloop
  endfacet
  facet normal -0.595701 -0.00017416 -0.803206
    outer loop
      vertex -5.70954 -1.83143 -46.9571
      vertex -5.00013 -2 -47.4832
      vertex -5.64922 -2 -47.0018
    endloop
  endfacet
  facet normal -0.595674 0 -0.803226
    outer loop
      vertex -5.00013 -2 -47.4832
      vertex -5.70954 -1.83143 -46.9571
      vertex -5.00013 2 -47.4832
    endloop
  endfacet
  facet normal -0.595674 -0 -0.803226
    outer loop
      vertex -5.70954 1.83143 -46.9571
      vertex -5.00013 2 -47.4832
      vertex -5.70954 -1.83143 -46.9571
    endloop
  endfacet
  facet normal -0.595701 0.00017416 -0.803206
    outer loop
      vertex -5.00013 2 -47.4832
      vertex -5.70954 1.83143 -46.9571
      vertex -5.64922 2 -47.0018
    endloop
  endfacet
  facet normal 0.595701 -0.00017416 -0.803206
    outer loop
      vertex 5.00013 -2 -47.4832
      vertex 5.70954 -1.83143 -46.9571
      vertex 5.64922 -2 -47.0018
    endloop
  endfacet
  facet normal 0.595674 0 -0.803226
    outer loop
      vertex 5.70954 -1.83143 -46.9571
      vertex 5.00013 -2 -47.4832
      vertex 5.70954 1.83143 -46.9571
    endloop
  endfacet
  facet normal 0.595674 0 -0.803226
    outer loop
      vertex 5.00013 2 -47.4832
      vertex 5.70954 1.83143 -46.9571
      vertex 5.00013 -2 -47.4832
    endloop
  endfacet
  facet normal 0.595701 0.00017416 -0.803206
    outer loop
      vertex 5.70954 1.83143 -46.9571
      vertex 5.00013 2 -47.4832
      vertex 5.64922 2 -47.0018
    endloop
  endfacet
  facet normal -0.989176 0 0.146735
    outer loop
      vertex -8.95666 -2 -39.1178
      vertex -8.82707 2 -38.2442
      vertex -8.95666 2 -39.1178
    endloop
  endfacet
  facet normal -0.989176 0 0.146735
    outer loop
      vertex -8.82707 2 -38.2442
      vertex -8.95666 -2 -39.1178
      vertex -8.82707 -2 -38.2442
    endloop
  endfacet
  facet normal -0.970033 0 -0.242972
    outer loop
      vertex -8.61246 -2 -42.6126
      vertex -8.82707 2 -41.7558
      vertex -8.61246 2 -42.6126
    endloop
  endfacet
  facet normal -0.970033 -0 -0.242972
    outer loop
      vertex -8.82707 2 -41.7558
      vertex -8.61246 -2 -42.6126
      vertex -8.82707 -2 -41.7558
    endloop
  endfacet
  facet normal 0.242975 0 -0.970033
    outer loop
      vertex 1.75581 -2 -48.8271
      vertex 2.61256 2 -48.6125
      vertex 2.61256 -2 -48.6125
    endloop
  endfacet
  facet normal 0.242975 0 -0.970033
    outer loop
      vertex 2.61256 2 -48.6125
      vertex 1.75581 -2 -48.8271
      vertex 1.75581 2 -48.8271
    endloop
  endfacet
  facet normal 0.857667 0 -0.514205
    outer loop
      vertex 7.93729 -2 -44.2426
      vertex 7.84628 -1.56072 -44.3944
      vertex 7.93729 -0.947187 -44.2426
    endloop
  endfacet
  facet normal 0.857718 4.00641e-05 -0.51412
    outer loop
      vertex 7.84628 -1.56072 -44.3944
      vertex 7.93729 -2 -44.2426
      vertex 7.73625 -2 -44.578
    endloop
  endfacet
  facet normal 0.857718 -4.00641e-05 -0.51412
    outer loop
      vertex 7.93729 2 -44.2426
      vertex 7.84628 1.56072 -44.3944
      vertex 7.73625 2 -44.578
    endloop
  endfacet
  facet normal 0.857667 0 -0.514205
    outer loop
      vertex 7.84628 1.56072 -44.3944
      vertex 7.93729 2 -44.2426
      vertex 7.93729 0.947187 -44.2426
    endloop
  endfacet
  facet normal -0.146736 0 -0.989176
    outer loop
      vertex -1.75581 -2 -48.8271
      vertex -0.882154 2 -48.9567
      vertex -0.882154 -2 -48.9567
    endloop
  endfacet
  facet normal -0.146736 0 -0.989176
    outer loop
      vertex -0.882154 2 -48.9567
      vertex -1.75581 -2 -48.8271
      vertex -1.75581 2 -48.8271
    endloop
  endfacet
  facet normal -0.146736 0 0.989176
    outer loop
      vertex -1.75581 2 -31.1729
      vertex -0.882154 -2 -31.0433
      vertex -0.882154 2 -31.0433
    endloop
  endfacet
  facet normal -0.146736 0 0.989176
    outer loop
      vertex -0.882154 -2 -31.0433
      vertex -1.75581 2 -31.1729
      vertex -1.75581 -2 -31.1729
    endloop
  endfacet
  facet normal 0.146736 0 -0.989176
    outer loop
      vertex 0.882154 -2 -48.9567
      vertex 1.75581 2 -48.8271
      vertex 1.75581 -2 -48.8271
    endloop
  endfacet
  facet normal 0.146736 0 -0.989176
    outer loop
      vertex 1.75581 2 -48.8271
      vertex 0.882154 -2 -48.9567
      vertex 0.882154 2 -48.9567
    endloop
  endfacet
  facet normal -0.242975 0 -0.970033
    outer loop
      vertex -2.61256 -2 -48.6125
      vertex -1.75581 2 -48.8271
      vertex -1.75581 -2 -48.8271
    endloop
  endfacet
  facet normal -0.242975 0 -0.970033
    outer loop
      vertex -1.75581 2 -48.8271
      vertex -2.61256 -2 -48.6125
      vertex -2.61256 2 -48.6125
    endloop
  endfacet
  facet normal 0.514133 0 0.857711
    outer loop
      vertex 4.24257 2 -32.0627
      vertex 5.00013 -2 -32.5168
      vertex 5.00013 2 -32.5168
    endloop
  endfacet
  facet normal 0.514133 0 0.857711
    outer loop
      vertex 5.00013 -2 -32.5168
      vertex 4.24257 2 -32.0627
      vertex 4.24257 -2 -32.0627
    endloop
  endfacet
  facet normal -0.903983 0 0.427569
    outer loop
      vertex -8.31492 2 -36.5558
      vertex -7.93729 0.947187 -35.7574
      vertex -7.93729 2 -35.7574
    endloop
  endfacet
  facet normal -0.904036 -0.000104899 0.427456
    outer loop
      vertex -8.31492 2 -36.5558
      vertex -7.96148 0.784137 -35.8086
      vertex -7.93729 0.947187 -35.7574
    endloop
  endfacet
  facet normal -0.90396 1.60076e-05 0.427617
    outer loop
      vertex -8.31492 2 -36.5558
      vertex -8 0 -35.89
      vertex -7.96148 0.784137 -35.8086
    endloop
  endfacet
  facet normal -0.903979 0 0.427577
    outer loop
      vertex -8.31492 -2 -36.5558
      vertex -8 0 -35.89
      vertex -8.31492 2 -36.5558
    endloop
  endfacet
  facet normal -0.90396 -1.60076e-05 0.427617
    outer loop
      vertex -8 0 -35.89
      vertex -8.31492 -2 -36.5558
      vertex -7.96148 -0.784137 -35.8086
    endloop
  endfacet
  facet normal -0.904036 0.000104899 0.427456
    outer loop
      vertex -8.31492 -2 -36.5558
      vertex -7.93729 -0.947187 -35.7574
      vertex -7.96148 -0.784137 -35.8086
    endloop
  endfacet
  facet normal -0.903983 0 0.427569
    outer loop
      vertex -7.93729 -0.947187 -35.7574
      vertex -8.31492 -2 -36.5558
      vertex -7.93729 -2 -35.7574
    endloop
  endfacet
  facet normal 0.427532 0 0.904
    outer loop
      vertex 3.44415 2 -31.6851
      vertex 4.24257 -2 -32.0627
      vertex 4.24257 2 -32.0627
    endloop
  endfacet
  facet normal 0.427532 0 0.904
    outer loop
      vertex 4.24257 -2 -32.0627
      vertex 3.44415 2 -31.6851
      vertex 3.44415 -2 -31.6851
    endloop
  endfacet
  facet normal -0.671631 4.44667e-06 -0.740885
    outer loop
      vertex -5.88471 -1.17054 -46.7983
      vertex -5.70954 -1.83143 -46.9571
      vertex -5.74164 -1.74171 -46.928
    endloop
  endfacet
  facet normal -0.671641 0 -0.740877
    outer loop
      vertex -5.70954 -1.83143 -46.9571
      vertex -5.88471 -1.17054 -46.7983
      vertex -5.70954 1.83143 -46.9571
    endloop
  endfacet
  facet normal -0.671641 -0 -0.740877
    outer loop
      vertex -5.88471 1.17054 -46.7983
      vertex -5.70954 1.83143 -46.9571
      vertex -5.88471 -1.17054 -46.7983
    endloop
  endfacet
  facet normal -0.671631 -4.44667e-06 -0.740885
    outer loop
      vertex -5.70954 1.83143 -46.9571
      vertex -5.88471 1.17054 -46.7983
      vertex -5.74164 1.74171 -46.928
    endloop
  endfacet
  facet normal -0.671519 0 -0.740987
    outer loop
      vertex -5.97111 -0.588102 -46.72
      vertex -5.88471 1.17054 -46.7983
      vertex -5.88471 -1.17054 -46.7983
    endloop
  endfacet
  facet normal -0.671519 0 -0.740987
    outer loop
      vertex -5.97111 -0.588102 -46.72
      vertex -5.97111 0.588102 -46.72
      vertex -5.88471 1.17054 -46.7983
    endloop
  endfacet
  facet normal -0.671779 -0 -0.740752
    outer loop
      vertex -5.97111 0.588102 -46.72
      vertex -5.97111 -0.588102 -46.72
      vertex -6 0 -46.6938
    endloop
  endfacet
  facet normal 0.427532 0 -0.904
    outer loop
      vertex 3.44415 -2 -48.3149
      vertex 4.24257 2 -47.9373
      vertex 4.24257 -2 -47.9373
    endloop
  endfacet
  facet normal 0.427532 0 -0.904
    outer loop
      vertex 4.24257 2 -47.9373
      vertex 3.44415 -2 -48.3149
      vertex 3.44415 2 -48.3149
    endloop
  endfacet
  facet normal -0.514133 0 -0.857711
    outer loop
      vertex -5.00013 -2 -47.4832
      vertex -4.24257 2 -47.9373
      vertex -4.24257 -2 -47.9373
    endloop
  endfacet
  facet normal -0.514133 0 -0.857711
    outer loop
      vertex -4.24257 2 -47.9373
      vertex -5.00013 -2 -47.4832
      vertex -5.00013 2 -47.4832
    endloop
  endfacet
  facet normal 0.514133 0 -0.857711
    outer loop
      vertex 4.24257 -2 -47.9373
      vertex 5.00013 2 -47.4832
      vertex 5.00013 -2 -47.4832
    endloop
  endfacet
  facet normal 0.514133 0 -0.857711
    outer loop
      vertex 5.00013 2 -47.4832
      vertex 4.24257 -2 -47.9373
      vertex 4.24257 2 -47.9373
    endloop
  endfacet
  facet normal -0.0490254 0 0.998798
    outer loop
      vertex -0.882154 2 -31.0433
      vertex 0 -2 -31
      vertex 0 2 -31
    endloop
  endfacet
  facet normal -0.0490254 0 0.998798
    outer loop
      vertex 0 -2 -31
      vertex -0.882154 2 -31.0433
      vertex -0.882154 -2 -31.0433
    endloop
  endfacet
  facet normal -0.857718 -4.00641e-05 0.51412
    outer loop
      vertex -7.93729 2 -35.7574
      vertex -7.84628 1.56072 -35.6056
      vertex -7.73625 2 -35.422
    endloop
  endfacet
  facet normal -0.857667 0 0.514205
    outer loop
      vertex -7.84628 1.56072 -35.6056
      vertex -7.93729 2 -35.7574
      vertex -7.93729 0.947187 -35.7574
    endloop
  endfacet
  facet normal -0.857667 0 0.514205
    outer loop
      vertex -7.93729 -2 -35.7574
      vertex -7.84628 -1.56072 -35.6056
      vertex -7.93729 -0.947187 -35.7574
    endloop
  endfacet
  facet normal -0.857718 4.00641e-05 0.51412
    outer loop
      vertex -7.84628 -1.56072 -35.6056
      vertex -7.93729 -2 -35.7574
      vertex -7.73625 -2 -35.422
    endloop
  endfacet
  facet normal -0.998795 0 -0.049068
    outer loop
      vertex -8.95666 -2 -40.8822
      vertex -9 2 -40
      vertex -8.95666 2 -40.8822
    endloop
  endfacet
  facet normal -0.998795 -0 -0.049068
    outer loop
      vertex -9 2 -40
      vertex -8.95666 -2 -40.8822
      vertex -9 -2 -40
    endloop
  endfacet
  facet normal 0 -1 0
    outer loop
      vertex -8.31492 -2 -36.5558
      vertex -7.73625 -2 -35.422
      vertex -7.93729 -2 -35.7574
    endloop
  endfacet
  facet normal 0 -1 0
    outer loop
      vertex -8.61246 -2 -37.3874
      vertex -7.73625 -2 -35.422
      vertex -8.31492 -2 -36.5558
    endloop
  endfacet
  facet normal 0 -1 0
    outer loop
      vertex -8.82707 -2 -38.2442
      vertex -7.73625 -2 -35.422
      vertex -8.61246 -2 -37.3874
    endloop
  endfacet
  facet normal 0 -1 0
    outer loop
      vertex -8.95666 -2 -39.1178
      vertex -7.73625 -2 -35.422
      vertex -8.82707 -2 -38.2442
    endloop
  endfacet
  facet normal 0 -1 0
    outer loop
      vertex -9 -2 -40
      vertex -7.73625 -2 -35.422
      vertex -8.95666 -2 -39.1178
    endloop
  endfacet
  facet normal 0 -1 0
    outer loop
      vertex -8.95666 -2 -40.8822
      vertex -7.73625 -2 -35.422
      vertex -9 -2 -40
    endloop
  endfacet
  facet normal 0 -1 0
    outer loop
      vertex -8.82707 -2 -41.7558
      vertex -7.73625 -2 -35.422
      vertex -8.95666 -2 -40.8822
    endloop
  endfacet
  facet normal 0 -1 0
    outer loop
      vertex -8.61246 -2 -42.6126
      vertex -7.73625 -2 -35.422
      vertex -8.82707 -2 -41.7558
    endloop
  endfacet
  facet normal 0 -1 0
    outer loop
      vertex -8.31492 -2 -43.4441
      vertex -7.73625 -2 -35.422
      vertex -8.61246 -2 -42.6126
    endloop
  endfacet
  facet normal 0 -1 0
    outer loop
      vertex -7.73625 -2 -44.578
      vertex -8.31492 -2 -43.4441
      vertex -7.93729 -2 -44.2426
    endloop
  endfacet
  facet normal 0 -1 0
    outer loop
      vertex -8.31492 -2 -43.4441
      vertex -7.73625 -2 -44.578
      vertex -7.73625 -2 -35.422
    endloop
  endfacet
  facet normal 0 -1 0
    outer loop
      vertex 7.73625 -2 -35.422
      vertex 8.31492 -2 -36.5558
      vertex 7.93729 -2 -35.7574
    endloop
  endfacet
  facet normal 0 -1 0
    outer loop
      vertex 7.73625 -2 -35.422
      vertex 8.61246 -2 -37.3874
      vertex 8.31492 -2 -36.5558
    endloop
  endfacet
  facet normal 0 -1 0
    outer loop
      vertex 7.73625 -2 -35.422
      vertex 8.82707 -2 -38.2442
      vertex 8.61246 -2 -37.3874
    endloop
  endfacet
  facet normal 0 -1 0
    outer loop
      vertex 7.73625 -2 -35.422
      vertex 8.95666 -2 -39.1178
      vertex 8.82707 -2 -38.2442
    endloop
  endfacet
  facet normal 0 -1 0
    outer loop
      vertex 7.73625 -2 -35.422
      vertex 9 -2 -40
      vertex 8.95666 -2 -39.1178
    endloop
  endfacet
  facet normal 0 -1 0
    outer loop
      vertex 7.73625 -2 -35.422
      vertex 8.95666 -2 -40.8822
      vertex 9 -2 -40
    endloop
  endfacet
  facet normal 0 -1 0
    outer loop
      vertex 7.73625 -2 -35.422
      vertex 8.82707 -2 -41.7558
      vertex 8.95666 -2 -40.8822
    endloop
  endfacet
  facet normal 0 -1 0
    outer loop
      vertex 7.73625 -2 -35.422
      vertex 8.61246 -2 -42.6126
      vertex 8.82707 -2 -41.7558
    endloop
  endfacet
  facet normal 0 -1 0
    outer loop
      vertex 7.73625 -2 -35.422
      vertex 8.31492 -2 -43.4441
      vertex 8.61246 -2 -42.6126
    endloop
  endfacet
  facet normal 0 -1 0
    outer loop
      vertex 7.73625 -2 -44.578
      vertex 8.31492 -2 -43.4441
      vertex 7.73625 -2 -35.422
    endloop
  endfacet
  facet normal 0 -1 0
    outer loop
      vertex 8.31492 -2 -43.4441
      vertex 7.73625 -2 -44.578
      vertex 7.93729 -2 -44.2426
    endloop
  endfacet
  facet normal 0 -1 0
    outer loop
      vertex -0.882154 -2 -31.0433
      vertex 0.882154 -2 -31.0433
      vertex 0 -2 -31
    endloop
  endfacet
  facet normal 0 -1 0
    outer loop
      vertex -1.75581 -2 -31.1729
      vertex 0.882154 -2 -31.0433
      vertex -0.882154 -2 -31.0433
    endloop
  endfacet
  facet normal 0 -1 0
    outer loop
      vertex -1.75581 -2 -31.1729
      vertex 1.75581 -2 -31.1729
      vertex 0.882154 -2 -31.0433
    endloop
  endfacet
  facet normal 0 -1 0
    outer loop
      vertex -2.61256 -2 -31.3875
      vertex 1.75581 -2 -31.1729
      vertex -1.75581 -2 -31.1729
    endloop
  endfacet
  facet normal 0 -1 0
    outer loop
      vertex -2.61256 -2 -31.3875
      vertex 2.61256 -2 -31.3875
      vertex 1.75581 -2 -31.1729
    endloop
  endfacet
  facet normal 0 -1 0
    outer loop
      vertex -3.44415 -2 -31.6851
      vertex 2.61256 -2 -31.3875
      vertex -2.61256 -2 -31.3875
    endloop
  endfacet
  facet normal 0 -1 0
    outer loop
      vertex -3.44415 -2 -31.6851
      vertex 3.44415 -2 -31.6851
      vertex 2.61256 -2 -31.3875
    endloop
  endfacet
  facet normal 0 -1 0
    outer loop
      vertex -4.24257 -2 -32.0627
      vertex 3.44415 -2 -31.6851
      vertex -3.44415 -2 -31.6851
    endloop
  endfacet
  facet normal 0 -1 0
    outer loop
      vertex -4.24257 -2 -32.0627
      vertex 4.24257 -2 -32.0627
      vertex 3.44415 -2 -31.6851
    endloop
  endfacet
  facet normal 0 -1 0
    outer loop
      vertex -5.00013 -2 -32.5168
      vertex 4.24257 -2 -32.0627
      vertex -4.24257 -2 -32.0627
    endloop
  endfacet
  facet normal 0 -1 0
    outer loop
      vertex -5.00013 -2 -32.5168
      vertex 5.00013 -2 -32.5168
      vertex 4.24257 -2 -32.0627
    endloop
  endfacet
  facet normal 0 -1 0
    outer loop
      vertex -5.64922 -2 -32.9982
      vertex 5.00013 -2 -32.5168
      vertex -5.00013 -2 -32.5168
    endloop
  endfacet
  facet normal 0 -1 0
    outer loop
      vertex -5.64922 -2 -32.9982
      vertex 5.64922 -2 -32.9982
      vertex 5.00013 -2 -32.5168
    endloop
  endfacet
  facet normal 0 -1 0
    outer loop
      vertex -5.64922 -2 -47.0018
      vertex 5.64922 -2 -32.9982
      vertex -5.64922 -2 -32.9982
    endloop
  endfacet
  facet normal 0 -1 0
    outer loop
      vertex -5.64922 -2 -47.0018
      vertex 5.64922 -2 -47.0018
      vertex 5.64922 -2 -32.9982
    endloop
  endfacet
  facet normal 0 -1 0
    outer loop
      vertex -5.00013 -2 -47.4832
      vertex 5.64922 -2 -47.0018
      vertex -5.64922 -2 -47.0018
    endloop
  endfacet
  facet normal 0 -1 0
    outer loop
      vertex -5.00013 -2 -47.4832
      vertex 5.00013 -2 -47.4832
      vertex 5.64922 -2 -47.0018
    endloop
  endfacet
  facet normal 0 -1 0
    outer loop
      vertex -4.24257 -2 -47.9373
      vertex 5.00013 -2 -47.4832
      vertex -5.00013 -2 -47.4832
    endloop
  endfacet
  facet normal 0 -1 0
    outer loop
      vertex -4.24257 -2 -47.9373
      vertex 4.24257 -2 -47.9373
      vertex 5.00013 -2 -47.4832
    endloop
  endfacet
  facet normal 0 -1 0
    outer loop
      vertex -3.44415 -2 -48.3149
      vertex 4.24257 -2 -47.9373
      vertex -4.24257 -2 -47.9373
    endloop
  endfacet
  facet normal 0 -1 0
    outer loop
      vertex -3.44415 -2 -48.3149
      vertex 3.44415 -2 -48.3149
      vertex 4.24257 -2 -47.9373
    endloop
  endfacet
  facet normal 0 -1 0
    outer loop
      vertex -2.61256 -2 -48.6125
      vertex 3.44415 -2 -48.3149
      vertex -3.44415 -2 -48.3149
    endloop
  endfacet
  facet normal 0 -1 0
    outer loop
      vertex -2.61256 -2 -48.6125
      vertex 2.61256 -2 -48.6125
      vertex 3.44415 -2 -48.3149
    endloop
  endfacet
  facet normal 0 -1 0
    outer loop
      vertex -1.75581 -2 -48.8271
      vertex 2.61256 -2 -48.6125
      vertex -2.61256 -2 -48.6125
    endloop
  endfacet
  facet normal 0 -1 0
    outer loop
      vertex -1.75581 -2 -48.8271
      vertex 1.75581 -2 -48.8271
      vertex 2.61256 -2 -48.6125
    endloop
  endfacet
  facet normal 0 -1 0
    outer loop
      vertex -0.882154 -2 -48.9567
      vertex 1.75581 -2 -48.8271
      vertex -1.75581 -2 -48.8271
    endloop
  endfacet
  facet normal 0 -1 0
    outer loop
      vertex -0.882154 -2 -48.9567
      vertex 0.882154 -2 -48.9567
      vertex 1.75581 -2 -48.8271
    endloop
  endfacet
  facet normal -0 -1 0
    outer loop
      vertex 0.882154 -2 -48.9567
      vertex -0.882154 -2 -48.9567
      vertex 0 -2 -49
    endloop
  endfacet
  facet normal -0.514133 0 0.857711
    outer loop
      vertex -5.00013 2 -32.5168
      vertex -4.24257 -2 -32.0627
      vertex -4.24257 2 -32.0627
    endloop
  endfacet
  facet normal -0.514133 0 0.857711
    outer loop
      vertex -4.24257 -2 -32.0627
      vertex -5.00013 2 -32.5168
      vertex -5.00013 -2 -32.5168
    endloop
  endfacet
  facet normal 0.970033 0 -0.242972
    outer loop
      vertex 8.82707 -2 -41.7558
      vertex 8.61246 2 -42.6126
      vertex 8.82707 2 -41.7558
    endloop
  endfacet
  facet normal 0.970033 0 -0.242972
    outer loop
      vertex 8.61246 2 -42.6126
      vertex 8.82707 -2 -41.7558
      vertex 8.61246 -2 -42.6126
    endloop
  endfacet
  facet normal -0.242975 0 0.970033
    outer loop
      vertex -2.61256 2 -31.3875
      vertex -1.75581 -2 -31.1729
      vertex -1.75581 2 -31.1729
    endloop
  endfacet
  facet normal -0.242975 0 0.970033
    outer loop
      vertex -1.75581 -2 -31.1729
      vertex -2.61256 2 -31.3875
      vertex -2.61256 -2 -31.3875
    endloop
  endfacet
  facet normal -0.904003 0 -0.427525
    outer loop
      vertex -7.93729 0.947187 -44.2426
      vertex -8.31492 2 -43.4441
      vertex -7.93729 2 -44.2426
    endloop
  endfacet
  facet normal -0.904051 -9.30129e-05 -0.427425
    outer loop
      vertex -7.96148 0.784137 -44.1914
      vertex -8.31492 2 -43.4441
      vertex -7.93729 0.947187 -44.2426
    endloop
  endfacet
  facet normal -0.903979 2.10898e-05 -0.427577
    outer loop
      vertex -8 0 -44.11
      vertex -8.31492 2 -43.4441
      vertex -7.96148 0.784137 -44.1914
    endloop
  endfacet
  facet normal -0.903979 -2.10898e-05 -0.427577
    outer loop
      vertex -8.31492 -2 -43.4441
      vertex -8 0 -44.11
      vertex -7.96148 -0.784137 -44.1914
    endloop
  endfacet
  facet normal -0.904003 0 -0.427525
    outer loop
      vertex -8.31492 -2 -43.4441
      vertex -7.93729 -0.947187 -44.2426
      vertex -7.93729 -2 -44.2426
    endloop
  endfacet
  facet normal -0.904051 9.30129e-05 -0.427425
    outer loop
      vertex -7.93729 -0.947187 -44.2426
      vertex -8.31492 -2 -43.4441
      vertex -7.96148 -0.784137 -44.1914
    endloop
  endfacet
  facet normal -0.904004 0 -0.427525
    outer loop
      vertex -8 0 -44.11
      vertex -8.31492 -2 -43.4441
      vertex -8.31492 2 -43.4441
    endloop
  endfacet
  facet normal -0.595701 0.00017416 0.803206
    outer loop
      vertex -5.70954 1.83143 -33.0429
      vertex -5.00013 2 -32.5168
      vertex -5.64922 2 -32.9982
    endloop
  endfacet
  facet normal -0.595674 0 0.803226
    outer loop
      vertex -5.00013 2 -32.5168
      vertex -5.70954 1.83143 -33.0429
      vertex -5.00013 -2 -32.5168
    endloop
  endfacet
  facet normal -0.595674 0 0.803226
    outer loop
      vertex -5.70954 -1.83143 -33.0429
      vertex -5.00013 -2 -32.5168
      vertex -5.70954 1.83143 -33.0429
    endloop
  endfacet
  facet normal -0.595701 -0.00017416 0.803206
    outer loop
      vertex -5.00013 -2 -32.5168
      vertex -5.70954 -1.83143 -33.0429
      vertex -5.64922 -2 -32.9982
    endloop
  endfacet
  facet normal -0.941548 0 0.336879
    outer loop
      vertex -8.61246 -2 -37.3874
      vertex -8.31492 2 -36.5558
      vertex -8.61246 2 -37.3874
    endloop
  endfacet
  facet normal -0.941548 0 0.336879
    outer loop
      vertex -8.31492 2 -36.5558
      vertex -8.61246 -2 -37.3874
      vertex -8.31492 -2 -36.5558
    endloop
  endfacet
  facet normal 0.595701 0.00017416 0.803206
    outer loop
      vertex 5.00013 2 -32.5168
      vertex 5.70954 1.83143 -33.0429
      vertex 5.64922 2 -32.9982
    endloop
  endfacet
  facet normal 0.595674 0 0.803226
    outer loop
      vertex 5.70954 1.83143 -33.0429
      vertex 5.00013 2 -32.5168
      vertex 5.70954 -1.83143 -33.0429
    endloop
  endfacet
  facet normal 0.595674 -0 0.803226
    outer loop
      vertex 5.00013 -2 -32.5168
      vertex 5.70954 -1.83143 -33.0429
      vertex 5.00013 2 -32.5168
    endloop
  endfacet
  facet normal 0.595701 -0.00017416 0.803206
    outer loop
      vertex 5.70954 -1.83143 -33.0429
      vertex 5.00013 -2 -32.5168
      vertex 5.64922 -2 -32.9982
    endloop
  endfacet
  facet normal 0.941535 0 -0.336914
    outer loop
      vertex 8.61246 -2 -42.6126
      vertex 8.31492 2 -43.4441
      vertex 8.61246 2 -42.6126
    endloop
  endfacet
  facet normal 0.941535 0 -0.336914
    outer loop
      vertex 8.31492 2 -43.4441
      vertex 8.61246 -2 -42.6126
      vertex 8.31492 -2 -43.4441
    endloop
  endfacet
  facet normal 0.336942 0 0.941525
    outer loop
      vertex 2.61256 2 -31.3875
      vertex 3.44415 -2 -31.6851
      vertex 3.44415 2 -31.6851
    endloop
  endfacet
  facet normal 0.336942 0 0.941525
    outer loop
      vertex 3.44415 -2 -31.6851
      vertex 2.61256 2 -31.3875
      vertex 2.61256 -2 -31.3875
    endloop
  endfacet
  facet normal 0.857667 0 0.514205
    outer loop
      vertex 7.84628 -1.56072 -35.6056
      vertex 7.93729 -2 -35.7574
      vertex 7.93729 -0.947187 -35.7574
    endloop
  endfacet
  facet normal 0.857718 4.00641e-05 0.51412
    outer loop
      vertex 7.93729 -2 -35.7574
      vertex 7.84628 -1.56072 -35.6056
      vertex 7.73625 -2 -35.422
    endloop
  endfacet
  facet normal 0.857718 -4.00641e-05 0.51412
    outer loop
      vertex 7.84628 1.56072 -35.6056
      vertex 7.93729 2 -35.7574
      vertex 7.73625 2 -35.422
    endloop
  endfacet
  facet normal 0.857667 0 0.514205
    outer loop
      vertex 7.93729 2 -35.7574
      vertex 7.84628 1.56072 -35.6056
      vertex 7.93729 0.947187 -35.7574
    endloop
  endfacet
  facet normal 0.903983 -0 0.427569
    outer loop
      vertex 7.93729 0.947187 -35.7574
      vertex 8.31492 2 -36.5558
      vertex 7.93729 2 -35.7574
    endloop
  endfacet
  facet normal 0.904036 -0.000104899 0.427456
    outer loop
      vertex 7.96148 0.784137 -35.8086
      vertex 8.31492 2 -36.5558
      vertex 7.93729 0.947187 -35.7574
    endloop
  endfacet
  facet normal 0.90396 1.60076e-05 0.427617
    outer loop
      vertex 8 0 -35.89
      vertex 8.31492 2 -36.5558
      vertex 7.96148 0.784137 -35.8086
    endloop
  endfacet
  facet normal 0.90396 -1.60076e-05 0.427617
    outer loop
      vertex 8.31492 -2 -36.5558
      vertex 8 0 -35.89
      vertex 7.96148 -0.784137 -35.8086
    endloop
  endfacet
  facet normal 0.903983 0 0.427569
    outer loop
      vertex 8.31492 -2 -36.5558
      vertex 7.93729 -0.947187 -35.7574
      vertex 7.93729 -2 -35.7574
    endloop
  endfacet
  facet normal 0.904036 0.000104899 0.427456
    outer loop
      vertex 7.93729 -0.947187 -35.7574
      vertex 8.31492 -2 -36.5558
      vertex 7.96148 -0.784137 -35.8086
    endloop
  endfacet
  facet normal 0.903979 0 0.427577
    outer loop
      vertex 8 0 -35.89
      vertex 8.31492 -2 -36.5558
      vertex 8.31492 2 -36.5558
    endloop
  endfacet
  facet normal -0.336942 0 -0.941525
    outer loop
      vertex -3.44415 -2 -48.3149
      vertex -2.61256 2 -48.6125
      vertex -2.61256 -2 -48.6125
    endloop
  endfacet
  facet normal -0.336942 0 -0.941525
    outer loop
      vertex -2.61256 2 -48.6125
      vertex -3.44415 -2 -48.3149
      vertex -3.44415 2 -48.3149
    endloop
  endfacet
  facet normal 0.0490254 0 0.998798
    outer loop
      vertex 0 2 -31
      vertex 0.882154 -2 -31.0433
      vertex 0.882154 2 -31.0433
    endloop
  endfacet
  facet normal 0.0490254 0 0.998798
    outer loop
      vertex 0.882154 -2 -31.0433
      vertex 0 2 -31
      vertex 0 -2 -31
    endloop
  endfacet
  facet normal 0.998795 0 -0.049068
    outer loop
      vertex 9 -2 -40
      vertex 8.95666 2 -40.8822
      vertex 9 2 -40
    endloop
  endfacet
  facet normal 0.998795 0 -0.049068
    outer loop
      vertex 8.95666 2 -40.8822
      vertex 9 -2 -40
      vertex 8.95666 -2 -40.8822
    endloop
  endfacet
  facet normal 0.242975 0 0.970033
    outer loop
      vertex 1.75581 2 -31.1729
      vertex 2.61256 -2 -31.3875
      vertex 2.61256 2 -31.3875
    endloop
  endfacet
  facet normal 0.242975 0 0.970033
    outer loop
      vertex 2.61256 -2 -31.3875
      vertex 1.75581 2 -31.1729
      vertex 1.75581 -2 -31.1729
    endloop
  endfacet
  facet normal -0.671631 -4.44667e-06 0.740885
    outer loop
      vertex -5.88471 1.17054 -33.2017
      vertex -5.70954 1.83143 -33.0429
      vertex -5.74164 1.74171 -33.072
    endloop
  endfacet
  facet normal -0.671641 0 0.740877
    outer loop
      vertex -5.70954 1.83143 -33.0429
      vertex -5.88471 1.17054 -33.2017
      vertex -5.70954 -1.83143 -33.0429
    endloop
  endfacet
  facet normal -0.671641 0 0.740877
    outer loop
      vertex -5.88471 -1.17054 -33.2017
      vertex -5.70954 -1.83143 -33.0429
      vertex -5.88471 1.17054 -33.2017
    endloop
  endfacet
  facet normal -0.671631 4.44667e-06 0.740885
    outer loop
      vertex -5.70954 -1.83143 -33.0429
      vertex -5.88471 -1.17054 -33.2017
      vertex -5.74164 -1.74171 -33.072
    endloop
  endfacet
  facet normal -0.671519 0 0.740987
    outer loop
      vertex -5.97111 0.588102 -33.28
      vertex -5.88471 -1.17054 -33.2017
      vertex -5.88471 1.17054 -33.2017
    endloop
  endfacet
  facet normal -0.671519 0 0.740987
    outer loop
      vertex -5.97111 0.588102 -33.28
      vertex -5.97111 -0.588102 -33.28
      vertex -5.88471 -1.17054 -33.2017
    endloop
  endfacet
  facet normal -0.671779 0 0.740752
    outer loop
      vertex -5.97111 -0.588102 -33.28
      vertex -5.97111 0.588102 -33.28
      vertex -6 0 -33.3062
    endloop
  endfacet
  facet normal -0.427532 0 0.904
    outer loop
      vertex -4.24257 2 -32.0627
      vertex -3.44415 -2 -31.6851
      vertex -3.44415 2 -31.6851
    endloop
  endfacet
  facet normal -0.427532 0 0.904
    outer loop
      vertex -3.44415 -2 -31.6851
      vertex -4.24257 2 -32.0627
      vertex -4.24257 -2 -32.0627
    endloop
  endfacet
  facet normal 0.336942 0 -0.941525
    outer loop
      vertex 2.61256 -2 -48.6125
      vertex 3.44415 2 -48.3149
      vertex 3.44415 -2 -48.3149
    endloop
  endfacet
  facet normal 0.336942 0 -0.941525
    outer loop
      vertex 3.44415 2 -48.3149
      vertex 2.61256 -2 -48.6125
      vertex 2.61256 2 -48.6125
    endloop
  endfacet
  facet normal 0.671779 0 -0.740752
    outer loop
      vertex 5.97111 -0.588102 -46.72
      vertex 5.97111 0.588102 -46.72
      vertex 6 0 -46.6938
    endloop
  endfacet
  facet normal 0.671519 0 -0.740987
    outer loop
      vertex 5.88471 -1.17054 -46.7983
      vertex 5.97111 0.588102 -46.72
      vertex 5.97111 -0.588102 -46.72
    endloop
  endfacet
  facet normal 0.671519 0 -0.740987
    outer loop
      vertex 5.88471 -1.17054 -46.7983
      vertex 5.88471 1.17054 -46.7983
      vertex 5.97111 0.588102 -46.72
    endloop
  endfacet
  facet normal 0.671631 4.44667e-06 -0.740885
    outer loop
      vertex 5.70954 -1.83143 -46.9571
      vertex 5.88471 -1.17054 -46.7983
      vertex 5.74164 -1.74171 -46.928
    endloop
  endfacet
  facet normal 0.671641 0 -0.740877
    outer loop
      vertex 5.88471 -1.17054 -46.7983
      vertex 5.70954 -1.83143 -46.9571
      vertex 5.88471 1.17054 -46.7983
    endloop
  endfacet
  facet normal 0.671641 0 -0.740877
    outer loop
      vertex 5.70954 1.83143 -46.9571
      vertex 5.88471 1.17054 -46.7983
      vertex 5.70954 -1.83143 -46.9571
    endloop
  endfacet
  facet normal 0.671631 -4.44667e-06 -0.740885
    outer loop
      vertex 5.88471 1.17054 -46.7983
      vertex 5.70954 1.83143 -46.9571
      vertex 5.74164 1.74171 -46.928
    endloop
  endfacet
  facet normal 0.146736 0 0.989176
    outer loop
      vertex 0.882154 2 -31.0433
      vertex 1.75581 -2 -31.1729
      vertex 1.75581 2 -31.1729
    endloop
  endfacet
  facet normal 0.146736 0 0.989176
    outer loop
      vertex 1.75581 -2 -31.1729
      vertex 0.882154 2 -31.0433
      vertex 0.882154 -2 -31.0433
    endloop
  endfacet
  facet normal 0.0490254 0 -0.998798
    outer loop
      vertex 0 -2 -49
      vertex 0.882154 2 -48.9567
      vertex 0.882154 -2 -48.9567
    endloop
  endfacet
  facet normal 0.0490254 0 -0.998798
    outer loop
      vertex 0.882154 2 -48.9567
      vertex 0 -2 -49
      vertex 0 2 -49
    endloop
  endfacet
  facet normal -0.427532 0 -0.904
    outer loop
      vertex -4.24257 -2 -47.9373
      vertex -3.44415 2 -48.3149
      vertex -3.44415 -2 -48.3149
    endloop
  endfacet
  facet normal -0.427532 0 -0.904
    outer loop
      vertex -3.44415 2 -48.3149
      vertex -4.24257 -2 -47.9373
      vertex -4.24257 2 -47.9373
    endloop
  endfacet
  facet normal -0.0490254 0 -0.998798
    outer loop
      vertex -0.882154 -2 -48.9567
      vertex 0 2 -49
      vertex 0 -2 -49
    endloop
  endfacet
  facet normal -0.0490254 0 -0.998798
    outer loop
      vertex 0 2 -49
      vertex -0.882154 -2 -48.9567
      vertex -0.882154 2 -48.9567
    endloop
  endfacet
  facet normal 0 1 0
    outer loop
      vertex 0.882154 2 -31.0433
      vertex -0.882154 2 -31.0433
      vertex 0 2 -31
    endloop
  endfacet
  facet normal 0 1 0
    outer loop
      vertex 1.75581 2 -31.1729
      vertex -0.882154 2 -31.0433
      vertex 0.882154 2 -31.0433
    endloop
  endfacet
  facet normal 0 1 0
    outer loop
      vertex 1.75581 2 -31.1729
      vertex -1.75581 2 -31.1729
      vertex -0.882154 2 -31.0433
    endloop
  endfacet
  facet normal 0 1 0
    outer loop
      vertex 2.61256 2 -31.3875
      vertex -1.75581 2 -31.1729
      vertex 1.75581 2 -31.1729
    endloop
  endfacet
  facet normal 0 1 0
    outer loop
      vertex 2.61256 2 -31.3875
      vertex -2.61256 2 -31.3875
      vertex -1.75581 2 -31.1729
    endloop
  endfacet
  facet normal 0 1 0
    outer loop
      vertex 3.44415 2 -31.6851
      vertex -2.61256 2 -31.3875
      vertex 2.61256 2 -31.3875
    endloop
  endfacet
  facet normal 0 1 0
    outer loop
      vertex 3.44415 2 -31.6851
      vertex -3.44415 2 -31.6851
      vertex -2.61256 2 -31.3875
    endloop
  endfacet
  facet normal 0 1 0
    outer loop
      vertex 4.24257 2 -32.0627
      vertex -3.44415 2 -31.6851
      vertex 3.44415 2 -31.6851
    endloop
  endfacet
  facet normal 0 1 0
    outer loop
      vertex 4.24257 2 -32.0627
      vertex -4.24257 2 -32.0627
      vertex -3.44415 2 -31.6851
    endloop
  endfacet
  facet normal 0 1 0
    outer loop
      vertex 5.00013 2 -32.5168
      vertex -4.24257 2 -32.0627
      vertex 4.24257 2 -32.0627
    endloop
  endfacet
  facet normal 0 1 0
    outer loop
      vertex 5.00013 2 -32.5168
      vertex -5.00013 2 -32.5168
      vertex -4.24257 2 -32.0627
    endloop
  endfacet
  facet normal 0 1 0
    outer loop
      vertex 5.64922 2 -32.9982
      vertex -5.00013 2 -32.5168
      vertex 5.00013 2 -32.5168
    endloop
  endfacet
  facet normal 0 1 0
    outer loop
      vertex 5.64922 2 -32.9982
      vertex -5.64922 2 -32.9982
      vertex -5.00013 2 -32.5168
    endloop
  endfacet
  facet normal 0 1 -0
    outer loop
      vertex 5.64922 2 -47.0018
      vertex -5.64922 2 -32.9982
      vertex 5.64922 2 -32.9982
    endloop
  endfacet
  facet normal 0 1 0
    outer loop
      vertex 5.64922 2 -47.0018
      vertex -5.64922 2 -47.0018
      vertex -5.64922 2 -32.9982
    endloop
  endfacet
  facet normal 0 1 -0
    outer loop
      vertex 5.00013 2 -47.4832
      vertex -5.64922 2 -47.0018
      vertex 5.64922 2 -47.0018
    endloop
  endfacet
  facet normal 0 1 0
    outer loop
      vertex 5.00013 2 -47.4832
      vertex -5.00013 2 -47.4832
      vertex -5.64922 2 -47.0018
    endloop
  endfacet
  facet normal 0 1 -0
    outer loop
      vertex 4.24257 2 -47.9373
      vertex -5.00013 2 -47.4832
      vertex 5.00013 2 -47.4832
    endloop
  endfacet
  facet normal 0 1 0
    outer loop
      vertex 4.24257 2 -47.9373
      vertex -4.24257 2 -47.9373
      vertex -5.00013 2 -47.4832
    endloop
  endfacet
  facet normal 0 1 -0
    outer loop
      vertex 3.44415 2 -48.3149
      vertex -4.24257 2 -47.9373
      vertex 4.24257 2 -47.9373
    endloop
  endfacet
  facet normal 0 1 0
    outer loop
      vertex 3.44415 2 -48.3149
      vertex -3.44415 2 -48.3149
      vertex -4.24257 2 -47.9373
    endloop
  endfacet
  facet normal 0 1 -0
    outer loop
      vertex 2.61256 2 -48.6125
      vertex -3.44415 2 -48.3149
      vertex 3.44415 2 -48.3149
    endloop
  endfacet
  facet normal 0 1 0
    outer loop
      vertex 2.61256 2 -48.6125
      vertex -2.61256 2 -48.6125
      vertex -3.44415 2 -48.3149
    endloop
  endfacet
  facet normal 0 1 -0
    outer loop
      vertex 1.75581 2 -48.8271
      vertex -2.61256 2 -48.6125
      vertex 2.61256 2 -48.6125
    endloop
  endfacet
  facet normal 0 1 0
    outer loop
      vertex 1.75581 2 -48.8271
      vertex -1.75581 2 -48.8271
      vertex -2.61256 2 -48.6125
    endloop
  endfacet
  facet normal 0 1 -0
    outer loop
      vertex 0.882154 2 -48.9567
      vertex -1.75581 2 -48.8271
      vertex 1.75581 2 -48.8271
    endloop
  endfacet
  facet normal 0 1 0
    outer loop
      vertex 0.882154 2 -48.9567
      vertex -0.882154 2 -48.9567
      vertex -1.75581 2 -48.8271
    endloop
  endfacet
  facet normal -0 1 0
    outer loop
      vertex -0.882154 2 -48.9567
      vertex 0.882154 2 -48.9567
      vertex 0 2 -49
    endloop
  endfacet
  facet normal 0 1 0
    outer loop
      vertex 8.31492 2 -36.5558
      vertex 7.73625 2 -35.422
      vertex 7.93729 2 -35.7574
    endloop
  endfacet
  facet normal 0 1 0
    outer loop
      vertex 8.61246 2 -37.3874
      vertex 7.73625 2 -35.422
      vertex 8.31492 2 -36.5558
    endloop
  endfacet
  facet normal 0 1 0
    outer loop
      vertex 8.82707 2 -38.2442
      vertex 7.73625 2 -35.422
      vertex 8.61246 2 -37.3874
    endloop
  endfacet
  facet normal 0 1 0
    outer loop
      vertex 8.95666 2 -39.1178
      vertex 7.73625 2 -35.422
      vertex 8.82707 2 -38.2442
    endloop
  endfacet
  facet normal 0 1 0
    outer loop
      vertex 9 2 -40
      vertex 7.73625 2 -35.422
      vertex 8.95666 2 -39.1178
    endloop
  endfacet
  facet normal 0 1 -0
    outer loop
      vertex 8.95666 2 -40.8822
      vertex 7.73625 2 -35.422
      vertex 9 2 -40
    endloop
  endfacet
  facet normal 0 1 -0
    outer loop
      vertex 8.82707 2 -41.7558
      vertex 7.73625 2 -35.422
      vertex 8.95666 2 -40.8822
    endloop
  endfacet
  facet normal 0 1 -0
    outer loop
      vertex 8.61246 2 -42.6126
      vertex 7.73625 2 -35.422
      vertex 8.82707 2 -41.7558
    endloop
  endfacet
  facet normal 0 1 -0
    outer loop
      vertex 8.31492 2 -43.4441
      vertex 7.73625 2 -35.422
      vertex 8.61246 2 -42.6126
    endloop
  endfacet
  facet normal 0 1 0
    outer loop
      vertex 7.73625 2 -44.578
      vertex 8.31492 2 -43.4441
      vertex 7.93729 2 -44.2426
    endloop
  endfacet
  facet normal 0 1 0
    outer loop
      vertex 8.31492 2 -43.4441
      vertex 7.73625 2 -44.578
      vertex 7.73625 2 -35.422
    endloop
  endfacet
  facet normal 0 1 0
    outer loop
      vertex -7.73625 2 -35.422
      vertex -8.31492 2 -36.5558
      vertex -7.93729 2 -35.7574
    endloop
  endfacet
  facet normal 0 1 0
    outer loop
      vertex -7.73625 2 -35.422
      vertex -8.61246 2 -37.3874
      vertex -8.31492 2 -36.5558
    endloop
  endfacet
  facet normal 0 1 0
    outer loop
      vertex -7.73625 2 -35.422
      vertex -8.82707 2 -38.2442
      vertex -8.61246 2 -37.3874
    endloop
  endfacet
  facet normal 0 1 0
    outer loop
      vertex -7.73625 2 -35.422
      vertex -8.95666 2 -39.1178
      vertex -8.82707 2 -38.2442
    endloop
  endfacet
  facet normal 0 1 0
    outer loop
      vertex -7.73625 2 -35.422
      vertex -9 2 -40
      vertex -8.95666 2 -39.1178
    endloop
  endfacet
  facet normal 0 1 0
    outer loop
      vertex -7.73625 2 -35.422
      vertex -8.95666 2 -40.8822
      vertex -9 2 -40
    endloop
  endfacet
  facet normal 0 1 0
    outer loop
      vertex -7.73625 2 -35.422
      vertex -8.82707 2 -41.7558
      vertex -8.95666 2 -40.8822
    endloop
  endfacet
  facet normal 0 1 0
    outer loop
      vertex -7.73625 2 -35.422
      vertex -8.61246 2 -42.6126
      vertex -8.82707 2 -41.7558
    endloop
  endfacet
  facet normal 0 1 0
    outer loop
      vertex -7.73625 2 -35.422
      vertex -8.31492 2 -43.4441
      vertex -8.61246 2 -42.6126
    endloop
  endfacet
  facet normal 0 1 -0
    outer loop
      vertex -7.73625 2 -44.578
      vertex -8.31492 2 -43.4441
      vertex -7.73625 2 -35.422
    endloop
  endfacet
  facet normal 0 1 0
    outer loop
      vertex -8.31492 2 -43.4441
      vertex -7.73625 2 -44.578
      vertex -7.93729 2 -44.2426
    endloop
  endfacet
  facet normal -0.998795 0 0.0490708
    outer loop
      vertex -9 -2 -10
      vertex -8.95666 2 -9.11785
      vertex -9 2 -10
    endloop
  endfacet
  facet normal -0.998795 0 0.0490708
    outer loop
      vertex -8.95666 2 -9.11785
      vertex -9 -2 -10
      vertex -8.95666 -2 -9.11785
    endloop
  endfacet
  facet normal 0.989177 -0 0.146725
    outer loop
      vertex 8.82707 -2 -8.24419
      vertex 8.95666 2 -9.11785
      vertex 8.82707 2 -8.24419
    endloop
  endfacet
  facet normal 0.989177 0 0.146725
    outer loop
      vertex 8.95666 2 -9.11785
      vertex 8.82707 -2 -8.24419
      vertex 8.95666 -2 -9.11785
    endloop
  endfacet
  facet normal 0.998795 -0 0.0490708
    outer loop
      vertex 8.95666 -2 -9.11785
      vertex 9 2 -10
      vertex 8.95666 2 -9.11785
    endloop
  endfacet
  facet normal 0.998795 0 0.0490708
    outer loop
      vertex 9 2 -10
      vertex 8.95666 -2 -9.11785
      vertex 9 -2 -10
    endloop
  endfacet
  facet normal 0.97003 -0 0.242986
    outer loop
      vertex 8.61246 -2 -7.38744
      vertex 8.82707 2 -8.24419
      vertex 8.61246 2 -7.38744
    endloop
  endfacet
  facet normal 0.97003 0 0.242986
    outer loop
      vertex 8.82707 2 -8.24419
      vertex 8.61246 -2 -7.38744
      vertex 8.82707 -2 -8.24419
    endloop
  endfacet
  facet normal 0.671497 0 0.741007
    outer loop
      vertex 5.97111 0.588102 -3.27998
      vertex 5.97111 -0.588102 -3.27998
      vertex 6 0 -3.30616
    endloop
  endfacet
  facet normal 0.671567 0 0.740944
    outer loop
      vertex 5.88471 1.17054 -3.20167
      vertex 5.97111 -0.588102 -3.27998
      vertex 5.97111 0.588102 -3.27998
    endloop
  endfacet
  facet normal 0.671567 0 0.740944
    outer loop
      vertex 5.88471 1.17054 -3.20167
      vertex 5.88471 -1.17054 -3.20167
      vertex 5.97111 -0.588102 -3.27998
    endloop
  endfacet
  facet normal 0.671408 -6.74866e-05 0.741088
    outer loop
      vertex 5.70954 1.83143 -3.04291
      vertex 5.88471 1.17054 -3.20167
      vertex 5.74164 1.74171 -3.072
    endloop
  endfacet
  facet normal 0.671548 0 0.740961
    outer loop
      vertex 5.88471 1.17054 -3.20167
      vertex 5.70954 1.83143 -3.04291
      vertex 5.88471 -1.17054 -3.20167
    endloop
  endfacet
  facet normal 0.671548 -0 0.740961
    outer loop
      vertex 5.70954 -1.83143 -3.04291
      vertex 5.88471 -1.17054 -3.20167
      vertex 5.70954 1.83143 -3.04291
    endloop
  endfacet
  facet normal 0.671408 6.74866e-05 0.741088
    outer loop
      vertex 5.88471 -1.17054 -3.20167
      vertex 5.70954 -1.83143 -3.04291
      vertex 5.74164 -1.74171 -3.072
    endloop
  endfacet
  facet normal -0.857667 0 -0.514205
    outer loop
      vertex -7.84628 -1.56072 -14.3944
      vertex -7.93729 -2 -14.2426
      vertex -7.93729 -0.947187 -14.2426
    endloop
  endfacet
  facet normal -0.857718 4.00641e-05 -0.51412
    outer loop
      vertex -7.93729 -2 -14.2426
      vertex -7.84628 -1.56072 -14.3944
      vertex -7.73625 -2 -14.578
    endloop
  endfacet
  facet normal -0.857718 -4.00641e-05 -0.51412
    outer loop
      vertex -7.84628 1.56072 -14.3944
      vertex -7.93729 2 -14.2426
      vertex -7.73625 2 -14.578
    endloop
  endfacet
  facet normal -0.857667 -0 -0.514205
    outer loop
      vertex -7.93729 2 -14.2426
      vertex -7.84628 1.56072 -14.3944
      vertex -7.93729 0.947187 -14.2426
    endloop
  endfacet
  facet normal 0.941547 -0 0.336882
    outer loop
      vertex 8.31492 -2 -6.55585
      vertex 8.61246 2 -7.38744
      vertex 8.31492 2 -6.55585
    endloop
  endfacet
  facet normal 0.941547 0 0.336882
    outer loop
      vertex 8.61246 2 -7.38744
      vertex 8.31492 -2 -6.55585
      vertex 8.61246 -2 -7.38744
    endloop
  endfacet
  facet normal -0.97003 0 0.242986
    outer loop
      vertex -8.82707 -2 -8.24419
      vertex -8.61246 2 -7.38744
      vertex -8.82707 2 -8.24419
    endloop
  endfacet
  facet normal -0.97003 0 0.242986
    outer loop
      vertex -8.61246 2 -7.38744
      vertex -8.82707 -2 -8.24419
      vertex -8.61246 -2 -7.38744
    endloop
  endfacet
  facet normal -0.941535 0 -0.336914
    outer loop
      vertex -8.31492 -2 -13.4441
      vertex -8.61246 2 -12.6126
      vertex -8.31492 2 -13.4441
    endloop
  endfacet
  facet normal -0.941535 -0 -0.336914
    outer loop
      vertex -8.61246 2 -12.6126
      vertex -8.31492 -2 -13.4441
      vertex -8.61246 -2 -12.6126
    endloop
  endfacet
  facet normal -0.336882 0 0.941547
    outer loop
      vertex -3.44415 2 -1.68508
      vertex -2.61256 -2 -1.38754
      vertex -2.61256 2 -1.38754
    endloop
  endfacet
  facet normal -0.336882 0 0.941547
    outer loop
      vertex -2.61256 -2 -1.38754
      vertex -3.44415 2 -1.68508
      vertex -3.44415 -2 -1.68508
    endloop
  endfacet
  facet normal -0.989176 0 -0.146735
    outer loop
      vertex -8.82707 -2 -11.7558
      vertex -8.95666 2 -10.8822
      vertex -8.82707 2 -11.7558
    endloop
  endfacet
  facet normal -0.989176 -0 -0.146735
    outer loop
      vertex -8.95666 2 -10.8822
      vertex -8.82707 -2 -11.7558
      vertex -8.95666 -2 -10.8822
    endloop
  endfacet
  facet normal 0 -1 0
    outer loop
      vertex -8.31492 -2 -6.55585
      vertex -7.73625 -2 -5.42201
      vertex -7.93729 -2 -5.75743
    endloop
  endfacet
  facet normal 0 -1 0
    outer loop
      vertex -8.61246 -2 -7.38744
      vertex -7.73625 -2 -5.42201
      vertex -8.31492 -2 -6.55585
    endloop
  endfacet
  facet normal 0 -1 0
    outer loop
      vertex -8.82707 -2 -8.24419
      vertex -7.73625 -2 -5.42201
      vertex -8.61246 -2 -7.38744
    endloop
  endfacet
  facet normal 0 -1 0
    outer loop
      vertex -8.95666 -2 -9.11785
      vertex -7.73625 -2 -5.42201
      vertex -8.82707 -2 -8.24419
    endloop
  endfacet
  facet normal 0 -1 0
    outer loop
      vertex -9 -2 -10
      vertex -7.73625 -2 -5.42201
      vertex -8.95666 -2 -9.11785
    endloop
  endfacet
  facet normal 0 -1 0
    outer loop
      vertex -8.95666 -2 -10.8822
      vertex -7.73625 -2 -5.42201
      vertex -9 -2 -10
    endloop
  endfacet
  facet normal 0 -1 0
    outer loop
      vertex -8.82707 -2 -11.7558
      vertex -7.73625 -2 -5.42201
      vertex -8.95666 -2 -10.8822
    endloop
  endfacet
  facet normal 0 -1 0
    outer loop
      vertex -8.61246 -2 -12.6126
      vertex -7.73625 -2 -5.42201
      vertex -8.82707 -2 -11.7558
    endloop
  endfacet
  facet normal 0 -1 0
    outer loop
      vertex -8.31492 -2 -13.4441
      vertex -7.73625 -2 -5.42201
      vertex -8.61246 -2 -12.6126
    endloop
  endfacet
  facet normal 0 -1 0
    outer loop
      vertex -7.73625 -2 -14.578
      vertex -8.31492 -2 -13.4441
      vertex -7.93729 -2 -14.2426
    endloop
  endfacet
  facet normal 0 -1 0
    outer loop
      vertex -8.31492 -2 -13.4441
      vertex -7.73625 -2 -14.578
      vertex -7.73625 -2 -5.42201
    endloop
  endfacet
  facet normal 0 -1 0
    outer loop
      vertex 7.73625 -2 -5.42201
      vertex 8.31492 -2 -6.55585
      vertex 7.93729 -2 -5.75743
    endloop
  endfacet
  facet normal 0 -1 0
    outer loop
      vertex 7.73625 -2 -5.42201
      vertex 8.61246 -2 -7.38744
      vertex 8.31492 -2 -6.55585
    endloop
  endfacet
  facet normal 0 -1 0
    outer loop
      vertex 7.73625 -2 -5.42201
      vertex 8.82707 -2 -8.24419
      vertex 8.61246 -2 -7.38744
    endloop
  endfacet
  facet normal 0 -1 0
    outer loop
      vertex 7.73625 -2 -5.42201
      vertex 8.95666 -2 -9.11785
      vertex 8.82707 -2 -8.24419
    endloop
  endfacet
  facet normal 0 -1 0
    outer loop
      vertex 7.73625 -2 -5.42201
      vertex 9 -2 -10
      vertex 8.95666 -2 -9.11785
    endloop
  endfacet
  facet normal 0 -1 0
    outer loop
      vertex 7.73625 -2 -5.42201
      vertex 8.95666 -2 -10.8822
      vertex 9 -2 -10
    endloop
  endfacet
  facet normal 0 -1 0
    outer loop
      vertex 7.73625 -2 -5.42201
      vertex 8.82707 -2 -11.7558
      vertex 8.95666 -2 -10.8822
    endloop
  endfacet
  facet normal 0 -1 0
    outer loop
      vertex 7.73625 -2 -5.42201
      vertex 8.61246 -2 -12.6126
      vertex 8.82707 -2 -11.7558
    endloop
  endfacet
  facet normal 0 -1 0
    outer loop
      vertex 7.73625 -2 -5.42201
      vertex 8.31492 -2 -13.4441
      vertex 8.61246 -2 -12.6126
    endloop
  endfacet
  facet normal 0 -1 0
    outer loop
      vertex 7.73625 -2 -14.578
      vertex 8.31492 -2 -13.4441
      vertex 7.73625 -2 -5.42201
    endloop
  endfacet
  facet normal 0 -1 0
    outer loop
      vertex 8.31492 -2 -13.4441
      vertex 7.73625 -2 -14.578
      vertex 7.93729 -2 -14.2426
    endloop
  endfacet
  facet normal 0 -1 0
    outer loop
      vertex -0.882154 -2 -1.04334
      vertex 0.882154 -2 -1.04334
      vertex 0 -2 -1
    endloop
  endfacet
  facet normal 0 -1 0
    outer loop
      vertex -1.75581 -2 -1.17293
      vertex 0.882154 -2 -1.04334
      vertex -0.882154 -2 -1.04334
    endloop
  endfacet
  facet normal 0 -1 0
    outer loop
      vertex -1.75581 -2 -1.17293
      vertex 1.75581 -2 -1.17293
      vertex 0.882154 -2 -1.04334
    endloop
  endfacet
  facet normal 0 -1 0
    outer loop
      vertex -2.61256 -2 -1.38754
      vertex 1.75581 -2 -1.17293
      vertex -1.75581 -2 -1.17293
    endloop
  endfacet
  facet normal 0 -1 0
    outer loop
      vertex -2.61256 -2 -1.38754
      vertex 2.61256 -2 -1.38754
      vertex 1.75581 -2 -1.17293
    endloop
  endfacet
  facet normal 0 -1 0
    outer loop
      vertex -3.44415 -2 -1.68508
      vertex 2.61256 -2 -1.38754
      vertex -2.61256 -2 -1.38754
    endloop
  endfacet
  facet normal 0 -1 0
    outer loop
      vertex -3.44415 -2 -1.68508
      vertex 3.44415 -2 -1.68508
      vertex 2.61256 -2 -1.38754
    endloop
  endfacet
  facet normal 0 -1 0
    outer loop
      vertex -4.24257 -2 -2.06271
      vertex 3.44415 -2 -1.68508
      vertex -3.44415 -2 -1.68508
    endloop
  endfacet
  facet normal 0 -1 0
    outer loop
      vertex -4.24257 -2 -2.06271
      vertex 4.24257 -2 -2.06271
      vertex 3.44415 -2 -1.68508
    endloop
  endfacet
  facet normal 0 -1 0
    outer loop
      vertex -5.00013 -2 -2.51677
      vertex 4.24257 -2 -2.06271
      vertex -4.24257 -2 -2.06271
    endloop
  endfacet
  facet normal 0 -1 0
    outer loop
      vertex -5.00013 -2 -2.51677
      vertex 5.00013 -2 -2.51677
      vertex 4.24257 -2 -2.06271
    endloop
  endfacet
  facet normal 0 -1 0
    outer loop
      vertex -5.64922 -2 -2.99817
      vertex 5.00013 -2 -2.51677
      vertex -5.00013 -2 -2.51677
    endloop
  endfacet
  facet normal 0 -1 0
    outer loop
      vertex -5.64922 -2 -2.99817
      vertex 5.64922 -2 -2.99817
      vertex 5.00013 -2 -2.51677
    endloop
  endfacet
  facet normal 0 -1 0
    outer loop
      vertex -5.64922 -2 -17.0018
      vertex 5.64922 -2 -2.99817
      vertex -5.64922 -2 -2.99817
    endloop
  endfacet
  facet normal 0 -1 0
    outer loop
      vertex -5.64922 -2 -17.0018
      vertex 5.64922 -2 -17.0018
      vertex 5.64922 -2 -2.99817
    endloop
  endfacet
  facet normal 0 -1 0
    outer loop
      vertex -5.00013 -2 -17.4832
      vertex 5.64922 -2 -17.0018
      vertex -5.64922 -2 -17.0018
    endloop
  endfacet
  facet normal 0 -1 0
    outer loop
      vertex -5.00013 -2 -17.4832
      vertex 5.00013 -2 -17.4832
      vertex 5.64922 -2 -17.0018
    endloop
  endfacet
  facet normal 0 -1 0
    outer loop
      vertex -4.24257 -2 -17.9373
      vertex 5.00013 -2 -17.4832
      vertex -5.00013 -2 -17.4832
    endloop
  endfacet
  facet normal 0 -1 0
    outer loop
      vertex -4.24257 -2 -17.9373
      vertex 4.24257 -2 -17.9373
      vertex 5.00013 -2 -17.4832
    endloop
  endfacet
  facet normal 0 -1 0
    outer loop
      vertex -3.44415 -2 -18.3149
      vertex 4.24257 -2 -17.9373
      vertex -4.24257 -2 -17.9373
    endloop
  endfacet
  facet normal 0 -1 0
    outer loop
      vertex -3.44415 -2 -18.3149
      vertex 3.44415 -2 -18.3149
      vertex 4.24257 -2 -17.9373
    endloop
  endfacet
  facet normal 0 -1 0
    outer loop
      vertex -2.61256 -2 -18.6125
      vertex 3.44415 -2 -18.3149
      vertex -3.44415 -2 -18.3149
    endloop
  endfacet
  facet normal 0 -1 0
    outer loop
      vertex -2.61256 -2 -18.6125
      vertex 2.61256 -2 -18.6125
      vertex 3.44415 -2 -18.3149
    endloop
  endfacet
  facet normal 0 -1 0
    outer loop
      vertex -1.75581 -2 -18.8271
      vertex 2.61256 -2 -18.6125
      vertex -2.61256 -2 -18.6125
    endloop
  endfacet
  facet normal 0 -1 0
    outer loop
      vertex -1.75581 -2 -18.8271
      vertex 1.75581 -2 -18.8271
      vertex 2.61256 -2 -18.6125
    endloop
  endfacet
  facet normal 0 -1 0
    outer loop
      vertex -0.882154 -2 -18.9567
      vertex 1.75581 -2 -18.8271
      vertex -1.75581 -2 -18.8271
    endloop
  endfacet
  facet normal 0 -1 0
    outer loop
      vertex -0.882154 -2 -18.9567
      vertex 0.882154 -2 -18.9567
      vertex 1.75581 -2 -18.8271
    endloop
  endfacet
  facet normal -0 -1 0
    outer loop
      vertex 0.882154 -2 -18.9567
      vertex -0.882154 -2 -18.9567
      vertex 0 -2 -19
    endloop
  endfacet
  facet normal 0.904003 0 -0.427525
    outer loop
      vertex 8.31492 2 -13.4441
      vertex 7.93729 0.947187 -14.2426
      vertex 7.93729 2 -14.2426
    endloop
  endfacet
  facet normal 0.904051 -9.30129e-05 -0.427425
    outer loop
      vertex 8.31492 2 -13.4441
      vertex 7.96148 0.784137 -14.1914
      vertex 7.93729 0.947187 -14.2426
    endloop
  endfacet
  facet normal 0.903979 2.10898e-05 -0.427577
    outer loop
      vertex 8.31492 2 -13.4441
      vertex 8 0 -14.11
      vertex 7.96148 0.784137 -14.1914
    endloop
  endfacet
  facet normal 0.904004 0 -0.427525
    outer loop
      vertex 8.31492 -2 -13.4441
      vertex 8 0 -14.11
      vertex 8.31492 2 -13.4441
    endloop
  endfacet
  facet normal 0.903979 -2.10898e-05 -0.427577
    outer loop
      vertex 8 0 -14.11
      vertex 8.31492 -2 -13.4441
      vertex 7.96148 -0.784137 -14.1914
    endloop
  endfacet
  facet normal 0.904051 9.30129e-05 -0.427425
    outer loop
      vertex 8.31492 -2 -13.4441
      vertex 7.93729 -0.947187 -14.2426
      vertex 7.96148 -0.784137 -14.1914
    endloop
  endfacet
  facet normal 0.904003 0 -0.427525
    outer loop
      vertex 7.93729 -0.947187 -14.2426
      vertex 8.31492 -2 -13.4441
      vertex 7.93729 -2 -14.2426
    endloop
  endfacet
  facet normal 0.989176 0 -0.146735
    outer loop
      vertex 8.95666 -2 -10.8822
      vertex 8.82707 2 -11.7558
      vertex 8.95666 2 -10.8822
    endloop
  endfacet
  facet normal 0.989176 0 -0.146735
    outer loop
      vertex 8.82707 2 -11.7558
      vertex 8.95666 -2 -10.8822
      vertex 8.82707 -2 -11.7558
    endloop
  endfacet
  facet normal -0.595701 -0.00017416 -0.803206
    outer loop
      vertex -5.70954 -1.83143 -16.9571
      vertex -5.00013 -2 -17.4832
      vertex -5.64922 -2 -17.0018
    endloop
  endfacet
  facet normal -0.595674 0 -0.803226
    outer loop
      vertex -5.00013 -2 -17.4832
      vertex -5.70954 -1.83143 -16.9571
      vertex -5.00013 2 -17.4832
    endloop
  endfacet
  facet normal -0.595674 -0 -0.803226
    outer loop
      vertex -5.70954 1.83143 -16.9571
      vertex -5.00013 2 -17.4832
      vertex -5.70954 -1.83143 -16.9571
    endloop
  endfacet
  facet normal -0.595701 0.00017416 -0.803206
    outer loop
      vertex -5.00013 2 -17.4832
      vertex -5.70954 1.83143 -16.9571
      vertex -5.64922 2 -17.0018
    endloop
  endfacet
  facet normal 0.595701 -0.00017416 -0.803206
    outer loop
      vertex 5.00013 -2 -17.4832
      vertex 5.70954 -1.83143 -16.9571
      vertex 5.64922 -2 -17.0018
    endloop
  endfacet
  facet normal 0.595674 0 -0.803226
    outer loop
      vertex 5.70954 -1.83143 -16.9571
      vertex 5.00013 -2 -17.4832
      vertex 5.70954 1.83143 -16.9571
    endloop
  endfacet
  facet normal 0.595674 0 -0.803226
    outer loop
      vertex 5.00013 2 -17.4832
      vertex 5.70954 1.83143 -16.9571
      vertex 5.00013 -2 -17.4832
    endloop
  endfacet
  facet normal 0.595701 0.00017416 -0.803206
    outer loop
      vertex 5.70954 1.83143 -16.9571
      vertex 5.00013 2 -17.4832
      vertex 5.64922 2 -17.0018
    endloop
  endfacet
  facet normal -0.989177 0 0.146725
    outer loop
      vertex -8.95666 -2 -9.11785
      vertex -8.82707 2 -8.24419
      vertex -8.95666 2 -9.11785
    endloop
  endfacet
  facet normal -0.989177 0 0.146725
    outer loop
      vertex -8.82707 2 -8.24419
      vertex -8.95666 -2 -9.11785
      vertex -8.82707 -2 -8.24419
    endloop
  endfacet
  facet normal -0.970033 0 -0.242972
    outer loop
      vertex -8.61246 -2 -12.6126
      vertex -8.82707 2 -11.7558
      vertex -8.61246 2 -12.6126
    endloop
  endfacet
  facet normal -0.970033 -0 -0.242972
    outer loop
      vertex -8.82707 2 -11.7558
      vertex -8.61246 -2 -12.6126
      vertex -8.82707 -2 -11.7558
    endloop
  endfacet
  facet normal 0.242975 0 -0.970033
    outer loop
      vertex 1.75581 -2 -18.8271
      vertex 2.61256 2 -18.6125
      vertex 2.61256 -2 -18.6125
    endloop
  endfacet
  facet normal 0.242975 0 -0.970033
    outer loop
      vertex 2.61256 2 -18.6125
      vertex 1.75581 -2 -18.8271
      vertex 1.75581 2 -18.8271
    endloop
  endfacet
  facet normal 0.857667 0 -0.514205
    outer loop
      vertex 7.93729 -2 -14.2426
      vertex 7.84628 -1.56072 -14.3944
      vertex 7.93729 -0.947187 -14.2426
    endloop
  endfacet
  facet normal 0.857718 4.00641e-05 -0.51412
    outer loop
      vertex 7.84628 -1.56072 -14.3944
      vertex 7.93729 -2 -14.2426
      vertex 7.73625 -2 -14.578
    endloop
  endfacet
  facet normal 0.857718 -4.00641e-05 -0.51412
    outer loop
      vertex 7.93729 2 -14.2426
      vertex 7.84628 1.56072 -14.3944
      vertex 7.73625 2 -14.578
    endloop
  endfacet
  facet normal 0.857667 0 -0.514205
    outer loop
      vertex 7.84628 1.56072 -14.3944
      vertex 7.93729 2 -14.2426
      vertex 7.93729 0.947187 -14.2426
    endloop
  endfacet
  facet normal -0.146736 0 -0.989176
    outer loop
      vertex -1.75581 -2 -18.8271
      vertex -0.882154 2 -18.9567
      vertex -0.882154 -2 -18.9567
    endloop
  endfacet
  facet normal -0.146736 0 -0.989176
    outer loop
      vertex -0.882154 2 -18.9567
      vertex -1.75581 -2 -18.8271
      vertex -1.75581 2 -18.8271
    endloop
  endfacet
  facet normal -0.146725 0 0.989177
    outer loop
      vertex -1.75581 2 -1.17293
      vertex -0.882154 -2 -1.04334
      vertex -0.882154 2 -1.04334
    endloop
  endfacet
  facet normal -0.146725 0 0.989177
    outer loop
      vertex -0.882154 -2 -1.04334
      vertex -1.75581 2 -1.17293
      vertex -1.75581 -2 -1.17293
    endloop
  endfacet
  facet normal 0.146736 0 -0.989176
    outer loop
      vertex 0.882154 -2 -18.9567
      vertex 1.75581 2 -18.8271
      vertex 1.75581 -2 -18.8271
    endloop
  endfacet
  facet normal 0.146736 0 -0.989176
    outer loop
      vertex 1.75581 2 -18.8271
      vertex 0.882154 -2 -18.9567
      vertex 0.882154 2 -18.9567
    endloop
  endfacet
  facet normal -0.242975 0 -0.970033
    outer loop
      vertex -2.61256 -2 -18.6125
      vertex -1.75581 2 -18.8271
      vertex -1.75581 -2 -18.8271
    endloop
  endfacet
  facet normal -0.242975 0 -0.970033
    outer loop
      vertex -1.75581 2 -18.8271
      vertex -2.61256 -2 -18.6125
      vertex -2.61256 2 -18.6125
    endloop
  endfacet
  facet normal 0.514099 0 0.857731
    outer loop
      vertex 4.24257 2 -2.06271
      vertex 5.00013 -2 -2.51677
      vertex 5.00013 2 -2.51677
    endloop
  endfacet
  facet normal 0.514099 0 0.857731
    outer loop
      vertex 5.00013 -2 -2.51677
      vertex 4.24257 2 -2.06271
      vertex 4.24257 -2 -2.06271
    endloop
  endfacet
  facet normal -0.903987 0 0.42756
    outer loop
      vertex -8.31492 2 -6.55585
      vertex -7.93729 0.947187 -5.75743
      vertex -7.93729 2 -5.75743
    endloop
  endfacet
  facet normal -0.903982 8.7518e-06 0.42757
    outer loop
      vertex -8.31492 2 -6.55585
      vertex -7.96148 0.784137 -5.80857
      vertex -7.93729 0.947187 -5.75743
    endloop
  endfacet
  facet normal -0.90399 -3.2496e-06 0.427554
    outer loop
      vertex -8.31492 2 -6.55585
      vertex -8 0 -5.89002
      vertex -7.96148 0.784137 -5.80857
    endloop
  endfacet
  facet normal -0.903986 0 0.427562
    outer loop
      vertex -8.31492 -2 -6.55585
      vertex -8 0 -5.89002
      vertex -8.31492 2 -6.55585
    endloop
  endfacet
  facet normal -0.90399 3.2496e-06 0.427554
    outer loop
      vertex -8 0 -5.89002
      vertex -8.31492 -2 -6.55585
      vertex -7.96148 -0.784137 -5.80857
    endloop
  endfacet
  facet normal -0.903982 -8.7518e-06 0.42757
    outer loop
      vertex -8.31492 -2 -6.55585
      vertex -7.93729 -0.947187 -5.75743
      vertex -7.96148 -0.784137 -5.80857
    endloop
  endfacet
  facet normal -0.903987 0 0.42756
    outer loop
      vertex -7.93729 -0.947187 -5.75743
      vertex -8.31492 -2 -6.55585
      vertex -7.93729 -2 -5.75743
    endloop
  endfacet
  facet normal 0.42756 0 0.903987
    outer loop
      vertex 3.44415 2 -1.68508
      vertex 4.24257 -2 -2.06271
      vertex 4.24257 2 -2.06271
    endloop
  endfacet
  facet normal 0.42756 0 0.903987
    outer loop
      vertex 4.24257 -2 -2.06271
      vertex 3.44415 2 -1.68508
      vertex 3.44415 -2 -1.68508
    endloop
  endfacet
  facet normal 0.427532 0 -0.904
    outer loop
      vertex 3.44415 -2 -18.3149
      vertex 4.24257 2 -17.9373
      vertex 4.24257 -2 -17.9373
    endloop
  endfacet
  facet normal 0.427532 0 -0.904
    outer loop
      vertex 4.24257 2 -17.9373
      vertex 3.44415 -2 -18.3149
      vertex 3.44415 2 -18.3149
    endloop
  endfacet
  facet normal -0.514133 0 -0.857711
    outer loop
      vertex -5.00013 -2 -17.4832
      vertex -4.24257 2 -17.9373
      vertex -4.24257 -2 -17.9373
    endloop
  endfacet
  facet normal -0.514133 0 -0.857711
    outer loop
      vertex -4.24257 2 -17.9373
      vertex -5.00013 -2 -17.4832
      vertex -5.00013 2 -17.4832
    endloop
  endfacet
  facet normal 0.514133 0 -0.857711
    outer loop
      vertex 4.24257 -2 -17.9373
      vertex 5.00013 2 -17.4832
      vertex 5.00013 -2 -17.4832
    endloop
  endfacet
  facet normal 0.514133 0 -0.857711
    outer loop
      vertex 5.00013 2 -17.4832
      vertex 4.24257 -2 -17.9373
      vertex 4.24257 2 -17.9373
    endloop
  endfacet
  facet normal -0.0490706 0 0.998795
    outer loop
      vertex -0.882154 2 -1.04334
      vertex 0 -2 -1
      vertex 0 2 -1
    endloop
  endfacet
  facet normal -0.0490706 0 0.998795
    outer loop
      vertex 0 -2 -1
      vertex -0.882154 2 -1.04334
      vertex -0.882154 -2 -1.04334
    endloop
  endfacet
  facet normal -0.857732 -3.84556e-06 0.514097
    outer loop
      vertex -7.93729 2 -5.75743
      vertex -7.84628 1.56072 -5.60559
      vertex -7.73625 2 -5.42201
    endloop
  endfacet
  facet normal -0.857727 0 0.514105
    outer loop
      vertex -7.84628 1.56072 -5.60559
      vertex -7.93729 2 -5.75743
      vertex -7.93729 0.947187 -5.75743
    endloop
  endfacet
  facet normal -0.857727 0 0.514105
    outer loop
      vertex -7.93729 -2 -5.75743
      vertex -7.84628 -1.56072 -5.60559
      vertex -7.93729 -0.947187 -5.75743
    endloop
  endfacet
  facet normal -0.857732 3.84556e-06 0.514097
    outer loop
      vertex -7.84628 -1.56072 -5.60559
      vertex -7.93729 -2 -5.75743
      vertex -7.73625 -2 -5.42201
    endloop
  endfacet
  facet normal -0.998795 0 -0.049068
    outer loop
      vertex -8.95666 -2 -10.8822
      vertex -9 2 -10
      vertex -8.95666 2 -10.8822
    endloop
  endfacet
  facet normal -0.998795 -0 -0.049068
    outer loop
      vertex -9 2 -10
      vertex -8.95666 -2 -10.8822
      vertex -9 -2 -10
    endloop
  endfacet
  facet normal -0.514099 0 0.857731
    outer loop
      vertex -5.00013 2 -2.51677
      vertex -4.24257 -2 -2.06271
      vertex -4.24257 2 -2.06271
    endloop
  endfacet
  facet normal -0.514099 0 0.857731
    outer loop
      vertex -4.24257 -2 -2.06271
      vertex -5.00013 2 -2.51677
      vertex -5.00013 -2 -2.51677
    endloop
  endfacet
  facet normal 0.970033 0 -0.242972
    outer loop
      vertex 8.82707 -2 -11.7558
      vertex 8.61246 2 -12.6126
      vertex 8.82707 2 -11.7558
    endloop
  endfacet
  facet normal 0.970033 0 -0.242972
    outer loop
      vertex 8.61246 2 -12.6126
      vertex 8.82707 -2 -11.7558
      vertex 8.61246 -2 -12.6126
    endloop
  endfacet
  facet normal -0.242986 0 0.97003
    outer loop
      vertex -2.61256 2 -1.38754
      vertex -1.75581 -2 -1.17293
      vertex -1.75581 2 -1.17293
    endloop
  endfacet
  facet normal -0.242986 0 0.97003
    outer loop
      vertex -1.75581 -2 -1.17293
      vertex -2.61256 2 -1.38754
      vertex -2.61256 -2 -1.38754
    endloop
  endfacet
  facet normal -0.904003 0 -0.427525
    outer loop
      vertex -7.93729 0.947187 -14.2426
      vertex -8.31492 2 -13.4441
      vertex -7.93729 2 -14.2426
    endloop
  endfacet
  facet normal -0.904051 -9.30129e-05 -0.427425
    outer loop
      vertex -7.96148 0.784137 -14.1914
      vertex -8.31492 2 -13.4441
      vertex -7.93729 0.947187 -14.2426
    endloop
  endfacet
  facet normal -0.903979 2.10898e-05 -0.427577
    outer loop
      vertex -8 0 -14.11
      vertex -8.31492 2 -13.4441
      vertex -7.96148 0.784137 -14.1914
    endloop
  endfacet
  facet normal -0.903979 -2.10898e-05 -0.427577
    outer loop
      vertex -8.31492 -2 -13.4441
      vertex -8 0 -14.11
      vertex -7.96148 -0.784137 -14.1914
    endloop
  endfacet
  facet normal -0.904003 0 -0.427525
    outer loop
      vertex -8.31492 -2 -13.4441
      vertex -7.93729 -0.947187 -14.2426
      vertex -7.93729 -2 -14.2426
    endloop
  endfacet
  facet normal -0.904051 9.30129e-05 -0.427425
    outer loop
      vertex -7.93729 -0.947187 -14.2426
      vertex -8.31492 -2 -13.4441
      vertex -7.96148 -0.784137 -14.1914
    endloop
  endfacet
  facet normal -0.904004 0 -0.427525
    outer loop
      vertex -8 0 -14.11
      vertex -8.31492 -2 -13.4441
      vertex -8.31492 2 -13.4441
    endloop
  endfacet
  facet normal -0.595701 -1.64331e-05 0.803206
    outer loop
      vertex -5.70954 1.83143 -3.04291
      vertex -5.00013 2 -2.51677
      vertex -5.64922 2 -2.99817
    endloop
  endfacet
  facet normal -0.595703 0 0.803204
    outer loop
      vertex -5.00013 2 -2.51677
      vertex -5.70954 1.83143 -3.04291
      vertex -5.00013 -2 -2.51677
    endloop
  endfacet
  facet normal -0.595703 0 0.803204
    outer loop
      vertex -5.70954 -1.83143 -3.04291
      vertex -5.00013 -2 -2.51677
      vertex -5.70954 1.83143 -3.04291
    endloop
  endfacet
  facet normal -0.595701 1.64331e-05 0.803206
    outer loop
      vertex -5.00013 -2 -2.51677
      vertex -5.70954 -1.83143 -3.04291
      vertex -5.64922 -2 -2.99817
    endloop
  endfacet
  facet normal -0.941547 0 0.336882
    outer loop
      vertex -8.61246 -2 -7.38744
      vertex -8.31492 2 -6.55585
      vertex -8.61246 2 -7.38744
    endloop
  endfacet
  facet normal -0.941547 0 0.336882
    outer loop
      vertex -8.31492 2 -6.55585
      vertex -8.61246 -2 -7.38744
      vertex -8.31492 -2 -6.55585
    endloop
  endfacet
  facet normal 0.595701 -1.64331e-05 0.803206
    outer loop
      vertex 5.00013 2 -2.51677
      vertex 5.70954 1.83143 -3.04291
      vertex 5.64922 2 -2.99817
    endloop
  endfacet
  facet normal 0.595703 0 0.803204
    outer loop
      vertex 5.70954 1.83143 -3.04291
      vertex 5.00013 2 -2.51677
      vertex 5.70954 -1.83143 -3.04291
    endloop
  endfacet
  facet normal 0.595703 -0 0.803204
    outer loop
      vertex 5.00013 -2 -2.51677
      vertex 5.70954 -1.83143 -3.04291
      vertex 5.00013 2 -2.51677
    endloop
  endfacet
  facet normal 0.595701 1.64331e-05 0.803206
    outer loop
      vertex 5.70954 -1.83143 -3.04291
      vertex 5.00013 -2 -2.51677
      vertex 5.64922 -2 -2.99817
    endloop
  endfacet
  facet normal 0.941535 0 -0.336914
    outer loop
      vertex 8.61246 -2 -12.6126
      vertex 8.31492 2 -13.4441
      vertex 8.61246 2 -12.6126
    endloop
  endfacet
  facet normal 0.941535 0 -0.336914
    outer loop
      vertex 8.31492 2 -13.4441
      vertex 8.61246 -2 -12.6126
      vertex 8.31492 -2 -13.4441
    endloop
  endfacet
  facet normal 0.336882 0 0.941547
    outer loop
      vertex 2.61256 2 -1.38754
      vertex 3.44415 -2 -1.68508
      vertex 3.44415 2 -1.68508
    endloop
  endfacet
  facet normal 0.336882 0 0.941547
    outer loop
      vertex 3.44415 -2 -1.68508
      vertex 2.61256 2 -1.38754
      vertex 2.61256 -2 -1.38754
    endloop
  endfacet
  facet normal 0.857727 0 0.514105
    outer loop
      vertex 7.84628 -1.56072 -5.60559
      vertex 7.93729 -2 -5.75743
      vertex 7.93729 -0.947187 -5.75743
    endloop
  endfacet
  facet normal 0.857732 3.84556e-06 0.514097
    outer loop
      vertex 7.93729 -2 -5.75743
      vertex 7.84628 -1.56072 -5.60559
      vertex 7.73625 -2 -5.42201
    endloop
  endfacet
  facet normal 0.857732 -3.84556e-06 0.514097
    outer loop
      vertex 7.84628 1.56072 -5.60559
      vertex 7.93729 2 -5.75743
      vertex 7.73625 2 -5.42201
    endloop
  endfacet
  facet normal 0.857727 0 0.514105
    outer loop
      vertex 7.93729 2 -5.75743
      vertex 7.84628 1.56072 -5.60559
      vertex 7.93729 0.947187 -5.75743
    endloop
  endfacet
  facet normal 0.903987 -0 0.42756
    outer loop
      vertex 7.93729 0.947187 -5.75743
      vertex 8.31492 2 -6.55585
      vertex 7.93729 2 -5.75743
    endloop
  endfacet
  facet normal 0.903982 8.7518e-06 0.42757
    outer loop
      vertex 7.96148 0.784137 -5.80857
      vertex 8.31492 2 -6.55585
      vertex 7.93729 0.947187 -5.75743
    endloop
  endfacet
  facet normal 0.90399 -3.2496e-06 0.427554
    outer loop
      vertex 8 0 -5.89002
      vertex 8.31492 2 -6.55585
      vertex 7.96148 0.784137 -5.80857
    endloop
  endfacet
  facet normal 0.90399 3.2496e-06 0.427554
    outer loop
      vertex 8.31492 -2 -6.55585
      vertex 8 0 -5.89002
      vertex 7.96148 -0.784137 -5.80857
    endloop
  endfacet
  facet normal 0.903987 0 0.42756
    outer loop
      vertex 8.31492 -2 -6.55585
      vertex 7.93729 -0.947187 -5.75743
      vertex 7.93729 -2 -5.75743
    endloop
  endfacet
  facet normal 0.903982 -8.7518e-06 0.42757
    outer loop
      vertex 7.93729 -0.947187 -5.75743
      vertex 8.31492 -2 -6.55585
      vertex 7.96148 -0.784137 -5.80857
    endloop
  endfacet
  facet normal 0.903986 0 0.427562
    outer loop
      vertex 8 0 -5.89002
      vertex 8.31492 -2 -6.55585
      vertex 8.31492 2 -6.55585
    endloop
  endfacet
  facet normal -0.336942 0 -0.941525
    outer loop
      vertex -3.44415 -2 -18.3149
      vertex -2.61256 2 -18.6125
      vertex -2.61256 -2 -18.6125
    endloop
  endfacet
  facet normal -0.336942 0 -0.941525
    outer loop
      vertex -2.61256 2 -18.6125
      vertex -3.44415 -2 -18.3149
      vertex -3.44415 2 -18.3149
    endloop
  endfacet
  facet normal 0.0490706 0 0.998795
    outer loop
      vertex 0 2 -1
      vertex 0.882154 -2 -1.04334
      vertex 0.882154 2 -1.04334
    endloop
  endfacet
  facet normal 0.0490706 0 0.998795
    outer loop
      vertex 0.882154 -2 -1.04334
      vertex 0 2 -1
      vertex 0 -2 -1
    endloop
  endfacet
  facet normal 0.998795 0 -0.049068
    outer loop
      vertex 9 -2 -10
      vertex 8.95666 2 -10.8822
      vertex 9 2 -10
    endloop
  endfacet
  facet normal 0.998795 0 -0.049068
    outer loop
      vertex 8.95666 2 -10.8822
      vertex 9 -2 -10
      vertex 8.95666 -2 -10.8822
    endloop
  endfacet
  facet normal 0.242986 0 0.97003
    outer loop
      vertex 1.75581 2 -1.17293
      vertex 2.61256 -2 -1.38754
      vertex 2.61256 2 -1.38754
    endloop
  endfacet
  facet normal 0.242986 0 0.97003
    outer loop
      vertex 2.61256 -2 -1.38754
      vertex 1.75581 2 -1.17293
      vertex 1.75581 -2 -1.17293
    endloop
  endfacet
  facet normal -0.671408 -6.74866e-05 0.741088
    outer loop
      vertex -5.88471 1.17054 -3.20167
      vertex -5.70954 1.83143 -3.04291
      vertex -5.74164 1.74171 -3.072
    endloop
  endfacet
  facet normal -0.671548 0 0.740961
    outer loop
      vertex -5.70954 1.83143 -3.04291
      vertex -5.88471 1.17054 -3.20167
      vertex -5.70954 -1.83143 -3.04291
    endloop
  endfacet
  facet normal -0.671548 0 0.740961
    outer loop
      vertex -5.88471 -1.17054 -3.20167
      vertex -5.70954 -1.83143 -3.04291
      vertex -5.88471 1.17054 -3.20167
    endloop
  endfacet
  facet normal -0.671408 6.74866e-05 0.741088
    outer loop
      vertex -5.70954 -1.83143 -3.04291
      vertex -5.88471 -1.17054 -3.20167
      vertex -5.74164 -1.74171 -3.072
    endloop
  endfacet
  facet normal -0.671567 0 0.740944
    outer loop
      vertex -5.97111 0.588102 -3.27998
      vertex -5.88471 -1.17054 -3.20167
      vertex -5.88471 1.17054 -3.20167
    endloop
  endfacet
  facet normal -0.671567 0 0.740944
    outer loop
      vertex -5.97111 0.588102 -3.27998
      vertex -5.97111 -0.588102 -3.27998
      vertex -5.88471 -1.17054 -3.20167
    endloop
  endfacet
  facet normal -0.671497 0 0.741007
    outer loop
      vertex -5.97111 -0.588102 -3.27998
      vertex -5.97111 0.588102 -3.27998
      vertex -6 0 -3.30616
    endloop
  endfacet
  facet normal -0.42756 0 0.903987
    outer loop
      vertex -4.24257 2 -2.06271
      vertex -3.44415 -2 -1.68508
      vertex -3.44415 2 -1.68508
    endloop
  endfacet
  facet normal -0.42756 0 0.903987
    outer loop
      vertex -3.44415 -2 -1.68508
      vertex -4.24257 2 -2.06271
      vertex -4.24257 -2 -2.06271
    endloop
  endfacet
  facet normal 0.336942 0 -0.941525
    outer loop
      vertex 2.61256 -2 -18.6125
      vertex 3.44415 2 -18.3149
      vertex 3.44415 -2 -18.3149
    endloop
  endfacet
  facet normal 0.336942 0 -0.941525
    outer loop
      vertex 3.44415 2 -18.3149
      vertex 2.61256 -2 -18.6125
      vertex 2.61256 2 -18.6125
    endloop
  endfacet
  facet normal 0.671779 0 -0.740752
    outer loop
      vertex 5.97111 -0.588102 -16.72
      vertex 5.97111 0.588102 -16.72
      vertex 6 0 -16.6938
    endloop
  endfacet
  facet normal 0.671519 0 -0.740987
    outer loop
      vertex 5.88471 -1.17054 -16.7983
      vertex 5.97111 0.588102 -16.72
      vertex 5.97111 -0.588102 -16.72
    endloop
  endfacet
  facet normal 0.671519 0 -0.740987
    outer loop
      vertex 5.88471 -1.17054 -16.7983
      vertex 5.88471 1.17054 -16.7983
      vertex 5.97111 0.588102 -16.72
    endloop
  endfacet
  facet normal 0.671631 4.44667e-06 -0.740885
    outer loop
      vertex 5.70954 -1.83143 -16.9571
      vertex 5.88471 -1.17054 -16.7983
      vertex 5.74164 -1.74171 -16.928
    endloop
  endfacet
  facet normal 0.671641 0 -0.740877
    outer loop
      vertex 5.88471 -1.17054 -16.7983
      vertex 5.70954 -1.83143 -16.9571
      vertex 5.88471 1.17054 -16.7983
    endloop
  endfacet
  facet normal 0.671641 0 -0.740877
    outer loop
      vertex 5.70954 1.83143 -16.9571
      vertex 5.88471 1.17054 -16.7983
      vertex 5.70954 -1.83143 -16.9571
    endloop
  endfacet
  facet normal 0.671631 -4.44667e-06 -0.740885
    outer loop
      vertex 5.88471 1.17054 -16.7983
      vertex 5.70954 1.83143 -16.9571
      vertex 5.74164 1.74171 -16.928
    endloop
  endfacet
  facet normal 0.146725 0 0.989177
    outer loop
      vertex 0.882154 2 -1.04334
      vertex 1.75581 -2 -1.17293
      vertex 1.75581 2 -1.17293
    endloop
  endfacet
  facet normal 0.146725 0 0.989177
    outer loop
      vertex 1.75581 -2 -1.17293
      vertex 0.882154 2 -1.04334
      vertex 0.882154 -2 -1.04334
    endloop
  endfacet
  facet normal 0.0490254 0 -0.998798
    outer loop
      vertex 0 -2 -19
      vertex 0.882154 2 -18.9567
      vertex 0.882154 -2 -18.9567
    endloop
  endfacet
  facet normal 0.0490254 0 -0.998798
    outer loop
      vertex 0.882154 2 -18.9567
      vertex 0 -2 -19
      vertex 0 2 -19
    endloop
  endfacet
  facet normal -0.427532 0 -0.904
    outer loop
      vertex -4.24257 -2 -17.9373
      vertex -3.44415 2 -18.3149
      vertex -3.44415 -2 -18.3149
    endloop
  endfacet
  facet normal -0.427532 0 -0.904
    outer loop
      vertex -3.44415 2 -18.3149
      vertex -4.24257 -2 -17.9373
      vertex -4.24257 2 -17.9373
    endloop
  endfacet
  facet normal -0.671631 4.44667e-06 -0.740885
    outer loop
      vertex -5.88471 -1.17054 -16.7983
      vertex -5.70954 -1.83143 -16.9571
      vertex -5.74164 -1.74171 -16.928
    endloop
  endfacet
  facet normal -0.671641 0 -0.740877
    outer loop
      vertex -5.70954 -1.83143 -16.9571
      vertex -5.88471 -1.17054 -16.7983
      vertex -5.70954 1.83143 -16.9571
    endloop
  endfacet
  facet normal -0.671641 -0 -0.740877
    outer loop
      vertex -5.88471 1.17054 -16.7983
      vertex -5.70954 1.83143 -16.9571
      vertex -5.88471 -1.17054 -16.7983
    endloop
  endfacet
  facet normal -0.671631 -4.44667e-06 -0.740885
    outer loop
      vertex -5.70954 1.83143 -16.9571
      vertex -5.88471 1.17054 -16.7983
      vertex -5.74164 1.74171 -16.928
    endloop
  endfacet
  facet normal -0.671519 0 -0.740987
    outer loop
      vertex -5.97111 -0.588102 -16.72
      vertex -5.88471 1.17054 -16.7983
      vertex -5.88471 -1.17054 -16.7983
    endloop
  endfacet
  facet normal -0.671519 0 -0.740987
    outer loop
      vertex -5.97111 -0.588102 -16.72
      vertex -5.97111 0.588102 -16.72
      vertex -5.88471 1.17054 -16.7983
    endloop
  endfacet
  facet normal -0.671779 -0 -0.740752
    outer loop
      vertex -5.97111 0.588102 -16.72
      vertex -5.97111 -0.588102 -16.72
      vertex -6 0 -16.6938
    endloop
  endfacet
  facet normal -0.0490254 0 -0.998798
    outer loop
      vertex -0.882154 -2 -18.9567
      vertex 0 2 -19
      vertex 0 -2 -19
    endloop
  endfacet
  facet normal -0.0490254 0 -0.998798
    outer loop
      vertex 0 2 -19
      vertex -0.882154 -2 -18.9567
      vertex -0.882154 2 -18.9567
    endloop
  endfacet
  facet normal 0 1 0
    outer loop
      vertex 0.882154 2 -1.04334
      vertex -0.882154 2 -1.04334
      vertex 0 2 -1
    endloop
  endfacet
  facet normal 0 1 0
    outer loop
      vertex 1.75581 2 -1.17293
      vertex -0.882154 2 -1.04334
      vertex 0.882154 2 -1.04334
    endloop
  endfacet
  facet normal 0 1 0
    outer loop
      vertex 1.75581 2 -1.17293
      vertex -1.75581 2 -1.17293
      vertex -0.882154 2 -1.04334
    endloop
  endfacet
  facet normal 0 1 0
    outer loop
      vertex 2.61256 2 -1.38754
      vertex -1.75581 2 -1.17293
      vertex 1.75581 2 -1.17293
    endloop
  endfacet
  facet normal 0 1 0
    outer loop
      vertex 2.61256 2 -1.38754
      vertex -2.61256 2 -1.38754
      vertex -1.75581 2 -1.17293
    endloop
  endfacet
  facet normal 0 1 0
    outer loop
      vertex 3.44415 2 -1.68508
      vertex -2.61256 2 -1.38754
      vertex 2.61256 2 -1.38754
    endloop
  endfacet
  facet normal 0 1 0
    outer loop
      vertex 3.44415 2 -1.68508
      vertex -3.44415 2 -1.68508
      vertex -2.61256 2 -1.38754
    endloop
  endfacet
  facet normal 0 1 0
    outer loop
      vertex 4.24257 2 -2.06271
      vertex -3.44415 2 -1.68508
      vertex 3.44415 2 -1.68508
    endloop
  endfacet
  facet normal 0 1 0
    outer loop
      vertex 4.24257 2 -2.06271
      vertex -4.24257 2 -2.06271
      vertex -3.44415 2 -1.68508
    endloop
  endfacet
  facet normal 0 1 0
    outer loop
      vertex 5.00013 2 -2.51677
      vertex -4.24257 2 -2.06271
      vertex 4.24257 2 -2.06271
    endloop
  endfacet
  facet normal 0 1 0
    outer loop
      vertex 5.00013 2 -2.51677
      vertex -5.00013 2 -2.51677
      vertex -4.24257 2 -2.06271
    endloop
  endfacet
  facet normal 0 1 0
    outer loop
      vertex 5.64922 2 -2.99817
      vertex -5.00013 2 -2.51677
      vertex 5.00013 2 -2.51677
    endloop
  endfacet
  facet normal 0 1 0
    outer loop
      vertex 5.64922 2 -2.99817
      vertex -5.64922 2 -2.99817
      vertex -5.00013 2 -2.51677
    endloop
  endfacet
  facet normal 0 1 -0
    outer loop
      vertex 5.64922 2 -17.0018
      vertex -5.64922 2 -2.99817
      vertex 5.64922 2 -2.99817
    endloop
  endfacet
  facet normal 0 1 0
    outer loop
      vertex 5.64922 2 -17.0018
      vertex -5.64922 2 -17.0018
      vertex -5.64922 2 -2.99817
    endloop
  endfacet
  facet normal 0 1 -0
    outer loop
      vertex 5.00013 2 -17.4832
      vertex -5.64922 2 -17.0018
      vertex 5.64922 2 -17.0018
    endloop
  endfacet
  facet normal 0 1 0
    outer loop
      vertex 5.00013 2 -17.4832
      vertex -5.00013 2 -17.4832
      vertex -5.64922 2 -17.0018
    endloop
  endfacet
  facet normal 0 1 -0
    outer loop
      vertex 4.24257 2 -17.9373
      vertex -5.00013 2 -17.4832
      vertex 5.00013 2 -17.4832
    endloop
  endfacet
  facet normal 0 1 0
    outer loop
      vertex 4.24257 2 -17.9373
      vertex -4.24257 2 -17.9373
      vertex -5.00013 2 -17.4832
    endloop
  endfacet
  facet normal 0 1 -0
    outer loop
      vertex 3.44415 2 -18.3149
      vertex -4.24257 2 -17.9373
      vertex 4.24257 2 -17.9373
    endloop
  endfacet
  facet normal 0 1 0
    outer loop
      vertex 3.44415 2 -18.3149
      vertex -3.44415 2 -18.3149
      vertex -4.24257 2 -17.9373
    endloop
  endfacet
  facet normal 0 1 -0
    outer loop
      vertex 2.61256 2 -18.6125
      vertex -3.44415 2 -18.3149
      vertex 3.44415 2 -18.3149
    endloop
  endfacet
  facet normal 0 1 0
    outer loop
      vertex 2.61256 2 -18.6125
      vertex -2.61256 2 -18.6125
      vertex -3.44415 2 -18.3149
    endloop
  endfacet
  facet normal 0 1 -0
    outer loop
      vertex 1.75581 2 -18.8271
      vertex -2.61256 2 -18.6125
      vertex 2.61256 2 -18.6125
    endloop
  endfacet
  facet normal 0 1 0
    outer loop
      vertex 1.75581 2 -18.8271
      vertex -1.75581 2 -18.8271
      vertex -2.61256 2 -18.6125
    endloop
  endfacet
  facet normal 0 1 -0
    outer loop
      vertex 0.882154 2 -18.9567
      vertex -1.75581 2 -18.8271
      vertex 1.75581 2 -18.8271
    endloop
  endfacet
  facet normal 0 1 0
    outer loop
      vertex 0.882154 2 -18.9567
      vertex -0.882154 2 -18.9567
      vertex -1.75581 2 -18.8271
    endloop
  endfacet
  facet normal -0 1 0
    outer loop
      vertex -0.882154 2 -18.9567
      vertex 0.882154 2 -18.9567
      vertex 0 2 -19
    endloop
  endfacet
  facet normal 0 1 0
    outer loop
      vertex 8.31492 2 -6.55585
      vertex 7.73625 2 -5.42201
      vertex 7.93729 2 -5.75743
    endloop
  endfacet
  facet normal 0 1 0
    outer loop
      vertex 8.61246 2 -7.38744
      vertex 7.73625 2 -5.42201
      vertex 8.31492 2 -6.55585
    endloop
  endfacet
  facet normal 0 1 0
    outer loop
      vertex 8.82707 2 -8.24419
      vertex 7.73625 2 -5.42201
      vertex 8.61246 2 -7.38744
    endloop
  endfacet
  facet normal 0 1 0
    outer loop
      vertex 8.95666 2 -9.11785
      vertex 7.73625 2 -5.42201
      vertex 8.82707 2 -8.24419
    endloop
  endfacet
  facet normal 0 1 0
    outer loop
      vertex 9 2 -10
      vertex 7.73625 2 -5.42201
      vertex 8.95666 2 -9.11785
    endloop
  endfacet
  facet normal 0 1 -0
    outer loop
      vertex 8.95666 2 -10.8822
      vertex 7.73625 2 -5.42201
      vertex 9 2 -10
    endloop
  endfacet
  facet normal 0 1 -0
    outer loop
      vertex 8.82707 2 -11.7558
      vertex 7.73625 2 -5.42201
      vertex 8.95666 2 -10.8822
    endloop
  endfacet
  facet normal 0 1 -0
    outer loop
      vertex 8.61246 2 -12.6126
      vertex 7.73625 2 -5.42201
      vertex 8.82707 2 -11.7558
    endloop
  endfacet
  facet normal 0 1 -0
    outer loop
      vertex 8.31492 2 -13.4441
      vertex 7.73625 2 -5.42201
      vertex 8.61246 2 -12.6126
    endloop
  endfacet
  facet normal 0 1 0
    outer loop
      vertex 7.73625 2 -14.578
      vertex 8.31492 2 -13.4441
      vertex 7.93729 2 -14.2426
    endloop
  endfacet
  facet normal 0 1 0
    outer loop
      vertex 8.31492 2 -13.4441
      vertex 7.73625 2 -14.578
      vertex 7.73625 2 -5.42201
    endloop
  endfacet
  facet normal 0 1 0
    outer loop
      vertex -7.73625 2 -5.42201
      vertex -8.31492 2 -6.55585
      vertex -7.93729 2 -5.75743
    endloop
  endfacet
  facet normal 0 1 0
    outer loop
      vertex -7.73625 2 -5.42201
      vertex -8.61246 2 -7.38744
      vertex -8.31492 2 -6.55585
    endloop
  endfacet
  facet normal 0 1 0
    outer loop
      vertex -7.73625 2 -5.42201
      vertex -8.82707 2 -8.24419
      vertex -8.61246 2 -7.38744
    endloop
  endfacet
  facet normal 0 1 0
    outer loop
      vertex -7.73625 2 -5.42201
      vertex -8.95666 2 -9.11785
      vertex -8.82707 2 -8.24419
    endloop
  endfacet
  facet normal 0 1 0
    outer loop
      vertex -7.73625 2 -5.42201
      vertex -9 2 -10
      vertex -8.95666 2 -9.11785
    endloop
  endfacet
  facet normal 0 1 0
    outer loop
      vertex -7.73625 2 -5.42201
      vertex -8.95666 2 -10.8822
      vertex -9 2 -10
    endloop
  endfacet
  facet normal 0 1 0
    outer loop
      vertex -7.73625 2 -5.42201
      vertex -8.82707 2 -11.7558
      vertex -8.95666 2 -10.8822
    endloop
  endfacet
  facet normal 0 1 0
    outer loop
      vertex -7.73625 2 -5.42201
      vertex -8.61246 2 -12.6126
      vertex -8.82707 2 -11.7558
    endloop
  endfacet
  facet normal 0 1 0
    outer loop
      vertex -7.73625 2 -5.42201
      vertex -8.31492 2 -13.4441
      vertex -8.61246 2 -12.6126
    endloop
  endfacet
  facet normal 0 1 -0
    outer loop
      vertex -7.73625 2 -14.578
      vertex -8.31492 2 -13.4441
      vertex -7.73625 2 -5.42201
    endloop
  endfacet
  facet normal 0 1 0
    outer loop
      vertex -8.31492 2 -13.4441
      vertex -7.73625 2 -14.578
      vertex -7.93729 2 -14.2426
    endloop
  endfacet
  facet normal 0.989176 -0 0.146735
    outer loop
      vertex 8.82707 -2 21.7558
      vertex 8.95666 2 20.8822
      vertex 8.82707 2 21.7558
    endloop
  endfacet
  facet normal 0.989176 0 0.146735
    outer loop
      vertex 8.95666 2 20.8822
      vertex 8.82707 -2 21.7558
      vertex 8.95666 -2 20.8822
    endloop
  endfacet
  facet normal 0.998795 -0 0.049068
    outer loop
      vertex 8.95666 -2 20.8822
      vertex 9 2 20
      vertex 8.95666 2 20.8822
    endloop
  endfacet
  facet normal 0.998795 0 0.049068
    outer loop
      vertex 9 2 20
      vertex 8.95666 -2 20.8822
      vertex 9 -2 20
    endloop
  endfacet
  facet normal 0.970033 -0 0.242972
    outer loop
      vertex 8.61246 -2 22.6126
      vertex 8.82707 2 21.7558
      vertex 8.61246 2 22.6126
    endloop
  endfacet
  facet normal 0.970033 0 0.242972
    outer loop
      vertex 8.82707 2 21.7558
      vertex 8.61246 -2 22.6126
      vertex 8.82707 -2 21.7558
    endloop
  endfacet
  facet normal -0.242975 0 -0.970033
    outer loop
      vertex -2.61256 -2 11.3875
      vertex -1.75581 2 11.1729
      vertex -1.75581 -2 11.1729
    endloop
  endfacet
  facet normal -0.242975 0 -0.970033
    outer loop
      vertex -1.75581 2 11.1729
      vertex -2.61256 -2 11.3875
      vertex -2.61256 2 11.3875
    endloop
  endfacet
  facet normal 0.941535 -0 0.336914
    outer loop
      vertex 8.31492 -2 23.4441
      vertex 8.61246 2 22.6126
      vertex 8.31492 2 23.4441
    endloop
  endfacet
  facet normal 0.941535 0 0.336914
    outer loop
      vertex 8.61246 2 22.6126
      vertex 8.31492 -2 23.4441
      vertex 8.61246 -2 22.6126
    endloop
  endfacet
  facet normal 0.336942 0 0.941525
    outer loop
      vertex 2.61256 2 28.6125
      vertex 3.44415 -2 28.3149
      vertex 3.44415 2 28.3149
    endloop
  endfacet
  facet normal 0.336942 0 0.941525
    outer loop
      vertex 3.44415 -2 28.3149
      vertex 2.61256 2 28.6125
      vertex 2.61256 -2 28.6125
    endloop
  endfacet
  facet normal -0.998795 0 -0.049068
    outer loop
      vertex -8.95666 -2 19.1178
      vertex -9 2 20
      vertex -8.95666 2 19.1178
    endloop
  endfacet
  facet normal -0.998795 -0 -0.049068
    outer loop
      vertex -9 2 20
      vertex -8.95666 -2 19.1178
      vertex -9 -2 20
    endloop
  endfacet
  facet normal -0.514133 0 0.857711
    outer loop
      vertex -5.00013 2 27.4832
      vertex -4.24257 -2 27.9373
      vertex -4.24257 2 27.9373
    endloop
  endfacet
  facet normal -0.514133 0 0.857711
    outer loop
      vertex -4.24257 -2 27.9373
      vertex -5.00013 2 27.4832
      vertex -5.00013 -2 27.4832
    endloop
  endfacet
  facet normal 0.336942 0 -0.941525
    outer loop
      vertex 2.61256 -2 11.3875
      vertex 3.44415 2 11.6851
      vertex 3.44415 -2 11.6851
    endloop
  endfacet
  facet normal 0.336942 0 -0.941525
    outer loop
      vertex 3.44415 2 11.6851
      vertex 2.61256 -2 11.3875
      vertex 2.61256 2 11.3875
    endloop
  endfacet
  facet normal -0.903983 0 -0.427569
    outer loop
      vertex -7.93729 0.947187 15.7574
      vertex -8.31492 2 16.5558
      vertex -7.93729 2 15.7574
    endloop
  endfacet
  facet normal -0.904036 -0.000104899 -0.427456
    outer loop
      vertex -7.96148 0.784137 15.8086
      vertex -8.31492 2 16.5558
      vertex -7.93729 0.947187 15.7574
    endloop
  endfacet
  facet normal -0.90396 1.60076e-05 -0.427617
    outer loop
      vertex -8 0 15.89
      vertex -8.31492 2 16.5558
      vertex -7.96148 0.784137 15.8086
    endloop
  endfacet
  facet normal -0.90396 -1.60076e-05 -0.427617
    outer loop
      vertex -8.31492 -2 16.5558
      vertex -8 0 15.89
      vertex -7.96148 -0.784137 15.8086
    endloop
  endfacet
  facet normal -0.903983 0 -0.427569
    outer loop
      vertex -8.31492 -2 16.5558
      vertex -7.93729 -0.947187 15.7574
      vertex -7.93729 -2 15.7574
    endloop
  endfacet
  facet normal -0.904036 0.000104899 -0.427456
    outer loop
      vertex -7.93729 -0.947187 15.7574
      vertex -8.31492 -2 16.5558
      vertex -7.96148 -0.784137 15.8086
    endloop
  endfacet
  facet normal -0.903979 0 -0.427577
    outer loop
      vertex -8 0 15.89
      vertex -8.31492 -2 16.5558
      vertex -8.31492 2 16.5558
    endloop
  endfacet
  facet normal -0.242975 0 0.970033
    outer loop
      vertex -2.61256 2 28.6125
      vertex -1.75581 -2 28.8271
      vertex -1.75581 2 28.8271
    endloop
  endfacet
  facet normal -0.242975 0 0.970033
    outer loop
      vertex -1.75581 -2 28.8271
      vertex -2.61256 2 28.6125
      vertex -2.61256 -2 28.6125
    endloop
  endfacet
  facet normal -0.857718 -4.00641e-05 -0.51412
    outer loop
      vertex -7.84628 1.56072 15.6056
      vertex -7.93729 2 15.7574
      vertex -7.73625 2 15.422
    endloop
  endfacet
  facet normal -0.857667 -0 -0.514205
    outer loop
      vertex -7.93729 2 15.7574
      vertex -7.84628 1.56072 15.6056
      vertex -7.93729 0.947187 15.7574
    endloop
  endfacet
  facet normal -0.857667 0 -0.514205
    outer loop
      vertex -7.84628 -1.56072 15.6056
      vertex -7.93729 -2 15.7574
      vertex -7.93729 -0.947187 15.7574
    endloop
  endfacet
  facet normal -0.857718 4.00641e-05 -0.51412
    outer loop
      vertex -7.93729 -2 15.7574
      vertex -7.84628 -1.56072 15.6056
      vertex -7.73625 -2 15.422
    endloop
  endfacet
  facet normal -0.671631 -4.44667e-06 0.740885
    outer loop
      vertex -5.88471 1.17054 26.7983
      vertex -5.70954 1.83143 26.9571
      vertex -5.74164 1.74171 26.928
    endloop
  endfacet
  facet normal -0.671641 0 0.740877
    outer loop
      vertex -5.70954 1.83143 26.9571
      vertex -5.88471 1.17054 26.7983
      vertex -5.70954 -1.83143 26.9571
    endloop
  endfacet
  facet normal -0.671641 0 0.740877
    outer loop
      vertex -5.88471 -1.17054 26.7983
      vertex -5.70954 -1.83143 26.9571
      vertex -5.88471 1.17054 26.7983
    endloop
  endfacet
  facet normal -0.671631 4.44667e-06 0.740885
    outer loop
      vertex -5.70954 -1.83143 26.9571
      vertex -5.88471 -1.17054 26.7983
      vertex -5.74164 -1.74171 26.928
    endloop
  endfacet
  facet normal -0.671519 0 0.740987
    outer loop
      vertex -5.97111 0.588102 26.72
      vertex -5.88471 -1.17054 26.7983
      vertex -5.88471 1.17054 26.7983
    endloop
  endfacet
  facet normal -0.671519 0 0.740987
    outer loop
      vertex -5.97111 0.588102 26.72
      vertex -5.97111 -0.588102 26.72
      vertex -5.88471 -1.17054 26.7983
    endloop
  endfacet
  facet normal -0.671779 0 0.740752
    outer loop
      vertex -5.97111 -0.588102 26.72
      vertex -5.97111 0.588102 26.72
      vertex -6 0 26.6938
    endloop
  endfacet
  facet normal -0.989176 0 -0.146735
    outer loop
      vertex -8.82707 -2 18.2442
      vertex -8.95666 2 19.1178
      vertex -8.82707 2 18.2442
    endloop
  endfacet
  facet normal -0.989176 -0 -0.146735
    outer loop
      vertex -8.95666 2 19.1178
      vertex -8.82707 -2 18.2442
      vertex -8.95666 -2 19.1178
    endloop
  endfacet
  facet normal -0.941548 0 -0.336879
    outer loop
      vertex -8.31492 -2 16.5558
      vertex -8.61246 2 17.3874
      vertex -8.31492 2 16.5558
    endloop
  endfacet
  facet normal -0.941548 -0 -0.336879
    outer loop
      vertex -8.61246 2 17.3874
      vertex -8.31492 -2 16.5558
      vertex -8.61246 -2 17.3874
    endloop
  endfacet
  facet normal 0.146736 0 0.989176
    outer loop
      vertex 0.882154 2 28.9567
      vertex 1.75581 -2 28.8271
      vertex 1.75581 2 28.8271
    endloop
  endfacet
  facet normal 0.146736 0 0.989176
    outer loop
      vertex 1.75581 -2 28.8271
      vertex 0.882154 2 28.9567
      vertex 0.882154 -2 28.9567
    endloop
  endfacet
  facet normal 0.242975 0 -0.970033
    outer loop
      vertex 1.75581 -2 11.1729
      vertex 2.61256 2 11.3875
      vertex 2.61256 -2 11.3875
    endloop
  endfacet
  facet normal 0.242975 0 -0.970033
    outer loop
      vertex 2.61256 2 11.3875
      vertex 1.75581 -2 11.1729
      vertex 1.75581 2 11.1729
    endloop
  endfacet
  facet normal 0.989176 0 -0.146735
    outer loop
      vertex 8.95666 -2 19.1178
      vertex 8.82707 2 18.2442
      vertex 8.95666 2 19.1178
    endloop
  endfacet
  facet normal 0.989176 0 -0.146735
    outer loop
      vertex 8.82707 2 18.2442
      vertex 8.95666 -2 19.1178
      vertex 8.82707 -2 18.2442
    endloop
  endfacet
  facet normal 0.857667 0 -0.514205
    outer loop
      vertex 7.93729 -2 15.7574
      vertex 7.84628 -1.56072 15.6056
      vertex 7.93729 -0.947187 15.7574
    endloop
  endfacet
  facet normal 0.857718 4.00641e-05 -0.51412
    outer loop
      vertex 7.84628 -1.56072 15.6056
      vertex 7.93729 -2 15.7574
      vertex 7.73625 -2 15.422
    endloop
  endfacet
  facet normal 0.857718 -4.00641e-05 -0.51412
    outer loop
      vertex 7.93729 2 15.7574
      vertex 7.84628 1.56072 15.6056
      vertex 7.73625 2 15.422
    endloop
  endfacet
  facet normal 0.857667 0 -0.514205
    outer loop
      vertex 7.84628 1.56072 15.6056
      vertex 7.93729 2 15.7574
      vertex 7.93729 0.947187 15.7574
    endloop
  endfacet
  facet normal 0.514133 0 -0.857711
    outer loop
      vertex 4.24257 -2 12.0627
      vertex 5.00013 2 12.5168
      vertex 5.00013 -2 12.5168
    endloop
  endfacet
  facet normal 0.514133 0 -0.857711
    outer loop
      vertex 5.00013 2 12.5168
      vertex 4.24257 -2 12.0627
      vertex 4.24257 2 12.0627
    endloop
  endfacet
  facet normal -0.336942 0 -0.941525
    outer loop
      vertex -3.44415 -2 11.6851
      vertex -2.61256 2 11.3875
      vertex -2.61256 -2 11.3875
    endloop
  endfacet
  facet normal -0.336942 0 -0.941525
    outer loop
      vertex -2.61256 2 11.3875
      vertex -3.44415 -2 11.6851
      vertex -3.44415 2 11.6851
    endloop
  endfacet
  facet normal 0.427532 0 0.904
    outer loop
      vertex 3.44415 2 28.3149
      vertex 4.24257 -2 27.9373
      vertex 4.24257 2 27.9373
    endloop
  endfacet
  facet normal 0.427532 0 0.904
    outer loop
      vertex 4.24257 -2 27.9373
      vertex 3.44415 2 28.3149
      vertex 3.44415 -2 28.3149
    endloop
  endfacet
  facet normal 0.671779 0 0.740752
    outer loop
      vertex 5.97111 0.588102 26.72
      vertex 5.97111 -0.588102 26.72
      vertex 6 0 26.6938
    endloop
  endfacet
  facet normal 0.671519 0 0.740987
    outer loop
      vertex 5.88471 1.17054 26.7983
      vertex 5.97111 -0.588102 26.72
      vertex 5.97111 0.588102 26.72
    endloop
  endfacet
  facet normal 0.671519 0 0.740987
    outer loop
      vertex 5.88471 1.17054 26.7983
      vertex 5.88471 -1.17054 26.7983
      vertex 5.97111 -0.588102 26.72
    endloop
  endfacet
  facet normal 0.671631 -4.44667e-06 0.740885
    outer loop
      vertex 5.70954 1.83143 26.9571
      vertex 5.88471 1.17054 26.7983
      vertex 5.74164 1.74171 26.928
    endloop
  endfacet
  facet normal 0.671641 0 0.740877
    outer loop
      vertex 5.88471 1.17054 26.7983
      vertex 5.70954 1.83143 26.9571
      vertex 5.88471 -1.17054 26.7983
    endloop
  endfacet
  facet normal 0.671641 -0 0.740877
    outer loop
      vertex 5.70954 -1.83143 26.9571
      vertex 5.88471 -1.17054 26.7983
      vertex 5.70954 1.83143 26.9571
    endloop
  endfacet
  facet normal 0.671631 4.44667e-06 0.740885
    outer loop
      vertex 5.88471 -1.17054 26.7983
      vertex 5.70954 -1.83143 26.9571
      vertex 5.74164 -1.74171 26.928
    endloop
  endfacet
  facet normal -0.427532 0 0.904
    outer loop
      vertex -4.24257 2 27.9373
      vertex -3.44415 -2 28.3149
      vertex -3.44415 2 28.3149
    endloop
  endfacet
  facet normal -0.427532 0 0.904
    outer loop
      vertex -3.44415 -2 28.3149
      vertex -4.24257 2 27.9373
      vertex -4.24257 -2 27.9373
    endloop
  endfacet
  facet normal -0.595701 0.00017416 0.803206
    outer loop
      vertex -5.70954 1.83143 26.9571
      vertex -5.00013 2 27.4832
      vertex -5.64922 2 27.0018
    endloop
  endfacet
  facet normal -0.595674 0 0.803226
    outer loop
      vertex -5.00013 2 27.4832
      vertex -5.70954 1.83143 26.9571
      vertex -5.00013 -2 27.4832
    endloop
  endfacet
  facet normal -0.595674 0 0.803226
    outer loop
      vertex -5.70954 -1.83143 26.9571
      vertex -5.00013 -2 27.4832
      vertex -5.70954 1.83143 26.9571
    endloop
  endfacet
  facet normal -0.595701 -0.00017416 0.803206
    outer loop
      vertex -5.00013 -2 27.4832
      vertex -5.70954 -1.83143 26.9571
      vertex -5.64922 -2 27.0018
    endloop
  endfacet
  facet normal -0.857667 0 0.514205
    outer loop
      vertex -7.93729 -2 24.2426
      vertex -7.84628 -1.56072 24.3944
      vertex -7.93729 -0.947187 24.2426
    endloop
  endfacet
  facet normal -0.857718 4.00641e-05 0.51412
    outer loop
      vertex -7.84628 -1.56072 24.3944
      vertex -7.93729 -2 24.2426
      vertex -7.73625 -2 24.578
    endloop
  endfacet
  facet normal -0.857718 -4.00641e-05 0.51412
    outer loop
      vertex -7.93729 2 24.2426
      vertex -7.84628 1.56072 24.3944
      vertex -7.73625 2 24.578
    endloop
  endfacet
  facet normal -0.857667 0 0.514205
    outer loop
      vertex -7.84628 1.56072 24.3944
      vertex -7.93729 2 24.2426
      vertex -7.93729 0.947187 24.2426
    endloop
  endfacet
  facet normal 0.857667 0 0.514205
    outer loop
      vertex 7.84628 -1.56072 24.3944
      vertex 7.93729 -2 24.2426
      vertex 7.93729 -0.947187 24.2426
    endloop
  endfacet
  facet normal 0.857718 4.00641e-05 0.51412
    outer loop
      vertex 7.93729 -2 24.2426
      vertex 7.84628 -1.56072 24.3944
      vertex 7.73625 -2 24.578
    endloop
  endfacet
  facet normal 0.857718 -4.00641e-05 0.51412
    outer loop
      vertex 7.84628 1.56072 24.3944
      vertex 7.93729 2 24.2426
      vertex 7.73625 2 24.578
    endloop
  endfacet
  facet normal 0.857667 0 0.514205
    outer loop
      vertex 7.93729 2 24.2426
      vertex 7.84628 1.56072 24.3944
      vertex 7.93729 0.947187 24.2426
    endloop
  endfacet
  facet normal 0 -1 0
    outer loop
      vertex -0.882154 -2 28.9567
      vertex 0.882154 -2 28.9567
      vertex 0 -2 29
    endloop
  endfacet
  facet normal 0 -1 0
    outer loop
      vertex -1.75581 -2 28.8271
      vertex 0.882154 -2 28.9567
      vertex -0.882154 -2 28.9567
    endloop
  endfacet
  facet normal 0 -1 0
    outer loop
      vertex -1.75581 -2 28.8271
      vertex 1.75581 -2 28.8271
      vertex 0.882154 -2 28.9567
    endloop
  endfacet
  facet normal 0 -1 0
    outer loop
      vertex -2.61256 -2 28.6125
      vertex 1.75581 -2 28.8271
      vertex -1.75581 -2 28.8271
    endloop
  endfacet
  facet normal 0 -1 0
    outer loop
      vertex -2.61256 -2 28.6125
      vertex 2.61256 -2 28.6125
      vertex 1.75581 -2 28.8271
    endloop
  endfacet
  facet normal 0 -1 0
    outer loop
      vertex -3.44415 -2 28.3149
      vertex 2.61256 -2 28.6125
      vertex -2.61256 -2 28.6125
    endloop
  endfacet
  facet normal 0 -1 0
    outer loop
      vertex -3.44415 -2 28.3149
      vertex 3.44415 -2 28.3149
      vertex 2.61256 -2 28.6125
    endloop
  endfacet
  facet normal 0 -1 0
    outer loop
      vertex -4.24257 -2 27.9373
      vertex 3.44415 -2 28.3149
      vertex -3.44415 -2 28.3149
    endloop
  endfacet
  facet normal 0 -1 0
    outer loop
      vertex -4.24257 -2 27.9373
      vertex 4.24257 -2 27.9373
      vertex 3.44415 -2 28.3149
    endloop
  endfacet
  facet normal 0 -1 0
    outer loop
      vertex -5.00013 -2 27.4832
      vertex 4.24257 -2 27.9373
      vertex -4.24257 -2 27.9373
    endloop
  endfacet
  facet normal 0 -1 0
    outer loop
      vertex -5.00013 -2 27.4832
      vertex 5.00013 -2 27.4832
      vertex 4.24257 -2 27.9373
    endloop
  endfacet
  facet normal 0 -1 0
    outer loop
      vertex -5.64922 -2 27.0018
      vertex 5.00013 -2 27.4832
      vertex -5.00013 -2 27.4832
    endloop
  endfacet
  facet normal 0 -1 0
    outer loop
      vertex -5.64922 -2 27.0018
      vertex 5.64922 -2 27.0018
      vertex 5.00013 -2 27.4832
    endloop
  endfacet
  facet normal 0 -1 0
    outer loop
      vertex -5.64922 -2 12.9982
      vertex 5.64922 -2 27.0018
      vertex -5.64922 -2 27.0018
    endloop
  endfacet
  facet normal 0 -1 0
    outer loop
      vertex -5.64922 -2 12.9982
      vertex 5.64922 -2 12.9982
      vertex 5.64922 -2 27.0018
    endloop
  endfacet
  facet normal 0 -1 0
    outer loop
      vertex -5.00013 -2 12.5168
      vertex 5.64922 -2 12.9982
      vertex -5.64922 -2 12.9982
    endloop
  endfacet
  facet normal 0 -1 0
    outer loop
      vertex -5.00013 -2 12.5168
      vertex 5.00013 -2 12.5168
      vertex 5.64922 -2 12.9982
    endloop
  endfacet
  facet normal 0 -1 0
    outer loop
      vertex -4.24257 -2 12.0627
      vertex 5.00013 -2 12.5168
      vertex -5.00013 -2 12.5168
    endloop
  endfacet
  facet normal 0 -1 0
    outer loop
      vertex -4.24257 -2 12.0627
      vertex 4.24257 -2 12.0627
      vertex 5.00013 -2 12.5168
    endloop
  endfacet
  facet normal 0 -1 0
    outer loop
      vertex -3.44415 -2 11.6851
      vertex 4.24257 -2 12.0627
      vertex -4.24257 -2 12.0627
    endloop
  endfacet
  facet normal 0 -1 0
    outer loop
      vertex -3.44415 -2 11.6851
      vertex 3.44415 -2 11.6851
      vertex 4.24257 -2 12.0627
    endloop
  endfacet
  facet normal 0 -1 0
    outer loop
      vertex -2.61256 -2 11.3875
      vertex 3.44415 -2 11.6851
      vertex -3.44415 -2 11.6851
    endloop
  endfacet
  facet normal 0 -1 0
    outer loop
      vertex -2.61256 -2 11.3875
      vertex 2.61256 -2 11.3875
      vertex 3.44415 -2 11.6851
    endloop
  endfacet
  facet normal 0 -1 0
    outer loop
      vertex -1.75581 -2 11.1729
      vertex 2.61256 -2 11.3875
      vertex -2.61256 -2 11.3875
    endloop
  endfacet
  facet normal 0 -1 0
    outer loop
      vertex -1.75581 -2 11.1729
      vertex 1.75581 -2 11.1729
      vertex 2.61256 -2 11.3875
    endloop
  endfacet
  facet normal 0 -1 0
    outer loop
      vertex -0.882154 -2 11.0433
      vertex 1.75581 -2 11.1729
      vertex -1.75581 -2 11.1729
    endloop
  endfacet
  facet normal 0 -1 0
    outer loop
      vertex -0.882154 -2 11.0433
      vertex 0.882154 -2 11.0433
      vertex 1.75581 -2 11.1729
    endloop
  endfacet
  facet normal -0 -1 0
    outer loop
      vertex 0.882154 -2 11.0433
      vertex -0.882154 -2 11.0433
      vertex 0 -2 11
    endloop
  endfacet
  facet normal 0 -1 0
    outer loop
      vertex 7.73625 -2 24.578
      vertex 8.31492 -2 23.4441
      vertex 7.93729 -2 24.2426
    endloop
  endfacet
  facet normal 0 -1 0
    outer loop
      vertex 7.73625 -2 24.578
      vertex 8.61246 -2 22.6126
      vertex 8.31492 -2 23.4441
    endloop
  endfacet
  facet normal 0 -1 0
    outer loop
      vertex 7.73625 -2 24.578
      vertex 8.82707 -2 21.7558
      vertex 8.61246 -2 22.6126
    endloop
  endfacet
  facet normal 0 -1 0
    outer loop
      vertex 7.73625 -2 24.578
      vertex 8.95666 -2 20.8822
      vertex 8.82707 -2 21.7558
    endloop
  endfacet
  facet normal 0 -1 0
    outer loop
      vertex 7.73625 -2 24.578
      vertex 9 -2 20
      vertex 8.95666 -2 20.8822
    endloop
  endfacet
  facet normal 0 -1 0
    outer loop
      vertex 7.73625 -2 24.578
      vertex 8.95666 -2 19.1178
      vertex 9 -2 20
    endloop
  endfacet
  facet normal 0 -1 0
    outer loop
      vertex 7.73625 -2 24.578
      vertex 8.82707 -2 18.2442
      vertex 8.95666 -2 19.1178
    endloop
  endfacet
  facet normal 0 -1 0
    outer loop
      vertex 7.73625 -2 24.578
      vertex 8.61246 -2 17.3874
      vertex 8.82707 -2 18.2442
    endloop
  endfacet
  facet normal 0 -1 0
    outer loop
      vertex 7.73625 -2 24.578
      vertex 8.31492 -2 16.5558
      vertex 8.61246 -2 17.3874
    endloop
  endfacet
  facet normal 0 -1 0
    outer loop
      vertex 7.73625 -2 15.422
      vertex 8.31492 -2 16.5558
      vertex 7.73625 -2 24.578
    endloop
  endfacet
  facet normal 0 -1 0
    outer loop
      vertex 8.31492 -2 16.5558
      vertex 7.73625 -2 15.422
      vertex 7.93729 -2 15.7574
    endloop
  endfacet
  facet normal 0 -1 0
    outer loop
      vertex -8.31492 -2 23.4441
      vertex -7.73625 -2 24.578
      vertex -7.93729 -2 24.2426
    endloop
  endfacet
  facet normal 0 -1 0
    outer loop
      vertex -8.61246 -2 22.6126
      vertex -7.73625 -2 24.578
      vertex -8.31492 -2 23.4441
    endloop
  endfacet
  facet normal 0 -1 0
    outer loop
      vertex -8.82707 -2 21.7558
      vertex -7.73625 -2 24.578
      vertex -8.61246 -2 22.6126
    endloop
  endfacet
  facet normal 0 -1 0
    outer loop
      vertex -8.95666 -2 20.8822
      vertex -7.73625 -2 24.578
      vertex -8.82707 -2 21.7558
    endloop
  endfacet
  facet normal 0 -1 0
    outer loop
      vertex -9 -2 20
      vertex -7.73625 -2 24.578
      vertex -8.95666 -2 20.8822
    endloop
  endfacet
  facet normal 0 -1 0
    outer loop
      vertex -8.95666 -2 19.1178
      vertex -7.73625 -2 24.578
      vertex -9 -2 20
    endloop
  endfacet
  facet normal 0 -1 0
    outer loop
      vertex -8.82707 -2 18.2442
      vertex -7.73625 -2 24.578
      vertex -8.95666 -2 19.1178
    endloop
  endfacet
  facet normal 0 -1 0
    outer loop
      vertex -8.61246 -2 17.3874
      vertex -7.73625 -2 24.578
      vertex -8.82707 -2 18.2442
    endloop
  endfacet
  facet normal 0 -1 0
    outer loop
      vertex -8.31492 -2 16.5558
      vertex -7.73625 -2 24.578
      vertex -8.61246 -2 17.3874
    endloop
  endfacet
  facet normal 0 -1 0
    outer loop
      vertex -7.73625 -2 15.422
      vertex -8.31492 -2 16.5558
      vertex -7.93729 -2 15.7574
    endloop
  endfacet
  facet normal 0 -1 0
    outer loop
      vertex -8.31492 -2 16.5558
      vertex -7.73625 -2 15.422
      vertex -7.73625 -2 24.578
    endloop
  endfacet
  facet normal -0.595701 -0.00017416 -0.803206
    outer loop
      vertex -5.70954 -1.83143 13.0429
      vertex -5.00013 -2 12.5168
      vertex -5.64922 -2 12.9982
    endloop
  endfacet
  facet normal -0.595674 0 -0.803226
    outer loop
      vertex -5.00013 -2 12.5168
      vertex -5.70954 -1.83143 13.0429
      vertex -5.00013 2 12.5168
    endloop
  endfacet
  facet normal -0.595674 -0 -0.803226
    outer loop
      vertex -5.70954 1.83143 13.0429
      vertex -5.00013 2 12.5168
      vertex -5.70954 -1.83143 13.0429
    endloop
  endfacet
  facet normal -0.595701 0.00017416 -0.803206
    outer loop
      vertex -5.00013 2 12.5168
      vertex -5.70954 1.83143 13.0429
      vertex -5.64922 2 12.9982
    endloop
  endfacet
  facet normal -0.514133 0 -0.857711
    outer loop
      vertex -5.00013 -2 12.5168
      vertex -4.24257 2 12.0627
      vertex -4.24257 -2 12.0627
    endloop
  endfacet
  facet normal -0.514133 0 -0.857711
    outer loop
      vertex -4.24257 2 12.0627
      vertex -5.00013 -2 12.5168
      vertex -5.00013 2 12.5168
    endloop
  endfacet
  facet normal 0.514133 0 0.857711
    outer loop
      vertex 4.24257 2 27.9373
      vertex 5.00013 -2 27.4832
      vertex 5.00013 2 27.4832
    endloop
  endfacet
  facet normal 0.514133 0 0.857711
    outer loop
      vertex 5.00013 -2 27.4832
      vertex 4.24257 2 27.9373
      vertex 4.24257 -2 27.9373
    endloop
  endfacet
  facet normal 0.595701 0.00017416 0.803206
    outer loop
      vertex 5.00013 2 27.4832
      vertex 5.70954 1.83143 26.9571
      vertex 5.64922 2 27.0018
    endloop
  endfacet
  facet normal 0.595674 0 0.803226
    outer loop
      vertex 5.70954 1.83143 26.9571
      vertex 5.00013 2 27.4832
      vertex 5.70954 -1.83143 26.9571
    endloop
  endfacet
  facet normal 0.595674 -0 0.803226
    outer loop
      vertex 5.00013 -2 27.4832
      vertex 5.70954 -1.83143 26.9571
      vertex 5.00013 2 27.4832
    endloop
  endfacet
  facet normal 0.595701 -0.00017416 0.803206
    outer loop
      vertex 5.70954 -1.83143 26.9571
      vertex 5.00013 -2 27.4832
      vertex 5.64922 -2 27.0018
    endloop
  endfacet
  facet normal 0.146736 0 -0.989176
    outer loop
      vertex 0.882154 -2 11.0433
      vertex 1.75581 2 11.1729
      vertex 1.75581 -2 11.1729
    endloop
  endfacet
  facet normal 0.146736 0 -0.989176
    outer loop
      vertex 1.75581 2 11.1729
      vertex 0.882154 -2 11.0433
      vertex 0.882154 2 11.0433
    endloop
  endfacet
  facet normal 0.970033 0 -0.242972
    outer loop
      vertex 8.82707 -2 18.2442
      vertex 8.61246 2 17.3874
      vertex 8.82707 2 18.2442
    endloop
  endfacet
  facet normal 0.970033 0 -0.242972
    outer loop
      vertex 8.61246 2 17.3874
      vertex 8.82707 -2 18.2442
      vertex 8.61246 -2 17.3874
    endloop
  endfacet
  facet normal 0.941548 0 -0.336879
    outer loop
      vertex 8.61246 -2 17.3874
      vertex 8.31492 2 16.5558
      vertex 8.61246 2 17.3874
    endloop
  endfacet
  facet normal 0.941548 0 -0.336879
    outer loop
      vertex 8.31492 2 16.5558
      vertex 8.61246 -2 17.3874
      vertex 8.31492 -2 16.5558
    endloop
  endfacet
  facet normal -0.0490254 0 0.998798
    outer loop
      vertex -0.882154 2 28.9567
      vertex 0 -2 29
      vertex 0 2 29
    endloop
  endfacet
  facet normal -0.0490254 0 0.998798
    outer loop
      vertex 0 -2 29
      vertex -0.882154 2 28.9567
      vertex -0.882154 -2 28.9567
    endloop
  endfacet
  facet normal 0.0490254 0 0.998798
    outer loop
      vertex 0 2 29
      vertex 0.882154 -2 28.9567
      vertex 0.882154 2 28.9567
    endloop
  endfacet
  facet normal 0.0490254 0 0.998798
    outer loop
      vertex 0.882154 -2 28.9567
      vertex 0 2 29
      vertex 0 -2 29
    endloop
  endfacet
  facet normal 0.904003 -0 0.427525
    outer loop
      vertex 7.93729 0.947187 24.2426
      vertex 8.31492 2 23.4441
      vertex 7.93729 2 24.2426
    endloop
  endfacet
  facet normal 0.904051 -9.30129e-05 0.427425
    outer loop
      vertex 7.96148 0.784137 24.1914
      vertex 8.31492 2 23.4441
      vertex 7.93729 0.947187 24.2426
    endloop
  endfacet
  facet normal 0.903979 2.10898e-05 0.427577
    outer loop
      vertex 8 0 24.11
      vertex 8.31492 2 23.4441
      vertex 7.96148 0.784137 24.1914
    endloop
  endfacet
  facet normal 0.903979 -2.10898e-05 0.427577
    outer loop
      vertex 8.31492 -2 23.4441
      vertex 8 0 24.11
      vertex 7.96148 -0.784137 24.1914
    endloop
  endfacet
  facet normal 0.904003 0 0.427525
    outer loop
      vertex 8.31492 -2 23.4441
      vertex 7.93729 -0.947187 24.2426
      vertex 7.93729 -2 24.2426
    endloop
  endfacet
  facet normal 0.904051 9.30129e-05 0.427425
    outer loop
      vertex 7.93729 -0.947187 24.2426
      vertex 8.31492 -2 23.4441
      vertex 7.96148 -0.784137 24.1914
    endloop
  endfacet
  facet normal 0.904004 0 0.427525
    outer loop
      vertex 8 0 24.11
      vertex 8.31492 -2 23.4441
      vertex 8.31492 2 23.4441
    endloop
  endfacet
  facet normal 0.671779 0 -0.740752
    outer loop
      vertex 5.97111 -0.588102 13.28
      vertex 5.97111 0.588102 13.28
      vertex 6 0 13.3062
    endloop
  endfacet
  facet normal 0.671519 0 -0.740987
    outer loop
      vertex 5.88471 -1.17054 13.2017
      vertex 5.97111 0.588102 13.28
      vertex 5.97111 -0.588102 13.28
    endloop
  endfacet
  facet normal 0.671519 0 -0.740987
    outer loop
      vertex 5.88471 -1.17054 13.2017
      vertex 5.88471 1.17054 13.2017
      vertex 5.97111 0.588102 13.28
    endloop
  endfacet
  facet normal 0.671631 4.44667e-06 -0.740885
    outer loop
      vertex 5.70954 -1.83143 13.0429
      vertex 5.88471 -1.17054 13.2017
      vertex 5.74164 -1.74171 13.072
    endloop
  endfacet
  facet normal 0.671641 0 -0.740877
    outer loop
      vertex 5.88471 -1.17054 13.2017
      vertex 5.70954 -1.83143 13.0429
      vertex 5.88471 1.17054 13.2017
    endloop
  endfacet
  facet normal 0.671641 0 -0.740877
    outer loop
      vertex 5.70954 1.83143 13.0429
      vertex 5.88471 1.17054 13.2017
      vertex 5.70954 -1.83143 13.0429
    endloop
  endfacet
  facet normal 0.671631 -4.44667e-06 -0.740885
    outer loop
      vertex 5.88471 1.17054 13.2017
      vertex 5.70954 1.83143 13.0429
      vertex 5.74164 1.74171 13.072
    endloop
  endfacet
  facet normal 0.998795 0 -0.049068
    outer loop
      vertex 9 -2 20
      vertex 8.95666 2 19.1178
      vertex 9 2 20
    endloop
  endfacet
  facet normal 0.998795 0 -0.049068
    outer loop
      vertex 8.95666 2 19.1178
      vertex 9 -2 20
      vertex 8.95666 -2 19.1178
    endloop
  endfacet
  facet normal -0.0490254 0 -0.998798
    outer loop
      vertex -0.882154 -2 11.0433
      vertex 0 2 11
      vertex 0 -2 11
    endloop
  endfacet
  facet normal -0.0490254 0 -0.998798
    outer loop
      vertex 0 2 11
      vertex -0.882154 -2 11.0433
      vertex -0.882154 2 11.0433
    endloop
  endfacet
  facet normal -0.146736 0 0.989176
    outer loop
      vertex -1.75581 2 28.8271
      vertex -0.882154 -2 28.9567
      vertex -0.882154 2 28.9567
    endloop
  endfacet
  facet normal -0.146736 0 0.989176
    outer loop
      vertex -0.882154 -2 28.9567
      vertex -1.75581 2 28.8271
      vertex -1.75581 -2 28.8271
    endloop
  endfacet
  facet normal -0.336942 0 0.941525
    outer loop
      vertex -3.44415 2 28.3149
      vertex -2.61256 -2 28.6125
      vertex -2.61256 2 28.6125
    endloop
  endfacet
  facet normal -0.336942 0 0.941525
    outer loop
      vertex -2.61256 -2 28.6125
      vertex -3.44415 2 28.3149
      vertex -3.44415 -2 28.3149
    endloop
  endfacet
  facet normal -0.904003 0 0.427525
    outer loop
      vertex -8.31492 2 23.4441
      vertex -7.93729 0.947187 24.2426
      vertex -7.93729 2 24.2426
    endloop
  endfacet
  facet normal -0.904051 -9.30129e-05 0.427425
    outer loop
      vertex -8.31492 2 23.4441
      vertex -7.96148 0.784137 24.1914
      vertex -7.93729 0.947187 24.2426
    endloop
  endfacet
  facet normal -0.903979 2.10898e-05 0.427577
    outer loop
      vertex -8.31492 2 23.4441
      vertex -8 0 24.11
      vertex -7.96148 0.784137 24.1914
    endloop
  endfacet
  facet normal -0.904004 0 0.427525
    outer loop
      vertex -8.31492 -2 23.4441
      vertex -8 0 24.11
      vertex -8.31492 2 23.4441
    endloop
  endfacet
  facet normal -0.903979 -2.10898e-05 0.427577
    outer loop
      vertex -8 0 24.11
      vertex -8.31492 -2 23.4441
      vertex -7.96148 -0.784137 24.1914
    endloop
  endfacet
  facet normal -0.904051 9.30129e-05 0.427425
    outer loop
      vertex -8.31492 -2 23.4441
      vertex -7.93729 -0.947187 24.2426
      vertex -7.96148 -0.784137 24.1914
    endloop
  endfacet
  facet normal -0.904003 0 0.427525
    outer loop
      vertex -7.93729 -0.947187 24.2426
      vertex -8.31492 -2 23.4441
      vertex -7.93729 -2 24.2426
    endloop
  endfacet
  facet normal -0.671631 4.44667e-06 -0.740885
    outer loop
      vertex -5.88471 -1.17054 13.2017
      vertex -5.70954 -1.83143 13.0429
      vertex -5.74164 -1.74171 13.072
    endloop
  endfacet
  facet normal -0.671641 0 -0.740877
    outer loop
      vertex -5.70954 -1.83143 13.0429
      vertex -5.88471 -1.17054 13.2017
      vertex -5.70954 1.83143 13.0429
    endloop
  endfacet
  facet normal -0.671641 -0 -0.740877
    outer loop
      vertex -5.88471 1.17054 13.2017
      vertex -5.70954 1.83143 13.0429
      vertex -5.88471 -1.17054 13.2017
    endloop
  endfacet
  facet normal -0.671631 -4.44667e-06 -0.740885
    outer loop
      vertex -5.70954 1.83143 13.0429
      vertex -5.88471 1.17054 13.2017
      vertex -5.74164 1.74171 13.072
    endloop
  endfacet
  facet normal -0.671519 0 -0.740987
    outer loop
      vertex -5.97111 -0.588102 13.28
      vertex -5.88471 1.17054 13.2017
      vertex -5.88471 -1.17054 13.2017
    endloop
  endfacet
  facet normal -0.671519 0 -0.740987
    outer loop
      vertex -5.97111 -0.588102 13.28
      vertex -5.97111 0.588102 13.28
      vertex -5.88471 1.17054 13.2017
    endloop
  endfacet
  facet normal -0.671779 -0 -0.740752
    outer loop
      vertex -5.97111 0.588102 13.28
      vertex -5.97111 -0.588102 13.28
      vertex -6 0 13.3062
    endloop
  endfacet
  facet normal -0.989176 0 0.146735
    outer loop
      vertex -8.95666 -2 20.8822
      vertex -8.82707 2 21.7558
      vertex -8.95666 2 20.8822
    endloop
  endfacet
  facet normal -0.989176 0 0.146735
    outer loop
      vertex -8.82707 2 21.7558
      vertex -8.95666 -2 20.8822
      vertex -8.82707 -2 21.7558
    endloop
  endfacet
  facet normal -0.970033 0 0.242972
    outer loop
      vertex -8.82707 -2 21.7558
      vertex -8.61246 2 22.6126
      vertex -8.82707 2 21.7558
    endloop
  endfacet
  facet normal -0.970033 0 0.242972
    outer loop
      vertex -8.61246 2 22.6126
      vertex -8.82707 -2 21.7558
      vertex -8.61246 -2 22.6126
    endloop
  endfacet
  facet normal -0.970033 0 -0.242972
    outer loop
      vertex -8.61246 -2 17.3874
      vertex -8.82707 2 18.2442
      vertex -8.61246 2 17.3874
    endloop
  endfacet
  facet normal -0.970033 -0 -0.242972
    outer loop
      vertex -8.82707 2 18.2442
      vertex -8.61246 -2 17.3874
      vertex -8.82707 -2 18.2442
    endloop
  endfacet
  facet normal -0.427532 0 -0.904
    outer loop
      vertex -4.24257 -2 12.0627
      vertex -3.44415 2 11.6851
      vertex -3.44415 -2 11.6851
    endloop
  endfacet
  facet normal -0.427532 0 -0.904
    outer loop
      vertex -3.44415 2 11.6851
      vertex -4.24257 -2 12.0627
      vertex -4.24257 2 12.0627
    endloop
  endfacet
  facet normal 0.427532 0 -0.904
    outer loop
      vertex 3.44415 -2 11.6851
      vertex 4.24257 2 12.0627
      vertex 4.24257 -2 12.0627
    endloop
  endfacet
  facet normal 0.427532 0 -0.904
    outer loop
      vertex 4.24257 2 12.0627
      vertex 3.44415 -2 11.6851
      vertex 3.44415 2 11.6851
    endloop
  endfacet
  facet normal 0.0490254 0 -0.998798
    outer loop
      vertex 0 -2 11
      vertex 0.882154 2 11.0433
      vertex 0.882154 -2 11.0433
    endloop
  endfacet
  facet normal 0.0490254 0 -0.998798
    outer loop
      vertex 0.882154 2 11.0433
      vertex 0 -2 11
      vertex 0 2 11
    endloop
  endfacet
  facet normal 0.903983 0 -0.427569
    outer loop
      vertex 8.31492 2 16.5558
      vertex 7.93729 0.947187 15.7574
      vertex 7.93729 2 15.7574
    endloop
  endfacet
  facet normal 0.904036 -0.000104899 -0.427456
    outer loop
      vertex 8.31492 2 16.5558
      vertex 7.96148 0.784137 15.8086
      vertex 7.93729 0.947187 15.7574
    endloop
  endfacet
  facet normal 0.90396 1.60076e-05 -0.427617
    outer loop
      vertex 8.31492 2 16.5558
      vertex 8 0 15.89
      vertex 7.96148 0.784137 15.8086
    endloop
  endfacet
  facet normal 0.903979 0 -0.427577
    outer loop
      vertex 8.31492 -2 16.5558
      vertex 8 0 15.89
      vertex 8.31492 2 16.5558
    endloop
  endfacet
  facet normal 0.90396 -1.60076e-05 -0.427617
    outer loop
      vertex 8 0 15.89
      vertex 8.31492 -2 16.5558
      vertex 7.96148 -0.784137 15.8086
    endloop
  endfacet
  facet normal 0.904036 0.000104899 -0.427456
    outer loop
      vertex 8.31492 -2 16.5558
      vertex 7.93729 -0.947187 15.7574
      vertex 7.96148 -0.784137 15.8086
    endloop
  endfacet
  facet normal 0.903983 0 -0.427569
    outer loop
      vertex 7.93729 -0.947187 15.7574
      vertex 8.31492 -2 16.5558
      vertex 7.93729 -2 15.7574
    endloop
  endfacet
  facet normal -0.941535 0 0.336914
    outer loop
      vertex -8.61246 -2 22.6126
      vertex -8.31492 2 23.4441
      vertex -8.61246 2 22.6126
    endloop
  endfacet
  facet normal -0.941535 0 0.336914
    outer loop
      vertex -8.31492 2 23.4441
      vertex -8.61246 -2 22.6126
      vertex -8.31492 -2 23.4441
    endloop
  endfacet
  facet normal 0.242975 0 0.970033
    outer loop
      vertex 1.75581 2 28.8271
      vertex 2.61256 -2 28.6125
      vertex 2.61256 2 28.6125
    endloop
  endfacet
  facet normal 0.242975 0 0.970033
    outer loop
      vertex 2.61256 -2 28.6125
      vertex 1.75581 2 28.8271
      vertex 1.75581 -2 28.8271
    endloop
  endfacet
  facet normal 0.595701 -0.00017416 -0.803206
    outer loop
      vertex 5.00013 -2 12.5168
      vertex 5.70954 -1.83143 13.0429
      vertex 5.64922 -2 12.9982
    endloop
  endfacet
  facet normal 0.595674 0 -0.803226
    outer loop
      vertex 5.70954 -1.83143 13.0429
      vertex 5.00013 -2 12.5168
      vertex 5.70954 1.83143 13.0429
    endloop
  endfacet
  facet normal 0.595674 0 -0.803226
    outer loop
      vertex 5.00013 2 12.5168
      vertex 5.70954 1.83143 13.0429
      vertex 5.00013 -2 12.5168
    endloop
  endfacet
  facet normal 0.595701 0.00017416 -0.803206
    outer loop
      vertex 5.70954 1.83143 13.0429
      vertex 5.00013 2 12.5168
      vertex 5.64922 2 12.9982
    endloop
  endfacet
  facet normal -0.146736 0 -0.989176
    outer loop
      vertex -1.75581 -2 11.1729
      vertex -0.882154 2 11.0433
      vertex -0.882154 -2 11.0433
    endloop
  endfacet
  facet normal -0.146736 0 -0.989176
    outer loop
      vertex -0.882154 2 11.0433
      vertex -1.75581 -2 11.1729
      vertex -1.75581 2 11.1729
    endloop
  endfacet
  facet normal -0.998795 0 0.049068
    outer loop
      vertex -9 -2 20
      vertex -8.95666 2 20.8822
      vertex -9 2 20
    endloop
  endfacet
  facet normal -0.998795 0 0.049068
    outer loop
      vertex -8.95666 2 20.8822
      vertex -9 -2 20
      vertex -8.95666 -2 20.8822
    endloop
  endfacet
  facet normal 0 1 0
    outer loop
      vertex 0.882154 2 28.9567
      vertex -0.882154 2 28.9567
      vertex 0 2 29
    endloop
  endfacet
  facet normal 0 1 0
    outer loop
      vertex 1.75581 2 28.8271
      vertex -0.882154 2 28.9567
      vertex 0.882154 2 28.9567
    endloop
  endfacet
  facet normal 0 1 0
    outer loop
      vertex 1.75581 2 28.8271
      vertex -1.75581 2 28.8271
      vertex -0.882154 2 28.9567
    endloop
  endfacet
  facet normal 0 1 0
    outer loop
      vertex 2.61256 2 28.6125
      vertex -1.75581 2 28.8271
      vertex 1.75581 2 28.8271
    endloop
  endfacet
  facet normal 0 1 0
    outer loop
      vertex 2.61256 2 28.6125
      vertex -2.61256 2 28.6125
      vertex -1.75581 2 28.8271
    endloop
  endfacet
  facet normal 0 1 0
    outer loop
      vertex 3.44415 2 28.3149
      vertex -2.61256 2 28.6125
      vertex 2.61256 2 28.6125
    endloop
  endfacet
  facet normal 0 1 0
    outer loop
      vertex 3.44415 2 28.3149
      vertex -3.44415 2 28.3149
      vertex -2.61256 2 28.6125
    endloop
  endfacet
  facet normal 0 1 0
    outer loop
      vertex 4.24257 2 27.9373
      vertex -3.44415 2 28.3149
      vertex 3.44415 2 28.3149
    endloop
  endfacet
  facet normal 0 1 0
    outer loop
      vertex 4.24257 2 27.9373
      vertex -4.24257 2 27.9373
      vertex -3.44415 2 28.3149
    endloop
  endfacet
  facet normal 0 1 0
    outer loop
      vertex 5.00013 2 27.4832
      vertex -4.24257 2 27.9373
      vertex 4.24257 2 27.9373
    endloop
  endfacet
  facet normal 0 1 0
    outer loop
      vertex 5.00013 2 27.4832
      vertex -5.00013 2 27.4832
      vertex -4.24257 2 27.9373
    endloop
  endfacet
  facet normal 0 1 0
    outer loop
      vertex 5.64922 2 27.0018
      vertex -5.00013 2 27.4832
      vertex 5.00013 2 27.4832
    endloop
  endfacet
  facet normal 0 1 0
    outer loop
      vertex 5.64922 2 27.0018
      vertex -5.64922 2 27.0018
      vertex -5.00013 2 27.4832
    endloop
  endfacet
  facet normal 0 1 -0
    outer loop
      vertex 5.64922 2 12.9982
      vertex -5.64922 2 27.0018
      vertex 5.64922 2 27.0018
    endloop
  endfacet
  facet normal 0 1 0
    outer loop
      vertex 5.64922 2 12.9982
      vertex -5.64922 2 12.9982
      vertex -5.64922 2 27.0018
    endloop
  endfacet
  facet normal 0 1 -0
    outer loop
      vertex 5.00013 2 12.5168
      vertex -5.64922 2 12.9982
      vertex 5.64922 2 12.9982
    endloop
  endfacet
  facet normal 0 1 0
    outer loop
      vertex 5.00013 2 12.5168
      vertex -5.00013 2 12.5168
      vertex -5.64922 2 12.9982
    endloop
  endfacet
  facet normal 0 1 -0
    outer loop
      vertex 4.24257 2 12.0627
      vertex -5.00013 2 12.5168
      vertex 5.00013 2 12.5168
    endloop
  endfacet
  facet normal 0 1 0
    outer loop
      vertex 4.24257 2 12.0627
      vertex -4.24257 2 12.0627
      vertex -5.00013 2 12.5168
    endloop
  endfacet
  facet normal 0 1 -0
    outer loop
      vertex 3.44415 2 11.6851
      vertex -4.24257 2 12.0627
      vertex 4.24257 2 12.0627
    endloop
  endfacet
  facet normal 0 1 0
    outer loop
      vertex 3.44415 2 11.6851
      vertex -3.44415 2 11.6851
      vertex -4.24257 2 12.0627
    endloop
  endfacet
  facet normal 0 1 -0
    outer loop
      vertex 2.61256 2 11.3875
      vertex -3.44415 2 11.6851
      vertex 3.44415 2 11.6851
    endloop
  endfacet
  facet normal 0 1 0
    outer loop
      vertex 2.61256 2 11.3875
      vertex -2.61256 2 11.3875
      vertex -3.44415 2 11.6851
    endloop
  endfacet
  facet normal 0 1 -0
    outer loop
      vertex 1.75581 2 11.1729
      vertex -2.61256 2 11.3875
      vertex 2.61256 2 11.3875
    endloop
  endfacet
  facet normal 0 1 0
    outer loop
      vertex 1.75581 2 11.1729
      vertex -1.75581 2 11.1729
      vertex -2.61256 2 11.3875
    endloop
  endfacet
  facet normal 0 1 -0
    outer loop
      vertex 0.882154 2 11.0433
      vertex -1.75581 2 11.1729
      vertex 1.75581 2 11.1729
    endloop
  endfacet
  facet normal 0 1 0
    outer loop
      vertex 0.882154 2 11.0433
      vertex -0.882154 2 11.0433
      vertex -1.75581 2 11.1729
    endloop
  endfacet
  facet normal -0 1 0
    outer loop
      vertex -0.882154 2 11.0433
      vertex 0.882154 2 11.0433
      vertex 0 2 11
    endloop
  endfacet
  facet normal 0 1 0
    outer loop
      vertex -7.73625 2 24.578
      vertex -8.31492 2 23.4441
      vertex -7.93729 2 24.2426
    endloop
  endfacet
  facet normal 0 1 0
    outer loop
      vertex -7.73625 2 24.578
      vertex -8.61246 2 22.6126
      vertex -8.31492 2 23.4441
    endloop
  endfacet
  facet normal 0 1 0
    outer loop
      vertex -7.73625 2 24.578
      vertex -8.82707 2 21.7558
      vertex -8.61246 2 22.6126
    endloop
  endfacet
  facet normal 0 1 0
    outer loop
      vertex -7.73625 2 24.578
      vertex -8.95666 2 20.8822
      vertex -8.82707 2 21.7558
    endloop
  endfacet
  facet normal 0 1 0
    outer loop
      vertex -7.73625 2 24.578
      vertex -9 2 20
      vertex -8.95666 2 20.8822
    endloop
  endfacet
  facet normal 0 1 0
    outer loop
      vertex -7.73625 2 24.578
      vertex -8.95666 2 19.1178
      vertex -9 2 20
    endloop
  endfacet
  facet normal 0 1 0
    outer loop
      vertex -7.73625 2 24.578
      vertex -8.82707 2 18.2442
      vertex -8.95666 2 19.1178
    endloop
  endfacet
  facet normal 0 1 0
    outer loop
      vertex -7.73625 2 24.578
      vertex -8.61246 2 17.3874
      vertex -8.82707 2 18.2442
    endloop
  endfacet
  facet normal 0 1 0
    outer loop
      vertex -7.73625 2 24.578
      vertex -8.31492 2 16.5558
      vertex -8.61246 2 17.3874
    endloop
  endfacet
  facet normal 0 1 -0
    outer loop
      vertex -7.73625 2 15.422
      vertex -8.31492 2 16.5558
      vertex -7.73625 2 24.578
    endloop
  endfacet
  facet normal 0 1 0
    outer loop
      vertex -8.31492 2 16.5558
      vertex -7.73625 2 15.422
      vertex -7.93729 2 15.7574
    endloop
  endfacet
  facet normal 0 1 0
    outer loop
      vertex 8.31492 2 23.4441
      vertex 7.73625 2 24.578
      vertex 7.93729 2 24.2426
    endloop
  endfacet
  facet normal 0 1 0
    outer loop
      vertex 8.61246 2 22.6126
      vertex 7.73625 2 24.578
      vertex 8.31492 2 23.4441
    endloop
  endfacet
  facet normal 0 1 0
    outer loop
      vertex 8.82707 2 21.7558
      vertex 7.73625 2 24.578
      vertex 8.61246 2 22.6126
    endloop
  endfacet
  facet normal 0 1 0
    outer loop
      vertex 8.95666 2 20.8822
      vertex 7.73625 2 24.578
      vertex 8.82707 2 21.7558
    endloop
  endfacet
  facet normal 0 1 0
    outer loop
      vertex 9 2 20
      vertex 7.73625 2 24.578
      vertex 8.95666 2 20.8822
    endloop
  endfacet
  facet normal 0 1 -0
    outer loop
      vertex 8.95666 2 19.1178
      vertex 7.73625 2 24.578
      vertex 9 2 20
    endloop
  endfacet
  facet normal 0 1 -0
    outer loop
      vertex 8.82707 2 18.2442
      vertex 7.73625 2 24.578
      vertex 8.95666 2 19.1178
    endloop
  endfacet
  facet normal 0 1 -0
    outer loop
      vertex 8.61246 2 17.3874
      vertex 7.73625 2 24.578
      vertex 8.82707 2 18.2442
    endloop
  endfacet
  facet normal 0 1 -0
    outer loop
      vertex 8.31492 2 16.5558
      vertex 7.73625 2 24.578
      vertex 8.61246 2 17.3874
    endloop
  endfacet
  facet normal 0 1 0
    outer loop
      vertex 7.73625 2 15.422
      vertex 8.31492 2 16.5558
      vertex 7.93729 2 15.7574
    endloop
  endfacet
  facet normal 0 1 0
    outer loop
      vertex 8.31492 2 16.5558
      vertex 7.73625 2 15.422
      vertex 7.73625 2 24.578
    endloop
  endfacet
  facet normal -0.427562 -0.903986 0
    outer loop
      vertex -1.88559 -3.52768 53
      vertex -1.64989 -3.63916 76.9133
      vertex -1.88559 -3.52768 77.0546
    endloop
  endfacet
  facet normal -0.427564 -0.903985 3.00612e-08
    outer loop
      vertex -1.88559 -3.52768 53
      vertex -1.53073 -3.69552 76.8569
      vertex -1.64989 -3.63916 76.9133
    endloop
  endfacet
  facet normal -0.427563 -0.903986 -0
    outer loop
      vertex -1.53073 -3.69552 76.8569
      vertex -1.88559 -3.52768 53
      vertex -1.53073 -3.69552 53
    endloop
  endfacet
  facet normal -0.4276 -0.903968 -0
    outer loop
      vertex -1.88559 -3.52768 83
      vertex -1.88559 -3.52768 82.9454
      vertex -1.79458 -3.57073 83
    endloop
  endfacet
  facet normal 0.989176 0.146736 0
    outer loop
      vertex 3.98074 0.392068 83
      vertex 3.92314 0.780361 53
      vertex 3.92314 0.780361 83
    endloop
  endfacet
  facet normal 0.989176 0.146736 0
    outer loop
      vertex 3.92314 0.780361 53
      vertex 3.98074 0.392068 83
      vertex 3.98074 0.392068 53
    endloop
  endfacet
  facet normal 0.998796 0.049065 0
    outer loop
      vertex 4 0 83
      vertex 3.98074 0.392068 53
      vertex 3.98074 0.392068 83
    endloop
  endfacet
  facet normal 0.998796 0.049065 0
    outer loop
      vertex 3.98074 0.392068 53
      vertex 4 0 83
      vertex 4 0 53
    endloop
  endfacet
  facet normal 0.970031 0.24298 0
    outer loop
      vertex 3.92314 0.780361 83
      vertex 3.82776 1.16114 53
      vertex 3.82776 1.16114 83
    endloop
  endfacet
  facet normal 0.970031 0.24298 0
    outer loop
      vertex 3.82776 1.16114 53
      vertex 3.92314 0.780361 83
      vertex 3.92314 0.780361 53
    endloop
  endfacet
  facet normal 0.4276 -0.903968 0
    outer loop
      vertex 1.88559 -3.52768 83
      vertex 1.79458 -3.57073 83
      vertex 1.88559 -3.52768 82.9454
    endloop
  endfacet
  facet normal 0.427563 -0.903986 0
    outer loop
      vertex 1.88559 -3.52768 53
      vertex 1.53073 -3.69552 76.8569
      vertex 1.53073 -3.69552 53
    endloop
  endfacet
  facet normal 0.427564 -0.903985 3.00612e-08
    outer loop
      vertex 1.53073 -3.69552 76.8569
      vertex 1.88559 -3.52768 53
      vertex 1.64989 -3.63916 76.9133
    endloop
  endfacet
  facet normal 0.427562 -0.903986 0
    outer loop
      vertex 1.64989 -3.63916 76.9133
      vertex 1.88559 -3.52768 53
      vertex 1.88559 -3.52768 77.0546
    endloop
  endfacet
  facet normal -0.671545 0.740964 0
    outer loop
      vertex -2.53757 3.09204 82.4057
      vertex -2.82843 2.82843 83
      vertex -2.53757 3.09204 83
    endloop
  endfacet
  facet normal -0.67154 0.740969 4.59801e-06
    outer loop
      vertex -2.70554 2.93981 82.2204
      vertex -2.82843 2.82843 83
      vertex -2.53757 3.09204 82.4057
    endloop
  endfacet
  facet normal -0.671556 0.740954 0
    outer loop
      vertex -2.82843 2.82843 83
      vertex -2.70554 2.93981 82.2204
      vertex -2.82843 2.82843 82.0547
    endloop
  endfacet
  facet normal -0.671545 0.740964 0
    outer loop
      vertex -2.82843 2.82843 53
      vertex -2.53757 3.09204 77.5943
      vertex -2.53757 3.09204 53
    endloop
  endfacet
  facet normal -0.671537 0.740971 -1.68892e-07
    outer loop
      vertex -2.53757 3.09204 77.5943
      vertex -2.82843 2.82843 53
      vertex -2.70554 2.93981 77.7796
    endloop
  endfacet
  facet normal -0.671556 0.740954 0
    outer loop
      vertex -2.70554 2.93981 77.7796
      vertex -2.82843 2.82843 53
      vertex -2.82843 2.82843 77.9453
    endloop
  endfacet
  facet normal -0.970031 -0.24298 0
    outer loop
      vertex -3.82776 -1.16114 53
      vertex -3.92314 -0.780361 83
      vertex -3.92314 -0.780361 53
    endloop
  endfacet
  facet normal -0.970031 -0.24298 0
    outer loop
      vertex -3.92314 -0.780361 83
      vertex -3.82776 -1.16114 53
      vertex -3.82776 -1.16114 83
    endloop
  endfacet
  facet normal 0.427562 0.903986 -0
    outer loop
      vertex 1.88559 3.52768 53
      vertex 1.64989 3.63916 76.9133
      vertex 1.88559 3.52768 77.0546
    endloop
  endfacet
  facet normal 0.427564 0.903985 3.00612e-08
    outer loop
      vertex 1.88559 3.52768 53
      vertex 1.53073 3.69552 76.8569
      vertex 1.64989 3.63916 76.9133
    endloop
  endfacet
  facet normal 0.427563 0.903986 0
    outer loop
      vertex 1.53073 3.69552 76.8569
      vertex 1.88559 3.52768 53
      vertex 1.53073 3.69552 53
    endloop
  endfacet
  facet normal 0.4276 0.903968 -0
    outer loop
      vertex 1.88559 3.52768 82.9454
      vertex 1.79458 3.57073 83
      vertex 1.88559 3.52768 83
    endloop
  endfacet
  facet normal -0.989176 0.146736 0
    outer loop
      vertex -3.98074 0.392068 53
      vertex -3.92314 0.780361 83
      vertex -3.92314 0.780361 53
    endloop
  endfacet
  facet normal -0.989176 0.146736 0
    outer loop
      vertex -3.92314 0.780361 83
      vertex -3.98074 0.392068 53
      vertex -3.98074 0.392068 83
    endloop
  endfacet
  facet normal -0.146736 -0.989176 0
    outer loop
      vertex -0.780361 -3.92314 53
      vertex -0.682816 -3.93761 76.5673
      vertex -0.780361 -3.92314 76.5917
    endloop
  endfacet
  facet normal -0.146736 -0.989176 -1.11233e-09
    outer loop
      vertex -0.780361 -3.92314 53
      vertex -0.392068 -3.98074 76.5241
      vertex -0.682816 -3.93761 76.5673
    endloop
  endfacet
  facet normal -0.146736 -0.989176 -0
    outer loop
      vertex -0.392068 -3.98074 76.5241
      vertex -0.780361 -3.92314 53
      vertex -0.392068 -3.98074 53
    endloop
  endfacet
  facet normal 0.243007 0.970024 -0
    outer loop
      vertex 1.16114 3.82776 53
      vertex 1.016 3.86412 76.6507
      vertex 1.16114 3.82776 76.7026
    endloop
  endfacet
  facet normal 0.242963 0.970036 -2.90448e-07
    outer loop
      vertex 1.16114 3.82776 53
      vertex 0.780361 3.92314 76.5917
      vertex 1.016 3.86412 76.6507
    endloop
  endfacet
  facet normal 0.24298 0.970031 0
    outer loop
      vertex 0.780361 3.92314 76.5917
      vertex 1.16114 3.82776 53
      vertex 0.780361 3.92314 53
    endloop
  endfacet
  facet normal -0.740964 0.671545 0
    outer loop
      vertex -3.09204 2.53757 53
      vertex -2.82843 2.82843 77.9453
      vertex -2.82843 2.82843 53
    endloop
  endfacet
  facet normal -0.740977 0.671531 2.94621e-07
    outer loop
      vertex -2.82843 2.82843 77.9453
      vertex -3.09204 2.53757 53
      vertex -2.91014 2.73827 78.0555
    endloop
  endfacet
  facet normal -0.740958 0.671551 -4.34915e-09
    outer loop
      vertex -2.91014 2.73827 78.0555
      vertex -3.09204 2.53757 53
      vertex -3.08672 2.54344 78.3501
    endloop
  endfacet
  facet normal -0.740967 0.671541 0
    outer loop
      vertex -3.08672 2.54344 78.3501
      vertex -3.09204 2.53757 53
      vertex -3.09204 2.53757 78.3614
    endloop
  endfacet
  facet normal -0.740973 0.671535 -5.73036e-06
    outer loop
      vertex -3.09204 2.53757 83
      vertex -2.82843 2.82843 82.0547
      vertex -2.91014 2.73827 81.9445
    endloop
  endfacet
  facet normal -0.740958 0.671551 8.11566e-08
    outer loop
      vertex -3.09204 2.53757 83
      vertex -2.91014 2.73827 81.9445
      vertex -3.08672 2.54344 81.6499
    endloop
  endfacet
  facet normal -0.740967 0.671541 0
    outer loop
      vertex -3.09204 2.53757 83
      vertex -3.08672 2.54344 81.6499
      vertex -3.09204 2.53757 81.6386
    endloop
  endfacet
  facet normal -0.740964 0.671545 0
    outer loop
      vertex -2.82843 2.82843 82.0547
      vertex -3.09204 2.53757 83
      vertex -2.82843 2.82843 83
    endloop
  endfacet
  facet normal 0.514003 -0.857788 0
    outer loop
      vertex 1.9445 -3.49238 82.9101
      vertex 1.88559 -3.52768 83
      vertex 1.88559 -3.52768 82.9454
    endloop
  endfacet
  facet normal 0.514095 -0.857733 8.16405e-05
    outer loop
      vertex 1.88559 -3.52768 83
      vertex 1.9445 -3.49238 82.9101
      vertex 2.22228 -3.32588 83
    endloop
  endfacet
  facet normal 0.514113 -0.857722 3.35375e-06
    outer loop
      vertex 2.22038 -3.32702 82.7055
      vertex 2.22228 -3.32588 83
      vertex 1.9445 -3.49238 82.9101
    endloop
  endfacet
  facet normal 0.514496 -0.857493 0
    outer loop
      vertex 2.22228 -3.32588 83
      vertex 2.22038 -3.32702 82.7055
      vertex 2.22228 -3.32588 82.7038
    endloop
  endfacet
  facet normal 0.514095 -0.857733 0
    outer loop
      vertex 2.22228 -3.32588 53
      vertex 1.88559 -3.52768 77.0546
      vertex 1.88559 -3.52768 53
    endloop
  endfacet
  facet normal 0.514004 -0.857788 -1.72945e-06
    outer loop
      vertex 1.88559 -3.52768 77.0546
      vertex 2.22228 -3.32588 53
      vertex 1.9445 -3.49238 77.0899
    endloop
  endfacet
  facet normal 0.514112 -0.857723 -4.08467e-08
    outer loop
      vertex 1.9445 -3.49238 77.0899
      vertex 2.22228 -3.32588 53
      vertex 2.22038 -3.32702 77.2945
    endloop
  endfacet
  facet normal 0.514496 -0.857493 0
    outer loop
      vertex 2.22038 -3.32702 77.2945
      vertex 2.22228 -3.32588 53
      vertex 2.22228 -3.32588 77.2962
    endloop
  endfacet
  facet normal -0.243007 -0.970024 0
    outer loop
      vertex -1.16114 -3.82776 53
      vertex -1.016 -3.86412 76.6507
      vertex -1.16114 -3.82776 76.7026
    endloop
  endfacet
  facet normal -0.242963 -0.970036 -2.90448e-07
    outer loop
      vertex -1.16114 -3.82776 53
      vertex -0.780361 -3.92314 76.5917
      vertex -1.016 -3.86412 76.6507
    endloop
  endfacet
  facet normal -0.24298 -0.970031 -0
    outer loop
      vertex -0.780361 -3.92314 76.5917
      vertex -1.16114 -3.82776 53
      vertex -0.780361 -3.92314 53
    endloop
  endfacet
  facet normal -0.336887 0.941545 0
    outer loop
      vertex -1.53073 3.69552 53
      vertex -1.16114 3.82776 76.7026
      vertex -1.16114 3.82776 53
    endloop
  endfacet
  facet normal -0.336895 0.941542 1.48526e-07
    outer loop
      vertex -1.16114 3.82776 76.7026
      vertex -1.53073 3.69552 53
      vertex -1.33939 3.76398 76.7664
    endloop
  endfacet
  facet normal -0.336879 0.941548 0
    outer loop
      vertex -1.33939 3.76398 76.7664
      vertex -1.53073 3.69552 53
      vertex -1.53073 3.69552 76.8569
    endloop
  endfacet
  facet normal 0.049065 -0.998796 0
    outer loop
      vertex 0.392068 -3.98074 53
      vertex 0 -4 76.5
      vertex 0 -4 53
    endloop
  endfacet
  facet normal 0.0490576 -0.998796 -1.22526e-07
    outer loop
      vertex 0 -4 76.5
      vertex 0.392068 -3.98074 53
      vertex 0.34306 -3.98315 76.5169
    endloop
  endfacet
  facet normal 0.0491163 -0.998793 0
    outer loop
      vertex 0.34306 -3.98315 76.5169
      vertex 0.392068 -3.98074 53
      vertex 0.392068 -3.98074 76.5241
    endloop
  endfacet
  facet normal 0.146736 -0.989176 0
    outer loop
      vertex 0.780361 -3.92314 53
      vertex 0.392068 -3.98074 76.5241
      vertex 0.392068 -3.98074 53
    endloop
  endfacet
  facet normal 0.146736 -0.989176 -1.11233e-09
    outer loop
      vertex 0.392068 -3.98074 76.5241
      vertex 0.780361 -3.92314 53
      vertex 0.682816 -3.93761 76.5673
    endloop
  endfacet
  facet normal 0.146736 -0.989176 0
    outer loop
      vertex 0.682816 -3.93761 76.5673
      vertex 0.780361 -3.92314 53
      vertex 0.780361 -3.92314 76.5917
    endloop
  endfacet
  facet normal -0.049065 0.998796 0
    outer loop
      vertex -0.392068 3.98074 53
      vertex 0 4 76.5
      vertex 0 4 53
    endloop
  endfacet
  facet normal -0.0490576 0.998796 -1.22526e-07
    outer loop
      vertex 0 4 76.5
      vertex -0.392068 3.98074 53
      vertex -0.34306 3.98315 76.5169
    endloop
  endfacet
  facet normal -0.0491163 0.998793 0
    outer loop
      vertex -0.34306 3.98315 76.5169
      vertex -0.392068 3.98074 53
      vertex -0.392068 3.98074 76.5241
    endloop
  endfacet
  facet normal -0.595687 -0.803217 0
    outer loop
      vertex -2.53757 -3.09204 53
      vertex -2.47487 -3.13854 77.5251
      vertex -2.53757 -3.09204 77.5943
    endloop
  endfacet
  facet normal -0.595713 -0.803198 1.01287e-07
    outer loop
      vertex -2.53757 -3.09204 53
      vertex -2.22228 -3.32588 77.2962
      vertex -2.47487 -3.13854 77.5251
    endloop
  endfacet
  facet normal -0.595708 -0.803201 -0
    outer loop
      vertex -2.22228 -3.32588 77.2962
      vertex -2.53757 -3.09204 53
      vertex -2.22228 -3.32588 53
    endloop
  endfacet
  facet normal -0.595708 -0.803201 0
    outer loop
      vertex -2.53757 -3.09204 83
      vertex -2.22228 -3.32588 82.7038
      vertex -2.22228 -3.32588 83
    endloop
  endfacet
  facet normal -0.59571 -0.8032 -4.27864e-06
    outer loop
      vertex -2.53757 -3.09204 83
      vertex -2.47487 -3.13854 82.4749
      vertex -2.22228 -3.32588 82.7038
    endloop
  endfacet
  facet normal -0.595687 -0.803217 0
    outer loop
      vertex -2.47487 -3.13854 82.4749
      vertex -2.53757 -3.09204 83
      vertex -2.53757 -3.09204 82.4057
    endloop
  endfacet
  facet normal -0.903986 -0.427563 0
    outer loop
      vertex -3.52768 -1.88559 53
      vertex -3.69552 -1.53073 83
      vertex -3.69552 -1.53073 53
    endloop
  endfacet
  facet normal -0.903986 -0.427563 0
    outer loop
      vertex -3.69552 -1.53073 83
      vertex -3.52768 -1.88559 53
      vertex -3.52768 -1.88559 83
    endloop
  endfacet
  facet normal -0.146736 0.989176 0
    outer loop
      vertex -0.780361 3.92314 53
      vertex -0.392068 3.98074 76.5241
      vertex -0.392068 3.98074 53
    endloop
  endfacet
  facet normal -0.146736 0.989176 -1.11233e-09
    outer loop
      vertex -0.392068 3.98074 76.5241
      vertex -0.780361 3.92314 53
      vertex -0.682816 3.93761 76.5673
    endloop
  endfacet
  facet normal -0.146736 0.989176 0
    outer loop
      vertex -0.682816 3.93761 76.5673
      vertex -0.780361 3.92314 53
      vertex -0.780361 3.92314 76.5917
    endloop
  endfacet
  facet normal 0.595708 -0.803201 0
    outer loop
      vertex 2.22228 -3.32588 82.7038
      vertex 2.53757 -3.09204 83
      vertex 2.22228 -3.32588 83
    endloop
  endfacet
  facet normal 0.59571 -0.8032 -4.27864e-06
    outer loop
      vertex 2.47487 -3.13854 82.4749
      vertex 2.53757 -3.09204 83
      vertex 2.22228 -3.32588 82.7038
    endloop
  endfacet
  facet normal 0.595687 -0.803217 0
    outer loop
      vertex 2.53757 -3.09204 83
      vertex 2.47487 -3.13854 82.4749
      vertex 2.53757 -3.09204 82.4057
    endloop
  endfacet
  facet normal 0.595708 -0.803201 0
    outer loop
      vertex 2.53757 -3.09204 53
      vertex 2.22228 -3.32588 77.2962
      vertex 2.22228 -3.32588 53
    endloop
  endfacet
  facet normal 0.595713 -0.803198 1.01287e-07
    outer loop
      vertex 2.22228 -3.32588 77.2962
      vertex 2.53757 -3.09204 53
      vertex 2.47487 -3.13854 77.5251
    endloop
  endfacet
  facet normal 0.595687 -0.803217 0
    outer loop
      vertex 2.47487 -3.13854 77.5251
      vertex 2.53757 -3.09204 53
      vertex 2.53757 -3.09204 77.5943
    endloop
  endfacet
  facet normal 0.0491163 0.998793 -0
    outer loop
      vertex 0.392068 3.98074 53
      vertex 0.34306 3.98315 76.5169
      vertex 0.392068 3.98074 76.5241
    endloop
  endfacet
  facet normal 0.0490576 0.998796 -1.22526e-07
    outer loop
      vertex 0.392068 3.98074 53
      vertex 0 4 76.5
      vertex 0.34306 3.98315 76.5169
    endloop
  endfacet
  facet normal 0.049065 0.998796 0
    outer loop
      vertex 0 4 76.5
      vertex 0.392068 3.98074 53
      vertex 0 4 53
    endloop
  endfacet
  facet normal 0.514496 0.857493 -0
    outer loop
      vertex 2.22228 3.32588 53
      vertex 2.22038 3.32702 77.2945
      vertex 2.22228 3.32588 77.2962
    endloop
  endfacet
  facet normal 0.514112 0.857723 -4.08467e-08
    outer loop
      vertex 2.22228 3.32588 53
      vertex 1.9445 3.49238 77.0899
      vertex 2.22038 3.32702 77.2945
    endloop
  endfacet
  facet normal 0.514004 0.857788 -1.72945e-06
    outer loop
      vertex 2.22228 3.32588 53
      vertex 1.88559 3.52768 77.0546
      vertex 1.9445 3.49238 77.0899
    endloop
  endfacet
  facet normal 0.514095 0.857733 0
    outer loop
      vertex 1.88559 3.52768 77.0546
      vertex 2.22228 3.32588 53
      vertex 1.88559 3.52768 53
    endloop
  endfacet
  facet normal 0.514095 0.857733 8.16405e-05
    outer loop
      vertex 1.9445 3.49238 82.9101
      vertex 1.88559 3.52768 83
      vertex 2.22228 3.32588 83
    endloop
  endfacet
  facet normal 0.514003 0.857788 0
    outer loop
      vertex 1.88559 3.52768 83
      vertex 1.9445 3.49238 82.9101
      vertex 1.88559 3.52768 82.9454
    endloop
  endfacet
  facet normal 0.514113 0.857722 3.35375e-06
    outer loop
      vertex 2.22228 3.32588 83
      vertex 2.22038 3.32702 82.7055
      vertex 1.9445 3.49238 82.9101
    endloop
  endfacet
  facet normal 0.514496 0.857493 0
    outer loop
      vertex 2.22038 3.32702 82.7055
      vertex 2.22228 3.32588 83
      vertex 2.22228 3.32588 82.7038
    endloop
  endfacet
  facet normal -0.998796 -0.049065 0
    outer loop
      vertex -3.98074 -0.392068 53
      vertex -4 0 83
      vertex -4 0 53
    endloop
  endfacet
  facet normal -0.998796 -0.049065 0
    outer loop
      vertex -4 0 83
      vertex -3.98074 -0.392068 53
      vertex -3.98074 -0.392068 83
    endloop
  endfacet
  facet normal 0.970031 -0.24298 0
    outer loop
      vertex 3.82776 -1.16114 83
      vertex 3.92314 -0.780361 53
      vertex 3.92314 -0.780361 83
    endloop
  endfacet
  facet normal 0.970031 -0.24298 0
    outer loop
      vertex 3.92314 -0.780361 53
      vertex 3.82776 -1.16114 83
      vertex 3.82776 -1.16114 53
    endloop
  endfacet
  facet normal 0.740977 0.671531 2.94621e-07
    outer loop
      vertex 3.09204 2.53757 53
      vertex 2.82843 2.82843 77.9453
      vertex 2.91014 2.73827 78.0555
    endloop
  endfacet
  facet normal 0.740958 0.671551 -4.34915e-09
    outer loop
      vertex 3.09204 2.53757 53
      vertex 2.91014 2.73827 78.0555
      vertex 3.08672 2.54344 78.3501
    endloop
  endfacet
  facet normal 0.740967 0.671541 -0
    outer loop
      vertex 3.09204 2.53757 53
      vertex 3.08672 2.54344 78.3501
      vertex 3.09204 2.53757 78.3614
    endloop
  endfacet
  facet normal 0.740964 0.671545 0
    outer loop
      vertex 2.82843 2.82843 77.9453
      vertex 3.09204 2.53757 53
      vertex 2.82843 2.82843 53
    endloop
  endfacet
  facet normal 0.740964 0.671545 0
    outer loop
      vertex 3.09204 2.53757 83
      vertex 2.82843 2.82843 82.0547
      vertex 2.82843 2.82843 83
    endloop
  endfacet
  facet normal 0.740973 0.671535 -5.73036e-06
    outer loop
      vertex 2.82843 2.82843 82.0547
      vertex 3.09204 2.53757 83
      vertex 2.91014 2.73827 81.9445
    endloop
  endfacet
  facet normal 0.740958 0.671551 8.11566e-08
    outer loop
      vertex 2.91014 2.73827 81.9445
      vertex 3.09204 2.53757 83
      vertex 3.08672 2.54344 81.6499
    endloop
  endfacet
  facet normal 0.740967 0.671541 0
    outer loop
      vertex 3.08672 2.54344 81.6499
      vertex 3.09204 2.53757 83
      vertex 3.09204 2.53757 81.6386
    endloop
  endfacet
  facet normal 0.595687 0.803217 -0
    outer loop
      vertex 2.53757 3.09204 53
      vertex 2.47487 3.13854 77.5251
      vertex 2.53757 3.09204 77.5943
    endloop
  endfacet
  facet normal 0.595713 0.803198 1.01287e-07
    outer loop
      vertex 2.53757 3.09204 53
      vertex 2.22228 3.32588 77.2962
      vertex 2.47487 3.13854 77.5251
    endloop
  endfacet
  facet normal 0.595708 0.803201 0
    outer loop
      vertex 2.22228 3.32588 77.2962
      vertex 2.53757 3.09204 53
      vertex 2.22228 3.32588 53
    endloop
  endfacet
  facet normal 0.595708 0.803201 0
    outer loop
      vertex 2.53757 3.09204 83
      vertex 2.22228 3.32588 82.7038
      vertex 2.22228 3.32588 83
    endloop
  endfacet
  facet normal 0.59571 0.8032 -4.27864e-06
    outer loop
      vertex 2.53757 3.09204 83
      vertex 2.47487 3.13854 82.4749
      vertex 2.22228 3.32588 82.7038
    endloop
  endfacet
  facet normal 0.595687 0.803217 0
    outer loop
      vertex 2.47487 3.13854 82.4749
      vertex 2.53757 3.09204 83
      vertex 2.53757 3.09204 82.4057
    endloop
  endfacet
  facet normal -0.595708 0.803201 0
    outer loop
      vertex -2.22228 3.32588 82.7038
      vertex -2.53757 3.09204 83
      vertex -2.22228 3.32588 83
    endloop
  endfacet
  facet normal -0.59571 0.8032 -4.27864e-06
    outer loop
      vertex -2.47487 3.13854 82.4749
      vertex -2.53757 3.09204 83
      vertex -2.22228 3.32588 82.7038
    endloop
  endfacet
  facet normal -0.595687 0.803217 0
    outer loop
      vertex -2.53757 3.09204 83
      vertex -2.47487 3.13854 82.4749
      vertex -2.53757 3.09204 82.4057
    endloop
  endfacet
  facet normal -0.595708 0.803201 0
    outer loop
      vertex -2.53757 3.09204 53
      vertex -2.22228 3.32588 77.2962
      vertex -2.22228 3.32588 53
    endloop
  endfacet
  facet normal -0.595713 0.803198 1.01287e-07
    outer loop
      vertex -2.22228 3.32588 77.2962
      vertex -2.53757 3.09204 53
      vertex -2.47487 3.13854 77.5251
    endloop
  endfacet
  facet normal -0.595687 0.803217 0
    outer loop
      vertex -2.47487 3.13854 77.5251
      vertex -2.53757 3.09204 53
      vertex -2.53757 3.09204 77.5943
    endloop
  endfacet
  facet normal 0.803201 0.595709 -1.96962e-08
    outer loop
      vertex 3.32588 2.22228 53
      vertex 3.09204 2.53757 78.3614
      vertex 3.23358 2.34673 78.6606
    endloop
  endfacet
  facet normal 0.803203 0.595706 -0
    outer loop
      vertex 3.32588 2.22228 53
      vertex 3.23358 2.34673 78.6606
      vertex 3.32588 2.22228 78.9186
    endloop
  endfacet
  facet normal 0.803201 0.595708 0
    outer loop
      vertex 3.09204 2.53757 78.3614
      vertex 3.32588 2.22228 53
      vertex 3.09204 2.53757 53
    endloop
  endfacet
  facet normal 0.803201 0.595708 0
    outer loop
      vertex 3.32588 2.22228 83
      vertex 3.09204 2.53757 81.6386
      vertex 3.09204 2.53757 83
    endloop
  endfacet
  facet normal 0.803201 0.595708 2.74429e-07
    outer loop
      vertex 3.09204 2.53757 81.6386
      vertex 3.32588 2.22228 83
      vertex 3.23358 2.34673 81.3394
    endloop
  endfacet
  facet normal 0.803203 0.595706 0
    outer loop
      vertex 3.23358 2.34673 81.3394
      vertex 3.32588 2.22228 83
      vertex 3.32588 2.22228 81.0814
    endloop
  endfacet
  facet normal 0.989176 -0.146736 0
    outer loop
      vertex 3.92314 -0.780361 83
      vertex 3.98074 -0.392068 53
      vertex 3.98074 -0.392068 83
    endloop
  endfacet
  facet normal 0.989176 -0.146736 0
    outer loop
      vertex 3.98074 -0.392068 53
      vertex 3.92314 -0.780361 83
      vertex 3.92314 -0.780361 53
    endloop
  endfacet
  facet normal -0.941545 0.336887 0
    outer loop
      vertex -3.82776 1.16114 53
      vertex -3.69552 1.53073 83
      vertex -3.69552 1.53073 53
    endloop
  endfacet
  facet normal -0.941545 0.336887 0
    outer loop
      vertex -3.69552 1.53073 83
      vertex -3.82776 1.16114 53
      vertex -3.82776 1.16114 83
    endloop
  endfacet
  facet normal 0.903986 -0.427563 0
    outer loop
      vertex 3.52768 -1.88559 83
      vertex 3.69552 -1.53073 53
      vertex 3.69552 -1.53073 83
    endloop
  endfacet
  facet normal 0.903986 -0.427563 0
    outer loop
      vertex 3.69552 -1.53073 53
      vertex 3.52768 -1.88559 83
      vertex 3.52768 -1.88559 53
    endloop
  endfacet
  facet normal 0.336879 0.941548 -0
    outer loop
      vertex 1.53073 3.69552 53
      vertex 1.33939 3.76398 76.7664
      vertex 1.53073 3.69552 76.8569
    endloop
  endfacet
  facet normal 0.336895 0.941542 1.48526e-07
    outer loop
      vertex 1.53073 3.69552 53
      vertex 1.16114 3.82776 76.7026
      vertex 1.33939 3.76398 76.7664
    endloop
  endfacet
  facet normal 0.336887 0.941545 0
    outer loop
      vertex 1.16114 3.82776 76.7026
      vertex 1.53073 3.69552 53
      vertex 1.16114 3.82776 53
    endloop
  endfacet
  facet normal 0.998796 -0.049065 0
    outer loop
      vertex 3.98074 -0.392068 83
      vertex 4 0 53
      vertex 4 0 83
    endloop
  endfacet
  facet normal 0.998796 -0.049065 0
    outer loop
      vertex 4 0 53
      vertex 3.98074 -0.392068 83
      vertex 3.98074 -0.392068 53
    endloop
  endfacet
  facet normal 0 0 -1
    outer loop
      vertex 3.98074 -0.392068 53
      vertex 3.98074 0.392068 53
      vertex 4 0 53
    endloop
  endfacet
  facet normal 0 0 -1
    outer loop
      vertex 3.92314 -0.780361 53
      vertex 3.98074 0.392068 53
      vertex 3.98074 -0.392068 53
    endloop
  endfacet
  facet normal 0 0 -1
    outer loop
      vertex 3.92314 -0.780361 53
      vertex 3.92314 0.780361 53
      vertex 3.98074 0.392068 53
    endloop
  endfacet
  facet normal 0 0 -1
    outer loop
      vertex 3.82776 -1.16114 53
      vertex 3.92314 0.780361 53
      vertex 3.92314 -0.780361 53
    endloop
  endfacet
  facet normal 0 0 -1
    outer loop
      vertex 3.82776 -1.16114 53
      vertex 3.82776 1.16114 53
      vertex 3.92314 0.780361 53
    endloop
  endfacet
  facet normal 0 0 -1
    outer loop
      vertex 3.69552 -1.53073 53
      vertex 3.82776 1.16114 53
      vertex 3.82776 -1.16114 53
    endloop
  endfacet
  facet normal 0 0 -1
    outer loop
      vertex 3.69552 -1.53073 53
      vertex 3.69552 1.53073 53
      vertex 3.82776 1.16114 53
    endloop
  endfacet
  facet normal 0 0 -1
    outer loop
      vertex 3.52768 -1.88559 53
      vertex 3.69552 1.53073 53
      vertex 3.69552 -1.53073 53
    endloop
  endfacet
  facet normal 0 0 -1
    outer loop
      vertex 3.52768 -1.88559 53
      vertex 3.52768 1.88559 53
      vertex 3.69552 1.53073 53
    endloop
  endfacet
  facet normal 0 0 -1
    outer loop
      vertex 3.32588 -2.22228 53
      vertex 3.52768 1.88559 53
      vertex 3.52768 -1.88559 53
    endloop
  endfacet
  facet normal 0 0 -1
    outer loop
      vertex 3.32588 -2.22228 53
      vertex 3.32588 2.22228 53
      vertex 3.52768 1.88559 53
    endloop
  endfacet
  facet normal 0 0 -1
    outer loop
      vertex 3.09204 -2.53757 53
      vertex 3.32588 2.22228 53
      vertex 3.32588 -2.22228 53
    endloop
  endfacet
  facet normal 0 0 -1
    outer loop
      vertex 3.09204 -2.53757 53
      vertex 3.09204 2.53757 53
      vertex 3.32588 2.22228 53
    endloop
  endfacet
  facet normal 0 0 -1
    outer loop
      vertex 2.82843 -2.82843 53
      vertex 3.09204 2.53757 53
      vertex 3.09204 -2.53757 53
    endloop
  endfacet
  facet normal 0 0 -1
    outer loop
      vertex 2.82843 -2.82843 53
      vertex 2.82843 2.82843 53
      vertex 3.09204 2.53757 53
    endloop
  endfacet
  facet normal 0 0 -1
    outer loop
      vertex 2.53757 -3.09204 53
      vertex 2.82843 2.82843 53
      vertex 2.82843 -2.82843 53
    endloop
  endfacet
  facet normal 0 0 -1
    outer loop
      vertex 2.53757 -3.09204 53
      vertex 2.53757 3.09204 53
      vertex 2.82843 2.82843 53
    endloop
  endfacet
  facet normal 0 0 -1
    outer loop
      vertex 2.22228 -3.32588 53
      vertex 2.53757 3.09204 53
      vertex 2.53757 -3.09204 53
    endloop
  endfacet
  facet normal 0 0 -1
    outer loop
      vertex 2.22228 -3.32588 53
      vertex 2.22228 3.32588 53
      vertex 2.53757 3.09204 53
    endloop
  endfacet
  facet normal 0 0 -1
    outer loop
      vertex 1.88559 -3.52768 53
      vertex 2.22228 3.32588 53
      vertex 2.22228 -3.32588 53
    endloop
  endfacet
  facet normal 0 0 -1
    outer loop
      vertex 1.88559 -3.52768 53
      vertex 1.88559 3.52768 53
      vertex 2.22228 3.32588 53
    endloop
  endfacet
  facet normal 0 0 -1
    outer loop
      vertex 1.53073 -3.69552 53
      vertex 1.88559 3.52768 53
      vertex 1.88559 -3.52768 53
    endloop
  endfacet
  facet normal 0 0 -1
    outer loop
      vertex 1.53073 -3.69552 53
      vertex 1.53073 3.69552 53
      vertex 1.88559 3.52768 53
    endloop
  endfacet
  facet normal 0 0 -1
    outer loop
      vertex 1.16114 -3.82776 53
      vertex 1.53073 3.69552 53
      vertex 1.53073 -3.69552 53
    endloop
  endfacet
  facet normal 0 0 -1
    outer loop
      vertex 1.16114 -3.82776 53
      vertex 1.16114 3.82776 53
      vertex 1.53073 3.69552 53
    endloop
  endfacet
  facet normal 0 0 -1
    outer loop
      vertex 0.780361 -3.92314 53
      vertex 1.16114 3.82776 53
      vertex 1.16114 -3.82776 53
    endloop
  endfacet
  facet normal 0 0 -1
    outer loop
      vertex 0.780361 -3.92314 53
      vertex 0.780361 3.92314 53
      vertex 1.16114 3.82776 53
    endloop
  endfacet
  facet normal 0 0 -1
    outer loop
      vertex 0.392068 -3.98074 53
      vertex 0.780361 3.92314 53
      vertex 0.780361 -3.92314 53
    endloop
  endfacet
  facet normal 0 0 -1
    outer loop
      vertex 0.392068 -3.98074 53
      vertex 0.392068 3.98074 53
      vertex 0.780361 3.92314 53
    endloop
  endfacet
  facet normal 0 0 -1
    outer loop
      vertex 0 -4 53
      vertex 0.392068 3.98074 53
      vertex 0.392068 -3.98074 53
    endloop
  endfacet
  facet normal 0 0 -1
    outer loop
      vertex 0 -4 53
      vertex 0 4 53
      vertex 0.392068 3.98074 53
    endloop
  endfacet
  facet normal 0 0 -1
    outer loop
      vertex -0.392068 -3.98074 53
      vertex 0 4 53
      vertex 0 -4 53
    endloop
  endfacet
  facet normal 0 0 -1
    outer loop
      vertex -0.392068 -3.98074 53
      vertex -0.392068 3.98074 53
      vertex 0 4 53
    endloop
  endfacet
  facet normal 0 0 -1
    outer loop
      vertex -0.780361 -3.92314 53
      vertex -0.392068 3.98074 53
      vertex -0.392068 -3.98074 53
    endloop
  endfacet
  facet normal 0 0 -1
    outer loop
      vertex -0.780361 -3.92314 53
      vertex -0.780361 3.92314 53
      vertex -0.392068 3.98074 53
    endloop
  endfacet
  facet normal 0 0 -1
    outer loop
      vertex -1.16114 -3.82776 53
      vertex -0.780361 3.92314 53
      vertex -0.780361 -3.92314 53
    endloop
  endfacet
  facet normal 0 0 -1
    outer loop
      vertex -1.16114 -3.82776 53
      vertex -1.16114 3.82776 53
      vertex -0.780361 3.92314 53
    endloop
  endfacet
  facet normal 0 0 -1
    outer loop
      vertex -1.53073 -3.69552 53
      vertex -1.16114 3.82776 53
      vertex -1.16114 -3.82776 53
    endloop
  endfacet
  facet normal 0 0 -1
    outer loop
      vertex -1.53073 -3.69552 53
      vertex -1.53073 3.69552 53
      vertex -1.16114 3.82776 53
    endloop
  endfacet
  facet normal 0 0 -1
    outer loop
      vertex -1.88559 -3.52768 53
      vertex -1.53073 3.69552 53
      vertex -1.53073 -3.69552 53
    endloop
  endfacet
  facet normal 0 0 -1
    outer loop
      vertex -1.88559 -3.52768 53
      vertex -1.88559 3.52768 53
      vertex -1.53073 3.69552 53
    endloop
  endfacet
  facet normal 0 0 -1
    outer loop
      vertex -2.22228 -3.32588 53
      vertex -1.88559 3.52768 53
      vertex -1.88559 -3.52768 53
    endloop
  endfacet
  facet normal 0 0 -1
    outer loop
      vertex -2.22228 -3.32588 53
      vertex -2.22228 3.32588 53
      vertex -1.88559 3.52768 53
    endloop
  endfacet
  facet normal 0 0 -1
    outer loop
      vertex -2.53757 -3.09204 53
      vertex -2.22228 3.32588 53
      vertex -2.22228 -3.32588 53
    endloop
  endfacet
  facet normal 0 0 -1
    outer loop
      vertex -2.53757 -3.09204 53
      vertex -2.53757 3.09204 53
      vertex -2.22228 3.32588 53
    endloop
  endfacet
  facet normal 0 0 -1
    outer loop
      vertex -2.82843 -2.82843 53
      vertex -2.53757 3.09204 53
      vertex -2.53757 -3.09204 53
    endloop
  endfacet
  facet normal 0 0 -1
    outer loop
      vertex -2.82843 -2.82843 53
      vertex -2.82843 2.82843 53
      vertex -2.53757 3.09204 53
    endloop
  endfacet
  facet normal 0 0 -1
    outer loop
      vertex -3.09204 -2.53757 53
      vertex -2.82843 2.82843 53
      vertex -2.82843 -2.82843 53
    endloop
  endfacet
  facet normal 0 0 -1
    outer loop
      vertex -3.09204 -2.53757 53
      vertex -3.09204 2.53757 53
      vertex -2.82843 2.82843 53
    endloop
  endfacet
  facet normal 0 0 -1
    outer loop
      vertex -3.32588 -2.22228 53
      vertex -3.09204 2.53757 53
      vertex -3.09204 -2.53757 53
    endloop
  endfacet
  facet normal 0 0 -1
    outer loop
      vertex -3.32588 -2.22228 53
      vertex -3.32588 2.22228 53
      vertex -3.09204 2.53757 53
    endloop
  endfacet
  facet normal 0 0 -1
    outer loop
      vertex -3.52768 -1.88559 53
      vertex -3.32588 2.22228 53
      vertex -3.32588 -2.22228 53
    endloop
  endfacet
  facet normal 0 0 -1
    outer loop
      vertex -3.52768 -1.88559 53
      vertex -3.52768 1.88559 53
      vertex -3.32588 2.22228 53
    endloop
  endfacet
  facet normal 0 0 -1
    outer loop
      vertex -3.69552 -1.53073 53
      vertex -3.52768 1.88559 53
      vertex -3.52768 -1.88559 53
    endloop
  endfacet
  facet normal 0 0 -1
    outer loop
      vertex -3.69552 -1.53073 53
      vertex -3.69552 1.53073 53
      vertex -3.52768 1.88559 53
    endloop
  endfacet
  facet normal 0 0 -1
    outer loop
      vertex -3.82776 -1.16114 53
      vertex -3.69552 1.53073 53
      vertex -3.69552 -1.53073 53
    endloop
  endfacet
  facet normal 0 0 -1
    outer loop
      vertex -3.82776 -1.16114 53
      vertex -3.82776 1.16114 53
      vertex -3.69552 1.53073 53
    endloop
  endfacet
  facet normal 0 0 -1
    outer loop
      vertex -3.92314 -0.780361 53
      vertex -3.82776 1.16114 53
      vertex -3.82776 -1.16114 53
    endloop
  endfacet
  facet normal 0 0 -1
    outer loop
      vertex -3.92314 -0.780361 53
      vertex -3.92314 0.780361 53
      vertex -3.82776 1.16114 53
    endloop
  endfacet
  facet normal 0 0 -1
    outer loop
      vertex -3.98074 -0.392068 53
      vertex -3.92314 0.780361 53
      vertex -3.92314 -0.780361 53
    endloop
  endfacet
  facet normal 0 0 -1
    outer loop
      vertex -3.98074 -0.392068 53
      vertex -3.98074 0.392068 53
      vertex -3.92314 0.780361 53
    endloop
  endfacet
  facet normal 0 -0 -1
    outer loop
      vertex -3.98074 0.392068 53
      vertex -3.98074 -0.392068 53
      vertex -4 0 53
    endloop
  endfacet
  facet normal 0.336887 -0.941545 0
    outer loop
      vertex 1.53073 -3.69552 53
      vertex 1.16114 -3.82776 76.7026
      vertex 1.16114 -3.82776 53
    endloop
  endfacet
  facet normal 0.336895 -0.941542 1.48526e-07
    outer loop
      vertex 1.16114 -3.82776 76.7026
      vertex 1.53073 -3.69552 53
      vertex 1.33939 -3.76398 76.7664
    endloop
  endfacet
  facet normal 0.336879 -0.941548 0
    outer loop
      vertex 1.33939 -3.76398 76.7664
      vertex 1.53073 -3.69552 53
      vertex 1.53073 -3.69552 76.8569
    endloop
  endfacet
  facet normal 0.941545 0.336887 0
    outer loop
      vertex 3.82776 1.16114 83
      vertex 3.69552 1.53073 53
      vertex 3.69552 1.53073 83
    endloop
  endfacet
  facet normal 0.941545 0.336887 0
    outer loop
      vertex 3.69552 1.53073 53
      vertex 3.82776 1.16114 83
      vertex 3.82776 1.16114 53
    endloop
  endfacet
  facet normal 0.803203 -0.595706 0
    outer loop
      vertex 3.23358 -2.34673 78.6606
      vertex 3.32588 -2.22228 53
      vertex 3.32588 -2.22228 78.9186
    endloop
  endfacet
  facet normal 0.803201 -0.595709 -1.96962e-08
    outer loop
      vertex 3.09204 -2.53757 78.3614
      vertex 3.32588 -2.22228 53
      vertex 3.23358 -2.34673 78.6606
    endloop
  endfacet
  facet normal 0.803201 -0.595708 0
    outer loop
      vertex 3.32588 -2.22228 53
      vertex 3.09204 -2.53757 78.3614
      vertex 3.09204 -2.53757 53
    endloop
  endfacet
  facet normal 0.803203 -0.595706 0
    outer loop
      vertex 3.32588 -2.22228 83
      vertex 3.23358 -2.34673 81.3394
      vertex 3.32588 -2.22228 81.0814
    endloop
  endfacet
  facet normal 0.803201 -0.595708 0
    outer loop
      vertex 3.09204 -2.53757 81.6386
      vertex 3.32588 -2.22228 83
      vertex 3.09204 -2.53757 83
    endloop
  endfacet
  facet normal 0.803201 -0.595708 2.74429e-07
    outer loop
      vertex 3.32588 -2.22228 83
      vertex 3.09204 -2.53757 81.6386
      vertex 3.23358 -2.34673 81.3394
    endloop
  endfacet
  facet normal 0.857771 -0.514031 0
    outer loop
      vertex 3.52768 -1.88559 83
      vertex 3.5 -1.93178 80
      vertex 3.52768 -1.88559 53
    endloop
  endfacet
  facet normal 0.857718 -0.51412 1.85538e-06
    outer loop
      vertex 3.52768 -1.88559 83
      vertex 3.48315 -1.95989 80.3431
      vertex 3.5 -1.93178 80
    endloop
  endfacet
  facet normal 0.857737 -0.514089 6.63331e-07
    outer loop
      vertex 3.52768 -1.88559 83
      vertex 3.43275 -2.04398 80.6828
      vertex 3.48315 -1.95989 80.3431
    endloop
  endfacet
  facet normal 0.857724 -0.514111 2.68725e-06
    outer loop
      vertex 3.52768 -1.88559 83
      vertex 3.34929 -2.18322 81.016
      vertex 3.43275 -2.04398 80.6828
    endloop
  endfacet
  facet normal 0.857733 -0.514095 0
    outer loop
      vertex 3.32588 -2.22228 81.0814
      vertex 3.52768 -1.88559 83
      vertex 3.32588 -2.22228 83
    endloop
  endfacet
  facet normal 0.857742 -0.51408 -3.49519e-06
    outer loop
      vertex 3.52768 -1.88559 83
      vertex 3.32588 -2.22228 81.0814
      vertex 3.34929 -2.18322 81.016
    endloop
  endfacet
  facet normal 0.85771 -0.514135 -2.39883e-07
    outer loop
      vertex 3.48315 -1.95989 79.6569
      vertex 3.52768 -1.88559 53
      vertex 3.5 -1.93178 80
    endloop
  endfacet
  facet normal 0.857736 -0.51409 -7.27639e-08
    outer loop
      vertex 3.43275 -2.04398 79.3172
      vertex 3.52768 -1.88559 53
      vertex 3.48315 -1.95989 79.6569
    endloop
  endfacet
  facet normal 0.857721 -0.514115 -2.71402e-07
    outer loop
      vertex 3.34929 -2.18322 78.984
      vertex 3.52768 -1.88559 53
      vertex 3.43275 -2.04398 79.3172
    endloop
  endfacet
  facet normal 0.857744 -0.514076 3.27625e-07
    outer loop
      vertex 3.32588 -2.22228 78.9186
      vertex 3.52768 -1.88559 53
      vertex 3.34929 -2.18322 78.984
    endloop
  endfacet
  facet normal 0.857733 -0.514095 0
    outer loop
      vertex 3.52768 -1.88559 53
      vertex 3.32588 -2.22228 78.9186
      vertex 3.32588 -2.22228 53
    endloop
  endfacet
  facet normal 0.941545 -0.336887 0
    outer loop
      vertex 3.69552 -1.53073 83
      vertex 3.82776 -1.16114 53
      vertex 3.82776 -1.16114 83
    endloop
  endfacet
  facet normal 0.941545 -0.336887 0
    outer loop
      vertex 3.82776 -1.16114 53
      vertex 3.69552 -1.53073 83
      vertex 3.69552 -1.53073 53
    endloop
  endfacet
  facet normal -0.903986 0.427563 0
    outer loop
      vertex -3.69552 1.53073 53
      vertex -3.52768 1.88559 83
      vertex -3.52768 1.88559 53
    endloop
  endfacet
  facet normal -0.903986 0.427563 0
    outer loop
      vertex -3.52768 1.88559 83
      vertex -3.69552 1.53073 53
      vertex -3.69552 1.53073 83
    endloop
  endfacet
  facet normal -0.24298 0.970031 0
    outer loop
      vertex -1.16114 3.82776 53
      vertex -0.780361 3.92314 76.5917
      vertex -0.780361 3.92314 53
    endloop
  endfacet
  facet normal -0.242963 0.970036 -2.90448e-07
    outer loop
      vertex -0.780361 3.92314 76.5917
      vertex -1.16114 3.82776 53
      vertex -1.016 3.86412 76.6507
    endloop
  endfacet
  facet normal -0.243007 0.970024 0
    outer loop
      vertex -1.016 3.86412 76.6507
      vertex -1.16114 3.82776 53
      vertex -1.16114 3.82776 76.7026
    endloop
  endfacet
  facet normal 0.903986 0.427563 0
    outer loop
      vertex 3.69552 1.53073 83
      vertex 3.52768 1.88559 53
      vertex 3.52768 1.88559 83
    endloop
  endfacet
  facet normal 0.903986 0.427563 0
    outer loop
      vertex 3.52768 1.88559 53
      vertex 3.69552 1.53073 83
      vertex 3.69552 1.53073 53
    endloop
  endfacet
  facet normal 0.146736 0.989176 -0
    outer loop
      vertex 0.780361 3.92314 53
      vertex 0.682816 3.93761 76.5673
      vertex 0.780361 3.92314 76.5917
    endloop
  endfacet
  facet normal 0.146736 0.989176 -1.11233e-09
    outer loop
      vertex 0.780361 3.92314 53
      vertex 0.392068 3.98074 76.5241
      vertex 0.682816 3.93761 76.5673
    endloop
  endfacet
  facet normal 0.146736 0.989176 0
    outer loop
      vertex 0.392068 3.98074 76.5241
      vertex 0.780361 3.92314 53
      vertex 0.392068 3.98074 53
    endloop
  endfacet
  facet normal -0.857771 -0.514031 0
    outer loop
      vertex -3.52768 -1.88559 53
      vertex -3.5 -1.93178 80
      vertex -3.52768 -1.88559 83
    endloop
  endfacet
  facet normal -0.85771 -0.514135 -2.39883e-07
    outer loop
      vertex -3.52768 -1.88559 53
      vertex -3.48315 -1.95989 79.6569
      vertex -3.5 -1.93178 80
    endloop
  endfacet
  facet normal -0.857736 -0.51409 -7.27639e-08
    outer loop
      vertex -3.52768 -1.88559 53
      vertex -3.43275 -2.04398 79.3172
      vertex -3.48315 -1.95989 79.6569
    endloop
  endfacet
  facet normal -0.857721 -0.514115 -2.71402e-07
    outer loop
      vertex -3.52768 -1.88559 53
      vertex -3.34929 -2.18322 78.984
      vertex -3.43275 -2.04398 79.3172
    endloop
  endfacet
  facet normal -0.857733 -0.514095 -0
    outer loop
      vertex -3.32588 -2.22228 78.9186
      vertex -3.52768 -1.88559 53
      vertex -3.32588 -2.22228 53
    endloop
  endfacet
  facet normal -0.857744 -0.514076 3.27625e-07
    outer loop
      vertex -3.52768 -1.88559 53
      vertex -3.32588 -2.22228 78.9186
      vertex -3.34929 -2.18322 78.984
    endloop
  endfacet
  facet normal -0.857718 -0.51412 1.85538e-06
    outer loop
      vertex -3.48315 -1.95989 80.3431
      vertex -3.52768 -1.88559 83
      vertex -3.5 -1.93178 80
    endloop
  endfacet
  facet normal -0.857737 -0.514089 6.63331e-07
    outer loop
      vertex -3.43275 -2.04398 80.6828
      vertex -3.52768 -1.88559 83
      vertex -3.48315 -1.95989 80.3431
    endloop
  endfacet
  facet normal -0.857724 -0.514111 2.68725e-06
    outer loop
      vertex -3.34929 -2.18322 81.016
      vertex -3.52768 -1.88559 83
      vertex -3.43275 -2.04398 80.6828
    endloop
  endfacet
  facet normal -0.857742 -0.51408 -3.49519e-06
    outer loop
      vertex -3.32588 -2.22228 81.0814
      vertex -3.52768 -1.88559 83
      vertex -3.34929 -2.18322 81.016
    endloop
  endfacet
  facet normal -0.857733 -0.514095 0
    outer loop
      vertex -3.52768 -1.88559 83
      vertex -3.32588 -2.22228 81.0814
      vertex -3.32588 -2.22228 83
    endloop
  endfacet
  facet normal 0.857733 0.514095 0
    outer loop
      vertex 3.52768 1.88559 83
      vertex 3.32588 2.22228 81.0814
      vertex 3.32588 2.22228 83
    endloop
  endfacet
  facet normal 0.857742 0.51408 -3.49519e-06
    outer loop
      vertex 3.32588 2.22228 81.0814
      vertex 3.52768 1.88559 83
      vertex 3.34929 2.18322 81.016
    endloop
  endfacet
  facet normal 0.857724 0.514111 2.68725e-06
    outer loop
      vertex 3.34929 2.18322 81.016
      vertex 3.52768 1.88559 83
      vertex 3.43275 2.04398 80.6828
    endloop
  endfacet
  facet normal 0.857718 0.51412 1.85538e-06
    outer loop
      vertex 3.48315 1.95989 80.3431
      vertex 3.52768 1.88559 83
      vertex 3.5 1.93178 80
    endloop
  endfacet
  facet normal 0.857737 0.514089 6.63331e-07
    outer loop
      vertex 3.43275 2.04398 80.6828
      vertex 3.52768 1.88559 83
      vertex 3.48315 1.95989 80.3431
    endloop
  endfacet
  facet normal 0.857744 0.514076 3.27625e-07
    outer loop
      vertex 3.52768 1.88559 53
      vertex 3.32588 2.22228 78.9186
      vertex 3.34929 2.18322 78.984
    endloop
  endfacet
  facet normal 0.857721 0.514115 -2.71402e-07
    outer loop
      vertex 3.52768 1.88559 53
      vertex 3.34929 2.18322 78.984
      vertex 3.43275 2.04398 79.3172
    endloop
  endfacet
  facet normal 0.857736 0.51409 -7.27639e-08
    outer loop
      vertex 3.52768 1.88559 53
      vertex 3.43275 2.04398 79.3172
      vertex 3.48315 1.95989 79.6569
    endloop
  endfacet
  facet normal 0.85771 0.514135 -2.39883e-07
    outer loop
      vertex 3.52768 1.88559 53
      vertex 3.48315 1.95989 79.6569
      vertex 3.5 1.93178 80
    endloop
  endfacet
  facet normal 0.857771 0.514031 -0
    outer loop
      vertex 3.52768 1.88559 53
      vertex 3.5 1.93178 80
      vertex 3.52768 1.88559 83
    endloop
  endfacet
  facet normal 0.857733 0.514095 0
    outer loop
      vertex 3.32588 2.22228 78.9186
      vertex 3.52768 1.88559 53
      vertex 3.32588 2.22228 53
    endloop
  endfacet
  facet normal -0.740967 -0.671541 0
    outer loop
      vertex -3.08672 -2.54344 81.6499
      vertex -3.09204 -2.53757 83
      vertex -3.09204 -2.53757 81.6386
    endloop
  endfacet
  facet normal -0.740958 -0.671551 8.11566e-08
    outer loop
      vertex -2.91014 -2.73827 81.9445
      vertex -3.09204 -2.53757 83
      vertex -3.08672 -2.54344 81.6499
    endloop
  endfacet
  facet normal -0.740973 -0.671535 -5.73036e-06
    outer loop
      vertex -2.82843 -2.82843 82.0547
      vertex -3.09204 -2.53757 83
      vertex -2.91014 -2.73827 81.9445
    endloop
  endfacet
  facet normal -0.740964 -0.671545 0
    outer loop
      vertex -3.09204 -2.53757 83
      vertex -2.82843 -2.82843 82.0547
      vertex -2.82843 -2.82843 83
    endloop
  endfacet
  facet normal -0.740967 -0.671541 0
    outer loop
      vertex -3.09204 -2.53757 53
      vertex -3.08672 -2.54344 78.3501
      vertex -3.09204 -2.53757 78.3614
    endloop
  endfacet
  facet normal -0.740958 -0.671551 -4.34915e-09
    outer loop
      vertex -3.09204 -2.53757 53
      vertex -2.91014 -2.73827 78.0555
      vertex -3.08672 -2.54344 78.3501
    endloop
  endfacet
  facet normal -0.740964 -0.671545 -0
    outer loop
      vertex -2.82843 -2.82843 77.9453
      vertex -3.09204 -2.53757 53
      vertex -2.82843 -2.82843 53
    endloop
  endfacet
  facet normal -0.740977 -0.671531 2.94621e-07
    outer loop
      vertex -3.09204 -2.53757 53
      vertex -2.82843 -2.82843 77.9453
      vertex -2.91014 -2.73827 78.0555
    endloop
  endfacet
  facet normal 0.24298 -0.970031 0
    outer loop
      vertex 1.16114 -3.82776 53
      vertex 0.780361 -3.92314 76.5917
      vertex 0.780361 -3.92314 53
    endloop
  endfacet
  facet normal 0.242963 -0.970036 -2.90448e-07
    outer loop
      vertex 0.780361 -3.92314 76.5917
      vertex 1.16114 -3.82776 53
      vertex 1.016 -3.86412 76.6507
    endloop
  endfacet
  facet normal 0.243007 -0.970024 0
    outer loop
      vertex 1.016 -3.86412 76.6507
      vertex 1.16114 -3.82776 53
      vertex 1.16114 -3.82776 76.7026
    endloop
  endfacet
  facet normal -0.514003 0.857788 0
    outer loop
      vertex -1.9445 3.49238 82.9101
      vertex -1.88559 3.52768 83
      vertex -1.88559 3.52768 82.9454
    endloop
  endfacet
  facet normal -0.514095 0.857733 8.16405e-05
    outer loop
      vertex -1.88559 3.52768 83
      vertex -1.9445 3.49238 82.9101
      vertex -2.22228 3.32588 83
    endloop
  endfacet
  facet normal -0.514113 0.857722 3.35375e-06
    outer loop
      vertex -2.22038 3.32702 82.7055
      vertex -2.22228 3.32588 83
      vertex -1.9445 3.49238 82.9101
    endloop
  endfacet
  facet normal -0.514496 0.857493 0
    outer loop
      vertex -2.22228 3.32588 83
      vertex -2.22038 3.32702 82.7055
      vertex -2.22228 3.32588 82.7038
    endloop
  endfacet
  facet normal -0.514095 0.857733 0
    outer loop
      vertex -2.22228 3.32588 53
      vertex -1.88559 3.52768 77.0546
      vertex -1.88559 3.52768 53
    endloop
  endfacet
  facet normal -0.514004 0.857788 -1.72945e-06
    outer loop
      vertex -1.88559 3.52768 77.0546
      vertex -2.22228 3.32588 53
      vertex -1.9445 3.49238 77.0899
    endloop
  endfacet
  facet normal -0.514112 0.857723 -4.08467e-08
    outer loop
      vertex -1.9445 3.49238 77.0899
      vertex -2.22228 3.32588 53
      vertex -2.22038 3.32702 77.2945
    endloop
  endfacet
  facet normal -0.514496 0.857493 0
    outer loop
      vertex -2.22038 3.32702 77.2945
      vertex -2.22228 3.32588 53
      vertex -2.22228 3.32588 77.2962
    endloop
  endfacet
  facet normal -0.427563 0.903986 0
    outer loop
      vertex -1.88559 3.52768 53
      vertex -1.53073 3.69552 76.8569
      vertex -1.53073 3.69552 53
    endloop
  endfacet
  facet normal -0.427564 0.903985 3.00612e-08
    outer loop
      vertex -1.53073 3.69552 76.8569
      vertex -1.88559 3.52768 53
      vertex -1.64989 3.63916 76.9133
    endloop
  endfacet
  facet normal -0.427562 0.903986 0
    outer loop
      vertex -1.64989 3.63916 76.9133
      vertex -1.88559 3.52768 53
      vertex -1.88559 3.52768 77.0546
    endloop
  endfacet
  facet normal -0.4276 0.903968 0
    outer loop
      vertex -1.79458 3.57073 83
      vertex -1.88559 3.52768 82.9454
      vertex -1.88559 3.52768 83
    endloop
  endfacet
  facet normal -0.941545 -0.336887 0
    outer loop
      vertex -3.69552 -1.53073 53
      vertex -3.82776 -1.16114 83
      vertex -3.82776 -1.16114 53
    endloop
  endfacet
  facet normal -0.941545 -0.336887 0
    outer loop
      vertex -3.82776 -1.16114 83
      vertex -3.69552 -1.53073 53
      vertex -3.69552 -1.53073 83
    endloop
  endfacet
  facet normal -0.514496 -0.857493 0
    outer loop
      vertex -2.22228 -3.32588 53
      vertex -2.22038 -3.32702 77.2945
      vertex -2.22228 -3.32588 77.2962
    endloop
  endfacet
  facet normal -0.514112 -0.857723 -4.08467e-08
    outer loop
      vertex -2.22228 -3.32588 53
      vertex -1.9445 -3.49238 77.0899
      vertex -2.22038 -3.32702 77.2945
    endloop
  endfacet
  facet normal -0.514004 -0.857788 -1.72945e-06
    outer loop
      vertex -2.22228 -3.32588 53
      vertex -1.88559 -3.52768 77.0546
      vertex -1.9445 -3.49238 77.0899
    endloop
  endfacet
  facet normal -0.514095 -0.857733 -0
    outer loop
      vertex -1.88559 -3.52768 77.0546
      vertex -2.22228 -3.32588 53
      vertex -1.88559 -3.52768 53
    endloop
  endfacet
  facet normal -0.514095 -0.857733 8.16405e-05
    outer loop
      vertex -1.9445 -3.49238 82.9101
      vertex -1.88559 -3.52768 83
      vertex -2.22228 -3.32588 83
    endloop
  endfacet
  facet normal -0.514003 -0.857788 -0
    outer loop
      vertex -1.88559 -3.52768 83
      vertex -1.9445 -3.49238 82.9101
      vertex -1.88559 -3.52768 82.9454
    endloop
  endfacet
  facet normal -0.514113 -0.857722 3.35375e-06
    outer loop
      vertex -2.22228 -3.32588 83
      vertex -2.22038 -3.32702 82.7055
      vertex -1.9445 -3.49238 82.9101
    endloop
  endfacet
  facet normal -0.514496 -0.857493 0
    outer loop
      vertex -2.22038 -3.32702 82.7055
      vertex -2.22228 -3.32588 83
      vertex -2.22228 -3.32588 82.7038
    endloop
  endfacet
  facet normal 0.671556 0.740954 -0
    outer loop
      vertex 2.82843 2.82843 53
      vertex 2.70554 2.93981 77.7796
      vertex 2.82843 2.82843 77.9453
    endloop
  endfacet
  facet normal 0.671537 0.740971 -1.68892e-07
    outer loop
      vertex 2.82843 2.82843 53
      vertex 2.53757 3.09204 77.5943
      vertex 2.70554 2.93981 77.7796
    endloop
  endfacet
  facet normal 0.671545 0.740964 0
    outer loop
      vertex 2.53757 3.09204 77.5943
      vertex 2.82843 2.82843 53
      vertex 2.53757 3.09204 53
    endloop
  endfacet
  facet normal 0.671545 0.740964 0
    outer loop
      vertex 2.82843 2.82843 83
      vertex 2.53757 3.09204 82.4057
      vertex 2.53757 3.09204 83
    endloop
  endfacet
  facet normal 0.67154 0.740969 4.59801e-06
    outer loop
      vertex 2.82843 2.82843 83
      vertex 2.70554 2.93981 82.2204
      vertex 2.53757 3.09204 82.4057
    endloop
  endfacet
  facet normal 0.671556 0.740954 0
    outer loop
      vertex 2.70554 2.93981 82.2204
      vertex 2.82843 2.82843 83
      vertex 2.82843 2.82843 82.0547
    endloop
  endfacet
  facet normal -0.970031 0.24298 0
    outer loop
      vertex -3.92314 0.780361 53
      vertex -3.82776 1.16114 83
      vertex -3.82776 1.16114 53
    endloop
  endfacet
  facet normal -0.970031 0.24298 0
    outer loop
      vertex -3.82776 1.16114 83
      vertex -3.92314 0.780361 53
      vertex -3.92314 0.780361 83
    endloop
  endfacet
  facet normal -0.803203 -0.595706 0
    outer loop
      vertex -3.32588 -2.22228 53
      vertex -3.23358 -2.34673 78.6606
      vertex -3.32588 -2.22228 78.9186
    endloop
  endfacet
  facet normal -0.803201 -0.595708 -0
    outer loop
      vertex -3.09204 -2.53757 78.3614
      vertex -3.32588 -2.22228 53
      vertex -3.09204 -2.53757 53
    endloop
  endfacet
  facet normal -0.803201 -0.595709 -1.96962e-08
    outer loop
      vertex -3.32588 -2.22228 53
      vertex -3.09204 -2.53757 78.3614
      vertex -3.23358 -2.34673 78.6606
    endloop
  endfacet
  facet normal -0.803203 -0.595706 0
    outer loop
      vertex -3.23358 -2.34673 81.3394
      vertex -3.32588 -2.22228 83
      vertex -3.32588 -2.22228 81.0814
    endloop
  endfacet
  facet normal -0.803201 -0.595708 2.74429e-07
    outer loop
      vertex -3.09204 -2.53757 81.6386
      vertex -3.32588 -2.22228 83
      vertex -3.23358 -2.34673 81.3394
    endloop
  endfacet
  facet normal -0.803201 -0.595708 0
    outer loop
      vertex -3.32588 -2.22228 83
      vertex -3.09204 -2.53757 81.6386
      vertex -3.09204 -2.53757 83
    endloop
  endfacet
  facet normal -0.989176 -0.146736 0
    outer loop
      vertex -3.92314 -0.780361 53
      vertex -3.98074 -0.392068 83
      vertex -3.98074 -0.392068 53
    endloop
  endfacet
  facet normal -0.989176 -0.146736 0
    outer loop
      vertex -3.98074 -0.392068 83
      vertex -3.92314 -0.780361 53
      vertex -3.92314 -0.780361 83
    endloop
  endfacet
  facet normal -0.671556 -0.740954 0
    outer loop
      vertex -2.82843 -2.82843 53
      vertex -2.70554 -2.93981 77.7796
      vertex -2.82843 -2.82843 77.9453
    endloop
  endfacet
  facet normal -0.671537 -0.740971 -1.68892e-07
    outer loop
      vertex -2.82843 -2.82843 53
      vertex -2.53757 -3.09204 77.5943
      vertex -2.70554 -2.93981 77.7796
    endloop
  endfacet
  facet normal -0.671545 -0.740964 -0
    outer loop
      vertex -2.53757 -3.09204 77.5943
      vertex -2.82843 -2.82843 53
      vertex -2.53757 -3.09204 53
    endloop
  endfacet
  facet normal -0.671545 -0.740964 0
    outer loop
      vertex -2.82843 -2.82843 83
      vertex -2.53757 -3.09204 82.4057
      vertex -2.53757 -3.09204 83
    endloop
  endfacet
  facet normal -0.67154 -0.740969 4.59801e-06
    outer loop
      vertex -2.82843 -2.82843 83
      vertex -2.70554 -2.93981 82.2204
      vertex -2.53757 -3.09204 82.4057
    endloop
  endfacet
  facet normal -0.671556 -0.740954 0
    outer loop
      vertex -2.70554 -2.93981 82.2204
      vertex -2.82843 -2.82843 83
      vertex -2.82843 -2.82843 82.0547
    endloop
  endfacet
  facet normal -0.803201 0.595708 0
    outer loop
      vertex -3.32588 2.22228 53
      vertex -3.09204 2.53757 78.3614
      vertex -3.09204 2.53757 53
    endloop
  endfacet
  facet normal -0.803201 0.595709 -1.96962e-08
    outer loop
      vertex -3.09204 2.53757 78.3614
      vertex -3.32588 2.22228 53
      vertex -3.23358 2.34673 78.6606
    endloop
  endfacet
  facet normal -0.803203 0.595706 0
    outer loop
      vertex -3.23358 2.34673 78.6606
      vertex -3.32588 2.22228 53
      vertex -3.32588 2.22228 78.9186
    endloop
  endfacet
  facet normal -0.803201 0.595708 2.74429e-07
    outer loop
      vertex -3.32588 2.22228 83
      vertex -3.09204 2.53757 81.6386
      vertex -3.23358 2.34673 81.3394
    endloop
  endfacet
  facet normal -0.803203 0.595706 0
    outer loop
      vertex -3.32588 2.22228 83
      vertex -3.23358 2.34673 81.3394
      vertex -3.32588 2.22228 81.0814
    endloop
  endfacet
  facet normal -0.803201 0.595708 0
    outer loop
      vertex -3.09204 2.53757 81.6386
      vertex -3.32588 2.22228 83
      vertex -3.09204 2.53757 83
    endloop
  endfacet
  facet normal -0.857733 0.514095 0
    outer loop
      vertex -3.52768 1.88559 53
      vertex -3.32588 2.22228 78.9186
      vertex -3.32588 2.22228 53
    endloop
  endfacet
  facet normal -0.857744 0.514076 3.27625e-07
    outer loop
      vertex -3.32588 2.22228 78.9186
      vertex -3.52768 1.88559 53
      vertex -3.34929 2.18322 78.984
    endloop
  endfacet
  facet normal -0.857721 0.514115 -2.71402e-07
    outer loop
      vertex -3.34929 2.18322 78.984
      vertex -3.52768 1.88559 53
      vertex -3.43275 2.04398 79.3172
    endloop
  endfacet
  facet normal -0.857736 0.51409 -7.27639e-08
    outer loop
      vertex -3.43275 2.04398 79.3172
      vertex -3.52768 1.88559 53
      vertex -3.48315 1.95989 79.6569
    endloop
  endfacet
  facet normal -0.85771 0.514135 -2.39883e-07
    outer loop
      vertex -3.48315 1.95989 79.6569
      vertex -3.52768 1.88559 53
      vertex -3.5 1.93178 80
    endloop
  endfacet
  facet normal -0.857742 0.51408 -3.49519e-06
    outer loop
      vertex -3.52768 1.88559 83
      vertex -3.32588 2.22228 81.0814
      vertex -3.34929 2.18322 81.016
    endloop
  endfacet
  facet normal -0.857724 0.514111 2.68725e-06
    outer loop
      vertex -3.52768 1.88559 83
      vertex -3.34929 2.18322 81.016
      vertex -3.43275 2.04398 80.6828
    endloop
  endfacet
  facet normal -0.857737 0.514089 6.63331e-07
    outer loop
      vertex -3.52768 1.88559 83
      vertex -3.43275 2.04398 80.6828
      vertex -3.48315 1.95989 80.3431
    endloop
  endfacet
  facet normal -0.857733 0.514095 0
    outer loop
      vertex -3.32588 2.22228 81.0814
      vertex -3.52768 1.88559 83
      vertex -3.32588 2.22228 83
    endloop
  endfacet
  facet normal -0.857718 0.51412 1.85538e-06
    outer loop
      vertex -3.5 1.93178 80
      vertex -3.52768 1.88559 83
      vertex -3.48315 1.95989 80.3431
    endloop
  endfacet
  facet normal -0.857771 0.514031 0
    outer loop
      vertex -3.52768 1.88559 83
      vertex -3.5 1.93178 80
      vertex -3.52768 1.88559 53
    endloop
  endfacet
  facet normal 0 0 1
    outer loop
      vertex 3.98074 0.392068 83
      vertex 3.98074 -0.392068 83
      vertex 4 0 83
    endloop
  endfacet
  facet normal 0 0 1
    outer loop
      vertex 3.92314 0.780361 83
      vertex 3.98074 -0.392068 83
      vertex 3.98074 0.392068 83
    endloop
  endfacet
  facet normal 0 0 1
    outer loop
      vertex 3.92314 0.780361 83
      vertex 3.92314 -0.780361 83
      vertex 3.98074 -0.392068 83
    endloop
  endfacet
  facet normal 0 0 1
    outer loop
      vertex 3.82776 1.16114 83
      vertex 3.92314 -0.780361 83
      vertex 3.92314 0.780361 83
    endloop
  endfacet
  facet normal 0 0 1
    outer loop
      vertex 3.82776 1.16114 83
      vertex 3.82776 -1.16114 83
      vertex 3.92314 -0.780361 83
    endloop
  endfacet
  facet normal 0 0 1
    outer loop
      vertex 3.69552 1.53073 83
      vertex 3.82776 -1.16114 83
      vertex 3.82776 1.16114 83
    endloop
  endfacet
  facet normal 0 0 1
    outer loop
      vertex 3.69552 1.53073 83
      vertex 3.69552 -1.53073 83
      vertex 3.82776 -1.16114 83
    endloop
  endfacet
  facet normal 0 0 1
    outer loop
      vertex 3.52768 1.88559 83
      vertex 3.69552 -1.53073 83
      vertex 3.69552 1.53073 83
    endloop
  endfacet
  facet normal 0 0 1
    outer loop
      vertex 3.52768 1.88559 83
      vertex 3.52768 -1.88559 83
      vertex 3.69552 -1.53073 83
    endloop
  endfacet
  facet normal 0 0 1
    outer loop
      vertex 3.32588 2.22228 83
      vertex 3.52768 -1.88559 83
      vertex 3.52768 1.88559 83
    endloop
  endfacet
  facet normal 0 0 1
    outer loop
      vertex 3.32588 2.22228 83
      vertex 3.32588 -2.22228 83
      vertex 3.52768 -1.88559 83
    endloop
  endfacet
  facet normal 0 0 1
    outer loop
      vertex 3.09204 2.53757 83
      vertex 3.32588 -2.22228 83
      vertex 3.32588 2.22228 83
    endloop
  endfacet
  facet normal 0 0 1
    outer loop
      vertex 3.09204 2.53757 83
      vertex 3.09204 -2.53757 83
      vertex 3.32588 -2.22228 83
    endloop
  endfacet
  facet normal 0 0 1
    outer loop
      vertex 2.82843 2.82843 83
      vertex 3.09204 -2.53757 83
      vertex 3.09204 2.53757 83
    endloop
  endfacet
  facet normal 0 0 1
    outer loop
      vertex 2.82843 2.82843 83
      vertex 2.82843 -2.82843 83
      vertex 3.09204 -2.53757 83
    endloop
  endfacet
  facet normal 0 0 1
    outer loop
      vertex 2.53757 3.09204 83
      vertex 2.82843 -2.82843 83
      vertex 2.82843 2.82843 83
    endloop
  endfacet
  facet normal 0 0 1
    outer loop
      vertex 2.53757 3.09204 83
      vertex 2.53757 -3.09204 83
      vertex 2.82843 -2.82843 83
    endloop
  endfacet
  facet normal 0 0 1
    outer loop
      vertex 2.22228 3.32588 83
      vertex 2.53757 -3.09204 83
      vertex 2.53757 3.09204 83
    endloop
  endfacet
  facet normal 0 0 1
    outer loop
      vertex 2.22228 3.32588 83
      vertex 2.22228 -3.32588 83
      vertex 2.53757 -3.09204 83
    endloop
  endfacet
  facet normal 0 0 1
    outer loop
      vertex 1.79458 3.57073 83
      vertex 2.22228 3.32588 83
      vertex 1.88559 3.52768 83
    endloop
  endfacet
  facet normal 0 0 1
    outer loop
      vertex 2.22228 3.32588 83
      vertex 1.79458 3.57073 83
      vertex 2.22228 -3.32588 83
    endloop
  endfacet
  facet normal 0 0 1
    outer loop
      vertex 1.79458 -3.57073 83
      vertex 2.22228 -3.32588 83
      vertex 1.79458 3.57073 83
    endloop
  endfacet
  facet normal 0 0 1
    outer loop
      vertex 2.22228 -3.32588 83
      vertex 1.79458 -3.57073 83
      vertex 1.88559 -3.52768 83
    endloop
  endfacet
  facet normal 0 0 1
    outer loop
      vertex -2.22228 3.32588 83
      vertex -1.79458 3.57073 83
      vertex -1.88559 3.52768 83
    endloop
  endfacet
  facet normal 0 0 1
    outer loop
      vertex -1.79458 3.57073 83
      vertex -2.22228 3.32588 83
      vertex -1.79458 -3.57073 83
    endloop
  endfacet
  facet normal -0 0 1
    outer loop
      vertex -2.22228 -3.32588 83
      vertex -1.79458 -3.57073 83
      vertex -2.22228 3.32588 83
    endloop
  endfacet
  facet normal 0 0 1
    outer loop
      vertex -1.79458 -3.57073 83
      vertex -2.22228 -3.32588 83
      vertex -1.88559 -3.52768 83
    endloop
  endfacet
  facet normal -0 0 1
    outer loop
      vertex -2.53757 3.09204 83
      vertex -2.22228 -3.32588 83
      vertex -2.22228 3.32588 83
    endloop
  endfacet
  facet normal 0 0 1
    outer loop
      vertex -2.53757 3.09204 83
      vertex -2.53757 -3.09204 83
      vertex -2.22228 -3.32588 83
    endloop
  endfacet
  facet normal -0 0 1
    outer loop
      vertex -2.82843 2.82843 83
      vertex -2.53757 -3.09204 83
      vertex -2.53757 3.09204 83
    endloop
  endfacet
  facet normal 0 0 1
    outer loop
      vertex -2.82843 2.82843 83
      vertex -2.82843 -2.82843 83
      vertex -2.53757 -3.09204 83
    endloop
  endfacet
  facet normal -0 0 1
    outer loop
      vertex -3.09204 2.53757 83
      vertex -2.82843 -2.82843 83
      vertex -2.82843 2.82843 83
    endloop
  endfacet
  facet normal 0 0 1
    outer loop
      vertex -3.09204 2.53757 83
      vertex -3.09204 -2.53757 83
      vertex -2.82843 -2.82843 83
    endloop
  endfacet
  facet normal -0 0 1
    outer loop
      vertex -3.32588 2.22228 83
      vertex -3.09204 -2.53757 83
      vertex -3.09204 2.53757 83
    endloop
  endfacet
  facet normal 0 0 1
    outer loop
      vertex -3.32588 2.22228 83
      vertex -3.32588 -2.22228 83
      vertex -3.09204 -2.53757 83
    endloop
  endfacet
  facet normal -0 0 1
    outer loop
      vertex -3.52768 1.88559 83
      vertex -3.32588 -2.22228 83
      vertex -3.32588 2.22228 83
    endloop
  endfacet
  facet normal 0 0 1
    outer loop
      vertex -3.52768 1.88559 83
      vertex -3.52768 -1.88559 83
      vertex -3.32588 -2.22228 83
    endloop
  endfacet
  facet normal -0 0 1
    outer loop
      vertex -3.69552 1.53073 83
      vertex -3.52768 -1.88559 83
      vertex -3.52768 1.88559 83
    endloop
  endfacet
  facet normal 0 0 1
    outer loop
      vertex -3.69552 1.53073 83
      vertex -3.69552 -1.53073 83
      vertex -3.52768 -1.88559 83
    endloop
  endfacet
  facet normal -0 0 1
    outer loop
      vertex -3.82776 1.16114 83
      vertex -3.69552 -1.53073 83
      vertex -3.69552 1.53073 83
    endloop
  endfacet
  facet normal 0 0 1
    outer loop
      vertex -3.82776 1.16114 83
      vertex -3.82776 -1.16114 83
      vertex -3.69552 -1.53073 83
    endloop
  endfacet
  facet normal -0 0 1
    outer loop
      vertex -3.92314 0.780361 83
      vertex -3.82776 -1.16114 83
      vertex -3.82776 1.16114 83
    endloop
  endfacet
  facet normal 0 0 1
    outer loop
      vertex -3.92314 0.780361 83
      vertex -3.92314 -0.780361 83
      vertex -3.82776 -1.16114 83
    endloop
  endfacet
  facet normal -0 0 1
    outer loop
      vertex -3.98074 0.392068 83
      vertex -3.92314 -0.780361 83
      vertex -3.92314 0.780361 83
    endloop
  endfacet
  facet normal 0 0 1
    outer loop
      vertex -3.98074 0.392068 83
      vertex -3.98074 -0.392068 83
      vertex -3.92314 -0.780361 83
    endloop
  endfacet
  facet normal 0 -0 1
    outer loop
      vertex -3.98074 -0.392068 83
      vertex -3.98074 0.392068 83
      vertex -4 0 83
    endloop
  endfacet
  facet normal -0.0491163 -0.998793 0
    outer loop
      vertex -0.392068 -3.98074 53
      vertex -0.34306 -3.98315 76.5169
      vertex -0.392068 -3.98074 76.5241
    endloop
  endfacet
  facet normal -0.0490576 -0.998796 -1.22526e-07
    outer loop
      vertex -0.392068 -3.98074 53
      vertex 0 -4 76.5
      vertex -0.34306 -3.98315 76.5169
    endloop
  endfacet
  facet normal -0.049065 -0.998796 -0
    outer loop
      vertex 0 -4 76.5
      vertex -0.392068 -3.98074 53
      vertex 0 -4 53
    endloop
  endfacet
  facet normal -0.998796 0.049065 0
    outer loop
      vertex -4 0 53
      vertex -3.98074 0.392068 83
      vertex -3.98074 0.392068 53
    endloop
  endfacet
  facet normal -0.998796 0.049065 0
    outer loop
      vertex -3.98074 0.392068 83
      vertex -4 0 53
      vertex -4 0 83
    endloop
  endfacet
  facet normal -0.336879 -0.941548 0
    outer loop
      vertex -1.53073 -3.69552 53
      vertex -1.33939 -3.76398 76.7664
      vertex -1.53073 -3.69552 76.8569
    endloop
  endfacet
  facet normal -0.336895 -0.941542 1.48526e-07
    outer loop
      vertex -1.53073 -3.69552 53
      vertex -1.16114 -3.82776 76.7026
      vertex -1.33939 -3.76398 76.7664
    endloop
  endfacet
  facet normal -0.336887 -0.941545 -0
    outer loop
      vertex -1.16114 -3.82776 76.7026
      vertex -1.53073 -3.69552 53
      vertex -1.16114 -3.82776 53
    endloop
  endfacet
  facet normal 0.740967 -0.671541 0
    outer loop
      vertex 3.08672 -2.54344 78.3501
      vertex 3.09204 -2.53757 53
      vertex 3.09204 -2.53757 78.3614
    endloop
  endfacet
  facet normal 0.740958 -0.671551 -4.34915e-09
    outer loop
      vertex 2.91014 -2.73827 78.0555
      vertex 3.09204 -2.53757 53
      vertex 3.08672 -2.54344 78.3501
    endloop
  endfacet
  facet normal 0.740977 -0.671531 2.94621e-07
    outer loop
      vertex 2.82843 -2.82843 77.9453
      vertex 3.09204 -2.53757 53
      vertex 2.91014 -2.73827 78.0555
    endloop
  endfacet
  facet normal 0.740964 -0.671545 0
    outer loop
      vertex 3.09204 -2.53757 53
      vertex 2.82843 -2.82843 77.9453
      vertex 2.82843 -2.82843 53
    endloop
  endfacet
  facet normal 0.740967 -0.671541 0
    outer loop
      vertex 3.09204 -2.53757 83
      vertex 3.08672 -2.54344 81.6499
      vertex 3.09204 -2.53757 81.6386
    endloop
  endfacet
  facet normal 0.740958 -0.671551 8.11566e-08
    outer loop
      vertex 3.09204 -2.53757 83
      vertex 2.91014 -2.73827 81.9445
      vertex 3.08672 -2.54344 81.6499
    endloop
  endfacet
  facet normal 0.740964 -0.671545 0
    outer loop
      vertex 2.82843 -2.82843 82.0547
      vertex 3.09204 -2.53757 83
      vertex 2.82843 -2.82843 83
    endloop
  endfacet
  facet normal 0.740973 -0.671535 -5.73036e-06
    outer loop
      vertex 3.09204 -2.53757 83
      vertex 2.82843 -2.82843 82.0547
      vertex 2.91014 -2.73827 81.9445
    endloop
  endfacet
  facet normal 0.671545 -0.740964 0
    outer loop
      vertex 2.53757 -3.09204 82.4057
      vertex 2.82843 -2.82843 83
      vertex 2.53757 -3.09204 83
    endloop
  endfacet
  facet normal 0.67154 -0.740969 4.59801e-06
    outer loop
      vertex 2.70554 -2.93981 82.2204
      vertex 2.82843 -2.82843 83
      vertex 2.53757 -3.09204 82.4057
    endloop
  endfacet
  facet normal 0.671556 -0.740954 0
    outer loop
      vertex 2.82843 -2.82843 83
      vertex 2.70554 -2.93981 82.2204
      vertex 2.82843 -2.82843 82.0547
    endloop
  endfacet
  facet normal 0.671545 -0.740964 0
    outer loop
      vertex 2.82843 -2.82843 53
      vertex 2.53757 -3.09204 77.5943
      vertex 2.53757 -3.09204 53
    endloop
  endfacet
  facet normal 0.671537 -0.740971 -1.68892e-07
    outer loop
      vertex 2.53757 -3.09204 77.5943
      vertex 2.82843 -2.82843 53
      vertex 2.70554 -2.93981 77.7796
    endloop
  endfacet
  facet normal 0.671556 -0.740954 0
    outer loop
      vertex 2.70554 -2.93981 77.7796
      vertex 2.82843 -2.82843 53
      vertex 2.82843 -2.82843 77.9453
    endloop
  endfacet
  facet normal 0.989172 -0 0.14676
    outer loop
      vertex 3.43275 2.04398 80.6828
      vertex 3.48315 5 80.3431
      vertex 3.43275 5 80.6828
    endloop
  endfacet
  facet normal 0.989172 0 0.14676
    outer loop
      vertex 3.48315 5 80.3431
      vertex 3.43275 2.04398 80.6828
      vertex 3.48315 1.95989 80.3431
    endloop
  endfacet
  facet normal 0.989172 0 0.14676
    outer loop
      vertex 3.48315 -5 80.3431
      vertex 3.43275 -2.04398 80.6828
      vertex 3.43275 -5 80.6828
    endloop
  endfacet
  facet normal 0.989172 0 0.14676
    outer loop
      vertex 3.43275 -2.04398 80.6828
      vertex 3.48315 -5 80.3431
      vertex 3.48315 -1.95989 80.3431
    endloop
  endfacet
  facet normal 0.998796 -0 0.0490519
    outer loop
      vertex 3.48315 1.95989 80.3431
      vertex 3.5 5 80
      vertex 3.48315 5 80.3431
    endloop
  endfacet
  facet normal 0.998796 0 0.0490519
    outer loop
      vertex 3.5 5 80
      vertex 3.48315 1.95989 80.3431
      vertex 3.5 1.93178 80
    endloop
  endfacet
  facet normal 0.998796 0 0.0490519
    outer loop
      vertex 3.5 -5 80
      vertex 3.48315 -1.95989 80.3431
      vertex 3.48315 -5 80.3431
    endloop
  endfacet
  facet normal 0.998796 0 0.0490519
    outer loop
      vertex 3.48315 -1.95989 80.3431
      vertex 3.5 -5 80
      vertex 3.5 -1.93178 80
    endloop
  endfacet
  facet normal 0.970033 -0 0.242974
    outer loop
      vertex 3.34929 2.18322 81.016
      vertex 3.43275 5 80.6828
      vertex 3.34929 5 81.016
    endloop
  endfacet
  facet normal 0.970033 0 0.242974
    outer loop
      vertex 3.43275 5 80.6828
      vertex 3.34929 2.18322 81.016
      vertex 3.43275 2.04398 80.6828
    endloop
  endfacet
  facet normal 0.970033 0 0.242974
    outer loop
      vertex 3.43275 -5 80.6828
      vertex 3.34929 -2.18322 81.016
      vertex 3.34929 -5 81.016
    endloop
  endfacet
  facet normal 0.970033 0 0.242974
    outer loop
      vertex 3.34929 -2.18322 81.016
      vertex 3.43275 -5 80.6828
      vertex 3.43275 -2.04398 80.6828
    endloop
  endfacet
  facet normal -0.242664 0 -0.97011
    outer loop
      vertex -0.682816 -5 76.5673
      vertex -0.780361 -3.92314 76.5917
      vertex -0.682816 -3.93761 76.5673
    endloop
  endfacet
  facet normal -0.242821 -1.50418e-05 -0.970071
    outer loop
      vertex -1.016 -5 76.6507
      vertex -0.780361 -3.92314 76.5917
      vertex -0.682816 -5 76.5673
    endloop
  endfacet
  facet normal -0.242885 0 -0.970055
    outer loop
      vertex -0.780361 -3.92314 76.5917
      vertex -1.016 -5 76.6507
      vertex -1.016 -3.86412 76.6507
    endloop
  endfacet
  facet normal -0.242664 0 -0.97011
    outer loop
      vertex -0.780361 3.92314 76.5917
      vertex -0.682816 5 76.5673
      vertex -0.682816 3.93761 76.5673
    endloop
  endfacet
  facet normal -0.242885 -0 -0.970055
    outer loop
      vertex -1.016 5 76.6507
      vertex -0.780361 3.92314 76.5917
      vertex -1.016 3.86412 76.6507
    endloop
  endfacet
  facet normal -0.242821 1.50418e-05 -0.970071
    outer loop
      vertex -0.780361 3.92314 76.5917
      vertex -1.016 5 76.6507
      vertex -0.682816 5 76.5673
    endloop
  endfacet
  facet normal 0.941548 -0 0.336879
    outer loop
      vertex 3.23358 2.34673 81.3394
      vertex 3.34929 5 81.016
      vertex 3.23358 5 81.3394
    endloop
  endfacet
  facet normal 0.941559 -4.3649e-06 0.336847
    outer loop
      vertex 3.32588 2.22228 81.0814
      vertex 3.34929 5 81.016
      vertex 3.23358 2.34673 81.3394
    endloop
  endfacet
  facet normal 0.941501 0 0.337011
    outer loop
      vertex 3.34929 5 81.016
      vertex 3.32588 2.22228 81.0814
      vertex 3.34929 2.18322 81.016
    endloop
  endfacet
  facet normal 0.941548 0 0.336879
    outer loop
      vertex 3.34929 -5 81.016
      vertex 3.23358 -2.34673 81.3394
      vertex 3.23358 -5 81.3394
    endloop
  endfacet
  facet normal 0.941559 4.3649e-06 0.336847
    outer loop
      vertex 3.23358 -2.34673 81.3394
      vertex 3.34929 -5 81.016
      vertex 3.32588 -2.22228 81.0814
    endloop
  endfacet
  facet normal 0.941501 0 0.337011
    outer loop
      vertex 3.32588 -2.22228 81.0814
      vertex 3.34929 -5 81.016
      vertex 3.34929 -2.18322 81.016
    endloop
  endfacet
  facet normal 0.336862 0 0.941554
    outer loop
      vertex 1.016 5 83.3493
      vertex 1.33939 -5 83.2336
      vertex 1.33939 5 83.2336
    endloop
  endfacet
  facet normal 0.336862 0 0.941554
    outer loop
      vertex 1.33939 -5 83.2336
      vertex 1.016 5 83.3493
      vertex 1.016 -5 83.3493
    endloop
  endfacet
  facet normal -0.998796 0 -0.0490519
    outer loop
      vertex -3.5 -5 80
      vertex -3.48315 -1.95989 79.6569
      vertex -3.48315 -5 79.6569
    endloop
  endfacet
  facet normal -0.998796 0 -0.0490519
    outer loop
      vertex -3.48315 -1.95989 79.6569
      vertex -3.5 -5 80
      vertex -3.5 -1.93178 80
    endloop
  endfacet
  facet normal -0.998796 0 -0.0490519
    outer loop
      vertex -3.48315 1.95989 79.6569
      vertex -3.5 5 80
      vertex -3.48315 5 79.6569
    endloop
  endfacet
  facet normal -0.998796 -0 -0.0490519
    outer loop
      vertex -3.5 5 80
      vertex -3.48315 1.95989 79.6569
      vertex -3.5 1.93178 80
    endloop
  endfacet
  facet normal -0.513999 0 0.857791
    outer loop
      vertex -1.64989 5 83.0867
      vertex -1.79458 3.57073 83
      vertex -1.64989 -5 83.0867
    endloop
  endfacet
  facet normal -0.51414 1.94873e-05 0.857706
    outer loop
      vertex -1.9445 5 82.9101
      vertex -1.79458 3.57073 83
      vertex -1.64989 5 83.0867
    endloop
  endfacet
  facet normal -0.514446 -2.40741e-05 0.857523
    outer loop
      vertex -1.79458 3.57073 83
      vertex -1.9445 5 82.9101
      vertex -1.88559 3.52768 82.9454
    endloop
  endfacet
  facet normal -0.514003 0 0.857788
    outer loop
      vertex -1.88559 3.52768 82.9454
      vertex -1.9445 5 82.9101
      vertex -1.9445 3.49238 82.9101
    endloop
  endfacet
  facet normal -0.513999 0 0.857791
    outer loop
      vertex -1.79458 -3.57073 83
      vertex -1.64989 -5 83.0867
      vertex -1.79458 3.57073 83
    endloop
  endfacet
  facet normal -0.514446 2.40741e-05 0.857523
    outer loop
      vertex -1.9445 -5 82.9101
      vertex -1.79458 -3.57073 83
      vertex -1.88559 -3.52768 82.9454
    endloop
  endfacet
  facet normal -0.514003 0 0.857788
    outer loop
      vertex -1.9445 -5 82.9101
      vertex -1.88559 -3.52768 82.9454
      vertex -1.9445 -3.49238 82.9101
    endloop
  endfacet
  facet normal -0.51414 -1.94873e-05 0.857706
    outer loop
      vertex -1.79458 -3.57073 83
      vertex -1.9445 -5 82.9101
      vertex -1.64989 -5 83.0867
    endloop
  endfacet
  facet normal 0.336989 0 -0.941509
    outer loop
      vertex 1.33939 -5 76.7664
      vertex 1.16114 -3.82776 76.7026
      vertex 1.33939 -3.76398 76.7664
    endloop
  endfacet
  facet normal 0.336862 0 -0.941554
    outer loop
      vertex 1.016 -3.86412 76.6507
      vertex 1.33939 -5 76.7664
      vertex 1.016 -5 76.6507
    endloop
  endfacet
  facet normal 0.336717 -4.66858e-05 -0.941606
    outer loop
      vertex 1.33939 -5 76.7664
      vertex 1.016 -3.86412 76.6507
      vertex 1.16114 -3.82776 76.7026
    endloop
  endfacet
  facet normal 0.336989 0 -0.941509
    outer loop
      vertex 1.16114 3.82776 76.7026
      vertex 1.33939 5 76.7664
      vertex 1.33939 3.76398 76.7664
    endloop
  endfacet
  facet normal 0.336717 4.66858e-05 -0.941606
    outer loop
      vertex 1.016 3.86412 76.6507
      vertex 1.33939 5 76.7664
      vertex 1.16114 3.82776 76.7026
    endloop
  endfacet
  facet normal 0.336862 0 -0.941554
    outer loop
      vertex 1.33939 5 76.7664
      vertex 1.016 3.86412 76.6507
      vertex 1.016 5 76.6507
    endloop
  endfacet
  facet normal -0.803237 0 -0.595659
    outer loop
      vertex -2.91014 -5 78.0555
      vertex -2.70554 -2.93981 77.7796
      vertex -2.70554 -5 77.7796
    endloop
  endfacet
  facet normal -0.803213 -6.7585e-06 -0.595692
    outer loop
      vertex -2.70554 -2.93981 77.7796
      vertex -2.91014 -5 78.0555
      vertex -2.82843 -2.82843 77.9453
    endloop
  endfacet
  facet normal -0.803277 0 -0.595606
    outer loop
      vertex -2.82843 -2.82843 77.9453
      vertex -2.91014 -5 78.0555
      vertex -2.91014 -2.73827 78.0555
    endloop
  endfacet
  facet normal -0.803237 0 -0.595659
    outer loop
      vertex -2.70554 2.93981 77.7796
      vertex -2.91014 5 78.0555
      vertex -2.70554 5 77.7796
    endloop
  endfacet
  facet normal -0.803213 6.7585e-06 -0.595692
    outer loop
      vertex -2.82843 2.82843 77.9453
      vertex -2.91014 5 78.0555
      vertex -2.70554 2.93981 77.7796
    endloop
  endfacet
  facet normal -0.803277 -0 -0.595606
    outer loop
      vertex -2.91014 5 78.0555
      vertex -2.82843 2.82843 77.9453
      vertex -2.91014 2.73827 78.0555
    endloop
  endfacet
  facet normal -0.903984 0 -0.427566
    outer loop
      vertex -3.08672 2.54344 78.3501
      vertex -3.23358 5 78.6606
      vertex -3.08672 5 78.3501
    endloop
  endfacet
  facet normal -0.904699 -0.000234205 -0.426051
    outer loop
      vertex -3.09204 2.53757 78.3614
      vertex -3.23358 5 78.6606
      vertex -3.08672 2.54344 78.3501
    endloop
  endfacet
  facet normal -0.903955 -0 -0.427627
    outer loop
      vertex -3.23358 5 78.6606
      vertex -3.09204 2.53757 78.3614
      vertex -3.23358 2.34673 78.6606
    endloop
  endfacet
  facet normal -0.903984 0 -0.427566
    outer loop
      vertex -3.23358 -5 78.6606
      vertex -3.08672 -2.54344 78.3501
      vertex -3.08672 -5 78.3501
    endloop
  endfacet
  facet normal -0.904699 0.000234205 -0.426051
    outer loop
      vertex -3.08672 -2.54344 78.3501
      vertex -3.23358 -5 78.6606
      vertex -3.09204 -2.53757 78.3614
    endloop
  endfacet
  facet normal -0.903955 0 -0.427627
    outer loop
      vertex -3.09204 -2.53757 78.3614
      vertex -3.23358 -5 78.6606
      vertex -3.23358 -2.34673 78.6606
    endloop
  endfacet
  facet normal -0.242821 0 0.970071
    outer loop
      vertex -1.016 5 83.3493
      vertex -0.682816 -5 83.4327
      vertex -0.682816 5 83.4327
    endloop
  endfacet
  facet normal -0.242821 0 0.970071
    outer loop
      vertex -0.682816 -5 83.4327
      vertex -1.016 5 83.3493
      vertex -1.016 -5 83.3493
    endloop
  endfacet
  facet normal -0.857724 0 -0.51411
    outer loop
      vertex -2.91014 2.73827 78.0555
      vertex -3.08672 5 78.3501
      vertex -2.91014 5 78.0555
    endloop
  endfacet
  facet normal -0.857724 -0 -0.51411
    outer loop
      vertex -3.08672 5 78.3501
      vertex -2.91014 2.73827 78.0555
      vertex -3.08672 2.54344 78.3501
    endloop
  endfacet
  facet normal -0.857724 0 -0.51411
    outer loop
      vertex -3.08672 -5 78.3501
      vertex -2.91014 -2.73827 78.0555
      vertex -2.91014 -5 78.0555
    endloop
  endfacet
  facet normal -0.857724 0 -0.51411
    outer loop
      vertex -2.91014 -2.73827 78.0555
      vertex -3.08672 -5 78.3501
      vertex -3.08672 -2.54344 78.3501
    endloop
  endfacet
  facet normal 0.903984 0 0.427566
    outer loop
      vertex 3.23358 -5 81.3394
      vertex 3.08672 -2.54344 81.6499
      vertex 3.08672 -5 81.6499
    endloop
  endfacet
  facet normal 0.904699 0.000234205 0.426051
    outer loop
      vertex 3.08672 -2.54344 81.6499
      vertex 3.23358 -5 81.3394
      vertex 3.09204 -2.53757 81.6386
    endloop
  endfacet
  facet normal 0.903955 0 0.427627
    outer loop
      vertex 3.09204 -2.53757 81.6386
      vertex 3.23358 -5 81.3394
      vertex 3.23358 -2.34673 81.3394
    endloop
  endfacet
  facet normal 0.903984 -0 0.427566
    outer loop
      vertex 3.08672 2.54344 81.6499
      vertex 3.23358 5 81.3394
      vertex 3.08672 5 81.6499
    endloop
  endfacet
  facet normal 0.904699 -0.000234205 0.426051
    outer loop
      vertex 3.09204 2.53757 81.6386
      vertex 3.23358 5 81.3394
      vertex 3.08672 2.54344 81.6499
    endloop
  endfacet
  facet normal 0.903955 0 0.427627
    outer loop
      vertex 3.23358 5 81.3394
      vertex 3.09204 2.53757 81.6386
      vertex 3.23358 2.34673 81.3394
    endloop
  endfacet
  facet normal -0.667188 -0.00118258 0.744888
    outer loop
      vertex -2.47487 -5 82.4749
      vertex -2.22038 -3.32702 82.7055
      vertex -2.22228 -3.32588 82.7038
    endloop
  endfacet
  facet normal -0.671504 0 0.741001
    outer loop
      vertex -2.47487 -5 82.4749
      vertex -2.22228 -3.32588 82.7038
      vertex -2.47487 -3.13854 82.4749
    endloop
  endfacet
  facet normal -0.671469 0 0.741033
    outer loop
      vertex -2.22038 -3.32702 82.7055
      vertex -2.47487 -5 82.4749
      vertex -2.22038 -5 82.7055
    endloop
  endfacet
  facet normal -0.671469 0 0.741033
    outer loop
      vertex -2.47487 5 82.4749
      vertex -2.22038 3.32702 82.7055
      vertex -2.22038 5 82.7055
    endloop
  endfacet
  facet normal -0.667188 0.00118258 0.744888
    outer loop
      vertex -2.22038 3.32702 82.7055
      vertex -2.47487 5 82.4749
      vertex -2.22228 3.32588 82.7038
    endloop
  endfacet
  facet normal -0.671504 0 0.741001
    outer loop
      vertex -2.22228 3.32588 82.7038
      vertex -2.47487 5 82.4749
      vertex -2.47487 3.13854 82.4749
    endloop
  endfacet
  facet normal -0.989172 0 -0.14676
    outer loop
      vertex -3.48315 -5 79.6569
      vertex -3.43275 -2.04398 79.3172
      vertex -3.43275 -5 79.3172
    endloop
  endfacet
  facet normal -0.989172 0 -0.14676
    outer loop
      vertex -3.43275 -2.04398 79.3172
      vertex -3.48315 -5 79.6569
      vertex -3.48315 -1.95989 79.6569
    endloop
  endfacet
  facet normal -0.989172 0 -0.14676
    outer loop
      vertex -3.43275 2.04398 79.3172
      vertex -3.48315 5 79.6569
      vertex -3.43275 5 79.3172
    endloop
  endfacet
  facet normal -0.989172 -0 -0.14676
    outer loop
      vertex -3.48315 5 79.6569
      vertex -3.43275 2.04398 79.3172
      vertex -3.48315 1.95989 79.6569
    endloop
  endfacet
  facet normal -0.941548 0 -0.336879
    outer loop
      vertex -3.34929 -5 78.984
      vertex -3.23358 -2.34673 78.6606
      vertex -3.23358 -5 78.6606
    endloop
  endfacet
  facet normal -0.941559 4.3649e-06 -0.336847
    outer loop
      vertex -3.23358 -2.34673 78.6606
      vertex -3.34929 -5 78.984
      vertex -3.32588 -2.22228 78.9186
    endloop
  endfacet
  facet normal -0.941501 0 -0.337011
    outer loop
      vertex -3.32588 -2.22228 78.9186
      vertex -3.34929 -5 78.984
      vertex -3.34929 -2.18322 78.984
    endloop
  endfacet
  facet normal -0.941548 0 -0.336879
    outer loop
      vertex -3.23358 2.34673 78.6606
      vertex -3.34929 5 78.984
      vertex -3.23358 5 78.6606
    endloop
  endfacet
  facet normal -0.941559 -4.3649e-06 -0.336847
    outer loop
      vertex -3.32588 2.22228 78.9186
      vertex -3.34929 5 78.984
      vertex -3.23358 2.34673 78.6606
    endloop
  endfacet
  facet normal -0.941501 -0 -0.337011
    outer loop
      vertex -3.34929 5 78.984
      vertex -3.32588 2.22228 78.9186
      vertex -3.34929 2.18322 78.984
    endloop
  endfacet
  facet normal 0.803277 0 -0.595606
    outer loop
      vertex 2.91014 -5 78.0555
      vertex 2.82843 -2.82843 77.9453
      vertex 2.91014 -2.73827 78.0555
    endloop
  endfacet
  facet normal 0.803213 -6.7585e-06 -0.595692
    outer loop
      vertex 2.91014 -5 78.0555
      vertex 2.70554 -2.93981 77.7796
      vertex 2.82843 -2.82843 77.9453
    endloop
  endfacet
  facet normal 0.803237 0 -0.595659
    outer loop
      vertex 2.70554 -2.93981 77.7796
      vertex 2.91014 -5 78.0555
      vertex 2.70554 -5 77.7796
    endloop
  endfacet
  facet normal 0.803237 0 -0.595659
    outer loop
      vertex 2.91014 5 78.0555
      vertex 2.70554 2.93981 77.7796
      vertex 2.70554 5 77.7796
    endloop
  endfacet
  facet normal 0.803213 6.7585e-06 -0.595692
    outer loop
      vertex 2.91014 5 78.0555
      vertex 2.82843 2.82843 77.9453
      vertex 2.70554 2.93981 77.7796
    endloop
  endfacet
  facet normal 0.803277 0 -0.595606
    outer loop
      vertex 2.82843 2.82843 77.9453
      vertex 2.91014 5 78.0555
      vertex 2.91014 2.73827 78.0555
    endloop
  endfacet
  facet normal 0.146736 0 0.989176
    outer loop
      vertex 0.34306 5 83.4831
      vertex 0.682816 -5 83.4327
      vertex 0.682816 5 83.4327
    endloop
  endfacet
  facet normal 0.146736 0 0.989176
    outer loop
      vertex 0.682816 -5 83.4327
      vertex 0.34306 5 83.4831
      vertex 0.34306 -5 83.4831
    endloop
  endfacet
  facet normal 0.242885 0 -0.970055
    outer loop
      vertex 1.016 -5 76.6507
      vertex 0.780361 -3.92314 76.5917
      vertex 1.016 -3.86412 76.6507
    endloop
  endfacet
  facet normal 0.242821 -1.50418e-05 -0.970071
    outer loop
      vertex 0.682816 -5 76.5673
      vertex 0.780361 -3.92314 76.5917
      vertex 1.016 -5 76.6507
    endloop
  endfacet
  facet normal 0.242664 0 -0.97011
    outer loop
      vertex 0.780361 -3.92314 76.5917
      vertex 0.682816 -5 76.5673
      vertex 0.682816 -3.93761 76.5673
    endloop
  endfacet
  facet normal 0.242885 0 -0.970055
    outer loop
      vertex 0.780361 3.92314 76.5917
      vertex 1.016 5 76.6507
      vertex 1.016 3.86412 76.6507
    endloop
  endfacet
  facet normal 0.242664 0 -0.97011
    outer loop
      vertex 0.682816 5 76.5673
      vertex 0.780361 3.92314 76.5917
      vertex 0.682816 3.93761 76.5673
    endloop
  endfacet
  facet normal 0.242821 1.50418e-05 -0.970071
    outer loop
      vertex 0.780361 3.92314 76.5917
      vertex 0.682816 5 76.5673
      vertex 1.016 5 76.6507
    endloop
  endfacet
  facet normal 0.989172 0 -0.14676
    outer loop
      vertex 3.48315 -5 79.6569
      vertex 3.43275 -2.04398 79.3172
      vertex 3.48315 -1.95989 79.6569
    endloop
  endfacet
  facet normal 0.989172 0 -0.14676
    outer loop
      vertex 3.43275 -2.04398 79.3172
      vertex 3.48315 -5 79.6569
      vertex 3.43275 -5 79.3172
    endloop
  endfacet
  facet normal 0.989172 0 -0.14676
    outer loop
      vertex 3.48315 5 79.6569
      vertex 3.43275 2.04398 79.3172
      vertex 3.43275 5 79.3172
    endloop
  endfacet
  facet normal 0.989172 0 -0.14676
    outer loop
      vertex 3.43275 2.04398 79.3172
      vertex 3.48315 5 79.6569
      vertex 3.48315 1.95989 79.6569
    endloop
  endfacet
  facet normal 0.857724 0 -0.51411
    outer loop
      vertex 3.08672 -5 78.3501
      vertex 2.91014 -2.73827 78.0555
      vertex 3.08672 -2.54344 78.3501
    endloop
  endfacet
  facet normal 0.857724 0 -0.51411
    outer loop
      vertex 2.91014 -2.73827 78.0555
      vertex 3.08672 -5 78.3501
      vertex 2.91014 -5 78.0555
    endloop
  endfacet
  facet normal 0.857724 0 -0.51411
    outer loop
      vertex 3.08672 5 78.3501
      vertex 2.91014 2.73827 78.0555
      vertex 2.91014 5 78.0555
    endloop
  endfacet
  facet normal 0.857724 0 -0.51411
    outer loop
      vertex 2.91014 2.73827 78.0555
      vertex 3.08672 5 78.3501
      vertex 3.08672 2.54344 78.3501
    endloop
  endfacet
  facet normal 0.514003 0 -0.857788
    outer loop
      vertex 1.88559 3.52768 77.0546
      vertex 1.9445 5 77.0899
      vertex 1.9445 3.49238 77.0899
    endloop
  endfacet
  facet normal 0.514171 -9.15192e-06 -0.857687
    outer loop
      vertex 1.64989 3.63916 76.9133
      vertex 1.9445 5 77.0899
      vertex 1.88559 3.52768 77.0546
    endloop
  endfacet
  facet normal 0.51414 0 -0.857706
    outer loop
      vertex 1.9445 5 77.0899
      vertex 1.64989 3.63916 76.9133
      vertex 1.64989 5 76.9133
    endloop
  endfacet
  facet normal 0.514003 0 -0.857788
    outer loop
      vertex 1.9445 -5 77.0899
      vertex 1.88559 -3.52768 77.0546
      vertex 1.9445 -3.49238 77.0899
    endloop
  endfacet
  facet normal 0.51414 0 -0.857706
    outer loop
      vertex 1.64989 -3.63916 76.9133
      vertex 1.9445 -5 77.0899
      vertex 1.64989 -5 76.9133
    endloop
  endfacet
  facet normal 0.514171 9.15192e-06 -0.857687
    outer loop
      vertex 1.9445 -5 77.0899
      vertex 1.64989 -3.63916 76.9133
      vertex 1.88559 -3.52768 77.0546
    endloop
  endfacet
  facet normal -0.336717 4.66858e-05 -0.941606
    outer loop
      vertex -1.33939 5 76.7664
      vertex -1.016 3.86412 76.6507
      vertex -1.16114 3.82776 76.7026
    endloop
  endfacet
  facet normal -0.336989 -0 -0.941509
    outer loop
      vertex -1.33939 5 76.7664
      vertex -1.16114 3.82776 76.7026
      vertex -1.33939 3.76398 76.7664
    endloop
  endfacet
  facet normal -0.336862 0 -0.941554
    outer loop
      vertex -1.016 3.86412 76.6507
      vertex -1.33939 5 76.7664
      vertex -1.016 5 76.6507
    endloop
  endfacet
  facet normal -0.336862 0 -0.941554
    outer loop
      vertex -1.33939 -5 76.7664
      vertex -1.016 -3.86412 76.6507
      vertex -1.016 -5 76.6507
    endloop
  endfacet
  facet normal -0.336717 -4.66858e-05 -0.941606
    outer loop
      vertex -1.016 -3.86412 76.6507
      vertex -1.33939 -5 76.7664
      vertex -1.16114 -3.82776 76.7026
    endloop
  endfacet
  facet normal -0.336989 0 -0.941509
    outer loop
      vertex -1.16114 -3.82776 76.7026
      vertex -1.33939 -5 76.7664
      vertex -1.33939 -3.76398 76.7664
    endloop
  endfacet
  facet normal 0.427661 0 0.903939
    outer loop
      vertex 1.33939 5 83.2336
      vertex 1.64989 -5 83.0867
      vertex 1.64989 5 83.0867
    endloop
  endfacet
  facet normal 0.427661 0 0.903939
    outer loop
      vertex 1.64989 -5 83.0867
      vertex 1.33939 5 83.2336
      vertex 1.33939 -5 83.2336
    endloop
  endfacet
  facet normal 0.671504 0 0.741001
    outer loop
      vertex 2.22228 -3.32588 82.7038
      vertex 2.47487 -5 82.4749
      vertex 2.47487 -3.13854 82.4749
    endloop
  endfacet
  facet normal 0.667188 -0.00118258 0.744888
    outer loop
      vertex 2.22038 -3.32702 82.7055
      vertex 2.47487 -5 82.4749
      vertex 2.22228 -3.32588 82.7038
    endloop
  endfacet
  facet normal 0.671469 0 0.741033
    outer loop
      vertex 2.47487 -5 82.4749
      vertex 2.22038 -3.32702 82.7055
      vertex 2.22038 -5 82.7055
    endloop
  endfacet
  facet normal 0.671504 0 0.741001
    outer loop
      vertex 2.47487 5 82.4749
      vertex 2.22228 3.32588 82.7038
      vertex 2.47487 3.13854 82.4749
    endloop
  endfacet
  facet normal 0.671469 -0 0.741033
    outer loop
      vertex 2.22038 3.32702 82.7055
      vertex 2.47487 5 82.4749
      vertex 2.22038 5 82.7055
    endloop
  endfacet
  facet normal 0.667188 0.00118258 0.744888
    outer loop
      vertex 2.47487 5 82.4749
      vertex 2.22038 3.32702 82.7055
      vertex 2.22228 3.32588 82.7038
    endloop
  endfacet
  facet normal -0.427661 0 0.903939
    outer loop
      vertex -1.64989 5 83.0867
      vertex -1.33939 -5 83.2336
      vertex -1.33939 5 83.2336
    endloop
  endfacet
  facet normal -0.427661 0 0.903939
    outer loop
      vertex -1.33939 -5 83.2336
      vertex -1.64989 5 83.0867
      vertex -1.64989 -5 83.0867
    endloop
  endfacet
  facet normal -0.595687 0 0.803217
    outer loop
      vertex -2.22038 5 82.7055
      vertex -1.9445 3.49238 82.9101
      vertex -1.9445 5 82.9101
    endloop
  endfacet
  facet normal -0.595687 0 0.803217
    outer loop
      vertex -1.9445 3.49238 82.9101
      vertex -2.22038 5 82.7055
      vertex -2.22038 3.32702 82.7055
    endloop
  endfacet
  facet normal -0.595687 0 0.803217
    outer loop
      vertex -2.22038 -5 82.7055
      vertex -1.9445 -3.49238 82.9101
      vertex -2.22038 -3.32702 82.7055
    endloop
  endfacet
  facet normal -0.595687 0 0.803217
    outer loop
      vertex -1.9445 -3.49238 82.9101
      vertex -2.22038 -5 82.7055
      vertex -1.9445 -5 82.9101
    endloop
  endfacet
  facet normal 0.803237 0 0.595659
    outer loop
      vertex 2.91014 -5 81.9445
      vertex 2.70554 -2.93981 82.2204
      vertex 2.70554 -5 82.2204
    endloop
  endfacet
  facet normal 0.803213 -6.7585e-06 0.595692
    outer loop
      vertex 2.70554 -2.93981 82.2204
      vertex 2.91014 -5 81.9445
      vertex 2.82843 -2.82843 82.0547
    endloop
  endfacet
  facet normal 0.803277 0 0.595606
    outer loop
      vertex 2.82843 -2.82843 82.0547
      vertex 2.91014 -5 81.9445
      vertex 2.91014 -2.73827 81.9445
    endloop
  endfacet
  facet normal 0.803237 -0 0.595659
    outer loop
      vertex 2.70554 2.93981 82.2204
      vertex 2.91014 5 81.9445
      vertex 2.70554 5 82.2204
    endloop
  endfacet
  facet normal 0.803213 6.7585e-06 0.595692
    outer loop
      vertex 2.82843 2.82843 82.0547
      vertex 2.91014 5 81.9445
      vertex 2.70554 2.93981 82.2204
    endloop
  endfacet
  facet normal 0.803277 0 0.595606
    outer loop
      vertex 2.91014 5 81.9445
      vertex 2.82843 2.82843 82.0547
      vertex 2.91014 2.73827 81.9445
    endloop
  endfacet
  facet normal -0.857724 0 0.51411
    outer loop
      vertex -3.08672 5 81.6499
      vertex -2.91014 2.73827 81.9445
      vertex -2.91014 5 81.9445
    endloop
  endfacet
  facet normal -0.857724 0 0.51411
    outer loop
      vertex -2.91014 2.73827 81.9445
      vertex -3.08672 5 81.6499
      vertex -3.08672 2.54344 81.6499
    endloop
  endfacet
  facet normal -0.857724 0 0.51411
    outer loop
      vertex -3.08672 -5 81.6499
      vertex -2.91014 -2.73827 81.9445
      vertex -3.08672 -2.54344 81.6499
    endloop
  endfacet
  facet normal -0.857724 0 0.51411
    outer loop
      vertex -2.91014 -2.73827 81.9445
      vertex -3.08672 -5 81.6499
      vertex -2.91014 -5 81.9445
    endloop
  endfacet
  facet normal 0.857724 0 0.51411
    outer loop
      vertex 3.08672 -5 81.6499
      vertex 2.91014 -2.73827 81.9445
      vertex 2.91014 -5 81.9445
    endloop
  endfacet
  facet normal 0.857724 0 0.51411
    outer loop
      vertex 2.91014 -2.73827 81.9445
      vertex 3.08672 -5 81.6499
      vertex 3.08672 -2.54344 81.6499
    endloop
  endfacet
  facet normal 0.857724 -0 0.51411
    outer loop
      vertex 2.91014 2.73827 81.9445
      vertex 3.08672 5 81.6499
      vertex 2.91014 5 81.9445
    endloop
  endfacet
  facet normal 0.857724 0 0.51411
    outer loop
      vertex 3.08672 5 81.6499
      vertex 2.91014 2.73827 81.9445
      vertex 3.08672 2.54344 81.6499
    endloop
  endfacet
  facet normal 0 -1 0
    outer loop
      vertex -0.34306 -5 83.4831
      vertex 0.34306 -5 83.4831
      vertex 0 -5 83.5
    endloop
  endfacet
  facet normal 0 -1 0
    outer loop
      vertex -0.682816 -5 83.4327
      vertex 0.34306 -5 83.4831
      vertex -0.34306 -5 83.4831
    endloop
  endfacet
  facet normal 0 -1 0
    outer loop
      vertex -0.682816 -5 83.4327
      vertex 0.682816 -5 83.4327
      vertex 0.34306 -5 83.4831
    endloop
  endfacet
  facet normal 0 -1 0
    outer loop
      vertex -1.016 -5 83.3493
      vertex 0.682816 -5 83.4327
      vertex -0.682816 -5 83.4327
    endloop
  endfacet
  facet normal 0 -1 0
    outer loop
      vertex -1.016 -5 83.3493
      vertex 1.016 -5 83.3493
      vertex 0.682816 -5 83.4327
    endloop
  endfacet
  facet normal 0 -1 0
    outer loop
      vertex -1.33939 -5 83.2336
      vertex 1.016 -5 83.3493
      vertex -1.016 -5 83.3493
    endloop
  endfacet
  facet normal 0 -1 0
    outer loop
      vertex -1.33939 -5 83.2336
      vertex 1.33939 -5 83.2336
      vertex 1.016 -5 83.3493
    endloop
  endfacet
  facet normal 0 -1 0
    outer loop
      vertex -1.64989 -5 83.0867
      vertex 1.33939 -5 83.2336
      vertex -1.33939 -5 83.2336
    endloop
  endfacet
  facet normal 0 -1 0
    outer loop
      vertex -1.64989 -5 83.0867
      vertex 1.64989 -5 83.0867
      vertex 1.33939 -5 83.2336
    endloop
  endfacet
  facet normal 0 -1 0
    outer loop
      vertex -1.9445 -5 82.9101
      vertex 1.64989 -5 83.0867
      vertex -1.64989 -5 83.0867
    endloop
  endfacet
  facet normal 0 -1 0
    outer loop
      vertex -1.9445 -5 82.9101
      vertex 1.9445 -5 82.9101
      vertex 1.64989 -5 83.0867
    endloop
  endfacet
  facet normal 0 -1 0
    outer loop
      vertex -2.22038 -5 82.7055
      vertex 1.9445 -5 82.9101
      vertex -1.9445 -5 82.9101
    endloop
  endfacet
  facet normal 0 -1 0
    outer loop
      vertex -2.22038 -5 82.7055
      vertex 2.22038 -5 82.7055
      vertex 1.9445 -5 82.9101
    endloop
  endfacet
  facet normal 0 -1 0
    outer loop
      vertex -2.47487 -5 82.4749
      vertex 2.22038 -5 82.7055
      vertex -2.22038 -5 82.7055
    endloop
  endfacet
  facet normal 0 -1 0
    outer loop
      vertex -2.47487 -5 82.4749
      vertex 2.47487 -5 82.4749
      vertex 2.22038 -5 82.7055
    endloop
  endfacet
  facet normal 0 -1 0
    outer loop
      vertex -2.70554 -5 82.2204
      vertex 2.47487 -5 82.4749
      vertex -2.47487 -5 82.4749
    endloop
  endfacet
  facet normal 0 -1 0
    outer loop
      vertex -2.70554 -5 82.2204
      vertex 2.70554 -5 82.2204
      vertex 2.47487 -5 82.4749
    endloop
  endfacet
  facet normal 0 -1 0
    outer loop
      vertex -2.91014 -5 81.9445
      vertex 2.70554 -5 82.2204
      vertex -2.70554 -5 82.2204
    endloop
  endfacet
  facet normal 0 -1 0
    outer loop
      vertex -2.91014 -5 81.9445
      vertex 2.91014 -5 81.9445
      vertex 2.70554 -5 82.2204
    endloop
  endfacet
  facet normal 0 -1 0
    outer loop
      vertex -3.08672 -5 81.6499
      vertex 2.91014 -5 81.9445
      vertex -2.91014 -5 81.9445
    endloop
  endfacet
  facet normal 0 -1 0
    outer loop
      vertex -3.08672 -5 81.6499
      vertex 3.08672 -5 81.6499
      vertex 2.91014 -5 81.9445
    endloop
  endfacet
  facet normal 0 -1 0
    outer loop
      vertex -3.23358 -5 81.3394
      vertex 3.08672 -5 81.6499
      vertex -3.08672 -5 81.6499
    endloop
  endfacet
  facet normal 0 -1 0
    outer loop
      vertex -3.23358 -5 81.3394
      vertex 3.23358 -5 81.3394
      vertex 3.08672 -5 81.6499
    endloop
  endfacet
  facet normal 0 -1 0
    outer loop
      vertex -3.34929 -5 81.016
      vertex 3.23358 -5 81.3394
      vertex -3.23358 -5 81.3394
    endloop
  endfacet
  facet normal 0 -1 0
    outer loop
      vertex -3.34929 -5 81.016
      vertex 3.34929 -5 81.016
      vertex 3.23358 -5 81.3394
    endloop
  endfacet
  facet normal 0 -1 0
    outer loop
      vertex -3.43275 -5 80.6828
      vertex 3.34929 -5 81.016
      vertex -3.34929 -5 81.016
    endloop
  endfacet
  facet normal 0 -1 0
    outer loop
      vertex -3.43275 -5 80.6828
      vertex 3.43275 -5 80.6828
      vertex 3.34929 -5 81.016
    endloop
  endfacet
  facet normal 0 -1 0
    outer loop
      vertex -3.48315 -5 80.3431
      vertex 3.43275 -5 80.6828
      vertex -3.43275 -5 80.6828
    endloop
  endfacet
  facet normal 0 -1 0
    outer loop
      vertex -3.48315 -5 80.3431
      vertex 3.48315 -5 80.3431
      vertex 3.43275 -5 80.6828
    endloop
  endfacet
  facet normal 0 -1 0
    outer loop
      vertex -3.5 -5 80
      vertex 3.48315 -5 80.3431
      vertex -3.48315 -5 80.3431
    endloop
  endfacet
  facet normal 0 -1 0
    outer loop
      vertex -3.5 -5 80
      vertex 3.5 -5 80
      vertex 3.48315 -5 80.3431
    endloop
  endfacet
  facet normal 0 -1 0
    outer loop
      vertex -3.48315 -5 79.6569
      vertex 3.5 -5 80
      vertex -3.5 -5 80
    endloop
  endfacet
  facet normal 0 -1 0
    outer loop
      vertex -3.48315 -5 79.6569
      vertex 3.48315 -5 79.6569
      vertex 3.5 -5 80
    endloop
  endfacet
  facet normal 0 -1 0
    outer loop
      vertex -3.43275 -5 79.3172
      vertex 3.48315 -5 79.6569
      vertex -3.48315 -5 79.6569
    endloop
  endfacet
  facet normal 0 -1 0
    outer loop
      vertex -3.43275 -5 79.3172
      vertex 3.43275 -5 79.3172
      vertex 3.48315 -5 79.6569
    endloop
  endfacet
  facet normal 0 -1 0
    outer loop
      vertex -3.34929 -5 78.984
      vertex 3.43275 -5 79.3172
      vertex -3.43275 -5 79.3172
    endloop
  endfacet
  facet normal 0 -1 0
    outer loop
      vertex -3.34929 -5 78.984
      vertex 3.34929 -5 78.984
      vertex 3.43275 -5 79.3172
    endloop
  endfacet
  facet normal 0 -1 0
    outer loop
      vertex -3.23358 -5 78.6606
      vertex 3.34929 -5 78.984
      vertex -3.34929 -5 78.984
    endloop
  endfacet
  facet normal 0 -1 0
    outer loop
      vertex -3.23358 -5 78.6606
      vertex 3.23358 -5 78.6606
      vertex 3.34929 -5 78.984
    endloop
  endfacet
  facet normal 0 -1 0
    outer loop
      vertex -3.08672 -5 78.3501
      vertex 3.23358 -5 78.6606
      vertex -3.23358 -5 78.6606
    endloop
  endfacet
  facet normal 0 -1 0
    outer loop
      vertex -3.08672 -5 78.3501
      vertex 3.08672 -5 78.3501
      vertex 3.23358 -5 78.6606
    endloop
  endfacet
  facet normal 0 -1 0
    outer loop
      vertex -2.91014 -5 78.0555
      vertex 3.08672 -5 78.3501
      vertex -3.08672 -5 78.3501
    endloop
  endfacet
  facet normal 0 -1 0
    outer loop
      vertex -2.91014 -5 78.0555
      vertex 2.91014 -5 78.0555
      vertex 3.08672 -5 78.3501
    endloop
  endfacet
  facet normal 0 -1 0
    outer loop
      vertex -2.70554 -5 77.7796
      vertex 2.91014 -5 78.0555
      vertex -2.91014 -5 78.0555
    endloop
  endfacet
  facet normal 0 -1 0
    outer loop
      vertex -2.70554 -5 77.7796
      vertex 2.70554 -5 77.7796
      vertex 2.91014 -5 78.0555
    endloop
  endfacet
  facet normal 0 -1 0
    outer loop
      vertex -2.47487 -5 77.5251
      vertex 2.70554 -5 77.7796
      vertex -2.70554 -5 77.7796
    endloop
  endfacet
  facet normal 0 -1 0
    outer loop
      vertex -2.47487 -5 77.5251
      vertex 2.47487 -5 77.5251
      vertex 2.70554 -5 77.7796
    endloop
  endfacet
  facet normal 0 -1 0
    outer loop
      vertex -2.22038 -5 77.2945
      vertex 2.47487 -5 77.5251
      vertex -2.47487 -5 77.5251
    endloop
  endfacet
  facet normal 0 -1 0
    outer loop
      vertex -2.22038 -5 77.2945
      vertex 2.22038 -5 77.2945
      vertex 2.47487 -5 77.5251
    endloop
  endfacet
  facet normal 0 -1 0
    outer loop
      vertex -1.9445 -5 77.0899
      vertex 2.22038 -5 77.2945
      vertex -2.22038 -5 77.2945
    endloop
  endfacet
  facet normal 0 -1 0
    outer loop
      vertex -1.9445 -5 77.0899
      vertex 1.9445 -5 77.0899
      vertex 2.22038 -5 77.2945
    endloop
  endfacet
  facet normal 0 -1 0
    outer loop
      vertex -1.64989 -5 76.9133
      vertex 1.9445 -5 77.0899
      vertex -1.9445 -5 77.0899
    endloop
  endfacet
  facet normal 0 -1 0
    outer loop
      vertex -1.64989 -5 76.9133
      vertex 1.64989 -5 76.9133
      vertex 1.9445 -5 77.0899
    endloop
  endfacet
  facet normal 0 -1 0
    outer loop
      vertex -1.33939 -5 76.7664
      vertex 1.64989 -5 76.9133
      vertex -1.64989 -5 76.9133
    endloop
  endfacet
  facet normal 0 -1 0
    outer loop
      vertex -1.33939 -5 76.7664
      vertex 1.33939 -5 76.7664
      vertex 1.64989 -5 76.9133
    endloop
  endfacet
  facet normal 0 -1 0
    outer loop
      vertex -1.016 -5 76.6507
      vertex 1.33939 -5 76.7664
      vertex -1.33939 -5 76.7664
    endloop
  endfacet
  facet normal 0 -1 0
    outer loop
      vertex -1.016 -5 76.6507
      vertex 1.016 -5 76.6507
      vertex 1.33939 -5 76.7664
    endloop
  endfacet
  facet normal 0 -1 0
    outer loop
      vertex -0.682816 -5 76.5673
      vertex 1.016 -5 76.6507
      vertex -1.016 -5 76.6507
    endloop
  endfacet
  facet normal 0 -1 0
    outer loop
      vertex -0.682816 -5 76.5673
      vertex 0.682816 -5 76.5673
      vertex 1.016 -5 76.6507
    endloop
  endfacet
  facet normal 0 -1 0
    outer loop
      vertex -0.34306 -5 76.5169
      vertex 0.682816 -5 76.5673
      vertex -0.682816 -5 76.5673
    endloop
  endfacet
  facet normal 0 -1 0
    outer loop
      vertex -0.34306 -5 76.5169
      vertex 0.34306 -5 76.5169
      vertex 0.682816 -5 76.5673
    endloop
  endfacet
  facet normal -0 -1 0
    outer loop
      vertex 0.34306 -5 76.5169
      vertex -0.34306 -5 76.5169
      vertex 0 -5 76.5
    endloop
  endfacet
  facet normal -0.595687 -0 -0.803217
    outer loop
      vertex -2.22038 5 77.2945
      vertex -1.9445 3.49238 77.0899
      vertex -2.22038 3.32702 77.2945
    endloop
  endfacet
  facet normal -0.595687 0 -0.803217
    outer loop
      vertex -1.9445 3.49238 77.0899
      vertex -2.22038 5 77.2945
      vertex -1.9445 5 77.0899
    endloop
  endfacet
  facet normal -0.595687 0 -0.803217
    outer loop
      vertex -2.22038 -5 77.2945
      vertex -1.9445 -3.49238 77.0899
      vertex -1.9445 -5 77.0899
    endloop
  endfacet
  facet normal -0.595687 0 -0.803217
    outer loop
      vertex -1.9445 -3.49238 77.0899
      vertex -2.22038 -5 77.2945
      vertex -2.22038 -3.32702 77.2945
    endloop
  endfacet
  facet normal -0.803237 0 0.595659
    outer loop
      vertex -2.91014 5 81.9445
      vertex -2.70554 2.93981 82.2204
      vertex -2.70554 5 82.2204
    endloop
  endfacet
  facet normal -0.803213 6.7585e-06 0.595692
    outer loop
      vertex -2.91014 5 81.9445
      vertex -2.82843 2.82843 82.0547
      vertex -2.70554 2.93981 82.2204
    endloop
  endfacet
  facet normal -0.803277 0 0.595606
    outer loop
      vertex -2.82843 2.82843 82.0547
      vertex -2.91014 5 81.9445
      vertex -2.91014 2.73827 81.9445
    endloop
  endfacet
  facet normal -0.803277 0 0.595606
    outer loop
      vertex -2.91014 -5 81.9445
      vertex -2.82843 -2.82843 82.0547
      vertex -2.91014 -2.73827 81.9445
    endloop
  endfacet
  facet normal -0.803213 -6.7585e-06 0.595692
    outer loop
      vertex -2.91014 -5 81.9445
      vertex -2.70554 -2.93981 82.2204
      vertex -2.82843 -2.82843 82.0547
    endloop
  endfacet
  facet normal -0.803237 0 0.595659
    outer loop
      vertex -2.70554 -2.93981 82.2204
      vertex -2.91014 -5 81.9445
      vertex -2.70554 -5 82.2204
    endloop
  endfacet
  facet normal -0.51414 0 -0.857706
    outer loop
      vertex -1.9445 -5 77.0899
      vertex -1.64989 -3.63916 76.9133
      vertex -1.64989 -5 76.9133
    endloop
  endfacet
  facet normal -0.514171 9.15192e-06 -0.857687
    outer loop
      vertex -1.64989 -3.63916 76.9133
      vertex -1.9445 -5 77.0899
      vertex -1.88559 -3.52768 77.0546
    endloop
  endfacet
  facet normal -0.514003 0 -0.857788
    outer loop
      vertex -1.88559 -3.52768 77.0546
      vertex -1.9445 -5 77.0899
      vertex -1.9445 -3.49238 77.0899
    endloop
  endfacet
  facet normal -0.514171 -9.15192e-06 -0.857687
    outer loop
      vertex -1.9445 5 77.0899
      vertex -1.64989 3.63916 76.9133
      vertex -1.88559 3.52768 77.0546
    endloop
  endfacet
  facet normal -0.514003 -0 -0.857788
    outer loop
      vertex -1.9445 5 77.0899
      vertex -1.88559 3.52768 77.0546
      vertex -1.9445 3.49238 77.0899
    endloop
  endfacet
  facet normal -0.51414 0 -0.857706
    outer loop
      vertex -1.64989 3.63916 76.9133
      vertex -1.9445 5 77.0899
      vertex -1.64989 5 76.9133
    endloop
  endfacet
  facet normal 0.514003 0 0.857788
    outer loop
      vertex 1.9445 5 82.9101
      vertex 1.88559 3.52768 82.9454
      vertex 1.9445 3.49238 82.9101
    endloop
  endfacet
  facet normal 0.514446 -2.40741e-05 0.857523
    outer loop
      vertex 1.9445 5 82.9101
      vertex 1.79458 3.57073 83
      vertex 1.88559 3.52768 82.9454
    endloop
  endfacet
  facet normal 0.513999 0 0.857791
    outer loop
      vertex 1.79458 3.57073 83
      vertex 1.64989 5 83.0867
      vertex 1.79458 -3.57073 83
    endloop
  endfacet
  facet normal 0.51414 1.94873e-05 0.857706
    outer loop
      vertex 1.64989 5 83.0867
      vertex 1.79458 3.57073 83
      vertex 1.9445 5 82.9101
    endloop
  endfacet
  facet normal 0.514003 0 0.857788
    outer loop
      vertex 1.88559 -3.52768 82.9454
      vertex 1.9445 -5 82.9101
      vertex 1.9445 -3.49238 82.9101
    endloop
  endfacet
  facet normal 0.514446 2.40741e-05 0.857523
    outer loop
      vertex 1.79458 -3.57073 83
      vertex 1.9445 -5 82.9101
      vertex 1.88559 -3.52768 82.9454
    endloop
  endfacet
  facet normal 0.51414 -1.94873e-05 0.857706
    outer loop
      vertex 1.79458 -3.57073 83
      vertex 1.64989 -5 83.0867
      vertex 1.9445 -5 82.9101
    endloop
  endfacet
  facet normal 0.513999 -0 0.857791
    outer loop
      vertex 1.64989 -5 83.0867
      vertex 1.79458 -3.57073 83
      vertex 1.64989 5 83.0867
    endloop
  endfacet
  facet normal 0.595687 0 0.803217
    outer loop
      vertex 1.9445 -3.49238 82.9101
      vertex 2.22038 -5 82.7055
      vertex 2.22038 -3.32702 82.7055
    endloop
  endfacet
  facet normal 0.595687 0 0.803217
    outer loop
      vertex 2.22038 -5 82.7055
      vertex 1.9445 -3.49238 82.9101
      vertex 1.9445 -5 82.9101
    endloop
  endfacet
  facet normal 0.595687 -0 0.803217
    outer loop
      vertex 1.9445 3.49238 82.9101
      vertex 2.22038 5 82.7055
      vertex 1.9445 5 82.9101
    endloop
  endfacet
  facet normal 0.595687 0 0.803217
    outer loop
      vertex 2.22038 5 82.7055
      vertex 1.9445 3.49238 82.9101
      vertex 2.22038 3.32702 82.7055
    endloop
  endfacet
  facet normal 0.146969 0 -0.989141
    outer loop
      vertex 0.682816 -5 76.5673
      vertex 0.392068 -3.98074 76.5241
      vertex 0.682816 -3.93761 76.5673
    endloop
  endfacet
  facet normal 0.146736 -6.78684e-05 -0.989176
    outer loop
      vertex 0.34306 -5 76.5169
      vertex 0.392068 -3.98074 76.5241
      vertex 0.682816 -5 76.5673
    endloop
  endfacet
  facet normal 0.145355 0 -0.98938
    outer loop
      vertex 0.392068 -3.98074 76.5241
      vertex 0.34306 -5 76.5169
      vertex 0.34306 -3.98315 76.5169
    endloop
  endfacet
  facet normal 0.146969 0 -0.989141
    outer loop
      vertex 0.392068 3.98074 76.5241
      vertex 0.682816 5 76.5673
      vertex 0.682816 3.93761 76.5673
    endloop
  endfacet
  facet normal 0.145355 0 -0.98938
    outer loop
      vertex 0.34306 5 76.5169
      vertex 0.392068 3.98074 76.5241
      vertex 0.34306 3.98315 76.5169
    endloop
  endfacet
  facet normal 0.146736 6.78684e-05 -0.989176
    outer loop
      vertex 0.392068 3.98074 76.5241
      vertex 0.34306 5 76.5169
      vertex 0.682816 5 76.5673
    endloop
  endfacet
  facet normal 0.970033 0 -0.242974
    outer loop
      vertex 3.43275 -5 79.3172
      vertex 3.34929 -2.18322 78.984
      vertex 3.43275 -2.04398 79.3172
    endloop
  endfacet
  facet normal 0.970033 0 -0.242974
    outer loop
      vertex 3.34929 -2.18322 78.984
      vertex 3.43275 -5 79.3172
      vertex 3.34929 -5 78.984
    endloop
  endfacet
  facet normal 0.970033 0 -0.242974
    outer loop
      vertex 3.43275 5 79.3172
      vertex 3.34929 2.18322 78.984
      vertex 3.34929 5 78.984
    endloop
  endfacet
  facet normal 0.970033 0 -0.242974
    outer loop
      vertex 3.34929 2.18322 78.984
      vertex 3.43275 5 79.3172
      vertex 3.43275 2.04398 79.3172
    endloop
  endfacet
  facet normal 0.941548 0 -0.336879
    outer loop
      vertex 3.34929 5 78.984
      vertex 3.23358 2.34673 78.6606
      vertex 3.23358 5 78.6606
    endloop
  endfacet
  facet normal 0.941559 -4.3649e-06 -0.336847
    outer loop
      vertex 3.34929 5 78.984
      vertex 3.32588 2.22228 78.9186
      vertex 3.23358 2.34673 78.6606
    endloop
  endfacet
  facet normal 0.941501 0 -0.337011
    outer loop
      vertex 3.32588 2.22228 78.9186
      vertex 3.34929 5 78.984
      vertex 3.34929 2.18322 78.984
    endloop
  endfacet
  facet normal 0.941501 0 -0.337011
    outer loop
      vertex 3.34929 -5 78.984
      vertex 3.32588 -2.22228 78.9186
      vertex 3.34929 -2.18322 78.984
    endloop
  endfacet
  facet normal 0.941559 4.3649e-06 -0.336847
    outer loop
      vertex 3.34929 -5 78.984
      vertex 3.23358 -2.34673 78.6606
      vertex 3.32588 -2.22228 78.9186
    endloop
  endfacet
  facet normal 0.941548 0 -0.336879
    outer loop
      vertex 3.23358 -2.34673 78.6606
      vertex 3.34929 -5 78.984
      vertex 3.23358 -5 78.6606
    endloop
  endfacet
  facet normal 0.740944 0 0.671566
    outer loop
      vertex 2.70554 -5 82.2204
      vertex 2.47487 -3.13854 82.4749
      vertex 2.47487 -5 82.4749
    endloop
  endfacet
  facet normal 0.741044 2.74716e-05 0.671456
    outer loop
      vertex 2.47487 -3.13854 82.4749
      vertex 2.70554 -5 82.2204
      vertex 2.53757 -3.09204 82.4057
    endloop
  endfacet
  facet normal 0.740904 0 0.671611
    outer loop
      vertex 2.53757 -3.09204 82.4057
      vertex 2.70554 -5 82.2204
      vertex 2.70554 -2.93981 82.2204
    endloop
  endfacet
  facet normal 0.740944 -0 0.671566
    outer loop
      vertex 2.47487 3.13854 82.4749
      vertex 2.70554 5 82.2204
      vertex 2.47487 5 82.4749
    endloop
  endfacet
  facet normal 0.741044 -2.74716e-05 0.671456
    outer loop
      vertex 2.53757 3.09204 82.4057
      vertex 2.70554 5 82.2204
      vertex 2.47487 3.13854 82.4749
    endloop
  endfacet
  facet normal 0.740904 0 0.671611
    outer loop
      vertex 2.70554 5 82.2204
      vertex 2.53757 3.09204 82.4057
      vertex 2.70554 2.93981 82.2204
    endloop
  endfacet
  facet normal -0.0492029 0 0.998789
    outer loop
      vertex -0.34306 5 83.4831
      vertex 0 -5 83.5
      vertex 0 5 83.5
    endloop
  endfacet
  facet normal -0.0492029 0 0.998789
    outer loop
      vertex 0 -5 83.5
      vertex -0.34306 5 83.4831
      vertex -0.34306 -5 83.4831
    endloop
  endfacet
  facet normal 0.0492029 0 0.998789
    outer loop
      vertex 0 5 83.5
      vertex 0.34306 -5 83.4831
      vertex 0.34306 5 83.4831
    endloop
  endfacet
  facet normal 0.0492029 0 0.998789
    outer loop
      vertex 0.34306 -5 83.4831
      vertex 0 5 83.5
      vertex 0 -5 83.5
    endloop
  endfacet
  facet normal 0.671504 0 -0.741001
    outer loop
      vertex 2.22228 3.32588 77.2962
      vertex 2.47487 5 77.5251
      vertex 2.47487 3.13854 77.5251
    endloop
  endfacet
  facet normal 0.667188 0.00118258 -0.744888
    outer loop
      vertex 2.22038 3.32702 77.2945
      vertex 2.47487 5 77.5251
      vertex 2.22228 3.32588 77.2962
    endloop
  endfacet
  facet normal 0.671469 0 -0.741033
    outer loop
      vertex 2.47487 5 77.5251
      vertex 2.22038 3.32702 77.2945
      vertex 2.22038 5 77.2945
    endloop
  endfacet
  facet normal 0.671504 0 -0.741001
    outer loop
      vertex 2.47487 -5 77.5251
      vertex 2.22228 -3.32588 77.2962
      vertex 2.47487 -3.13854 77.5251
    endloop
  endfacet
  facet normal 0.671469 0 -0.741033
    outer loop
      vertex 2.22038 -3.32702 77.2945
      vertex 2.47487 -5 77.5251
      vertex 2.22038 -5 77.2945
    endloop
  endfacet
  facet normal 0.667188 -0.00118258 -0.744888
    outer loop
      vertex 2.47487 -5 77.5251
      vertex 2.22038 -3.32702 77.2945
      vertex 2.22228 -3.32588 77.2962
    endloop
  endfacet
  facet normal 0.998796 0 -0.0490519
    outer loop
      vertex 3.5 -5 80
      vertex 3.48315 -1.95989 79.6569
      vertex 3.5 -1.93178 80
    endloop
  endfacet
  facet normal 0.998796 0 -0.0490519
    outer loop
      vertex 3.48315 -1.95989 79.6569
      vertex 3.5 -5 80
      vertex 3.48315 -5 79.6569
    endloop
  endfacet
  facet normal 0.998796 0 -0.0490519
    outer loop
      vertex 3.5 5 80
      vertex 3.48315 1.95989 79.6569
      vertex 3.48315 5 79.6569
    endloop
  endfacet
  facet normal 0.998796 0 -0.0490519
    outer loop
      vertex 3.48315 1.95989 79.6569
      vertex 3.5 5 80
      vertex 3.5 1.93178 80
    endloop
  endfacet
  facet normal -0.0492029 0 -0.998789
    outer loop
      vertex -0.34306 -5 76.5169
      vertex 0 -4 76.5
      vertex 0 -5 76.5
    endloop
  endfacet
  facet normal -0.0492029 0 -0.998789
    outer loop
      vertex 0 -4 76.5
      vertex -0.34306 -5 76.5169
      vertex -0.34306 -3.98315 76.5169
    endloop
  endfacet
  facet normal -0.0492029 -0 -0.998789
    outer loop
      vertex -0.34306 5 76.5169
      vertex 0 4 76.5
      vertex -0.34306 3.98315 76.5169
    endloop
  endfacet
  facet normal -0.0492029 0 -0.998789
    outer loop
      vertex 0 4 76.5
      vertex -0.34306 5 76.5169
      vertex 0 5 76.5
    endloop
  endfacet
  facet normal -0.740904 0 0.671611
    outer loop
      vertex -2.70554 -5 82.2204
      vertex -2.53757 -3.09204 82.4057
      vertex -2.70554 -2.93981 82.2204
    endloop
  endfacet
  facet normal -0.741044 2.74716e-05 0.671456
    outer loop
      vertex -2.70554 -5 82.2204
      vertex -2.47487 -3.13854 82.4749
      vertex -2.53757 -3.09204 82.4057
    endloop
  endfacet
  facet normal -0.740944 0 0.671566
    outer loop
      vertex -2.47487 -3.13854 82.4749
      vertex -2.70554 -5 82.2204
      vertex -2.47487 -5 82.4749
    endloop
  endfacet
  facet normal -0.740944 0 0.671566
    outer loop
      vertex -2.70554 5 82.2204
      vertex -2.47487 3.13854 82.4749
      vertex -2.47487 5 82.4749
    endloop
  endfacet
  facet normal -0.741044 -2.74716e-05 0.671456
    outer loop
      vertex -2.70554 5 82.2204
      vertex -2.53757 3.09204 82.4057
      vertex -2.47487 3.13854 82.4749
    endloop
  endfacet
  facet normal -0.740904 0 0.671611
    outer loop
      vertex -2.53757 3.09204 82.4057
      vertex -2.70554 5 82.2204
      vertex -2.70554 2.93981 82.2204
    endloop
  endfacet
  facet normal -0.146736 0 0.989176
    outer loop
      vertex -0.682816 5 83.4327
      vertex -0.34306 -5 83.4831
      vertex -0.34306 5 83.4831
    endloop
  endfacet
  facet normal -0.146736 0 0.989176
    outer loop
      vertex -0.34306 -5 83.4831
      vertex -0.682816 5 83.4327
      vertex -0.682816 -5 83.4327
    endloop
  endfacet
  facet normal -0.336862 0 0.941554
    outer loop
      vertex -1.33939 5 83.2336
      vertex -1.016 -5 83.3493
      vertex -1.016 5 83.3493
    endloop
  endfacet
  facet normal -0.336862 0 0.941554
    outer loop
      vertex -1.016 -5 83.3493
      vertex -1.33939 5 83.2336
      vertex -1.33939 -5 83.2336
    endloop
  endfacet
  facet normal -0.903984 0 0.427566
    outer loop
      vertex -3.23358 5 81.3394
      vertex -3.08672 2.54344 81.6499
      vertex -3.08672 5 81.6499
    endloop
  endfacet
  facet normal -0.904699 -0.000234205 0.426051
    outer loop
      vertex -3.23358 5 81.3394
      vertex -3.09204 2.53757 81.6386
      vertex -3.08672 2.54344 81.6499
    endloop
  endfacet
  facet normal -0.903955 0 0.427627
    outer loop
      vertex -3.09204 2.53757 81.6386
      vertex -3.23358 5 81.3394
      vertex -3.23358 2.34673 81.3394
    endloop
  endfacet
  facet normal -0.903955 0 0.427627
    outer loop
      vertex -3.23358 -5 81.3394
      vertex -3.09204 -2.53757 81.6386
      vertex -3.23358 -2.34673 81.3394
    endloop
  endfacet
  facet normal -0.904699 0.000234205 0.426051
    outer loop
      vertex -3.23358 -5 81.3394
      vertex -3.08672 -2.54344 81.6499
      vertex -3.09204 -2.53757 81.6386
    endloop
  endfacet
  facet normal -0.903984 0 0.427566
    outer loop
      vertex -3.08672 -2.54344 81.6499
      vertex -3.23358 -5 81.3394
      vertex -3.08672 -5 81.6499
    endloop
  endfacet
  facet normal -0.740944 0 -0.671566
    outer loop
      vertex -2.70554 -5 77.7796
      vertex -2.47487 -3.13854 77.5251
      vertex -2.47487 -5 77.5251
    endloop
  endfacet
  facet normal -0.741044 2.74716e-05 -0.671456
    outer loop
      vertex -2.47487 -3.13854 77.5251
      vertex -2.70554 -5 77.7796
      vertex -2.53757 -3.09204 77.5943
    endloop
  endfacet
  facet normal -0.740904 0 -0.671611
    outer loop
      vertex -2.53757 -3.09204 77.5943
      vertex -2.70554 -5 77.7796
      vertex -2.70554 -2.93981 77.7796
    endloop
  endfacet
  facet normal -0.740944 0 -0.671566
    outer loop
      vertex -2.47487 3.13854 77.5251
      vertex -2.70554 5 77.7796
      vertex -2.47487 5 77.5251
    endloop
  endfacet
  facet normal -0.741044 -2.74716e-05 -0.671456
    outer loop
      vertex -2.53757 3.09204 77.5943
      vertex -2.70554 5 77.7796
      vertex -2.47487 3.13854 77.5251
    endloop
  endfacet
  facet normal -0.740904 -0 -0.671611
    outer loop
      vertex -2.70554 5 77.7796
      vertex -2.53757 3.09204 77.5943
      vertex -2.70554 2.93981 77.7796
    endloop
  endfacet
  facet normal -0.667188 0.00118258 -0.744888
    outer loop
      vertex -2.47487 5 77.5251
      vertex -2.22038 3.32702 77.2945
      vertex -2.22228 3.32588 77.2962
    endloop
  endfacet
  facet normal -0.671504 -0 -0.741001
    outer loop
      vertex -2.47487 5 77.5251
      vertex -2.22228 3.32588 77.2962
      vertex -2.47487 3.13854 77.5251
    endloop
  endfacet
  facet normal -0.671469 0 -0.741033
    outer loop
      vertex -2.22038 3.32702 77.2945
      vertex -2.47487 5 77.5251
      vertex -2.22038 5 77.2945
    endloop
  endfacet
  facet normal -0.671469 0 -0.741033
    outer loop
      vertex -2.47487 -5 77.5251
      vertex -2.22038 -3.32702 77.2945
      vertex -2.22038 -5 77.2945
    endloop
  endfacet
  facet normal -0.667188 -0.00118258 -0.744888
    outer loop
      vertex -2.22038 -3.32702 77.2945
      vertex -2.47487 -5 77.5251
      vertex -2.22228 -3.32588 77.2962
    endloop
  endfacet
  facet normal -0.671504 0 -0.741001
    outer loop
      vertex -2.22228 -3.32588 77.2962
      vertex -2.47487 -5 77.5251
      vertex -2.47487 -3.13854 77.5251
    endloop
  endfacet
  facet normal -0.989172 0 0.14676
    outer loop
      vertex -3.48315 5 80.3431
      vertex -3.43275 2.04398 80.6828
      vertex -3.43275 5 80.6828
    endloop
  endfacet
  facet normal -0.989172 0 0.14676
    outer loop
      vertex -3.43275 2.04398 80.6828
      vertex -3.48315 5 80.3431
      vertex -3.48315 1.95989 80.3431
    endloop
  endfacet
  facet normal -0.989172 0 0.14676
    outer loop
      vertex -3.48315 -5 80.3431
      vertex -3.43275 -2.04398 80.6828
      vertex -3.48315 -1.95989 80.3431
    endloop
  endfacet
  facet normal -0.989172 0 0.14676
    outer loop
      vertex -3.43275 -2.04398 80.6828
      vertex -3.48315 -5 80.3431
      vertex -3.43275 -5 80.6828
    endloop
  endfacet
  facet normal -0.970033 0 0.242974
    outer loop
      vertex -3.43275 -5 80.6828
      vertex -3.34929 -2.18322 81.016
      vertex -3.43275 -2.04398 80.6828
    endloop
  endfacet
  facet normal -0.970033 0 0.242974
    outer loop
      vertex -3.34929 -2.18322 81.016
      vertex -3.43275 -5 80.6828
      vertex -3.34929 -5 81.016
    endloop
  endfacet
  facet normal -0.970033 0 0.242974
    outer loop
      vertex -3.43275 5 80.6828
      vertex -3.34929 2.18322 81.016
      vertex -3.34929 5 81.016
    endloop
  endfacet
  facet normal -0.970033 0 0.242974
    outer loop
      vertex -3.34929 2.18322 81.016
      vertex -3.43275 5 80.6828
      vertex -3.43275 2.04398 80.6828
    endloop
  endfacet
  facet normal -0.970033 0 -0.242974
    outer loop
      vertex -3.34929 2.18322 78.984
      vertex -3.43275 5 79.3172
      vertex -3.34929 5 78.984
    endloop
  endfacet
  facet normal -0.970033 -0 -0.242974
    outer loop
      vertex -3.43275 5 79.3172
      vertex -3.34929 2.18322 78.984
      vertex -3.43275 2.04398 79.3172
    endloop
  endfacet
  facet normal -0.970033 0 -0.242974
    outer loop
      vertex -3.43275 -5 79.3172
      vertex -3.34929 -2.18322 78.984
      vertex -3.34929 -5 78.984
    endloop
  endfacet
  facet normal -0.970033 0 -0.242974
    outer loop
      vertex -3.34929 -2.18322 78.984
      vertex -3.43275 -5 79.3172
      vertex -3.43275 -2.04398 79.3172
    endloop
  endfacet
  facet normal -0.427574 2.664e-05 -0.90398
    outer loop
      vertex -1.64989 5 76.9133
      vertex -1.33939 3.76398 76.7664
      vertex -1.53073 3.69552 76.8569
    endloop
  endfacet
  facet normal -0.427812 -0 -0.903868
    outer loop
      vertex -1.64989 5 76.9133
      vertex -1.53073 3.69552 76.8569
      vertex -1.64989 3.63916 76.9133
    endloop
  endfacet
  facet normal -0.427661 0 -0.903939
    outer loop
      vertex -1.33939 3.76398 76.7664
      vertex -1.64989 5 76.9133
      vertex -1.33939 5 76.7664
    endloop
  endfacet
  facet normal -0.427661 0 -0.903939
    outer loop
      vertex -1.64989 -5 76.9133
      vertex -1.33939 -3.76398 76.7664
      vertex -1.33939 -5 76.7664
    endloop
  endfacet
  facet normal -0.427574 -2.664e-05 -0.90398
    outer loop
      vertex -1.33939 -3.76398 76.7664
      vertex -1.64989 -5 76.9133
      vertex -1.53073 -3.69552 76.8569
    endloop
  endfacet
  facet normal -0.427812 0 -0.903868
    outer loop
      vertex -1.53073 -3.69552 76.8569
      vertex -1.64989 -5 76.9133
      vertex -1.64989 -3.63916 76.9133
    endloop
  endfacet
  facet normal 0.427812 0 -0.903868
    outer loop
      vertex 1.64989 -5 76.9133
      vertex 1.53073 -3.69552 76.8569
      vertex 1.64989 -3.63916 76.9133
    endloop
  endfacet
  facet normal 0.427661 0 -0.903939
    outer loop
      vertex 1.33939 -3.76398 76.7664
      vertex 1.64989 -5 76.9133
      vertex 1.33939 -5 76.7664
    endloop
  endfacet
  facet normal 0.427574 -2.664e-05 -0.90398
    outer loop
      vertex 1.64989 -5 76.9133
      vertex 1.33939 -3.76398 76.7664
      vertex 1.53073 -3.69552 76.8569
    endloop
  endfacet
  facet normal 0.427812 0 -0.903868
    outer loop
      vertex 1.53073 3.69552 76.8569
      vertex 1.64989 5 76.9133
      vertex 1.64989 3.63916 76.9133
    endloop
  endfacet
  facet normal 0.427574 2.664e-05 -0.90398
    outer loop
      vertex 1.33939 3.76398 76.7664
      vertex 1.64989 5 76.9133
      vertex 1.53073 3.69552 76.8569
    endloop
  endfacet
  facet normal 0.427661 0 -0.903939
    outer loop
      vertex 1.64989 5 76.9133
      vertex 1.33939 3.76398 76.7664
      vertex 1.33939 5 76.7664
    endloop
  endfacet
  facet normal 0.903955 0 -0.427627
    outer loop
      vertex 3.23358 -5 78.6606
      vertex 3.09204 -2.53757 78.3614
      vertex 3.23358 -2.34673 78.6606
    endloop
  endfacet
  facet normal 0.904699 0.000234205 -0.426051
    outer loop
      vertex 3.23358 -5 78.6606
      vertex 3.08672 -2.54344 78.3501
      vertex 3.09204 -2.53757 78.3614
    endloop
  endfacet
  facet normal 0.903984 0 -0.427566
    outer loop
      vertex 3.08672 -2.54344 78.3501
      vertex 3.23358 -5 78.6606
      vertex 3.08672 -5 78.3501
    endloop
  endfacet
  facet normal 0.903984 0 -0.427566
    outer loop
      vertex 3.23358 5 78.6606
      vertex 3.08672 2.54344 78.3501
      vertex 3.08672 5 78.3501
    endloop
  endfacet
  facet normal 0.904699 -0.000234205 -0.426051
    outer loop
      vertex 3.23358 5 78.6606
      vertex 3.09204 2.53757 78.3614
      vertex 3.08672 2.54344 78.3501
    endloop
  endfacet
  facet normal 0.903955 0 -0.427627
    outer loop
      vertex 3.09204 2.53757 78.3614
      vertex 3.23358 5 78.6606
      vertex 3.23358 2.34673 78.6606
    endloop
  endfacet
  facet normal -0.941548 0 0.336879
    outer loop
      vertex -3.34929 5 81.016
      vertex -3.23358 2.34673 81.3394
      vertex -3.23358 5 81.3394
    endloop
  endfacet
  facet normal -0.941559 -4.3649e-06 0.336847
    outer loop
      vertex -3.34929 5 81.016
      vertex -3.32588 2.22228 81.0814
      vertex -3.23358 2.34673 81.3394
    endloop
  endfacet
  facet normal -0.941501 0 0.337011
    outer loop
      vertex -3.32588 2.22228 81.0814
      vertex -3.34929 5 81.016
      vertex -3.34929 2.18322 81.016
    endloop
  endfacet
  facet normal -0.941501 0 0.337011
    outer loop
      vertex -3.34929 -5 81.016
      vertex -3.32588 -2.22228 81.0814
      vertex -3.34929 -2.18322 81.016
    endloop
  endfacet
  facet normal -0.941559 4.3649e-06 0.336847
    outer loop
      vertex -3.34929 -5 81.016
      vertex -3.23358 -2.34673 81.3394
      vertex -3.32588 -2.22228 81.0814
    endloop
  endfacet
  facet normal -0.941548 0 0.336879
    outer loop
      vertex -3.23358 -2.34673 81.3394
      vertex -3.34929 -5 81.016
      vertex -3.23358 -5 81.3394
    endloop
  endfacet
  facet normal 0.242821 0 0.970071
    outer loop
      vertex 0.682816 5 83.4327
      vertex 1.016 -5 83.3493
      vertex 1.016 5 83.3493
    endloop
  endfacet
  facet normal 0.242821 0 0.970071
    outer loop
      vertex 1.016 -5 83.3493
      vertex 0.682816 5 83.4327
      vertex 0.682816 -5 83.4327
    endloop
  endfacet
  facet normal 0.595687 0 -0.803217
    outer loop
      vertex 1.9445 3.49238 77.0899
      vertex 2.22038 5 77.2945
      vertex 2.22038 3.32702 77.2945
    endloop
  endfacet
  facet normal 0.595687 0 -0.803217
    outer loop
      vertex 2.22038 5 77.2945
      vertex 1.9445 3.49238 77.0899
      vertex 1.9445 5 77.0899
    endloop
  endfacet
  facet normal 0.595687 0 -0.803217
    outer loop
      vertex 1.9445 -3.49238 77.0899
      vertex 2.22038 -5 77.2945
      vertex 1.9445 -5 77.0899
    endloop
  endfacet
  facet normal 0.595687 0 -0.803217
    outer loop
      vertex 2.22038 -5 77.2945
      vertex 1.9445 -3.49238 77.0899
      vertex 2.22038 -3.32702 77.2945
    endloop
  endfacet
  facet normal 0 1 0
    outer loop
      vertex 0.34306 5 83.4831
      vertex -0.34306 5 83.4831
      vertex 0 5 83.5
    endloop
  endfacet
  facet normal 0 1 0
    outer loop
      vertex 0.682816 5 83.4327
      vertex -0.34306 5 83.4831
      vertex 0.34306 5 83.4831
    endloop
  endfacet
  facet normal 0 1 0
    outer loop
      vertex 0.682816 5 83.4327
      vertex -0.682816 5 83.4327
      vertex -0.34306 5 83.4831
    endloop
  endfacet
  facet normal 0 1 0
    outer loop
      vertex 1.016 5 83.3493
      vertex -0.682816 5 83.4327
      vertex 0.682816 5 83.4327
    endloop
  endfacet
  facet normal 0 1 0
    outer loop
      vertex 1.016 5 83.3493
      vertex -1.016 5 83.3493
      vertex -0.682816 5 83.4327
    endloop
  endfacet
  facet normal 0 1 0
    outer loop
      vertex 1.33939 5 83.2336
      vertex -1.016 5 83.3493
      vertex 1.016 5 83.3493
    endloop
  endfacet
  facet normal 0 1 0
    outer loop
      vertex 1.33939 5 83.2336
      vertex -1.33939 5 83.2336
      vertex -1.016 5 83.3493
    endloop
  endfacet
  facet normal 0 1 0
    outer loop
      vertex 1.64989 5 83.0867
      vertex -1.33939 5 83.2336
      vertex 1.33939 5 83.2336
    endloop
  endfacet
  facet normal 0 1 0
    outer loop
      vertex 1.64989 5 83.0867
      vertex -1.64989 5 83.0867
      vertex -1.33939 5 83.2336
    endloop
  endfacet
  facet normal 0 1 0
    outer loop
      vertex 1.9445 5 82.9101
      vertex -1.64989 5 83.0867
      vertex 1.64989 5 83.0867
    endloop
  endfacet
  facet normal 0 1 0
    outer loop
      vertex 1.9445 5 82.9101
      vertex -1.9445 5 82.9101
      vertex -1.64989 5 83.0867
    endloop
  endfacet
  facet normal 0 1 0
    outer loop
      vertex 2.22038 5 82.7055
      vertex -1.9445 5 82.9101
      vertex 1.9445 5 82.9101
    endloop
  endfacet
  facet normal 0 1 0
    outer loop
      vertex 2.22038 5 82.7055
      vertex -2.22038 5 82.7055
      vertex -1.9445 5 82.9101
    endloop
  endfacet
  facet normal 0 1 0
    outer loop
      vertex 2.47487 5 82.4749
      vertex -2.22038 5 82.7055
      vertex 2.22038 5 82.7055
    endloop
  endfacet
  facet normal 0 1 0
    outer loop
      vertex 2.47487 5 82.4749
      vertex -2.47487 5 82.4749
      vertex -2.22038 5 82.7055
    endloop
  endfacet
  facet normal 0 1 0
    outer loop
      vertex 2.70554 5 82.2204
      vertex -2.47487 5 82.4749
      vertex 2.47487 5 82.4749
    endloop
  endfacet
  facet normal 0 1 0
    outer loop
      vertex 2.70554 5 82.2204
      vertex -2.70554 5 82.2204
      vertex -2.47487 5 82.4749
    endloop
  endfacet
  facet normal 0 1 0
    outer loop
      vertex 2.91014 5 81.9445
      vertex -2.70554 5 82.2204
      vertex 2.70554 5 82.2204
    endloop
  endfacet
  facet normal 0 1 0
    outer loop
      vertex 2.91014 5 81.9445
      vertex -2.91014 5 81.9445
      vertex -2.70554 5 82.2204
    endloop
  endfacet
  facet normal 0 1 0
    outer loop
      vertex 3.08672 5 81.6499
      vertex -2.91014 5 81.9445
      vertex 2.91014 5 81.9445
    endloop
  endfacet
  facet normal 0 1 0
    outer loop
      vertex 3.08672 5 81.6499
      vertex -3.08672 5 81.6499
      vertex -2.91014 5 81.9445
    endloop
  endfacet
  facet normal 0 1 0
    outer loop
      vertex 3.23358 5 81.3394
      vertex -3.08672 5 81.6499
      vertex 3.08672 5 81.6499
    endloop
  endfacet
  facet normal 0 1 0
    outer loop
      vertex 3.23358 5 81.3394
      vertex -3.23358 5 81.3394
      vertex -3.08672 5 81.6499
    endloop
  endfacet
  facet normal 0 1 0
    outer loop
      vertex 3.34929 5 81.016
      vertex -3.23358 5 81.3394
      vertex 3.23358 5 81.3394
    endloop
  endfacet
  facet normal 0 1 0
    outer loop
      vertex 3.34929 5 81.016
      vertex -3.34929 5 81.016
      vertex -3.23358 5 81.3394
    endloop
  endfacet
  facet normal 0 1 0
    outer loop
      vertex 3.43275 5 80.6828
      vertex -3.34929 5 81.016
      vertex 3.34929 5 81.016
    endloop
  endfacet
  facet normal 0 1 0
    outer loop
      vertex 3.43275 5 80.6828
      vertex -3.43275 5 80.6828
      vertex -3.34929 5 81.016
    endloop
  endfacet
  facet normal 0 1 0
    outer loop
      vertex 3.48315 5 80.3431
      vertex -3.43275 5 80.6828
      vertex 3.43275 5 80.6828
    endloop
  endfacet
  facet normal 0 1 0
    outer loop
      vertex 3.48315 5 80.3431
      vertex -3.48315 5 80.3431
      vertex -3.43275 5 80.6828
    endloop
  endfacet
  facet normal 0 1 0
    outer loop
      vertex 3.5 5 80
      vertex -3.48315 5 80.3431
      vertex 3.48315 5 80.3431
    endloop
  endfacet
  facet normal 0 1 0
    outer loop
      vertex 3.5 5 80
      vertex -3.5 5 80
      vertex -3.48315 5 80.3431
    endloop
  endfacet
  facet normal 0 1 -0
    outer loop
      vertex 3.48315 5 79.6569
      vertex -3.5 5 80
      vertex 3.5 5 80
    endloop
  endfacet
  facet normal 0 1 0
    outer loop
      vertex 3.48315 5 79.6569
      vertex -3.48315 5 79.6569
      vertex -3.5 5 80
    endloop
  endfacet
  facet normal 0 1 -0
    outer loop
      vertex 3.43275 5 79.3172
      vertex -3.48315 5 79.6569
      vertex 3.48315 5 79.6569
    endloop
  endfacet
  facet normal 0 1 0
    outer loop
      vertex 3.43275 5 79.3172
      vertex -3.43275 5 79.3172
      vertex -3.48315 5 79.6569
    endloop
  endfacet
  facet normal 0 1 -0
    outer loop
      vertex 3.34929 5 78.984
      vertex -3.43275 5 79.3172
      vertex 3.43275 5 79.3172
    endloop
  endfacet
  facet normal 0 1 0
    outer loop
      vertex 3.34929 5 78.984
      vertex -3.34929 5 78.984
      vertex -3.43275 5 79.3172
    endloop
  endfacet
  facet normal 0 1 -0
    outer loop
      vertex 3.23358 5 78.6606
      vertex -3.34929 5 78.984
      vertex 3.34929 5 78.984
    endloop
  endfacet
  facet normal 0 1 0
    outer loop
      vertex 3.23358 5 78.6606
      vertex -3.23358 5 78.6606
      vertex -3.34929 5 78.984
    endloop
  endfacet
  facet normal 0 1 -0
    outer loop
      vertex 3.08672 5 78.3501
      vertex -3.23358 5 78.6606
      vertex 3.23358 5 78.6606
    endloop
  endfacet
  facet normal 0 1 0
    outer loop
      vertex 3.08672 5 78.3501
      vertex -3.08672 5 78.3501
      vertex -3.23358 5 78.6606
    endloop
  endfacet
  facet normal 0 1 -0
    outer loop
      vertex 2.91014 5 78.0555
      vertex -3.08672 5 78.3501
      vertex 3.08672 5 78.3501
    endloop
  endfacet
  facet normal 0 1 0
    outer loop
      vertex 2.91014 5 78.0555
      vertex -2.91014 5 78.0555
      vertex -3.08672 5 78.3501
    endloop
  endfacet
  facet normal 0 1 -0
    outer loop
      vertex 2.70554 5 77.7796
      vertex -2.91014 5 78.0555
      vertex 2.91014 5 78.0555
    endloop
  endfacet
  facet normal 0 1 0
    outer loop
      vertex 2.70554 5 77.7796
      vertex -2.70554 5 77.7796
      vertex -2.91014 5 78.0555
    endloop
  endfacet
  facet normal 0 1 -0
    outer loop
      vertex 2.47487 5 77.5251
      vertex -2.70554 5 77.7796
      vertex 2.70554 5 77.7796
    endloop
  endfacet
  facet normal 0 1 0
    outer loop
      vertex 2.47487 5 77.5251
      vertex -2.47487 5 77.5251
      vertex -2.70554 5 77.7796
    endloop
  endfacet
  facet normal 0 1 -0
    outer loop
      vertex 2.22038 5 77.2945
      vertex -2.47487 5 77.5251
      vertex 2.47487 5 77.5251
    endloop
  endfacet
  facet normal 0 1 0
    outer loop
      vertex 2.22038 5 77.2945
      vertex -2.22038 5 77.2945
      vertex -2.47487 5 77.5251
    endloop
  endfacet
  facet normal 0 1 -0
    outer loop
      vertex 1.9445 5 77.0899
      vertex -2.22038 5 77.2945
      vertex 2.22038 5 77.2945
    endloop
  endfacet
  facet normal 0 1 0
    outer loop
      vertex 1.9445 5 77.0899
      vertex -1.9445 5 77.0899
      vertex -2.22038 5 77.2945
    endloop
  endfacet
  facet normal 0 1 -0
    outer loop
      vertex 1.64989 5 76.9133
      vertex -1.9445 5 77.0899
      vertex 1.9445 5 77.0899
    endloop
  endfacet
  facet normal 0 1 0
    outer loop
      vertex 1.64989 5 76.9133
      vertex -1.64989 5 76.9133
      vertex -1.9445 5 77.0899
    endloop
  endfacet
  facet normal 0 1 -0
    outer loop
      vertex 1.33939 5 76.7664
      vertex -1.64989 5 76.9133
      vertex 1.64989 5 76.9133
    endloop
  endfacet
  facet normal 0 1 0
    outer loop
      vertex 1.33939 5 76.7664
      vertex -1.33939 5 76.7664
      vertex -1.64989 5 76.9133
    endloop
  endfacet
  facet normal 0 1 -0
    outer loop
      vertex 1.016 5 76.6507
      vertex -1.33939 5 76.7664
      vertex 1.33939 5 76.7664
    endloop
  endfacet
  facet normal 0 1 0
    outer loop
      vertex 1.016 5 76.6507
      vertex -1.016 5 76.6507
      vertex -1.33939 5 76.7664
    endloop
  endfacet
  facet normal 0 1 -0
    outer loop
      vertex 0.682816 5 76.5673
      vertex -1.016 5 76.6507
      vertex 1.016 5 76.6507
    endloop
  endfacet
  facet normal 0 1 0
    outer loop
      vertex 0.682816 5 76.5673
      vertex -0.682816 5 76.5673
      vertex -1.016 5 76.6507
    endloop
  endfacet
  facet normal 0 1 -0
    outer loop
      vertex 0.34306 5 76.5169
      vertex -0.682816 5 76.5673
      vertex 0.682816 5 76.5673
    endloop
  endfacet
  facet normal 0 1 0
    outer loop
      vertex 0.34306 5 76.5169
      vertex -0.34306 5 76.5169
      vertex -0.682816 5 76.5673
    endloop
  endfacet
  facet normal -0 1 0
    outer loop
      vertex -0.34306 5 76.5169
      vertex 0.34306 5 76.5169
      vertex 0 5 76.5
    endloop
  endfacet
  facet normal 0.0492029 0 -0.998789
    outer loop
      vertex 0 -4 76.5
      vertex 0.34306 -5 76.5169
      vertex 0 -5 76.5
    endloop
  endfacet
  facet normal 0.0492029 0 -0.998789
    outer loop
      vertex 0.34306 -5 76.5169
      vertex 0 -4 76.5
      vertex 0.34306 -3.98315 76.5169
    endloop
  endfacet
  facet normal 0.0492029 0 -0.998789
    outer loop
      vertex 0 4 76.5
      vertex 0.34306 5 76.5169
      vertex 0.34306 3.98315 76.5169
    endloop
  endfacet
  facet normal 0.0492029 0 -0.998789
    outer loop
      vertex 0.34306 5 76.5169
      vertex 0 4 76.5
      vertex 0 5 76.5
    endloop
  endfacet
  facet normal -0.145355 0 -0.98938
    outer loop
      vertex -0.392068 3.98074 76.5241
      vertex -0.34306 5 76.5169
      vertex -0.34306 3.98315 76.5169
    endloop
  endfacet
  facet normal -0.146969 -0 -0.989141
    outer loop
      vertex -0.682816 5 76.5673
      vertex -0.392068 3.98074 76.5241
      vertex -0.682816 3.93761 76.5673
    endloop
  endfacet
  facet normal -0.146736 6.78684e-05 -0.989176
    outer loop
      vertex -0.392068 3.98074 76.5241
      vertex -0.682816 5 76.5673
      vertex -0.34306 5 76.5169
    endloop
  endfacet
  facet normal -0.145355 0 -0.98938
    outer loop
      vertex -0.34306 -5 76.5169
      vertex -0.392068 -3.98074 76.5241
      vertex -0.34306 -3.98315 76.5169
    endloop
  endfacet
  facet normal -0.146736 -6.78684e-05 -0.989176
    outer loop
      vertex -0.682816 -5 76.5673
      vertex -0.392068 -3.98074 76.5241
      vertex -0.34306 -5 76.5169
    endloop
  endfacet
  facet normal -0.146969 0 -0.989141
    outer loop
      vertex -0.392068 -3.98074 76.5241
      vertex -0.682816 -5 76.5673
      vertex -0.682816 -3.93761 76.5673
    endloop
  endfacet
  facet normal -0.998796 0 0.0490519
    outer loop
      vertex -3.5 5 80
      vertex -3.48315 1.95989 80.3431
      vertex -3.48315 5 80.3431
    endloop
  endfacet
  facet normal -0.998796 0 0.0490519
    outer loop
      vertex -3.48315 1.95989 80.3431
      vertex -3.5 5 80
      vertex -3.5 1.93178 80
    endloop
  endfacet
  facet normal -0.998796 0 0.0490519
    outer loop
      vertex -3.5 -5 80
      vertex -3.48315 -1.95989 80.3431
      vertex -3.5 -1.93178 80
    endloop
  endfacet
  facet normal -0.998796 0 0.0490519
    outer loop
      vertex -3.48315 -1.95989 80.3431
      vertex -3.5 -5 80
      vertex -3.48315 -5 80.3431
    endloop
  endfacet
  facet normal 0.740904 0 -0.671611
    outer loop
      vertex 2.70554 -5 77.7796
      vertex 2.53757 -3.09204 77.5943
      vertex 2.70554 -2.93981 77.7796
    endloop
  endfacet
  facet normal 0.741044 2.74716e-05 -0.671456
    outer loop
      vertex 2.70554 -5 77.7796
      vertex 2.47487 -3.13854 77.5251
      vertex 2.53757 -3.09204 77.5943
    endloop
  endfacet
  facet normal 0.740944 0 -0.671566
    outer loop
      vertex 2.47487 -3.13854 77.5251
      vertex 2.70554 -5 77.7796
      vertex 2.47487 -5 77.5251
    endloop
  endfacet
  facet normal 0.740944 0 -0.671566
    outer loop
      vertex 2.70554 5 77.7796
      vertex 2.47487 3.13854 77.5251
      vertex 2.47487 5 77.5251
    endloop
  endfacet
  facet normal 0.741044 -2.74716e-05 -0.671456
    outer loop
      vertex 2.70554 5 77.7796
      vertex 2.53757 3.09204 77.5943
      vertex 2.47487 3.13854 77.5251
    endloop
  endfacet
  facet normal 0.740904 0 -0.671611
    outer loop
      vertex 2.53757 3.09204 77.5943
      vertex 2.70554 5 77.7796
      vertex 2.70554 2.93981 77.7796
    endloop
  endfacet
  facet normal 0.787647 -0.584158 -0.195889
    outer loop
      vertex 5.87488 -4.82139 -65
      vertex 4.63806 -3.80636 -73
      vertex 6.24902 -4.31692 -65
    endloop
  endfacet
  facet normal 0.143893 -0.970012 -0.195888
    outer loop
      vertex 0.588102 -5.97111 -73
      vertex 0.861418 -7.54612 -65
      vertex 0.74493 -7.5634 -65
    endloop
  endfacet
  facet normal 0.143893 -0.970012 -0.195888
    outer loop
      vertex 0.861418 -7.54612 -65
      vertex 0.588102 -5.97111 -73
      vertex 1.17054 -5.88471 -73
    endloop
  endfacet
  facet normal 0.330357 -0.923305 -0.195889
    outer loop
      vertex 2.2961 -5.54328 -73
      vertex 2.79752 -7.06116 -65
      vertex 1.74171 -5.74164 -73
    endloop
  endfacet
  facet normal 0.330437 -0.923276 -0.195889
    outer loop
      vertex 2.79752 -7.06116 -65
      vertex 2.2961 -5.54328 -73
      vertex 2.90839 -7.02148 -65
    endloop
  endfacet
  facet normal -0.143877 0.970014 -0.195889
    outer loop
      vertex -1.17054 5.88471 -73
      vertex -1.48269 7.45397 -65
      vertex -0.861418 7.54612 -65
    endloop
  endfacet
  facet normal 0.979445 0.0481206 -0.195889
    outer loop
      vertex 7.6 0 -65
      vertex 6 0 -73
      vertex 7.56918 0.627309 -65
    endloop
  endfacet
  facet normal 0.979444 0.0481308 -0.195888
    outer loop
      vertex 7.56918 0.627309 -65
      vertex 5.97111 0.588102 -73
      vertex 7.5634 0.74493 -65
    endloop
  endfacet
  facet normal 0.979445 0.0481144 -0.195889
    outer loop
      vertex 5.97111 0.588102 -73
      vertex 7.56918 0.627309 -65
      vertex 6 0 -73
    endloop
  endfacet
  facet normal -0.787647 -0.584158 -0.195889
    outer loop
      vertex -5.87488 -4.82139 -65
      vertex -6.24902 -4.31692 -65
      vertex -4.63806 -3.80636 -73
    endloop
  endfacet
  facet normal 0.0481206 -0.979445 -0.195889
    outer loop
      vertex 0.627309 -7.56918 -65
      vertex 0 -7.6 -65
      vertex 0 -6 -73
    endloop
  endfacet
  facet normal 0.970014 -0.143877 -0.195889
    outer loop
      vertex 7.45397 -1.48269 -65
      vertex 5.88471 -1.17054 -73
      vertex 7.54612 -0.861418 -65
    endloop
  endfacet
  facet normal 0.886476 -0.419271 -0.195888
    outer loop
      vertex 6.7026 -3.58261 -65
      vertex 5.29153 -2.82838 -73
      vertex 6.97113 -3.01485 -65
    endloop
  endfacet
  facet normal -0.143893 0.970012 -0.195888
    outer loop
      vertex -0.588102 5.97111 -73
      vertex -0.861418 7.54612 -65
      vertex -0.74493 7.5634 -65
    endloop
  endfacet
  facet normal -0.143893 0.970012 -0.195888
    outer loop
      vertex -0.861418 7.54612 -65
      vertex -0.588102 5.97111 -73
      vertex -1.17054 5.88471 -73
    endloop
  endfacet
  facet normal -0.419271 -0.886476 -0.195888
    outer loop
      vertex -3.01485 -6.97113 -65
      vertex -3.58261 -6.7026 -65
      vertex -2.82838 -5.29153 -73
    endloop
  endfacet
  facet normal -0.979445 -0.0481206 -0.195889
    outer loop
      vertex -7.56918 -0.627309 -65
      vertex -7.6 0 -65
      vertex -6 0 -73
    endloop
  endfacet
  facet normal 0.238327 0.951225 -0.195885
    outer loop
      vertex 1.74171 5.74164 -73
      vertex 1.48269 7.45397 -65
      vertex 1.59692 7.42535 -65
    endloop
  endfacet
  facet normal 0.238272 0.951238 -0.19589
    outer loop
      vertex 1.48269 7.45397 -65
      vertex 1.74171 5.74164 -73
      vertex 1.17054 5.88471 -73
    endloop
  endfacet
  facet normal 0.726597 -0.658547 -0.195889
    outer loop
      vertex 5.87488 -4.82139 -65
      vertex 4.24264 -4.24264 -73
      vertex 4.63806 -3.80636 -73
    endloop
  endfacet
  facet normal 0.72655 -0.6586 -0.195884
    outer loop
      vertex 4.24264 -4.24264 -73
      vertex 5.87488 -4.82139 -65
      vertex 5.79579 -4.90864 -65
    endloop
  endfacet
  facet normal -0.787647 0.584158 -0.195889
    outer loop
      vertex -4.63806 3.80636 -73
      vertex -6.24902 4.31692 -65
      vertex -5.87488 4.82139 -65
    endloop
  endfacet
  facet normal 0.419272 -0.886475 -0.195888
    outer loop
      vertex 2.82838 -5.29153 -73
      vertex 2.90839 -7.02148 -65
      vertex 2.2961 -5.54328 -73
    endloop
  endfacet
  facet normal 0.419259 -0.886481 -0.195889
    outer loop
      vertex 2.90839 -7.02148 -65
      vertex 2.82838 -5.29153 -73
      vertex 3.01485 -6.97113 -65
    endloop
  endfacet
  facet normal 0.504142 0.841111 -0.195889
    outer loop
      vertex 4.22233 6.31917 -65
      vertex 3.33342 4.98882 -73
      vertex 3.68362 6.64206 -65
    endloop
  endfacet
  facet normal -0.726597 -0.658547 -0.195889
    outer loop
      vertex -4.24264 -4.24264 -73
      vertex -5.87488 -4.82139 -65
      vertex -4.63806 -3.80636 -73
    endloop
  endfacet
  facet normal -0.72655 -0.6586 -0.195884
    outer loop
      vertex -5.87488 -4.82139 -65
      vertex -4.24264 -4.24264 -73
      vertex -5.79579 -4.90864 -65
    endloop
  endfacet
  facet normal 0.658542 0.726601 -0.195889
    outer loop
      vertex 5.37401 5.37401 -65
      vertex 4.24264 4.24264 -73
      vertex 4.90864 5.79579 -65
    endloop
  endfacet
  facet normal 0.238263 -0.95124 -0.195889
    outer loop
      vertex 2.20616 -7.27275 -65
      vertex 1.59692 -7.42535 -65
      vertex 1.74171 -5.74164 -73
    endloop
  endfacet
  facet normal 0.143877 0.970014 -0.195889
    outer loop
      vertex 1.17054 5.88471 -73
      vertex 0.861418 7.54612 -65
      vertex 1.48269 7.45397 -65
    endloop
  endfacet
  facet normal 0.0481144 -0.979445 -0.195889
    outer loop
      vertex 0.588102 -5.97111 -73
      vertex 0.627309 -7.56918 -65
      vertex 0 -6 -73
    endloop
  endfacet
  facet normal 0.0481308 -0.979444 -0.195888
    outer loop
      vertex 0.627309 -7.56918 -65
      vertex 0.588102 -5.97111 -73
      vertex 0.74493 -7.5634 -65
    endloop
  endfacet
  facet normal -0.726601 -0.658542 -0.195889
    outer loop
      vertex -5.37401 -5.37401 -65
      vertex -5.79579 -4.90864 -65
      vertex -4.24264 -4.24264 -73
    endloop
  endfacet
  facet normal 0.0481308 0.979444 -0.195888
    outer loop
      vertex 0.588102 5.97111 -73
      vertex 0.627309 7.56918 -65
      vertex 0.74493 7.5634 -65
    endloop
  endfacet
  facet normal 0.0481144 0.979445 -0.195889
    outer loop
      vertex 0.627309 7.56918 -65
      vertex 0.588102 5.97111 -73
      vertex 0 6 -73
    endloop
  endfacet
  facet normal 0.841111 -0.504143 -0.195888
    outer loop
      vertex 6.7026 -3.58261 -65
      vertex 4.98882 -3.33342 -73
      vertex 5.29153 -2.82838 -73
    endloop
  endfacet
  facet normal 0.841122 -0.504124 -0.19589
    outer loop
      vertex 4.98882 -3.33342 -73
      vertex 6.7026 -3.58261 -65
      vertex 6.64206 -3.68362 -65
    endloop
  endfacet
  facet normal -0.951238 -0.238272 -0.19589
    outer loop
      vertex -5.74164 -1.74171 -73
      vertex -7.45397 -1.48269 -65
      vertex -5.88471 -1.17054 -73
    endloop
  endfacet
  facet normal -0.951225 -0.238327 -0.195885
    outer loop
      vertex -7.45397 -1.48269 -65
      vertex -5.74164 -1.74171 -73
      vertex -7.42535 -1.59692 -65
    endloop
  endfacet
  facet normal -0.504143 0.841111 -0.195888
    outer loop
      vertex -3.33342 4.98882 -73
      vertex -3.58261 6.7026 -65
      vertex -2.82838 5.29153 -73
    endloop
  endfacet
  facet normal -0.504124 0.841122 -0.19589
    outer loop
      vertex -3.58261 6.7026 -65
      vertex -3.33342 4.98882 -73
      vertex -3.68362 6.64206 -65
    endloop
  endfacet
  facet normal -0.886476 -0.419271 -0.195888
    outer loop
      vertex -6.7026 -3.58261 -65
      vertex -6.97113 -3.01485 -65
      vertex -5.29153 -2.82838 -73
    endloop
  endfacet
  facet normal -0.0481144 0.979445 -0.195889
    outer loop
      vertex -0.588102 5.97111 -73
      vertex -0.627309 7.56918 -65
      vertex 0 6 -73
    endloop
  endfacet
  facet normal -0.0481308 0.979444 -0.195888
    outer loop
      vertex -0.627309 7.56918 -65
      vertex -0.588102 5.97111 -73
      vertex -0.74493 7.5634 -65
    endloop
  endfacet
  facet normal -0.787643 -0.584162 -0.195889
    outer loop
      vertex -4.63806 -3.80636 -73
      vertex -6.31917 -4.22233 -65
      vertex -4.98882 -3.33342 -73
    endloop
  endfacet
  facet normal -0.787657 -0.584143 -0.19589
    outer loop
      vertex -6.31917 -4.22233 -65
      vertex -4.63806 -3.80636 -73
      vertex -6.24902 -4.31692 -65
    endloop
  endfacet
  facet normal -0.143893 -0.970012 -0.195888
    outer loop
      vertex -0.588102 -5.97111 -73
      vertex -0.861418 -7.54612 -65
      vertex -1.17054 -5.88471 -73
    endloop
  endfacet
  facet normal -0.143893 -0.970012 -0.195888
    outer loop
      vertex -0.861418 -7.54612 -65
      vertex -0.588102 -5.97111 -73
      vertex -0.74493 -7.5634 -65
    endloop
  endfacet
  facet normal 0.841111 -0.504142 -0.195889
    outer loop
      vertex 6.31917 -4.22233 -65
      vertex 4.98882 -3.33342 -73
      vertex 6.64206 -3.68362 -65
    endloop
  endfacet
  facet normal -0.970014 0.143877 -0.195889
    outer loop
      vertex -5.88471 1.17054 -73
      vertex -7.54612 0.861418 -65
      vertex -7.45397 1.48269 -65
    endloop
  endfacet
  facet normal 0.726601 -0.658542 -0.195889
    outer loop
      vertex 5.37401 -5.37401 -65
      vertex 4.24264 -4.24264 -73
      vertex 5.79579 -4.90864 -65
    endloop
  endfacet
  facet normal 0.979445 -0.0481144 -0.195889
    outer loop
      vertex 7.56918 -0.627309 -65
      vertex 5.97111 -0.588102 -73
      vertex 6 0 -73
    endloop
  endfacet
  facet normal 0.979444 -0.0481308 -0.195888
    outer loop
      vertex 5.97111 -0.588102 -73
      vertex 7.56918 -0.627309 -65
      vertex 7.5634 -0.74493 -65
    endloop
  endfacet
  facet normal 0.923305 -0.330357 -0.195889
    outer loop
      vertex 7.06116 -2.79752 -65
      vertex 5.54328 -2.2961 -73
      vertex 5.74164 -1.74171 -73
    endloop
  endfacet
  facet normal 0.923276 -0.330437 -0.195889
    outer loop
      vertex 5.54328 -2.2961 -73
      vertex 7.06116 -2.79752 -65
      vertex 7.02148 -2.90839 -65
    endloop
  endfacet
  facet normal -0.33036 0.923304 -0.195889
    outer loop
      vertex -1.74171 5.74164 -73
      vertex -2.79752 7.06116 -65
      vertex -2.20616 7.27275 -65
    endloop
  endfacet
  facet normal 0.979445 -0.0481206 -0.195889
    outer loop
      vertex 7.56918 -0.627309 -65
      vertex 6 0 -73
      vertex 7.6 0 -65
    endloop
  endfacet
  facet normal -0.886475 -0.419272 -0.195888
    outer loop
      vertex -5.29153 -2.82838 -73
      vertex -7.02148 -2.90839 -65
      vertex -5.54328 -2.2961 -73
    endloop
  endfacet
  facet normal -0.886481 -0.419259 -0.195889
    outer loop
      vertex -7.02148 -2.90839 -65
      vertex -5.29153 -2.82838 -73
      vertex -6.97113 -3.01485 -65
    endloop
  endfacet
  facet normal 0.33036 -0.923304 -0.195889
    outer loop
      vertex 2.20616 -7.27275 -65
      vertex 1.74171 -5.74164 -73
      vertex 2.79752 -7.06116 -65
    endloop
  endfacet
  facet normal 0 0 -1
    outer loop
      vertex 5.97111 -0.588102 -73
      vertex 5.97111 0.588102 -73
      vertex 6 0 -73
    endloop
  endfacet
  facet normal 0 0 -1
    outer loop
      vertex 5.88471 -1.17054 -73
      vertex 5.97111 0.588102 -73
      vertex 5.97111 -0.588102 -73
    endloop
  endfacet
  facet normal 0 0 -1
    outer loop
      vertex 5.88471 -1.17054 -73
      vertex 5.88471 1.17054 -73
      vertex 5.97111 0.588102 -73
    endloop
  endfacet
  facet normal 0 0 -1
    outer loop
      vertex 5.74164 -1.74171 -73
      vertex 5.88471 1.17054 -73
      vertex 5.88471 -1.17054 -73
    endloop
  endfacet
  facet normal 0 0 -1
    outer loop
      vertex 5.74164 -1.74171 -73
      vertex 5.74164 1.74171 -73
      vertex 5.88471 1.17054 -73
    endloop
  endfacet
  facet normal 0 0 -1
    outer loop
      vertex 5.54328 -2.2961 -73
      vertex 5.74164 1.74171 -73
      vertex 5.74164 -1.74171 -73
    endloop
  endfacet
  facet normal 0 0 -1
    outer loop
      vertex 5.54328 -2.2961 -73
      vertex 5.54328 2.2961 -73
      vertex 5.74164 1.74171 -73
    endloop
  endfacet
  facet normal 0 0 -1
    outer loop
      vertex 5.29153 -2.82838 -73
      vertex 5.54328 2.2961 -73
      vertex 5.54328 -2.2961 -73
    endloop
  endfacet
  facet normal 0 0 -1
    outer loop
      vertex 5.29153 -2.82838 -73
      vertex 5.29153 2.82838 -73
      vertex 5.54328 2.2961 -73
    endloop
  endfacet
  facet normal 0 0 -1
    outer loop
      vertex 4.98882 -3.33342 -73
      vertex 5.29153 2.82838 -73
      vertex 5.29153 -2.82838 -73
    endloop
  endfacet
  facet normal 0 0 -1
    outer loop
      vertex 4.98882 -3.33342 -73
      vertex 4.98882 3.33342 -73
      vertex 5.29153 2.82838 -73
    endloop
  endfacet
  facet normal 0 0 -1
    outer loop
      vertex 4.63806 -3.80636 -73
      vertex 4.98882 3.33342 -73
      vertex 4.98882 -3.33342 -73
    endloop
  endfacet
  facet normal 0 0 -1
    outer loop
      vertex 4.63806 -3.80636 -73
      vertex 4.63806 3.80636 -73
      vertex 4.98882 3.33342 -73
    endloop
  endfacet
  facet normal 0 0 -1
    outer loop
      vertex 4.24264 -4.24264 -73
      vertex 4.63806 3.80636 -73
      vertex 4.63806 -3.80636 -73
    endloop
  endfacet
  facet normal 0 0 -1
    outer loop
      vertex 4.24264 -4.24264 -73
      vertex 4.24264 4.24264 -73
      vertex 4.63806 3.80636 -73
    endloop
  endfacet
  facet normal 0 0 -1
    outer loop
      vertex 3.80636 -4.63806 -73
      vertex 4.24264 4.24264 -73
      vertex 4.24264 -4.24264 -73
    endloop
  endfacet
  facet normal 0 0 -1
    outer loop
      vertex 3.80636 -4.63806 -73
      vertex 3.80636 4.63806 -73
      vertex 4.24264 4.24264 -73
    endloop
  endfacet
  facet normal 0 0 -1
    outer loop
      vertex 3.33342 -4.98882 -73
      vertex 3.80636 4.63806 -73
      vertex 3.80636 -4.63806 -73
    endloop
  endfacet
  facet normal 0 0 -1
    outer loop
      vertex 3.33342 -4.98882 -73
      vertex 3.33342 4.98882 -73
      vertex 3.80636 4.63806 -73
    endloop
  endfacet
  facet normal 0 0 -1
    outer loop
      vertex 2.82838 -5.29153 -73
      vertex 3.33342 4.98882 -73
      vertex 3.33342 -4.98882 -73
    endloop
  endfacet
  facet normal 0 0 -1
    outer loop
      vertex 2.82838 -5.29153 -73
      vertex 2.82838 5.29153 -73
      vertex 3.33342 4.98882 -73
    endloop
  endfacet
  facet normal 0 0 -1
    outer loop
      vertex 2.2961 -5.54328 -73
      vertex 2.82838 5.29153 -73
      vertex 2.82838 -5.29153 -73
    endloop
  endfacet
  facet normal 0 0 -1
    outer loop
      vertex 2.2961 -5.54328 -73
      vertex 2.2961 5.54328 -73
      vertex 2.82838 5.29153 -73
    endloop
  endfacet
  facet normal 0 0 -1
    outer loop
      vertex 1.74171 -5.74164 -73
      vertex 2.2961 5.54328 -73
      vertex 2.2961 -5.54328 -73
    endloop
  endfacet
  facet normal 0 0 -1
    outer loop
      vertex 1.74171 -5.74164 -73
      vertex 1.74171 5.74164 -73
      vertex 2.2961 5.54328 -73
    endloop
  endfacet
  facet normal 0 0 -1
    outer loop
      vertex 1.17054 -5.88471 -73
      vertex 1.74171 5.74164 -73
      vertex 1.74171 -5.74164 -73
    endloop
  endfacet
  facet normal 0 0 -1
    outer loop
      vertex 1.17054 -5.88471 -73
      vertex 1.17054 5.88471 -73
      vertex 1.74171 5.74164 -73
    endloop
  endfacet
  facet normal 0 0 -1
    outer loop
      vertex 0.588102 -5.97111 -73
      vertex 1.17054 5.88471 -73
      vertex 1.17054 -5.88471 -73
    endloop
  endfacet
  facet normal 0 0 -1
    outer loop
      vertex 0.588102 -5.97111 -73
      vertex 0.588102 5.97111 -73
      vertex 1.17054 5.88471 -73
    endloop
  endfacet
  facet normal 0 0 -1
    outer loop
      vertex 0 -6 -73
      vertex 0.588102 5.97111 -73
      vertex 0.588102 -5.97111 -73
    endloop
  endfacet
  facet normal 0 0 -1
    outer loop
      vertex 0 -6 -73
      vertex 0 6 -73
      vertex 0.588102 5.97111 -73
    endloop
  endfacet
  facet normal 0 0 -1
    outer loop
      vertex -0.588102 -5.97111 -73
      vertex 0 6 -73
      vertex 0 -6 -73
    endloop
  endfacet
  facet normal 0 0 -1
    outer loop
      vertex -0.588102 -5.97111 -73
      vertex -0.588102 5.97111 -73
      vertex 0 6 -73
    endloop
  endfacet
  facet normal 0 0 -1
    outer loop
      vertex -1.17054 -5.88471 -73
      vertex -0.588102 5.97111 -73
      vertex -0.588102 -5.97111 -73
    endloop
  endfacet
  facet normal 0 0 -1
    outer loop
      vertex -1.17054 -5.88471 -73
      vertex -1.17054 5.88471 -73
      vertex -0.588102 5.97111 -73
    endloop
  endfacet
  facet normal 0 0 -1
    outer loop
      vertex -1.74171 -5.74164 -73
      vertex -1.17054 5.88471 -73
      vertex -1.17054 -5.88471 -73
    endloop
  endfacet
  facet normal 0 0 -1
    outer loop
      vertex -1.74171 -5.74164 -73
      vertex -1.74171 5.74164 -73
      vertex -1.17054 5.88471 -73
    endloop
  endfacet
  facet normal 0 0 -1
    outer loop
      vertex -2.2961 -5.54328 -73
      vertex -1.74171 5.74164 -73
      vertex -1.74171 -5.74164 -73
    endloop
  endfacet
  facet normal 0 0 -1
    outer loop
      vertex -2.2961 -5.54328 -73
      vertex -2.2961 5.54328 -73
      vertex -1.74171 5.74164 -73
    endloop
  endfacet
  facet normal 0 0 -1
    outer loop
      vertex -2.82838 -5.29153 -73
      vertex -2.2961 5.54328 -73
      vertex -2.2961 -5.54328 -73
    endloop
  endfacet
  facet normal 0 0 -1
    outer loop
      vertex -2.82838 -5.29153 -73
      vertex -2.82838 5.29153 -73
      vertex -2.2961 5.54328 -73
    endloop
  endfacet
  facet normal 0 0 -1
    outer loop
      vertex -3.33342 -4.98882 -73
      vertex -2.82838 5.29153 -73
      vertex -2.82838 -5.29153 -73
    endloop
  endfacet
  facet normal 0 0 -1
    outer loop
      vertex -3.33342 -4.98882 -73
      vertex -3.33342 4.98882 -73
      vertex -2.82838 5.29153 -73
    endloop
  endfacet
  facet normal 0 0 -1
    outer loop
      vertex -3.80636 -4.63806 -73
      vertex -3.33342 4.98882 -73
      vertex -3.33342 -4.98882 -73
    endloop
  endfacet
  facet normal 0 0 -1
    outer loop
      vertex -3.80636 -4.63806 -73
      vertex -3.80636 4.63806 -73
      vertex -3.33342 4.98882 -73
    endloop
  endfacet
  facet normal 0 0 -1
    outer loop
      vertex -4.24264 -4.24264 -73
      vertex -3.80636 4.63806 -73
      vertex -3.80636 -4.63806 -73
    endloop
  endfacet
  facet normal 0 0 -1
    outer loop
      vertex -4.24264 -4.24264 -73
      vertex -4.24264 4.24264 -73
      vertex -3.80636 4.63806 -73
    endloop
  endfacet
  facet normal 0 0 -1
    outer loop
      vertex -4.63806 -3.80636 -73
      vertex -4.24264 4.24264 -73
      vertex -4.24264 -4.24264 -73
    endloop
  endfacet
  facet normal 0 0 -1
    outer loop
      vertex -4.63806 -3.80636 -73
      vertex -4.63806 3.80636 -73
      vertex -4.24264 4.24264 -73
    endloop
  endfacet
  facet normal 0 0 -1
    outer loop
      vertex -4.98882 -3.33342 -73
      vertex -4.63806 3.80636 -73
      vertex -4.63806 -3.80636 -73
    endloop
  endfacet
  facet normal 0 0 -1
    outer loop
      vertex -4.98882 -3.33342 -73
      vertex -4.98882 3.33342 -73
      vertex -4.63806 3.80636 -73
    endloop
  endfacet
  facet normal 0 0 -1
    outer loop
      vertex -5.29153 -2.82838 -73
      vertex -4.98882 3.33342 -73
      vertex -4.98882 -3.33342 -73
    endloop
  endfacet
  facet normal 0 0 -1
    outer loop
      vertex -5.29153 -2.82838 -73
      vertex -5.29153 2.82838 -73
      vertex -4.98882 3.33342 -73
    endloop
  endfacet
  facet normal 0 0 -1
    outer loop
      vertex -5.54328 -2.2961 -73
      vertex -5.29153 2.82838 -73
      vertex -5.29153 -2.82838 -73
    endloop
  endfacet
  facet normal 0 0 -1
    outer loop
      vertex -5.54328 -2.2961 -73
      vertex -5.54328 2.2961 -73
      vertex -5.29153 2.82838 -73
    endloop
  endfacet
  facet normal 0 0 -1
    outer loop
      vertex -5.74164 -1.74171 -73
      vertex -5.54328 2.2961 -73
      vertex -5.54328 -2.2961 -73
    endloop
  endfacet
  facet normal 0 0 -1
    outer loop
      vertex -5.74164 -1.74171 -73
      vertex -5.74164 1.74171 -73
      vertex -5.54328 2.2961 -73
    endloop
  endfacet
  facet normal 0 0 -1
    outer loop
      vertex -5.88471 -1.17054 -73
      vertex -5.74164 1.74171 -73
      vertex -5.74164 -1.74171 -73
    endloop
  endfacet
  facet normal 0 0 -1
    outer loop
      vertex -5.88471 -1.17054 -73
      vertex -5.88471 1.17054 -73
      vertex -5.74164 1.74171 -73
    endloop
  endfacet
  facet normal 0 0 -1
    outer loop
      vertex -5.97111 -0.588102 -73
      vertex -5.88471 1.17054 -73
      vertex -5.88471 -1.17054 -73
    endloop
  endfacet
  facet normal 0 0 -1
    outer loop
      vertex -5.97111 -0.588102 -73
      vertex -5.97111 0.588102 -73
      vertex -5.88471 1.17054 -73
    endloop
  endfacet
  facet normal 0 -0 -1
    outer loop
      vertex -5.97111 0.588102 -73
      vertex -5.97111 -0.588102 -73
      vertex -6 0 -73
    endloop
  endfacet
  facet normal -0.923305 -0.330357 -0.195889
    outer loop
      vertex -5.54328 -2.2961 -73
      vertex -7.06116 -2.79752 -65
      vertex -5.74164 -1.74171 -73
    endloop
  endfacet
  facet normal -0.923276 -0.330437 -0.195889
    outer loop
      vertex -7.06116 -2.79752 -65
      vertex -5.54328 -2.2961 -73
      vertex -7.02148 -2.90839 -65
    endloop
  endfacet
  facet normal 0.970012 -0.143893 -0.195888
    outer loop
      vertex 7.54612 -0.861418 -65
      vertex 5.97111 -0.588102 -73
      vertex 7.5634 -0.74493 -65
    endloop
  endfacet
  facet normal 0.970012 -0.143893 -0.195888
    outer loop
      vertex 5.97111 -0.588102 -73
      vertex 7.54612 -0.861418 -65
      vertex 5.88471 -1.17054 -73
    endloop
  endfacet
  facet normal -0.72655 0.6586 -0.195884
    outer loop
      vertex -4.24264 4.24264 -73
      vertex -5.87488 4.82139 -65
      vertex -5.79579 4.90864 -65
    endloop
  endfacet
  facet normal -0.726597 0.658547 -0.195889
    outer loop
      vertex -5.87488 4.82139 -65
      vertex -4.24264 4.24264 -73
      vertex -4.63806 3.80636 -73
    endloop
  endfacet
  facet normal -0.841111 -0.504142 -0.195889
    outer loop
      vertex -6.31917 -4.22233 -65
      vertex -6.64206 -3.68362 -65
      vertex -4.98882 -3.33342 -73
    endloop
  endfacet
  facet normal 0.726601 0.658542 -0.195889
    outer loop
      vertex 5.79579 4.90864 -65
      vertex 4.24264 4.24264 -73
      vertex 5.37401 5.37401 -65
    endloop
  endfacet
  facet normal -0.951225 0.238327 -0.195885
    outer loop
      vertex -5.74164 1.74171 -73
      vertex -7.45397 1.48269 -65
      vertex -7.42535 1.59692 -65
    endloop
  endfacet
  facet normal -0.951238 0.238272 -0.19589
    outer loop
      vertex -7.45397 1.48269 -65
      vertex -5.74164 1.74171 -73
      vertex -5.88471 1.17054 -73
    endloop
  endfacet
  facet normal -0.970014 -0.143877 -0.195889
    outer loop
      vertex -7.45397 -1.48269 -65
      vertex -7.54612 -0.861418 -65
      vertex -5.88471 -1.17054 -73
    endloop
  endfacet
  facet normal 0.584158 0.787647 -0.195889
    outer loop
      vertex 4.82139 5.87488 -65
      vertex 3.80636 4.63806 -73
      vertex 4.31692 6.24902 -65
    endloop
  endfacet
  facet normal -0.923304 -0.33036 -0.195889
    outer loop
      vertex -7.06116 -2.79752 -65
      vertex -7.27275 -2.20616 -65
      vertex -5.74164 -1.74171 -73
    endloop
  endfacet
  facet normal -0.143877 -0.970014 -0.195889
    outer loop
      vertex -0.861418 -7.54612 -65
      vertex -1.48269 -7.45397 -65
      vertex -1.17054 -5.88471 -73
    endloop
  endfacet
  facet normal 0.787643 -0.584162 -0.195889
    outer loop
      vertex 6.31917 -4.22233 -65
      vertex 4.63806 -3.80636 -73
      vertex 4.98882 -3.33342 -73
    endloop
  endfacet
  facet normal 0.787657 -0.584143 -0.19589
    outer loop
      vertex 4.63806 -3.80636 -73
      vertex 6.31917 -4.22233 -65
      vertex 6.24902 -4.31692 -65
    endloop
  endfacet
  facet normal -0.841122 0.504124 -0.19589
    outer loop
      vertex -4.98882 3.33342 -73
      vertex -6.7026 3.58261 -65
      vertex -6.64206 3.68362 -65
    endloop
  endfacet
  facet normal -0.841111 0.504143 -0.195888
    outer loop
      vertex -6.7026 3.58261 -65
      vertex -4.98882 3.33342 -73
      vertex -5.29153 2.82838 -73
    endloop
  endfacet
  facet normal -0.419272 0.886475 -0.195888
    outer loop
      vertex -2.82838 5.29153 -73
      vertex -2.90839 7.02148 -65
      vertex -2.2961 5.54328 -73
    endloop
  endfacet
  facet normal -0.419259 0.886481 -0.195889
    outer loop
      vertex -2.90839 7.02148 -65
      vertex -2.82838 5.29153 -73
      vertex -3.01485 6.97113 -65
    endloop
  endfacet
  facet normal 0.970014 0.143877 -0.195889
    outer loop
      vertex 7.54612 0.861418 -65
      vertex 5.88471 1.17054 -73
      vertex 7.45397 1.48269 -65
    endloop
  endfacet
  facet normal -0.970012 -0.143893 -0.195888
    outer loop
      vertex -5.97111 -0.588102 -73
      vertex -7.54612 -0.861418 -65
      vertex -7.5634 -0.74493 -65
    endloop
  endfacet
  facet normal -0.970012 -0.143893 -0.195888
    outer loop
      vertex -7.54612 -0.861418 -65
      vertex -5.97111 -0.588102 -73
      vertex -5.88471 -1.17054 -73
    endloop
  endfacet
  facet normal 0.419271 -0.886476 -0.195888
    outer loop
      vertex 3.01485 -6.97113 -65
      vertex 2.82838 -5.29153 -73
      vertex 3.58261 -6.7026 -65
    endloop
  endfacet
  facet normal 0.923304 -0.33036 -0.195889
    outer loop
      vertex 7.06116 -2.79752 -65
      vertex 5.74164 -1.74171 -73
      vertex 7.27275 -2.20616 -65
    endloop
  endfacet
  facet normal 0.95124 -0.238263 -0.195889
    outer loop
      vertex 7.27275 -2.20616 -65
      vertex 5.74164 -1.74171 -73
      vertex 7.42535 -1.59692 -65
    endloop
  endfacet
  facet normal -0.33036 -0.923304 -0.195889
    outer loop
      vertex -2.20616 -7.27275 -65
      vertex -2.79752 -7.06116 -65
      vertex -1.74171 -5.74164 -73
    endloop
  endfacet
  facet normal -0.6586 -0.72655 -0.195884
    outer loop
      vertex -4.24264 -4.24264 -73
      vertex -4.82139 -5.87488 -65
      vertex -4.90864 -5.79579 -65
    endloop
  endfacet
  facet normal -0.658547 -0.726597 -0.195889
    outer loop
      vertex -4.82139 -5.87488 -65
      vertex -4.24264 -4.24264 -73
      vertex -3.80636 -4.63806 -73
    endloop
  endfacet
  facet normal -0.841111 0.504142 -0.195889
    outer loop
      vertex -4.98882 3.33342 -73
      vertex -6.64206 3.68362 -65
      vertex -6.31917 4.22233 -65
    endloop
  endfacet
  facet normal -0.979445 0.0481206 -0.195889
    outer loop
      vertex -6 0 -73
      vertex -7.6 0 -65
      vertex -7.56918 0.627309 -65
    endloop
  endfacet
  facet normal 0.584158 -0.787647 -0.195889
    outer loop
      vertex 4.31692 -6.24902 -65
      vertex 3.80636 -4.63806 -73
      vertex 4.82139 -5.87488 -65
    endloop
  endfacet
  facet normal -0.238263 0.95124 -0.195889
    outer loop
      vertex -1.74171 5.74164 -73
      vertex -2.20616 7.27275 -65
      vertex -1.59692 7.42535 -65
    endloop
  endfacet
  facet normal -0.504142 0.841111 -0.195889
    outer loop
      vertex -3.33342 4.98882 -73
      vertex -4.22233 6.31917 -65
      vertex -3.68362 6.64206 -65
    endloop
  endfacet
  facet normal -0.0481308 -0.979444 -0.195888
    outer loop
      vertex -0.588102 -5.97111 -73
      vertex -0.627309 -7.56918 -65
      vertex -0.74493 -7.5634 -65
    endloop
  endfacet
  facet normal -0.0481144 -0.979445 -0.195889
    outer loop
      vertex -0.627309 -7.56918 -65
      vertex -0.588102 -5.97111 -73
      vertex 0 -6 -73
    endloop
  endfacet
  facet normal 0.658542 -0.726601 -0.195889
    outer loop
      vertex 4.90864 -5.79579 -65
      vertex 4.24264 -4.24264 -73
      vertex 5.37401 -5.37401 -65
    endloop
  endfacet
  facet normal -0.330437 -0.923276 -0.195889
    outer loop
      vertex -2.2961 -5.54328 -73
      vertex -2.79752 -7.06116 -65
      vertex -2.90839 -7.02148 -65
    endloop
  endfacet
  facet normal -0.330357 -0.923305 -0.195889
    outer loop
      vertex -2.79752 -7.06116 -65
      vertex -2.2961 -5.54328 -73
      vertex -1.74171 -5.74164 -73
    endloop
  endfacet
  facet normal 0.951225 -0.238327 -0.195885
    outer loop
      vertex 5.74164 -1.74171 -73
      vertex 7.45397 -1.48269 -65
      vertex 7.42535 -1.59692 -65
    endloop
  endfacet
  facet normal 0.951238 -0.238272 -0.19589
    outer loop
      vertex 7.45397 -1.48269 -65
      vertex 5.74164 -1.74171 -73
      vertex 5.88471 -1.17054 -73
    endloop
  endfacet
  facet normal -0.923304 0.33036 -0.195889
    outer loop
      vertex -5.74164 1.74171 -73
      vertex -7.27275 2.20616 -65
      vertex -7.06116 2.79752 -65
    endloop
  endfacet
  facet normal -0.658547 0.726597 -0.195889
    outer loop
      vertex -4.24264 4.24264 -73
      vertex -4.82139 5.87488 -65
      vertex -3.80636 4.63806 -73
    endloop
  endfacet
  facet normal -0.6586 0.72655 -0.195884
    outer loop
      vertex -4.82139 5.87488 -65
      vertex -4.24264 4.24264 -73
      vertex -4.90864 5.79579 -65
    endloop
  endfacet
  facet normal -0.504142 -0.841111 -0.195889
    outer loop
      vertex -3.68362 -6.64206 -65
      vertex -4.22233 -6.31917 -65
      vertex -3.33342 -4.98882 -73
    endloop
  endfacet
  facet normal -0.658542 -0.726601 -0.195889
    outer loop
      vertex -4.90864 -5.79579 -65
      vertex -5.37401 -5.37401 -65
      vertex -4.24264 -4.24264 -73
    endloop
  endfacet
  facet normal 0.658547 -0.726597 -0.195889
    outer loop
      vertex 4.24264 -4.24264 -73
      vertex 4.82139 -5.87488 -65
      vertex 3.80636 -4.63806 -73
    endloop
  endfacet
  facet normal 0.6586 -0.72655 -0.195884
    outer loop
      vertex 4.82139 -5.87488 -65
      vertex 4.24264 -4.24264 -73
      vertex 4.90864 -5.79579 -65
    endloop
  endfacet
  facet normal 0.886475 -0.419272 -0.195888
    outer loop
      vertex 7.02148 -2.90839 -65
      vertex 5.29153 -2.82838 -73
      vertex 5.54328 -2.2961 -73
    endloop
  endfacet
  facet normal 0.886481 -0.419259 -0.195889
    outer loop
      vertex 5.29153 -2.82838 -73
      vertex 7.02148 -2.90839 -65
      vertex 6.97113 -3.01485 -65
    endloop
  endfacet
  facet normal 0.330437 0.923276 -0.195889
    outer loop
      vertex 2.2961 5.54328 -73
      vertex 2.79752 7.06116 -65
      vertex 2.90839 7.02148 -65
    endloop
  endfacet
  facet normal 0.330357 0.923305 -0.195889
    outer loop
      vertex 2.79752 7.06116 -65
      vertex 2.2961 5.54328 -73
      vertex 1.74171 5.74164 -73
    endloop
  endfacet
  facet normal -0.238327 -0.951225 -0.195885
    outer loop
      vertex -1.74171 -5.74164 -73
      vertex -1.48269 -7.45397 -65
      vertex -1.59692 -7.42535 -65
    endloop
  endfacet
  facet normal -0.238272 -0.951238 -0.19589
    outer loop
      vertex -1.48269 -7.45397 -65
      vertex -1.74171 -5.74164 -73
      vertex -1.17054 -5.88471 -73
    endloop
  endfacet
  facet normal -0.584143 -0.787657 -0.19589
    outer loop
      vertex -3.80636 -4.63806 -73
      vertex -4.22233 -6.31917 -65
      vertex -4.31692 -6.24902 -65
    endloop
  endfacet
  facet normal -0.584162 -0.787643 -0.195889
    outer loop
      vertex -4.22233 -6.31917 -65
      vertex -3.80636 -4.63806 -73
      vertex -3.33342 -4.98882 -73
    endloop
  endfacet
  facet normal -0.841111 -0.504143 -0.195888
    outer loop
      vertex -4.98882 -3.33342 -73
      vertex -6.7026 -3.58261 -65
      vertex -5.29153 -2.82838 -73
    endloop
  endfacet
  facet normal -0.841122 -0.504124 -0.19589
    outer loop
      vertex -6.7026 -3.58261 -65
      vertex -4.98882 -3.33342 -73
      vertex -6.64206 -3.68362 -65
    endloop
  endfacet
  facet normal -0.330357 0.923305 -0.195889
    outer loop
      vertex -2.2961 5.54328 -73
      vertex -2.79752 7.06116 -65
      vertex -1.74171 5.74164 -73
    endloop
  endfacet
  facet normal -0.330437 0.923276 -0.195889
    outer loop
      vertex -2.79752 7.06116 -65
      vertex -2.2961 5.54328 -73
      vertex -2.90839 7.02148 -65
    endloop
  endfacet
  facet normal 0.504143 -0.841111 -0.195888
    outer loop
      vertex 3.33342 -4.98882 -73
      vertex 3.58261 -6.7026 -65
      vertex 2.82838 -5.29153 -73
    endloop
  endfacet
  facet normal 0.504124 -0.841122 -0.19589
    outer loop
      vertex 3.58261 -6.7026 -65
      vertex 3.33342 -4.98882 -73
      vertex 3.68362 -6.64206 -65
    endloop
  endfacet
  facet normal -0.584158 -0.787647 -0.195889
    outer loop
      vertex -4.31692 -6.24902 -65
      vertex -4.82139 -5.87488 -65
      vertex -3.80636 -4.63806 -73
    endloop
  endfacet
  facet normal 0.33036 0.923304 -0.195889
    outer loop
      vertex 2.79752 7.06116 -65
      vertex 1.74171 5.74164 -73
      vertex 2.20616 7.27275 -65
    endloop
  endfacet
  facet normal 0.951225 0.238327 -0.195885
    outer loop
      vertex 7.45397 1.48269 -65
      vertex 5.74164 1.74171 -73
      vertex 7.42535 1.59692 -65
    endloop
  endfacet
  facet normal 0.951238 0.238272 -0.19589
    outer loop
      vertex 5.74164 1.74171 -73
      vertex 7.45397 1.48269 -65
      vertex 5.88471 1.17054 -73
    endloop
  endfacet
  facet normal -0.0481206 -0.979445 -0.195889
    outer loop
      vertex 0 -7.6 -65
      vertex -0.627309 -7.56918 -65
      vertex 0 -6 -73
    endloop
  endfacet
  facet normal -0.584158 0.787647 -0.195889
    outer loop
      vertex -3.80636 4.63806 -73
      vertex -4.82139 5.87488 -65
      vertex -4.31692 6.24902 -65
    endloop
  endfacet
  facet normal 0.143877 -0.970014 -0.195889
    outer loop
      vertex 1.48269 -7.45397 -65
      vertex 0.861418 -7.54612 -65
      vertex 1.17054 -5.88471 -73
    endloop
  endfacet
  facet normal -0.419271 0.886476 -0.195888
    outer loop
      vertex -2.82838 5.29153 -73
      vertex -3.58261 6.7026 -65
      vertex -3.01485 6.97113 -65
    endloop
  endfacet
  facet normal -0.886481 0.419259 -0.195889
    outer loop
      vertex -5.29153 2.82838 -73
      vertex -7.02148 2.90839 -65
      vertex -6.97113 3.01485 -65
    endloop
  endfacet
  facet normal -0.886475 0.419272 -0.195888
    outer loop
      vertex -7.02148 2.90839 -65
      vertex -5.29153 2.82838 -73
      vertex -5.54328 2.2961 -73
    endloop
  endfacet
  facet normal 0.143893 0.970012 -0.195888
    outer loop
      vertex 0.588102 5.97111 -73
      vertex 0.861418 7.54612 -65
      vertex 1.17054 5.88471 -73
    endloop
  endfacet
  facet normal 0.143893 0.970012 -0.195888
    outer loop
      vertex 0.861418 7.54612 -65
      vertex 0.588102 5.97111 -73
      vertex 0.74493 7.5634 -65
    endloop
  endfacet
  facet normal 0.419271 0.886476 -0.195888
    outer loop
      vertex 3.58261 6.7026 -65
      vertex 2.82838 5.29153 -73
      vertex 3.01485 6.97113 -65
    endloop
  endfacet
  facet normal 0.787657 0.584143 -0.19589
    outer loop
      vertex 6.31917 4.22233 -65
      vertex 4.63806 3.80636 -73
      vertex 6.24902 4.31692 -65
    endloop
  endfacet
  facet normal 0.787643 0.584162 -0.195889
    outer loop
      vertex 4.63806 3.80636 -73
      vertex 6.31917 4.22233 -65
      vertex 4.98882 3.33342 -73
    endloop
  endfacet
  facet normal -0.787657 0.584143 -0.19589
    outer loop
      vertex -4.63806 3.80636 -73
      vertex -6.31917 4.22233 -65
      vertex -6.24902 4.31692 -65
    endloop
  endfacet
  facet normal -0.787643 0.584162 -0.195889
    outer loop
      vertex -6.31917 4.22233 -65
      vertex -4.63806 3.80636 -73
      vertex -4.98882 3.33342 -73
    endloop
  endfacet
  facet normal 0.6586 0.72655 -0.195884
    outer loop
      vertex 4.24264 4.24264 -73
      vertex 4.82139 5.87488 -65
      vertex 4.90864 5.79579 -65
    endloop
  endfacet
  facet normal 0.658547 0.726597 -0.195889
    outer loop
      vertex 4.82139 5.87488 -65
      vertex 4.24264 4.24264 -73
      vertex 3.80636 4.63806 -73
    endloop
  endfacet
  facet normal -0.970012 0.143893 -0.195888
    outer loop
      vertex -5.97111 0.588102 -73
      vertex -7.54612 0.861418 -65
      vertex -5.88471 1.17054 -73
    endloop
  endfacet
  facet normal -0.970012 0.143893 -0.195888
    outer loop
      vertex -7.54612 0.861418 -65
      vertex -5.97111 0.588102 -73
      vertex -7.5634 0.74493 -65
    endloop
  endfacet
  facet normal 0.886476 0.419271 -0.195888
    outer loop
      vertex 6.97113 3.01485 -65
      vertex 5.29153 2.82838 -73
      vertex 6.7026 3.58261 -65
    endloop
  endfacet
  facet normal 0.787647 0.584158 -0.195889
    outer loop
      vertex 6.24902 4.31692 -65
      vertex 4.63806 3.80636 -73
      vertex 5.87488 4.82139 -65
    endloop
  endfacet
  facet normal 0.238272 -0.951238 -0.19589
    outer loop
      vertex 1.74171 -5.74164 -73
      vertex 1.48269 -7.45397 -65
      vertex 1.17054 -5.88471 -73
    endloop
  endfacet
  facet normal 0.238327 -0.951225 -0.195885
    outer loop
      vertex 1.48269 -7.45397 -65
      vertex 1.74171 -5.74164 -73
      vertex 1.59692 -7.42535 -65
    endloop
  endfacet
  facet normal -0.419259 -0.886481 -0.195889
    outer loop
      vertex -2.82838 -5.29153 -73
      vertex -2.90839 -7.02148 -65
      vertex -3.01485 -6.97113 -65
    endloop
  endfacet
  facet normal -0.419272 -0.886475 -0.195888
    outer loop
      vertex -2.90839 -7.02148 -65
      vertex -2.82838 -5.29153 -73
      vertex -2.2961 -5.54328 -73
    endloop
  endfacet
  facet normal -0.584162 0.787643 -0.195889
    outer loop
      vertex -3.80636 4.63806 -73
      vertex -4.22233 6.31917 -65
      vertex -3.33342 4.98882 -73
    endloop
  endfacet
  facet normal -0.584143 0.787657 -0.19589
    outer loop
      vertex -4.22233 6.31917 -65
      vertex -3.80636 4.63806 -73
      vertex -4.31692 6.24902 -65
    endloop
  endfacet
  facet normal -0.658542 0.726601 -0.195889
    outer loop
      vertex -4.24264 4.24264 -73
      vertex -5.37401 5.37401 -65
      vertex -4.90864 5.79579 -65
    endloop
  endfacet
  facet normal -0.726601 0.658542 -0.195889
    outer loop
      vertex -4.24264 4.24264 -73
      vertex -5.79579 4.90864 -65
      vertex -5.37401 5.37401 -65
    endloop
  endfacet
  facet normal -0.238263 -0.95124 -0.195889
    outer loop
      vertex -1.59692 -7.42535 -65
      vertex -2.20616 -7.27275 -65
      vertex -1.74171 -5.74164 -73
    endloop
  endfacet
  facet normal -0.95124 0.238263 -0.195889
    outer loop
      vertex -5.74164 1.74171 -73
      vertex -7.42535 1.59692 -65
      vertex -7.27275 2.20616 -65
    endloop
  endfacet
  facet normal 0.238263 0.95124 -0.195889
    outer loop
      vertex 1.74171 5.74164 -73
      vertex 1.59692 7.42535 -65
      vertex 2.20616 7.27275 -65
    endloop
  endfacet
  facet normal -0.95124 -0.238263 -0.195889
    outer loop
      vertex -7.27275 -2.20616 -65
      vertex -7.42535 -1.59692 -65
      vertex -5.74164 -1.74171 -73
    endloop
  endfacet
  facet normal 0.584162 -0.787643 -0.195889
    outer loop
      vertex 3.80636 -4.63806 -73
      vertex 4.22233 -6.31917 -65
      vertex 3.33342 -4.98882 -73
    endloop
  endfacet
  facet normal 0.584143 -0.787657 -0.19589
    outer loop
      vertex 4.22233 -6.31917 -65
      vertex 3.80636 -4.63806 -73
      vertex 4.31692 -6.24902 -65
    endloop
  endfacet
  facet normal 0.504142 -0.841111 -0.195889
    outer loop
      vertex 3.68362 -6.64206 -65
      vertex 3.33342 -4.98882 -73
      vertex 4.22233 -6.31917 -65
    endloop
  endfacet
  facet normal 0.72655 0.6586 -0.195884
    outer loop
      vertex 5.87488 4.82139 -65
      vertex 4.24264 4.24264 -73
      vertex 5.79579 4.90864 -65
    endloop
  endfacet
  facet normal 0.726597 0.658547 -0.195889
    outer loop
      vertex 4.24264 4.24264 -73
      vertex 5.87488 4.82139 -65
      vertex 4.63806 3.80636 -73
    endloop
  endfacet
  facet normal 0.584143 0.787657 -0.19589
    outer loop
      vertex 3.80636 4.63806 -73
      vertex 4.22233 6.31917 -65
      vertex 4.31692 6.24902 -65
    endloop
  endfacet
  facet normal 0.584162 0.787643 -0.195889
    outer loop
      vertex 4.22233 6.31917 -65
      vertex 3.80636 4.63806 -73
      vertex 3.33342 4.98882 -73
    endloop
  endfacet
  facet normal 0.95124 0.238263 -0.195889
    outer loop
      vertex 7.42535 1.59692 -65
      vertex 5.74164 1.74171 -73
      vertex 7.27275 2.20616 -65
    endloop
  endfacet
  facet normal -0.923276 0.330437 -0.195889
    outer loop
      vertex -5.54328 2.2961 -73
      vertex -7.06116 2.79752 -65
      vertex -7.02148 2.90839 -65
    endloop
  endfacet
  facet normal -0.923305 0.330357 -0.195889
    outer loop
      vertex -7.06116 2.79752 -65
      vertex -5.54328 2.2961 -73
      vertex -5.74164 1.74171 -73
    endloop
  endfacet
  facet normal 0.504124 0.841122 -0.19589
    outer loop
      vertex 3.33342 4.98882 -73
      vertex 3.58261 6.7026 -65
      vertex 3.68362 6.64206 -65
    endloop
  endfacet
  facet normal 0.504143 0.841111 -0.195888
    outer loop
      vertex 3.58261 6.7026 -65
      vertex 3.33342 4.98882 -73
      vertex 2.82838 5.29153 -73
    endloop
  endfacet
  facet normal 0.923276 0.330437 -0.195889
    outer loop
      vertex 7.06116 2.79752 -65
      vertex 5.54328 2.2961 -73
      vertex 7.02148 2.90839 -65
    endloop
  endfacet
  facet normal 0.923305 0.330357 -0.195889
    outer loop
      vertex 5.54328 2.2961 -73
      vertex 7.06116 2.79752 -65
      vertex 5.74164 1.74171 -73
    endloop
  endfacet
  facet normal -0.238272 0.951238 -0.19589
    outer loop
      vertex -1.74171 5.74164 -73
      vertex -1.48269 7.45397 -65
      vertex -1.17054 5.88471 -73
    endloop
  endfacet
  facet normal -0.238327 0.951225 -0.195885
    outer loop
      vertex -1.48269 7.45397 -65
      vertex -1.74171 5.74164 -73
      vertex -1.59692 7.42535 -65
    endloop
  endfacet
  facet normal 0.886481 0.419259 -0.195889
    outer loop
      vertex 7.02148 2.90839 -65
      vertex 5.29153 2.82838 -73
      vertex 6.97113 3.01485 -65
    endloop
  endfacet
  facet normal 0.886475 0.419272 -0.195888
    outer loop
      vertex 5.29153 2.82838 -73
      vertex 7.02148 2.90839 -65
      vertex 5.54328 2.2961 -73
    endloop
  endfacet
  facet normal -0.979444 0.0481308 -0.195888
    outer loop
      vertex -5.97111 0.588102 -73
      vertex -7.56918 0.627309 -65
      vertex -7.5634 0.74493 -65
    endloop
  endfacet
  facet normal -0.979445 0.0481144 -0.195889
    outer loop
      vertex -7.56918 0.627309 -65
      vertex -5.97111 0.588102 -73
      vertex -6 0 -73
    endloop
  endfacet
  facet normal -0.504124 -0.841122 -0.19589
    outer loop
      vertex -3.33342 -4.98882 -73
      vertex -3.58261 -6.7026 -65
      vertex -3.68362 -6.64206 -65
    endloop
  endfacet
  facet normal -0.504143 -0.841111 -0.195888
    outer loop
      vertex -3.58261 -6.7026 -65
      vertex -3.33342 -4.98882 -73
      vertex -2.82838 -5.29153 -73
    endloop
  endfacet
  facet normal 0.419259 0.886481 -0.195889
    outer loop
      vertex 2.82838 5.29153 -73
      vertex 2.90839 7.02148 -65
      vertex 3.01485 6.97113 -65
    endloop
  endfacet
  facet normal 0.419272 0.886475 -0.195888
    outer loop
      vertex 2.90839 7.02148 -65
      vertex 2.82838 5.29153 -73
      vertex 2.2961 5.54328 -73
    endloop
  endfacet
  facet normal 0.841111 0.504142 -0.195889
    outer loop
      vertex 6.64206 3.68362 -65
      vertex 4.98882 3.33342 -73
      vertex 6.31917 4.22233 -65
    endloop
  endfacet
  facet normal 0.970012 0.143893 -0.195888
    outer loop
      vertex 5.97111 0.588102 -73
      vertex 7.54612 0.861418 -65
      vertex 7.5634 0.74493 -65
    endloop
  endfacet
  facet normal 0.970012 0.143893 -0.195888
    outer loop
      vertex 7.54612 0.861418 -65
      vertex 5.97111 0.588102 -73
      vertex 5.88471 1.17054 -73
    endloop
  endfacet
  facet normal -0.979445 -0.0481144 -0.195889
    outer loop
      vertex -5.97111 -0.588102 -73
      vertex -7.56918 -0.627309 -65
      vertex -6 0 -73
    endloop
  endfacet
  facet normal -0.979444 -0.0481308 -0.195888
    outer loop
      vertex -7.56918 -0.627309 -65
      vertex -5.97111 -0.588102 -73
      vertex -7.5634 -0.74493 -65
    endloop
  endfacet
  facet normal 0.841122 0.504124 -0.19589
    outer loop
      vertex 6.7026 3.58261 -65
      vertex 4.98882 3.33342 -73
      vertex 6.64206 3.68362 -65
    endloop
  endfacet
  facet normal 0.841111 0.504143 -0.195888
    outer loop
      vertex 4.98882 3.33342 -73
      vertex 6.7026 3.58261 -65
      vertex 5.29153 2.82838 -73
    endloop
  endfacet
  facet normal -0.886476 0.419271 -0.195888
    outer loop
      vertex -5.29153 2.82838 -73
      vertex -6.97113 3.01485 -65
      vertex -6.7026 3.58261 -65
    endloop
  endfacet
  facet normal 0 0 1
    outer loop
      vertex 5.97111 0.588102 -63
      vertex 5.97111 -0.588102 -63
      vertex 6 0 -63
    endloop
  endfacet
  facet normal 0 0 1
    outer loop
      vertex 5.88471 1.17054 -63
      vertex 5.97111 -0.588102 -63
      vertex 5.97111 0.588102 -63
    endloop
  endfacet
  facet normal 0 0 1
    outer loop
      vertex 5.88471 1.17054 -63
      vertex 5.88471 -1.17054 -63
      vertex 5.97111 -0.588102 -63
    endloop
  endfacet
  facet normal 0 0 1
    outer loop
      vertex 5.74164 1.74171 -63
      vertex 5.88471 -1.17054 -63
      vertex 5.88471 1.17054 -63
    endloop
  endfacet
  facet normal 0 0 1
    outer loop
      vertex 5.74164 1.74171 -63
      vertex 5.74164 -1.74171 -63
      vertex 5.88471 -1.17054 -63
    endloop
  endfacet
  facet normal 0 0 1
    outer loop
      vertex 5.54328 2.2961 -63
      vertex 5.74164 -1.74171 -63
      vertex 5.74164 1.74171 -63
    endloop
  endfacet
  facet normal 0 0 1
    outer loop
      vertex 5.54328 2.2961 -63
      vertex 5.54328 -2.2961 -63
      vertex 5.74164 -1.74171 -63
    endloop
  endfacet
  facet normal 0 0 1
    outer loop
      vertex 5.29153 2.82838 -63
      vertex 5.54328 -2.2961 -63
      vertex 5.54328 2.2961 -63
    endloop
  endfacet
  facet normal 0 0 1
    outer loop
      vertex 5.29153 2.82838 -63
      vertex 5.29153 -2.82838 -63
      vertex 5.54328 -2.2961 -63
    endloop
  endfacet
  facet normal 0 0 1
    outer loop
      vertex 4.98882 3.33342 -63
      vertex 5.29153 -2.82838 -63
      vertex 5.29153 2.82838 -63
    endloop
  endfacet
  facet normal 0 0 1
    outer loop
      vertex 4.98882 3.33342 -63
      vertex 4.98882 -3.33342 -63
      vertex 5.29153 -2.82838 -63
    endloop
  endfacet
  facet normal 0 0 1
    outer loop
      vertex 4.63806 3.80636 -63
      vertex 4.98882 -3.33342 -63
      vertex 4.98882 3.33342 -63
    endloop
  endfacet
  facet normal 0 0 1
    outer loop
      vertex 4.63806 3.80636 -63
      vertex 4.63806 -3.80636 -63
      vertex 4.98882 -3.33342 -63
    endloop
  endfacet
  facet normal 0 0 1
    outer loop
      vertex 4.24264 4.24264 -63
      vertex 4.63806 -3.80636 -63
      vertex 4.63806 3.80636 -63
    endloop
  endfacet
  facet normal 0 0 1
    outer loop
      vertex 4.24264 4.24264 -63
      vertex 4.24264 -4.24264 -63
      vertex 4.63806 -3.80636 -63
    endloop
  endfacet
  facet normal 0 0 1
    outer loop
      vertex 3.80636 4.63806 -63
      vertex 4.24264 -4.24264 -63
      vertex 4.24264 4.24264 -63
    endloop
  endfacet
  facet normal 0 0 1
    outer loop
      vertex 3.80636 4.63806 -63
      vertex 3.80636 -4.63806 -63
      vertex 4.24264 -4.24264 -63
    endloop
  endfacet
  facet normal 0 0 1
    outer loop
      vertex 3.33342 4.98882 -63
      vertex 3.80636 -4.63806 -63
      vertex 3.80636 4.63806 -63
    endloop
  endfacet
  facet normal 0 0 1
    outer loop
      vertex 3.33342 4.98882 -63
      vertex 3.33342 -4.98882 -63
      vertex 3.80636 -4.63806 -63
    endloop
  endfacet
  facet normal 0 0 1
    outer loop
      vertex 2.82838 5.29153 -63
      vertex 3.33342 -4.98882 -63
      vertex 3.33342 4.98882 -63
    endloop
  endfacet
  facet normal 0 0 1
    outer loop
      vertex 2.82838 5.29153 -63
      vertex 2.82838 -5.29153 -63
      vertex 3.33342 -4.98882 -63
    endloop
  endfacet
  facet normal 0 0 1
    outer loop
      vertex 2.2961 5.54328 -63
      vertex 2.82838 -5.29153 -63
      vertex 2.82838 5.29153 -63
    endloop
  endfacet
  facet normal 0 0 1
    outer loop
      vertex 2.2961 5.54328 -63
      vertex 2.2961 -5.54328 -63
      vertex 2.82838 -5.29153 -63
    endloop
  endfacet
  facet normal 0 0 1
    outer loop
      vertex 1.74171 5.74164 -63
      vertex 2.2961 -5.54328 -63
      vertex 2.2961 5.54328 -63
    endloop
  endfacet
  facet normal 0 0 1
    outer loop
      vertex 1.74171 5.74164 -63
      vertex 1.74171 -5.74164 -63
      vertex 2.2961 -5.54328 -63
    endloop
  endfacet
  facet normal 0 0 1
    outer loop
      vertex 1.17054 5.88471 -63
      vertex 1.74171 -5.74164 -63
      vertex 1.74171 5.74164 -63
    endloop
  endfacet
  facet normal 0 0 1
    outer loop
      vertex 1.17054 5.88471 -63
      vertex 1.17054 -5.88471 -63
      vertex 1.74171 -5.74164 -63
    endloop
  endfacet
  facet normal 0 0 1
    outer loop
      vertex 0.588102 5.97111 -63
      vertex 1.17054 -5.88471 -63
      vertex 1.17054 5.88471 -63
    endloop
  endfacet
  facet normal 0 0 1
    outer loop
      vertex 0.588102 5.97111 -63
      vertex 0.588102 -5.97111 -63
      vertex 1.17054 -5.88471 -63
    endloop
  endfacet
  facet normal 0 0 1
    outer loop
      vertex 0 6 -63
      vertex 0.588102 -5.97111 -63
      vertex 0.588102 5.97111 -63
    endloop
  endfacet
  facet normal 0 0 1
    outer loop
      vertex 0 6 -63
      vertex 0 -6 -63
      vertex 0.588102 -5.97111 -63
    endloop
  endfacet
  facet normal -0 0 1
    outer loop
      vertex -0.588102 5.97111 -63
      vertex 0 -6 -63
      vertex 0 6 -63
    endloop
  endfacet
  facet normal 0 0 1
    outer loop
      vertex -0.588102 5.97111 -63
      vertex -0.588102 -5.97111 -63
      vertex 0 -6 -63
    endloop
  endfacet
  facet normal -0 0 1
    outer loop
      vertex -1.17054 5.88471 -63
      vertex -0.588102 -5.97111 -63
      vertex -0.588102 5.97111 -63
    endloop
  endfacet
  facet normal 0 0 1
    outer loop
      vertex -1.17054 5.88471 -63
      vertex -1.17054 -5.88471 -63
      vertex -0.588102 -5.97111 -63
    endloop
  endfacet
  facet normal -0 0 1
    outer loop
      vertex -1.74171 5.74164 -63
      vertex -1.17054 -5.88471 -63
      vertex -1.17054 5.88471 -63
    endloop
  endfacet
  facet normal 0 0 1
    outer loop
      vertex -1.74171 5.74164 -63
      vertex -1.74171 -5.74164 -63
      vertex -1.17054 -5.88471 -63
    endloop
  endfacet
  facet normal -0 0 1
    outer loop
      vertex -2.2961 5.54328 -63
      vertex -1.74171 -5.74164 -63
      vertex -1.74171 5.74164 -63
    endloop
  endfacet
  facet normal 0 0 1
    outer loop
      vertex -2.2961 5.54328 -63
      vertex -2.2961 -5.54328 -63
      vertex -1.74171 -5.74164 -63
    endloop
  endfacet
  facet normal -0 0 1
    outer loop
      vertex -2.82838 5.29153 -63
      vertex -2.2961 -5.54328 -63
      vertex -2.2961 5.54328 -63
    endloop
  endfacet
  facet normal 0 0 1
    outer loop
      vertex -2.82838 5.29153 -63
      vertex -2.82838 -5.29153 -63
      vertex -2.2961 -5.54328 -63
    endloop
  endfacet
  facet normal -0 0 1
    outer loop
      vertex -3.33342 4.98882 -63
      vertex -2.82838 -5.29153 -63
      vertex -2.82838 5.29153 -63
    endloop
  endfacet
  facet normal 0 0 1
    outer loop
      vertex -3.33342 4.98882 -63
      vertex -3.33342 -4.98882 -63
      vertex -2.82838 -5.29153 -63
    endloop
  endfacet
  facet normal -0 0 1
    outer loop
      vertex -3.80636 4.63806 -63
      vertex -3.33342 -4.98882 -63
      vertex -3.33342 4.98882 -63
    endloop
  endfacet
  facet normal 0 0 1
    outer loop
      vertex -3.80636 4.63806 -63
      vertex -3.80636 -4.63806 -63
      vertex -3.33342 -4.98882 -63
    endloop
  endfacet
  facet normal -0 0 1
    outer loop
      vertex -4.24264 4.24264 -63
      vertex -3.80636 -4.63806 -63
      vertex -3.80636 4.63806 -63
    endloop
  endfacet
  facet normal 0 0 1
    outer loop
      vertex -4.24264 4.24264 -63
      vertex -4.24264 -4.24264 -63
      vertex -3.80636 -4.63806 -63
    endloop
  endfacet
  facet normal -0 0 1
    outer loop
      vertex -4.63806 3.80636 -63
      vertex -4.24264 -4.24264 -63
      vertex -4.24264 4.24264 -63
    endloop
  endfacet
  facet normal 0 0 1
    outer loop
      vertex -4.63806 3.80636 -63
      vertex -4.63806 -3.80636 -63
      vertex -4.24264 -4.24264 -63
    endloop
  endfacet
  facet normal -0 0 1
    outer loop
      vertex -4.98882 3.33342 -63
      vertex -4.63806 -3.80636 -63
      vertex -4.63806 3.80636 -63
    endloop
  endfacet
  facet normal 0 0 1
    outer loop
      vertex -4.98882 3.33342 -63
      vertex -4.98882 -3.33342 -63
      vertex -4.63806 -3.80636 -63
    endloop
  endfacet
  facet normal -0 0 1
    outer loop
      vertex -5.29153 2.82838 -63
      vertex -4.98882 -3.33342 -63
      vertex -4.98882 3.33342 -63
    endloop
  endfacet
  facet normal 0 0 1
    outer loop
      vertex -5.29153 2.82838 -63
      vertex -5.29153 -2.82838 -63
      vertex -4.98882 -3.33342 -63
    endloop
  endfacet
  facet normal -0 0 1
    outer loop
      vertex -5.54328 2.2961 -63
      vertex -5.29153 -2.82838 -63
      vertex -5.29153 2.82838 -63
    endloop
  endfacet
  facet normal 0 0 1
    outer loop
      vertex -5.54328 2.2961 -63
      vertex -5.54328 -2.2961 -63
      vertex -5.29153 -2.82838 -63
    endloop
  endfacet
  facet normal -0 0 1
    outer loop
      vertex -5.74164 1.74171 -63
      vertex -5.54328 -2.2961 -63
      vertex -5.54328 2.2961 -63
    endloop
  endfacet
  facet normal 0 0 1
    outer loop
      vertex -5.74164 1.74171 -63
      vertex -5.74164 -1.74171 -63
      vertex -5.54328 -2.2961 -63
    endloop
  endfacet
  facet normal -0 0 1
    outer loop
      vertex -5.88471 1.17054 -63
      vertex -5.74164 -1.74171 -63
      vertex -5.74164 1.74171 -63
    endloop
  endfacet
  facet normal 0 0 1
    outer loop
      vertex -5.88471 1.17054 -63
      vertex -5.88471 -1.17054 -63
      vertex -5.74164 -1.74171 -63
    endloop
  endfacet
  facet normal -0 0 1
    outer loop
      vertex -5.97111 0.588102 -63
      vertex -5.88471 -1.17054 -63
      vertex -5.88471 1.17054 -63
    endloop
  endfacet
  facet normal 0 0 1
    outer loop
      vertex -5.97111 0.588102 -63
      vertex -5.97111 -0.588102 -63
      vertex -5.88471 -1.17054 -63
    endloop
  endfacet
  facet normal 0 -0 1
    outer loop
      vertex -5.97111 -0.588102 -63
      vertex -5.97111 0.588102 -63
      vertex -6 0 -63
    endloop
  endfacet
  facet normal 0.923304 0.33036 -0.195889
    outer loop
      vertex 7.27275 2.20616 -65
      vertex 5.74164 1.74171 -73
      vertex 7.06116 2.79752 -65
    endloop
  endfacet
  facet normal -0.0481206 0.979445 -0.195889
    outer loop
      vertex 0 6 -73
      vertex -0.627309 7.56918 -65
      vertex 0 7.6 -65
    endloop
  endfacet
  facet normal 0.0481206 0.979445 -0.195889
    outer loop
      vertex 0.627309 7.56918 -65
      vertex 0 6 -73
      vertex 0 7.6 -65
    endloop
  endfacet
endsolid OpenSCAD_Model
